report_id,report_type,site,activity,barrier_failure,iogp_life_saving_rule,description_raw,description_clean,model_text,risk_level,sif_potential
NM_0278,Near Miss,Truck loading bay,Scaffold modification,Excavation edge was not barricaded and underground utility mark-out was incomplete,Working at Height,Inspection revealed Excavation edge was not barricaded and underground utility mark-out was incomplete during Scaffold modification at Truck loading bay. Work was paused until the issue was addressed. The supervisor reviewed the situation and approved continuation after correction.,Inspection revealed Excavation edge was not barricaded and underground utility mark-out was incomplete during Scaffold modification at Truck loading bay. Work was paused until the issue was addressed. The supervisor reviewed the situation and approved continuation after correction.,[REPORT_TYPE] Near Miss [SITE] Truck loading bay [ACTIVITY] Scaffold modification [BARRIER_FAILURE] Excavation edge was not barricaded and underground utility mark-out was incomplete [IOGP_RULE] Working at Height [TEXT] Inspection revealed Excavation edge was not barricaded and underground utility mark-out was incomplete during Scaffold modification at Truck loading bay. Work was paused until the issue was addressed. The supervisor reviewed the situation and approved continuation after correction.,Medium,0
NM_0343,Near Miss,Maintenance yard,Lifting and rigging,Isolation not verified,Energy Isolation,"Before/during Lifting and rigging at Maintenance yard, Isolation not verified. Work was paused until the issue was addressed. The crew escalated the issue through the shift safety meeting and closed it before continuation.","Before/during Lifting and rigging at Maintenance yard, Isolation not verified. Work was paused until the issue was addressed. The crew escalated the issue through the shift safety meeting and closed it before continuation.","[REPORT_TYPE] Near Miss [SITE] Maintenance yard [ACTIVITY] Lifting and rigging [BARRIER_FAILURE] Isolation not verified [IOGP_RULE] Energy Isolation [TEXT] Before/during Lifting and rigging at Maintenance yard, Isolation not verified. Work was paused until the issue was addressed. The crew escalated the issue through the shift safety meeting and closed it before continuation.",Medium,0
NM_0231,Near Miss,Compressor station,Wellhead valve maintenance,Drain cover was open and combustible vapour testing was not documented,Hot Work,"During Wellhead valve maintenance at Compressor station, Drain cover was open and combustible vapour testing was not documented. Work was stopped temporarily and resumed after verification. Work was temporarily halted pending verification of the control measure.","During Wellhead valve maintenance at Compressor station, Drain cover was open and combustible vapour testing was not documented. Work was stopped temporarily and resumed after verification. Work was temporarily halted pending verification of the control measure.","[REPORT_TYPE] Near Miss [SITE] Compressor station [ACTIVITY] Wellhead valve maintenance [BARRIER_FAILURE] Drain cover was open and combustible vapour testing was not documented [IOGP_RULE] Hot Work [TEXT] During Wellhead valve maintenance at Compressor station, Drain cover was open and combustible vapour testing was not documented. Work was stopped temporarily and resumed after verification. Work was temporarily halted pending verification of the control measure.",Medium,0
NM_0365,Near Miss,LPG bottling plant,Loading/unloading operations,Lift plan missing,Safe Mechanical Lifting,"Before/during Loading/unloading operations at LPG bottling plant, Lift plan missing. Work was paused until the issue was addressed. The supervisor reviewed the situation and approved continuation after correction.","Before/during Loading/unloading operations at LPG bottling plant, Lift plan missing. Work was paused until the issue was addressed. The supervisor reviewed the situation and approved continuation after correction.","[REPORT_TYPE] Near Miss [SITE] LPG bottling plant [ACTIVITY] Loading/unloading operations [BARRIER_FAILURE] Lift plan missing [IOGP_RULE] Safe Mechanical Lifting [TEXT] Before/during Loading/unloading operations at LPG bottling plant, Lift plan missing. Work was paused until the issue was addressed. The supervisor reviewed the situation and approved continuation after correction.",Medium,0
NM_0162,Near Miss,Wellsite,Forklift pallet handling,Pneumatic energy isolation was not locked and residual pressure remained in the line,Energy Isolation,"Near-miss observation: while performing Forklift pallet handling at Wellsite, the team found that Pneumatic energy isolation was not locked and residual pressure remained in the line. The area was corrected immediately. The condition was corrected during the routine inspection, with no exposure to hazardous energy.","Near-miss observation: while performing Forklift pallet handling at Wellsite, the team found that Pneumatic energy isolation was not locked and residual pressure remained in the line. The area was corrected immediately. The condition was corrected during the routine inspection, with no exposure to hazardous energy.","[REPORT_TYPE] Near Miss [SITE] Wellsite [ACTIVITY] Forklift pallet handling [BARRIER_FAILURE] Pneumatic energy isolation was not locked and residual pressure remained in the line [IOGP_RULE] Energy Isolation [TEXT] Near-miss observation: while performing Forklift pallet handling at Wellsite, the team found that Pneumatic energy isolation was not locked and residual pressure remained in the line. The area was corrected immediately. The condition was corrected during the routine inspection, with no exposure to hazardous energy.",Low,0
NM_0694,Near Miss,LPG bottling plant,Process unit startup/shutdown,Exclusion zone missing,Line of Fire,"A Exclusion zone missing was identified during Process unit startup/shutdown at LPG bottling plant. Work was stopped urgently and emergency response was initiated. Multiple critical barriers were ineffective, creating imminent serious-injury or fatality potential.","A Exclusion zone missing was identified during Process unit startup/shutdown at LPG bottling plant. Work was stopped urgently and emergency response was initiated. Multiple critical barriers were ineffective, creating imminent serious-injury or fatality potential.","[REPORT_TYPE] Near Miss [SITE] LPG bottling plant [ACTIVITY] Process unit startup/shutdown [BARRIER_FAILURE] Exclusion zone missing [IOGP_RULE] Line of Fire [TEXT] A Exclusion zone missing was identified during Process unit startup/shutdown at LPG bottling plant. Work was stopped urgently and emergency response was initiated. Multiple critical barriers were ineffective, creating imminent serious-injury or fatality potential.",Critical,1
NM_0205,Near Miss,Gas processing unit,Lifting valve actuator,Atmosphere not tested,Confined Space,"Near-miss observation: while performing Lifting valve actuator at Gas processing unit, the team found that Atmosphere not tested. Work was paused until the issue was addressed. No one was exposed, but the observation required a documented corrective action.","Near-miss observation: while performing Lifting valve actuator at Gas processing unit, the team found that Atmosphere not tested. Work was paused until the issue was addressed. No one was exposed, but the observation required a documented corrective action.","[REPORT_TYPE] Near Miss [SITE] Gas processing unit [ACTIVITY] Lifting valve actuator [BARRIER_FAILURE] Atmosphere not tested [IOGP_RULE] Confined Space [TEXT] Near-miss observation: while performing Lifting valve actuator at Gas processing unit, the team found that Atmosphere not tested. Work was paused until the issue was addressed. No one was exposed, but the observation required a documented corrective action.",Medium,0
NM_0513,Near Miss,Refinery unit,Sampling and testing,Exclusion zone missing,Line of Fire,"During Sampling and testing at Refinery unit, Exclusion zone missing. Work was stopped due to potential serious injury risk. Work was halted due to high-risk exposure and corrective measures were implemented.","During Sampling and testing at Refinery unit, Exclusion zone missing. Work was stopped due to potential serious injury risk. Work was halted due to high-risk exposure and corrective measures were implemented.","[REPORT_TYPE] Near Miss [SITE] Refinery unit [ACTIVITY] Sampling and testing [BARRIER_FAILURE] Exclusion zone missing [IOGP_RULE] Line of Fire [TEXT] During Sampling and testing at Refinery unit, Exclusion zone missing. Work was stopped due to potential serious injury risk. Work was halted due to high-risk exposure and corrective measures were implemented.",High,1
NM_0286,Near Miss,LPG bottling plant,Vessel entry preparation,PPE not used,Confined Space,"Before/during Vessel entry preparation at LPG bottling plant, PPE not used. The job proceeded only after corrective measures. The supervisor reviewed the situation and approved continuation after correction.","Before/during Vessel entry preparation at LPG bottling plant, PPE not used. The job proceeded only after corrective measures. The supervisor reviewed the situation and approved continuation after correction.","[REPORT_TYPE] Near Miss [SITE] LPG bottling plant [ACTIVITY] Vessel entry preparation [BARRIER_FAILURE] PPE not used [IOGP_RULE] Confined Space [TEXT] Before/during Vessel entry preparation at LPG bottling plant, PPE not used. The job proceeded only after corrective measures. The supervisor reviewed the situation and approved continuation after correction.",Medium,0
NM_0464,Near Miss,Drilling rig,Reversing vehicle operations,Spill containment missing,Driving,A Spill containment missing was identified during Reversing vehicle operations at Drilling rig. The job was halted due to high-risk exposure. The failed critical control created credible potential for serious injury; the task was stopped and reported to HSE.,A Spill containment missing was identified during Reversing vehicle operations at Drilling rig. The job was halted due to high-risk exposure. The failed critical control created credible potential for serious injury; the task was stopped and reported to HSE.,[REPORT_TYPE] Near Miss [SITE] Drilling rig [ACTIVITY] Reversing vehicle operations [BARRIER_FAILURE] Spill containment missing [IOGP_RULE] Driving [TEXT] A Spill containment missing was identified during Reversing vehicle operations at Drilling rig. The job was halted due to high-risk exposure. The failed critical control created credible potential for serious injury; the task was stopped and reported to HSE.,High,1
NM_0424,Near Miss,Storage depot,Electrical maintenance,Lift plan missing,Energy Isolation,"Near-miss observation: while performing Electrical maintenance at Storage depot, the team found that Lift plan missing. Critical control failure was corrected before resuming work. A supervisor issued a stop-work intervention and required a formal control verification.","Near-miss observation: while performing Electrical maintenance at Storage depot, the team found that Lift plan missing. Critical control failure was corrected before resuming work. A supervisor issued a stop-work intervention and required a formal control verification.","[REPORT_TYPE] Near Miss [SITE] Storage depot [ACTIVITY] Electrical maintenance [BARRIER_FAILURE] Lift plan missing [IOGP_RULE] Energy Isolation [TEXT] Near-miss observation: while performing Electrical maintenance at Storage depot, the team found that Lift plan missing. Critical control failure was corrected before resuming work. A supervisor issued a stop-work intervention and required a formal control verification.",High,1
NM_0412,Near Miss,Process plant,Hot work (welding/grinding),Trip interlock was found bypassed during a production upset,Hot Work,"Near-miss observation: while performing Hot work (welding/grinding) at Process plant, the team found that Trip interlock was found bypassed during a production upset. Critical control failure was corrected before resuming work. A supervisor issued a stop-work intervention and required a formal control verification.","Near-miss observation: while performing Hot work (welding/grinding) at Process plant, the team found that Trip interlock was found bypassed during a production upset. Critical control failure was corrected before resuming work. A supervisor issued a stop-work intervention and required a formal control verification.","[REPORT_TYPE] Near Miss [SITE] Process plant [ACTIVITY] Hot work (welding/grinding) [BARRIER_FAILURE] Trip interlock was found bypassed during a production upset [IOGP_RULE] Hot Work [TEXT] Near-miss observation: while performing Hot work (welding/grinding) at Process plant, the team found that Trip interlock was found bypassed during a production upset. Critical control failure was corrected before resuming work. A supervisor issued a stop-work intervention and required a formal control verification.",High,1
NM_0681,Near Miss,Field office area,Valve maintenance,Fall arrest missing,Working at Height,"During routine checks at Field office area, Fall arrest missing was observed during Valve maintenance. Multiple workers were at risk of serious injury or fatality. All personnel were evacuated and the area was secured pending full investigation.","During routine checks at Field office area, Fall arrest missing was observed during Valve maintenance. Multiple workers were at risk of serious injury or fatality. All personnel were evacuated and the area was secured pending full investigation.","[REPORT_TYPE] Near Miss [SITE] Field office area [ACTIVITY] Valve maintenance [BARRIER_FAILURE] Fall arrest missing [IOGP_RULE] Working at Height [TEXT] During routine checks at Field office area, Fall arrest missing was observed during Valve maintenance. Multiple workers were at risk of serious injury or fatality. All personnel were evacuated and the area was secured pending full investigation.",Critical,1
NM_0420,Near Miss,Tank farm,Lifting and rigging,Electrical supply and process pressure isolation were not independently verified,Safe Mechanical Lifting,"During routine checks at Tank farm, Electrical supply and process pressure isolation were not independently verified was observed during Lifting and rigging. The situation had credible potential for serious injury. Work was halted due to high-risk exposure and corrective measures were implemented.","During routine checks at Tank farm, Electrical supply and process pressure isolation were not independently verified was observed during Lifting and rigging. The situation had credible potential for serious injury. Work was halted due to high-risk exposure and corrective measures were implemented.","[REPORT_TYPE] Near Miss [SITE] Tank farm [ACTIVITY] Lifting and rigging [BARRIER_FAILURE] Electrical supply and process pressure isolation were not independently verified [IOGP_RULE] Safe Mechanical Lifting [TEXT] During routine checks at Tank farm, Electrical supply and process pressure isolation were not independently verified was observed during Lifting and rigging. The situation had credible potential for serious injury. Work was halted due to high-risk exposure and corrective measures were implemented.",High,1
NM_0731,Near Miss,Pump station,Scaffold modification,Simultaneous operations were not recorded in the permit briefing,Working at Height,"Near-miss observation: while performing Scaffold modification at Pump station, the team found that Simultaneous operations were not recorded in the permit briefing. Actual exposure to hazardous conditions occurred. Multiple critical barriers were ineffective, creating imminent serious-injury or fatality potential.","Near-miss observation: while performing Scaffold modification at Pump station, the team found that Simultaneous operations were not recorded in the permit briefing. Actual exposure to hazardous conditions occurred. Multiple critical barriers were ineffective, creating imminent serious-injury or fatality potential.","[REPORT_TYPE] Near Miss [SITE] Pump station [ACTIVITY] Scaffold modification [BARRIER_FAILURE] Simultaneous operations were not recorded in the permit briefing [IOGP_RULE] Working at Height [TEXT] Near-miss observation: while performing Scaffold modification at Pump station, the team found that Simultaneous operations were not recorded in the permit briefing. Actual exposure to hazardous conditions occurred. Multiple critical barriers were ineffective, creating imminent serious-injury or fatality potential.",Critical,1
NM_0210,Near Miss,Maintenance yard,Compressor troubleshooting,Emergency access route was partly obstructed by temporary materials,None/Not Applicable,"Before/during Compressor troubleshooting at Maintenance yard, Emergency access route was partly obstructed by temporary materials. Work was paused until the issue was addressed. The crew escalated the issue through the shift safety meeting and closed it before continuation.","Before/during Compressor troubleshooting at Maintenance yard, Emergency access route was partly obstructed by temporary materials. Work was paused until the issue was addressed. The crew escalated the issue through the shift safety meeting and closed it before continuation.","[REPORT_TYPE] Near Miss [SITE] Maintenance yard [ACTIVITY] Compressor troubleshooting [BARRIER_FAILURE] Emergency access route was partly obstructed by temporary materials [IOGP_RULE] None/Not Applicable [TEXT] Before/during Compressor troubleshooting at Maintenance yard, Emergency access route was partly obstructed by temporary materials. Work was paused until the issue was addressed. The crew escalated the issue through the shift safety meeting and closed it before continuation.",Medium,0
NM_0395,Near Miss,Refinery unit,Wellhead valve maintenance,Work scope had changed but the permit and job safety analysis were not revalidated,Hot Work,"A Work scope had changed but the permit and job safety analysis were not revalidated was identified during Wellhead valve maintenance at Refinery unit. The activity was delayed pending correction. No one was exposed, but the observation required a documented corrective action.","A Work scope had changed but the permit and job safety analysis were not revalidated was identified during Wellhead valve maintenance at Refinery unit. The activity was delayed pending correction. No one was exposed, but the observation required a documented corrective action.","[REPORT_TYPE] Near Miss [SITE] Refinery unit [ACTIVITY] Wellhead valve maintenance [BARRIER_FAILURE] Work scope had changed but the permit and job safety analysis were not revalidated [IOGP_RULE] Hot Work [TEXT] A Work scope had changed but the permit and job safety analysis were not revalidated was identified during Wellhead valve maintenance at Refinery unit. The activity was delayed pending correction. No one was exposed, but the observation required a documented corrective action.",Medium,0
NM_0518,Near Miss,Truck loading bay,Sampling and testing,"Lift plan, tag lines, and barricaded drop zone were not available",Safe Mechanical Lifting,"Near-miss observation: while performing Sampling and testing at Truck loading bay, the team found that Lift plan, tag lines, and barricaded drop zone were not available. Critical control failure was corrected before resuming work. The situation had credible potential for serious injury and was escalated immediately.","Near-miss observation: while performing Sampling and testing at Truck loading bay, the team found that Lift plan, tag lines, and barricaded drop zone were not available. Critical control failure was corrected before resuming work. The situation had credible potential for serious injury and was escalated immediately.","[REPORT_TYPE] Near Miss [SITE] Truck loading bay [ACTIVITY] Sampling and testing [BARRIER_FAILURE] Lift plan, tag lines, and barricaded drop zone were not available [IOGP_RULE] Safe Mechanical Lifting [TEXT] Near-miss observation: while performing Sampling and testing at Truck loading bay, the team found that Lift plan, tag lines, and barricaded drop zone were not available. Critical control failure was corrected before resuming work. The situation had credible potential for serious injury and was escalated immediately.",High,1
NM_0581,Near Miss,LPG bottling plant,Instrument calibration,Tool inspection missing,Confined Space,"Near-miss observation: while performing Instrument calibration at LPG bottling plant, the team found that Tool inspection missing. Critical control failure was corrected before resuming work. A supervisor issued a stop-work intervention and required a formal control verification.","Near-miss observation: while performing Instrument calibration at LPG bottling plant, the team found that Tool inspection missing. Critical control failure was corrected before resuming work. A supervisor issued a stop-work intervention and required a formal control verification.","[REPORT_TYPE] Near Miss [SITE] LPG bottling plant [ACTIVITY] Instrument calibration [BARRIER_FAILURE] Tool inspection missing [IOGP_RULE] Confined Space [TEXT] Near-miss observation: while performing Instrument calibration at LPG bottling plant, the team found that Tool inspection missing. Critical control failure was corrected before resuming work. A supervisor issued a stop-work intervention and required a formal control verification.",High,1
NM_0566,Near Miss,Gas processing unit,Pump seal replacement,Simultaneous operations were not recorded in the permit briefing,None/Not Applicable,"Shift crew reported that during Pump seal replacement in Gas processing unit, Simultaneous operations were not recorded in the permit briefing. The job was halted due to high-risk exposure. The situation had credible potential for serious injury and was escalated immediately.","Shift crew reported that during Pump seal replacement in Gas processing unit, Simultaneous operations were not recorded in the permit briefing. The job was halted due to high-risk exposure. The situation had credible potential for serious injury and was escalated immediately.","[REPORT_TYPE] Near Miss [SITE] Gas processing unit [ACTIVITY] Pump seal replacement [BARRIER_FAILURE] Simultaneous operations were not recorded in the permit briefing [IOGP_RULE] None/Not Applicable [TEXT] Shift crew reported that during Pump seal replacement in Gas processing unit, Simultaneous operations were not recorded in the permit briefing. The job was halted due to high-risk exposure. The situation had credible potential for serious injury and was escalated immediately.",High,1
NM_0102,Near Miss,Pump station,Excavation work,Lift plan missing,Safe Mechanical Lifting,"Shift crew reported that during Excavation work in Pump station, Lift plan missing. No work stoppage was required. No work stoppage was required as the risk was minimal.","Shift crew reported that during Excavation work in Pump station, Lift plan missing. No work stoppage was required. No work stoppage was required as the risk was minimal.","[REPORT_TYPE] Near Miss [SITE] Pump station [ACTIVITY] Excavation work [BARRIER_FAILURE] Lift plan missing [IOGP_RULE] Safe Mechanical Lifting [TEXT] Shift crew reported that during Excavation work in Pump station, Lift plan missing. No work stoppage was required. No work stoppage was required as the risk was minimal.",Low,0
NM_0631,Near Miss,Field office area,Scaffolding work,Emergency access route was partly obstructed by temporary materials,Working at Height,"During routine checks at Field office area, Emergency access route was partly obstructed by temporary materials was observed during Scaffolding work. Work was stopped urgently and emergency response was initiated. The situation had imminent potential for fatality and was escalated immediately.","During routine checks at Field office area, Emergency access route was partly obstructed by temporary materials was observed during Scaffolding work. Work was stopped urgently and emergency response was initiated. The situation had imminent potential for fatality and was escalated immediately.","[REPORT_TYPE] Near Miss [SITE] Field office area [ACTIVITY] Scaffolding work [BARRIER_FAILURE] Emergency access route was partly obstructed by temporary materials [IOGP_RULE] Working at Height [TEXT] During routine checks at Field office area, Emergency access route was partly obstructed by temporary materials was observed during Scaffolding work. Work was stopped urgently and emergency response was initiated. The situation had imminent potential for fatality and was escalated immediately.",Critical,1
NM_0408,Near Miss,Truck loading bay,Scaffold modification,Lockout-tagout missing,Energy Isolation,"Before/during Scaffold modification at Truck loading bay, Lockout-tagout missing. The situation had credible potential for serious injury. Personnel were close to hazardous energy exposure, so the area was secured pending investigation.","Before/during Scaffold modification at Truck loading bay, Lockout-tagout missing. The situation had credible potential for serious injury. Personnel were close to hazardous energy exposure, so the area was secured pending investigation.","[REPORT_TYPE] Near Miss [SITE] Truck loading bay [ACTIVITY] Scaffold modification [BARRIER_FAILURE] Lockout-tagout missing [IOGP_RULE] Energy Isolation [TEXT] Before/during Scaffold modification at Truck loading bay, Lockout-tagout missing. The situation had credible potential for serious injury. Personnel were close to hazardous energy exposure, so the area was secured pending investigation.",High,1
NM_0492,Near Miss,Pipeline ROW,Housekeeping inspection,Guard missing,None/Not Applicable,Inspection revealed Guard missing during Housekeeping inspection at Pipeline ROW. Critical control failure was corrected before resuming work. The situation had credible potential for serious injury and was escalated immediately.,Inspection revealed Guard missing during Housekeeping inspection at Pipeline ROW. Critical control failure was corrected before resuming work. The situation had credible potential for serious injury and was escalated immediately.,[REPORT_TYPE] Near Miss [SITE] Pipeline ROW [ACTIVITY] Housekeeping inspection [BARRIER_FAILURE] Guard missing [IOGP_RULE] None/Not Applicable [TEXT] Inspection revealed Guard missing during Housekeeping inspection at Pipeline ROW. Critical control failure was corrected before resuming work. The situation had credible potential for serious injury and was escalated immediately.,High,1
NM_0070,Near Miss,LPG bottling plant,Hot work (welding/grinding),"Lift plan, tag lines, and barricaded drop zone were not available",Hot Work,"Shift crew reported that during Hot work (welding/grinding) in LPG bottling plant, Lift plan, tag lines, and barricaded drop zone were not available. Corrective action was taken on the spot. The observation was logged and addressed during the same shift.","Shift crew reported that during Hot work (welding/grinding) in LPG bottling plant, Lift plan, tag lines, and barricaded drop zone were not available. Corrective action was taken on the spot. The observation was logged and addressed during the same shift.","[REPORT_TYPE] Near Miss [SITE] LPG bottling plant [ACTIVITY] Hot work (welding/grinding) [BARRIER_FAILURE] Lift plan, tag lines, and barricaded drop zone were not available [IOGP_RULE] Hot Work [TEXT] Shift crew reported that during Hot work (welding/grinding) in LPG bottling plant, Lift plan, tag lines, and barricaded drop zone were not available. Corrective action was taken on the spot. The observation was logged and addressed during the same shift.",Low,0
NM_0203,Near Miss,Field office area,Emergency valve servicing,Exclusion zone missing,Line of Fire,"During routine checks at Field office area, Exclusion zone missing was observed during Emergency valve servicing. The supervisor reviewed and approved continuation after correction. The task was paused, the control was restored, and the supervisor verified readiness before work resumed.","During routine checks at Field office area, Exclusion zone missing was observed during Emergency valve servicing. The supervisor reviewed and approved continuation after correction. The task was paused, the control was restored, and the supervisor verified readiness before work resumed.","[REPORT_TYPE] Near Miss [SITE] Field office area [ACTIVITY] Emergency valve servicing [BARRIER_FAILURE] Exclusion zone missing [IOGP_RULE] Line of Fire [TEXT] During routine checks at Field office area, Exclusion zone missing was observed during Emergency valve servicing. The supervisor reviewed and approved continuation after correction. The task was paused, the control was restored, and the supervisor verified readiness before work resumed.",Medium,0
NM_0471,Near Miss,Wellsite,Pump seal replacement,Atmosphere not tested,Confined Space,"During Pump seal replacement at Wellsite, Atmosphere not tested. The situation had credible potential for serious injury. A supervisor issued a stop-work intervention and required a formal control verification.","During Pump seal replacement at Wellsite, Atmosphere not tested. The situation had credible potential for serious injury. A supervisor issued a stop-work intervention and required a formal control verification.","[REPORT_TYPE] Near Miss [SITE] Wellsite [ACTIVITY] Pump seal replacement [BARRIER_FAILURE] Atmosphere not tested [IOGP_RULE] Confined Space [TEXT] During Pump seal replacement at Wellsite, Atmosphere not tested. The situation had credible potential for serious injury. A supervisor issued a stop-work intervention and required a formal control verification.",High,1
NM_0172,Near Miss,Storage depot,Pipe spool welding,Trip interlock was found bypassed during a production upset,Hot Work,A Trip interlock was found bypassed during a production upset was identified during Pipe spool welding at Storage depot. Work was paused briefly and the issue was resolved. The issue was minor and was rectified before it affected the task.,A Trip interlock was found bypassed during a production upset was identified during Pipe spool welding at Storage depot. Work was paused briefly and the issue was resolved. The issue was minor and was rectified before it affected the task.,[REPORT_TYPE] Near Miss [SITE] Storage depot [ACTIVITY] Pipe spool welding [BARRIER_FAILURE] Trip interlock was found bypassed during a production upset [IOGP_RULE] Hot Work [TEXT] A Trip interlock was found bypassed during a production upset was identified during Pipe spool welding at Storage depot. Work was paused briefly and the issue was resolved. The issue was minor and was rectified before it affected the task.,Low,0
NM_0249,Near Miss,LPG bottling plant,Scaffolding work,Simultaneous operations were not recorded in the permit briefing,Working at Height,"Shift crew reported that during Scaffolding work in LPG bottling plant, Simultaneous operations were not recorded in the permit briefing. The activity was delayed pending correction. Work was temporarily halted pending verification of the control measure.","Shift crew reported that during Scaffolding work in LPG bottling plant, Simultaneous operations were not recorded in the permit briefing. The activity was delayed pending correction. Work was temporarily halted pending verification of the control measure.","[REPORT_TYPE] Near Miss [SITE] LPG bottling plant [ACTIVITY] Scaffolding work [BARRIER_FAILURE] Simultaneous operations were not recorded in the permit briefing [IOGP_RULE] Working at Height [TEXT] Shift crew reported that during Scaffolding work in LPG bottling plant, Simultaneous operations were not recorded in the permit briefing. The activity was delayed pending correction. Work was temporarily halted pending verification of the control measure.",Medium,0
NM_0578,Near Miss,Storage tank,Internal tank inspection,Spill containment missing,Confined Space,Inspection revealed Spill containment missing during Internal tank inspection at Storage tank. Critical control failure was corrected before resuming work. A supervisor issued a stop-work intervention and required a formal control verification.,Inspection revealed Spill containment missing during Internal tank inspection at Storage tank. Critical control failure was corrected before resuming work. A supervisor issued a stop-work intervention and required a formal control verification.,[REPORT_TYPE] Near Miss [SITE] Storage tank [ACTIVITY] Internal tank inspection [BARRIER_FAILURE] Spill containment missing [IOGP_RULE] Confined Space [TEXT] Inspection revealed Spill containment missing during Internal tank inspection at Storage tank. Critical control failure was corrected before resuming work. A supervisor issued a stop-work intervention and required a formal control verification.,High,1
NM_0485,Near Miss,Offshore platform,Drilling operations,Emergency response delayed,Working at Height,"Before/during Drilling operations at Offshore platform, Emergency response delayed. The situation had credible potential for serious injury. Personnel were close to hazardous energy exposure, so the area was secured pending investigation.","Before/during Drilling operations at Offshore platform, Emergency response delayed. The situation had credible potential for serious injury. Personnel were close to hazardous energy exposure, so the area was secured pending investigation.","[REPORT_TYPE] Near Miss [SITE] Offshore platform [ACTIVITY] Drilling operations [BARRIER_FAILURE] Emergency response delayed [IOGP_RULE] Working at Height [TEXT] Before/during Drilling operations at Offshore platform, Emergency response delayed. The situation had credible potential for serious injury. Personnel were close to hazardous energy exposure, so the area was secured pending investigation.",High,1
NM_0520,Near Miss,Drilling rig,Sampling and testing,Drain cover was open and combustible vapour testing was not documented,Hot Work,Inspection revealed Drain cover was open and combustible vapour testing was not documented during Sampling and testing at Drilling rig. Work was stopped due to potential serious injury risk. The failed critical control created credible potential for serious injury; the task was stopped and reported to HSE.,Inspection revealed Drain cover was open and combustible vapour testing was not documented during Sampling and testing at Drilling rig. Work was stopped due to potential serious injury risk. The failed critical control created credible potential for serious injury; the task was stopped and reported to HSE.,[REPORT_TYPE] Near Miss [SITE] Drilling rig [ACTIVITY] Sampling and testing [BARRIER_FAILURE] Drain cover was open and combustible vapour testing was not documented [IOGP_RULE] Hot Work [TEXT] Inspection revealed Drain cover was open and combustible vapour testing was not documented during Sampling and testing at Drilling rig. Work was stopped due to potential serious injury risk. The failed critical control created credible potential for serious injury; the task was stopped and reported to HSE.,High,1
NM_0563,Near Miss,Drilling rig,Hot work (welding/grinding),Line was not depressurised and workers were positioned in the potential release path,Hot Work,A Line was not depressurised and workers were positioned in the potential release path was identified during Hot work (welding/grinding) at Drilling rig. Critical control failure was corrected before resuming work. A supervisor issued a stop-work intervention and required a formal control verification.,A Line was not depressurised and workers were positioned in the potential release path was identified during Hot work (welding/grinding) at Drilling rig. Critical control failure was corrected before resuming work. A supervisor issued a stop-work intervention and required a formal control verification.,[REPORT_TYPE] Near Miss [SITE] Drilling rig [ACTIVITY] Hot work (welding/grinding) [BARRIER_FAILURE] Line was not depressurised and workers were positioned in the potential release path [IOGP_RULE] Hot Work [TEXT] A Line was not depressurised and workers were positioned in the potential release path was identified during Hot work (welding/grinding) at Drilling rig. Critical control failure was corrected before resuming work. A supervisor issued a stop-work intervention and required a formal control verification.,High,1
NM_0100,Near Miss,Offshore platform,Night driving to remote site,Drain cover was open and combustible vapour testing was not documented,Hot Work,"During Night driving to remote site at Offshore platform, Drain cover was open and combustible vapour testing was not documented. Corrective action was taken on the spot. The team recorded the observation and completed immediate housekeeping correction.","During Night driving to remote site at Offshore platform, Drain cover was open and combustible vapour testing was not documented. Corrective action was taken on the spot. The team recorded the observation and completed immediate housekeeping correction.","[REPORT_TYPE] Near Miss [SITE] Offshore platform [ACTIVITY] Night driving to remote site [BARRIER_FAILURE] Drain cover was open and combustible vapour testing was not documented [IOGP_RULE] Hot Work [TEXT] During Night driving to remote site at Offshore platform, Drain cover was open and combustible vapour testing was not documented. Corrective action was taken on the spot. The team recorded the observation and completed immediate housekeeping correction.",Low,0
NM_0430,Near Miss,Gas processing unit,Scaffold modification,Gas testing was overdue and no dedicated fire watch was assigned,Confined Space,"During routine checks at Gas processing unit, Gas testing was overdue and no dedicated fire watch was assigned was observed during Scaffold modification. The activity was stopped as it could have resulted in serious harm. Work was halted due to high-risk exposure and corrective measures were implemented.","During routine checks at Gas processing unit, Gas testing was overdue and no dedicated fire watch was assigned was observed during Scaffold modification. The activity was stopped as it could have resulted in serious harm. Work was halted due to high-risk exposure and corrective measures were implemented.","[REPORT_TYPE] Near Miss [SITE] Gas processing unit [ACTIVITY] Scaffold modification [BARRIER_FAILURE] Gas testing was overdue and no dedicated fire watch was assigned [IOGP_RULE] Confined Space [TEXT] During routine checks at Gas processing unit, Gas testing was overdue and no dedicated fire watch was assigned was observed during Scaffold modification. The activity was stopped as it could have resulted in serious harm. Work was halted due to high-risk exposure and corrective measures were implemented.",High,1
NM_0399,Near Miss,Compressor station,Chemical sampling,Open edge protection and full-body harness anchorage were unavailable,Working at Height,"During Chemical sampling at Compressor station, Open edge protection and full-body harness anchorage were unavailable. The job proceeded only after corrective measures. Work was temporarily halted pending verification of the control measure.","During Chemical sampling at Compressor station, Open edge protection and full-body harness anchorage were unavailable. The job proceeded only after corrective measures. Work was temporarily halted pending verification of the control measure.","[REPORT_TYPE] Near Miss [SITE] Compressor station [ACTIVITY] Chemical sampling [BARRIER_FAILURE] Open edge protection and full-body harness anchorage were unavailable [IOGP_RULE] Working at Height [TEXT] During Chemical sampling at Compressor station, Open edge protection and full-body harness anchorage were unavailable. The job proceeded only after corrective measures. Work was temporarily halted pending verification of the control measure.",Medium,0
NM_0558,Near Miss,Wellsite,Drilling operations,Fall arrest missing,Working at Height,"During Drilling operations at Wellsite, Fall arrest missing. The job was halted due to high-risk exposure. Work was halted due to high-risk exposure and corrective measures were implemented.","During Drilling operations at Wellsite, Fall arrest missing. The job was halted due to high-risk exposure. Work was halted due to high-risk exposure and corrective measures were implemented.","[REPORT_TYPE] Near Miss [SITE] Wellsite [ACTIVITY] Drilling operations [BARRIER_FAILURE] Fall arrest missing [IOGP_RULE] Working at Height [TEXT] During Drilling operations at Wellsite, Fall arrest missing. The job was halted due to high-risk exposure. Work was halted due to high-risk exposure and corrective measures were implemented.",High,1
NM_0488,Near Miss,Refinery unit,Internal tank inspection,Simultaneous operations were not recorded in the permit briefing,Confined Space,"A Simultaneous operations were not recorded in the permit briefing was identified during Internal tank inspection at Refinery unit. The situation had credible potential for serious injury. Personnel were close to hazardous energy exposure, so the area was secured pending investigation.","A Simultaneous operations were not recorded in the permit briefing was identified during Internal tank inspection at Refinery unit. The situation had credible potential for serious injury. Personnel were close to hazardous energy exposure, so the area was secured pending investigation.","[REPORT_TYPE] Near Miss [SITE] Refinery unit [ACTIVITY] Internal tank inspection [BARRIER_FAILURE] Simultaneous operations were not recorded in the permit briefing [IOGP_RULE] Confined Space [TEXT] A Simultaneous operations were not recorded in the permit briefing was identified during Internal tank inspection at Refinery unit. The situation had credible potential for serious injury. Personnel were close to hazardous energy exposure, so the area was secured pending investigation.",High,1
NM_0317,Near Miss,Drilling rig,Chemical sampling,Drain cover was open and combustible vapour testing was not documented,Hot Work,"Near-miss observation: while performing Chemical sampling at Drilling rig, the team found that Drain cover was open and combustible vapour testing was not documented. The supervisor reviewed and approved continuation after correction. The supervisor reviewed the situation and approved continuation after correction.","Near-miss observation: while performing Chemical sampling at Drilling rig, the team found that Drain cover was open and combustible vapour testing was not documented. The supervisor reviewed and approved continuation after correction. The supervisor reviewed the situation and approved continuation after correction.","[REPORT_TYPE] Near Miss [SITE] Drilling rig [ACTIVITY] Chemical sampling [BARRIER_FAILURE] Drain cover was open and combustible vapour testing was not documented [IOGP_RULE] Hot Work [TEXT] Near-miss observation: while performing Chemical sampling at Drilling rig, the team found that Drain cover was open and combustible vapour testing was not documented. The supervisor reviewed and approved continuation after correction. The supervisor reviewed the situation and approved continuation after correction.",Medium,0
NM_0199,Near Miss,Refinery unit,Reversing vehicle operations,"No pre-entry gas test, attendant, rescue arrangement, or signed entry permit",Confined Space,"Before/during Reversing vehicle operations at Refinery unit, No pre-entry gas test, attendant, rescue arrangement, or signed entry permit. The area was corrected immediately. The team recorded the observation and completed immediate housekeeping correction.","Before/during Reversing vehicle operations at Refinery unit, No pre-entry gas test, attendant, rescue arrangement, or signed entry permit. The area was corrected immediately. The team recorded the observation and completed immediate housekeeping correction.","[REPORT_TYPE] Near Miss [SITE] Refinery unit [ACTIVITY] Reversing vehicle operations [BARRIER_FAILURE] No pre-entry gas test, attendant, rescue arrangement, or signed entry permit [IOGP_RULE] Confined Space [TEXT] Before/during Reversing vehicle operations at Refinery unit, No pre-entry gas test, attendant, rescue arrangement, or signed entry permit. The area was corrected immediately. The team recorded the observation and completed immediate housekeeping correction.",Low,0
NM_0789,Near Miss,Drilling rig,Hot work (welding/grinding),Open edge protection and full-body harness anchorage were unavailable,Hot Work,"Shift crew reported that during Hot work (welding/grinding) in Drilling rig, Open edge protection and full-body harness anchorage were unavailable. Actual exposure to hazardous conditions occurred. The condition presented immediate potentially fatal exposure; operations were stopped, the area was isolated, and emergency escalation began.","Shift crew reported that during Hot work (welding/grinding) in Drilling rig, Open edge protection and full-body harness anchorage were unavailable. Actual exposure to hazardous conditions occurred. The condition presented immediate potentially fatal exposure; operations were stopped, the area was isolated, and emergency escalation began.","[REPORT_TYPE] Near Miss [SITE] Drilling rig [ACTIVITY] Hot work (welding/grinding) [BARRIER_FAILURE] Open edge protection and full-body harness anchorage were unavailable [IOGP_RULE] Hot Work [TEXT] Shift crew reported that during Hot work (welding/grinding) in Drilling rig, Open edge protection and full-body harness anchorage were unavailable. Actual exposure to hazardous conditions occurred. The condition presented immediate potentially fatal exposure; operations were stopped, the area was isolated, and emergency escalation began.",Critical,1
NM_0504,Near Miss,Storage depot,Crude transfer vehicle movement,Guard missing,Energy Isolation,"Inspection revealed Guard missing during Crude transfer vehicle movement at Storage depot. Work was stopped due to potential serious injury risk. Personnel were close to hazardous energy exposure, so the area was secured pending investigation.","Inspection revealed Guard missing during Crude transfer vehicle movement at Storage depot. Work was stopped due to potential serious injury risk. Personnel were close to hazardous energy exposure, so the area was secured pending investigation.","[REPORT_TYPE] Near Miss [SITE] Storage depot [ACTIVITY] Crude transfer vehicle movement [BARRIER_FAILURE] Guard missing [IOGP_RULE] Energy Isolation [TEXT] Inspection revealed Guard missing during Crude transfer vehicle movement at Storage depot. Work was stopped due to potential serious injury risk. Personnel were close to hazardous energy exposure, so the area was secured pending investigation.",High,1
NM_0621,Near Miss,Process plant,Vehicle movement,Damaged pallet and unstable load were being raised without a spotter,Driving,"During routine checks at Process plant, Damaged pallet and unstable load were being raised without a spotter was observed during Vehicle movement. Multiple workers were at risk of serious injury or fatality. The condition presented immediate potentially fatal exposure; operations were stopped, the area was isolated, and emergency escalation began.","During routine checks at Process plant, Damaged pallet and unstable load were being raised without a spotter was observed during Vehicle movement. Multiple workers were at risk of serious injury or fatality. The condition presented immediate potentially fatal exposure; operations were stopped, the area was isolated, and emergency escalation began.","[REPORT_TYPE] Near Miss [SITE] Process plant [ACTIVITY] Vehicle movement [BARRIER_FAILURE] Damaged pallet and unstable load were being raised without a spotter [IOGP_RULE] Driving [TEXT] During routine checks at Process plant, Damaged pallet and unstable load were being raised without a spotter was observed during Vehicle movement. Multiple workers were at risk of serious injury or fatality. The condition presented immediate potentially fatal exposure; operations were stopped, the area was isolated, and emergency escalation began.",Critical,1
NM_0474,Near Miss,Pipeline ROW,Excavation work,Driver fatigue screening and journey-management check were incomplete,Line of Fire,A Driver fatigue screening and journey-management check were incomplete was identified during Excavation work at Pipeline ROW. Critical control failure was corrected before resuming work. The situation had credible potential for serious injury and was escalated immediately.,A Driver fatigue screening and journey-management check were incomplete was identified during Excavation work at Pipeline ROW. Critical control failure was corrected before resuming work. The situation had credible potential for serious injury and was escalated immediately.,[REPORT_TYPE] Near Miss [SITE] Pipeline ROW [ACTIVITY] Excavation work [BARRIER_FAILURE] Driver fatigue screening and journey-management check were incomplete [IOGP_RULE] Line of Fire [TEXT] A Driver fatigue screening and journey-management check were incomplete was identified during Excavation work at Pipeline ROW. Critical control failure was corrected before resuming work. The situation had credible potential for serious injury and was escalated immediately.,High,1
NM_0500,Near Miss,Storage depot,Pressure vessel testing,"No pre-entry gas test, attendant, rescue arrangement, or signed entry permit",Confined Space,"A No pre-entry gas test, attendant, rescue arrangement, or signed entry permit was identified during Pressure vessel testing at Storage depot. The situation had credible potential for serious injury. The failed critical control created credible potential for serious injury; the task was stopped and reported to HSE.","A No pre-entry gas test, attendant, rescue arrangement, or signed entry permit was identified during Pressure vessel testing at Storage depot. The situation had credible potential for serious injury. The failed critical control created credible potential for serious injury; the task was stopped and reported to HSE.","[REPORT_TYPE] Near Miss [SITE] Storage depot [ACTIVITY] Pressure vessel testing [BARRIER_FAILURE] No pre-entry gas test, attendant, rescue arrangement, or signed entry permit [IOGP_RULE] Confined Space [TEXT] A No pre-entry gas test, attendant, rescue arrangement, or signed entry permit was identified during Pressure vessel testing at Storage depot. The situation had credible potential for serious injury. The failed critical control created credible potential for serious injury; the task was stopped and reported to HSE.",High,1
NM_0010,Near Miss,Compressor station,Hydrostatic pressure test,Scaffold was altered without inspection tag and toe boards were missing,Driving,A Scaffold was altered without inspection tag and toe boards were missing was identified during Hydrostatic pressure test at Compressor station. Corrective action was taken on the spot. No work stoppage was required as the risk was minimal.,A Scaffold was altered without inspection tag and toe boards were missing was identified during Hydrostatic pressure test at Compressor station. Corrective action was taken on the spot. No work stoppage was required as the risk was minimal.,[REPORT_TYPE] Near Miss [SITE] Compressor station [ACTIVITY] Hydrostatic pressure test [BARRIER_FAILURE] Scaffold was altered without inspection tag and toe boards were missing [IOGP_RULE] Driving [TEXT] A Scaffold was altered without inspection tag and toe boards were missing was identified during Hydrostatic pressure test at Compressor station. Corrective action was taken on the spot. No work stoppage was required as the risk was minimal.,Low,0
NM_0042,Near Miss,Field office area,Confined space entry,Spill containment missing,Confined Space,Inspection revealed Spill containment missing during Confined space entry at Field office area. No work stoppage was required. The team recorded the observation and completed immediate housekeeping correction.,Inspection revealed Spill containment missing during Confined space entry at Field office area. No work stoppage was required. The team recorded the observation and completed immediate housekeeping correction.,[REPORT_TYPE] Near Miss [SITE] Field office area [ACTIVITY] Confined space entry [BARRIER_FAILURE] Spill containment missing [IOGP_RULE] Confined Space [TEXT] Inspection revealed Spill containment missing during Confined space entry at Field office area. No work stoppage was required. The team recorded the observation and completed immediate housekeeping correction.,Low,0
NM_0591,Near Miss,Gas processing unit,Valve maintenance,Driver fatigue screening and journey-management check were incomplete,Driving,A Driver fatigue screening and journey-management check were incomplete was identified during Valve maintenance at Gas processing unit. The activity was stopped as it could have resulted in serious harm. The failed critical control created credible potential for serious injury; the task was stopped and reported to HSE.,A Driver fatigue screening and journey-management check were incomplete was identified during Valve maintenance at Gas processing unit. The activity was stopped as it could have resulted in serious harm. The failed critical control created credible potential for serious injury; the task was stopped and reported to HSE.,[REPORT_TYPE] Near Miss [SITE] Gas processing unit [ACTIVITY] Valve maintenance [BARRIER_FAILURE] Driver fatigue screening and journey-management check were incomplete [IOGP_RULE] Driving [TEXT] A Driver fatigue screening and journey-management check were incomplete was identified during Valve maintenance at Gas processing unit. The activity was stopped as it could have resulted in serious harm. The failed critical control created credible potential for serious injury; the task was stopped and reported to HSE.,High,1
NM_0776,Near Miss,Truck loading bay,Pipe spool welding,Permit missing,Hot Work,"A Permit missing was identified during Pipe spool welding at Truck loading bay. The situation had imminent potential for fatality and was escalated immediately. Multiple critical barriers were ineffective, creating imminent serious-injury or fatality potential.","A Permit missing was identified during Pipe spool welding at Truck loading bay. The situation had imminent potential for fatality and was escalated immediately. Multiple critical barriers were ineffective, creating imminent serious-injury or fatality potential.","[REPORT_TYPE] Near Miss [SITE] Truck loading bay [ACTIVITY] Pipe spool welding [BARRIER_FAILURE] Permit missing [IOGP_RULE] Hot Work [TEXT] A Permit missing was identified during Pipe spool welding at Truck loading bay. The situation had imminent potential for fatality and was escalated immediately. Multiple critical barriers were ineffective, creating imminent serious-injury or fatality potential.",Critical,1
NM_0230,Near Miss,Wellsite,Emergency valve servicing,Electrical supply and process pressure isolation were not independently verified,Confined Space,"Near-miss observation: while performing Emergency valve servicing at Wellsite, the team found that Electrical supply and process pressure isolation were not independently verified. The supervisor reviewed and approved continuation after correction. The supervisor reviewed the situation and approved continuation after correction.","Near-miss observation: while performing Emergency valve servicing at Wellsite, the team found that Electrical supply and process pressure isolation were not independently verified. The supervisor reviewed and approved continuation after correction. The supervisor reviewed the situation and approved continuation after correction.","[REPORT_TYPE] Near Miss [SITE] Wellsite [ACTIVITY] Emergency valve servicing [BARRIER_FAILURE] Electrical supply and process pressure isolation were not independently verified [IOGP_RULE] Confined Space [TEXT] Near-miss observation: while performing Emergency valve servicing at Wellsite, the team found that Electrical supply and process pressure isolation were not independently verified. The supervisor reviewed and approved continuation after correction. The supervisor reviewed the situation and approved continuation after correction.",Medium,0
NM_0039,Near Miss,Field office area,LPG bottling operations,Electrical supply and process pressure isolation were not independently verified,Hot Work,"During routine checks at Field office area, Electrical supply and process pressure isolation were not independently verified was observed during LPG bottling operations. The team corrected it without delay. The observation was logged and addressed during the same shift.","During routine checks at Field office area, Electrical supply and process pressure isolation were not independently verified was observed during LPG bottling operations. The team corrected it without delay. The observation was logged and addressed during the same shift.","[REPORT_TYPE] Near Miss [SITE] Field office area [ACTIVITY] LPG bottling operations [BARRIER_FAILURE] Electrical supply and process pressure isolation were not independently verified [IOGP_RULE] Hot Work [TEXT] During routine checks at Field office area, Electrical supply and process pressure isolation were not independently verified was observed during LPG bottling operations. The team corrected it without delay. The observation was logged and addressed during the same shift.",Low,0
NM_0539,Near Miss,LPG bottling plant,Valve maintenance,Exclusion zone missing,Line of Fire,"During Valve maintenance at LPG bottling plant, Exclusion zone missing. The job was halted due to high-risk exposure. A supervisor issued a stop-work intervention and required a formal control verification.","During Valve maintenance at LPG bottling plant, Exclusion zone missing. The job was halted due to high-risk exposure. A supervisor issued a stop-work intervention and required a formal control verification.","[REPORT_TYPE] Near Miss [SITE] LPG bottling plant [ACTIVITY] Valve maintenance [BARRIER_FAILURE] Exclusion zone missing [IOGP_RULE] Line of Fire [TEXT] During Valve maintenance at LPG bottling plant, Exclusion zone missing. The job was halted due to high-risk exposure. A supervisor issued a stop-work intervention and required a formal control verification.",High,1
NM_0086,Near Miss,Offshore platform,Compressor troubleshooting,Communication failure,Work Authorization,"Near-miss observation: while performing Compressor troubleshooting at Offshore platform, the team found that Communication failure. No work stoppage was required. The team recorded the observation and completed immediate housekeeping correction.","Near-miss observation: while performing Compressor troubleshooting at Offshore platform, the team found that Communication failure. No work stoppage was required. The team recorded the observation and completed immediate housekeeping correction.","[REPORT_TYPE] Near Miss [SITE] Offshore platform [ACTIVITY] Compressor troubleshooting [BARRIER_FAILURE] Communication failure [IOGP_RULE] Work Authorization [TEXT] Near-miss observation: while performing Compressor troubleshooting at Offshore platform, the team found that Communication failure. No work stoppage was required. The team recorded the observation and completed immediate housekeeping correction.",Low,0
NM_0011,Near Miss,Process plant,Scaffold modification,Permit missing,Working at Height,"During routine checks at Process plant, Permit missing was observed during Scaffold modification. No work stoppage was required. The issue was minor and was rectified before it affected the task.","During routine checks at Process plant, Permit missing was observed during Scaffold modification. No work stoppage was required. The issue was minor and was rectified before it affected the task.","[REPORT_TYPE] Near Miss [SITE] Process plant [ACTIVITY] Scaffold modification [BARRIER_FAILURE] Permit missing [IOGP_RULE] Working at Height [TEXT] During routine checks at Process plant, Permit missing was observed during Scaffold modification. No work stoppage was required. The issue was minor and was rectified before it affected the task.",Low,0
NM_0532,Near Miss,LPG bottling plant,Lifting and rigging,Exclusion zone missing,Safe Mechanical Lifting,"Near-miss observation: while performing Lifting and rigging at LPG bottling plant, the team found that Exclusion zone missing. The job was halted due to high-risk exposure. The situation had credible potential for serious injury and was escalated immediately.","Near-miss observation: while performing Lifting and rigging at LPG bottling plant, the team found that Exclusion zone missing. The job was halted due to high-risk exposure. The situation had credible potential for serious injury and was escalated immediately.","[REPORT_TYPE] Near Miss [SITE] LPG bottling plant [ACTIVITY] Lifting and rigging [BARRIER_FAILURE] Exclusion zone missing [IOGP_RULE] Safe Mechanical Lifting [TEXT] Near-miss observation: while performing Lifting and rigging at LPG bottling plant, the team found that Exclusion zone missing. The job was halted due to high-risk exposure. The situation had credible potential for serious injury and was escalated immediately.",High,1
NM_0327,Near Miss,Pipeline ROW,Confined space entry,Reversing was attempted without a banksman and pedestrian segregation,Confined Space,"Before/during Confined space entry at Pipeline ROW, Reversing was attempted without a banksman and pedestrian segregation. Work was stopped temporarily and resumed after verification. Work was temporarily halted pending verification of the control measure.","Before/during Confined space entry at Pipeline ROW, Reversing was attempted without a banksman and pedestrian segregation. Work was stopped temporarily and resumed after verification. Work was temporarily halted pending verification of the control measure.","[REPORT_TYPE] Near Miss [SITE] Pipeline ROW [ACTIVITY] Confined space entry [BARRIER_FAILURE] Reversing was attempted without a banksman and pedestrian segregation [IOGP_RULE] Confined Space [TEXT] Before/during Confined space entry at Pipeline ROW, Reversing was attempted without a banksman and pedestrian segregation. Work was stopped temporarily and resumed after verification. Work was temporarily halted pending verification of the control measure.",Medium,0
NM_0268,Near Miss,Wellsite,Hydrostatic pressure test,Tool inspection missing,Work Authorization,"During Hydrostatic pressure test at Wellsite, Tool inspection missing. The supervisor reviewed and approved continuation after correction. Work was temporarily halted pending verification of the control measure.","During Hydrostatic pressure test at Wellsite, Tool inspection missing. The supervisor reviewed and approved continuation after correction. Work was temporarily halted pending verification of the control measure.","[REPORT_TYPE] Near Miss [SITE] Wellsite [ACTIVITY] Hydrostatic pressure test [BARRIER_FAILURE] Tool inspection missing [IOGP_RULE] Work Authorization [TEXT] During Hydrostatic pressure test at Wellsite, Tool inspection missing. The supervisor reviewed and approved continuation after correction. Work was temporarily halted pending verification of the control measure.",Medium,0
NM_0202,Near Miss,Compressor station,Pipe spool welding,Gas testing was overdue and no dedicated fire watch was assigned,Confined Space,"During Pipe spool welding at Compressor station, Gas testing was overdue and no dedicated fire watch was assigned. The activity was delayed pending correction. Work was temporarily halted pending verification of the control measure.","During Pipe spool welding at Compressor station, Gas testing was overdue and no dedicated fire watch was assigned. The activity was delayed pending correction. Work was temporarily halted pending verification of the control measure.","[REPORT_TYPE] Near Miss [SITE] Compressor station [ACTIVITY] Pipe spool welding [BARRIER_FAILURE] Gas testing was overdue and no dedicated fire watch was assigned [IOGP_RULE] Confined Space [TEXT] During Pipe spool welding at Compressor station, Gas testing was overdue and no dedicated fire watch was assigned. The activity was delayed pending correction. Work was temporarily halted pending verification of the control measure.",Medium,0
NM_0576,Near Miss,LPG bottling plant,Pump maintenance,Communication failure,None/Not Applicable,"During Pump maintenance at LPG bottling plant, Communication failure. The activity was stopped as it could have resulted in serious harm. Personnel were close to hazardous energy exposure, so the area was secured pending investigation.","During Pump maintenance at LPG bottling plant, Communication failure. The activity was stopped as it could have resulted in serious harm. Personnel were close to hazardous energy exposure, so the area was secured pending investigation.","[REPORT_TYPE] Near Miss [SITE] LPG bottling plant [ACTIVITY] Pump maintenance [BARRIER_FAILURE] Communication failure [IOGP_RULE] None/Not Applicable [TEXT] During Pump maintenance at LPG bottling plant, Communication failure. The activity was stopped as it could have resulted in serious harm. Personnel were close to hazardous energy exposure, so the area was secured pending investigation.",High,1
NM_0467,Near Miss,Compressor station,Drilling operations,Procedure not followed,Work Authorization,Inspection revealed Procedure not followed during Drilling operations at Compressor station. The situation had credible potential for serious injury. The situation had credible potential for serious injury and was escalated immediately.,Inspection revealed Procedure not followed during Drilling operations at Compressor station. The situation had credible potential for serious injury. The situation had credible potential for serious injury and was escalated immediately.,[REPORT_TYPE] Near Miss [SITE] Compressor station [ACTIVITY] Drilling operations [BARRIER_FAILURE] Procedure not followed [IOGP_RULE] Work Authorization [TEXT] Inspection revealed Procedure not followed during Drilling operations at Compressor station. The situation had credible potential for serious injury. The situation had credible potential for serious injury and was escalated immediately.,High,1
NM_0564,Near Miss,Storage depot,Internal tank inspection,Damaged pallet and unstable load were being raised without a spotter,Confined Space,Inspection revealed Damaged pallet and unstable load were being raised without a spotter during Internal tank inspection at Storage depot. The job was halted due to high-risk exposure. A supervisor issued a stop-work intervention and required a formal control verification.,Inspection revealed Damaged pallet and unstable load were being raised without a spotter during Internal tank inspection at Storage depot. The job was halted due to high-risk exposure. A supervisor issued a stop-work intervention and required a formal control verification.,[REPORT_TYPE] Near Miss [SITE] Storage depot [ACTIVITY] Internal tank inspection [BARRIER_FAILURE] Damaged pallet and unstable load were being raised without a spotter [IOGP_RULE] Confined Space [TEXT] Inspection revealed Damaged pallet and unstable load were being raised without a spotter during Internal tank inspection at Storage depot. The job was halted due to high-risk exposure. A supervisor issued a stop-work intervention and required a formal control verification.,High,1
NM_0081,Near Miss,Refinery unit,Hydrostatic pressure test,Emergency response delayed,Work Authorization,"Near-miss observation: while performing Hydrostatic pressure test at Refinery unit, the team found that Emergency response delayed. Corrective action was taken on the spot. The issue was minor and was rectified before it affected the task.","Near-miss observation: while performing Hydrostatic pressure test at Refinery unit, the team found that Emergency response delayed. Corrective action was taken on the spot. The issue was minor and was rectified before it affected the task.","[REPORT_TYPE] Near Miss [SITE] Refinery unit [ACTIVITY] Hydrostatic pressure test [BARRIER_FAILURE] Emergency response delayed [IOGP_RULE] Work Authorization [TEXT] Near-miss observation: while performing Hydrostatic pressure test at Refinery unit, the team found that Emergency response delayed. Corrective action was taken on the spot. The issue was minor and was rectified before it affected the task.",Low,0
NM_0677,Near Miss,Truck loading bay,Pressure vessel testing,"No pre-entry gas test, attendant, rescue arrangement, or signed entry permit",Confined Space,"During Pressure vessel testing at Truck loading bay, No pre-entry gas test, attendant, rescue arrangement, or signed entry permit. Multiple workers were at risk of serious injury or fatality. All personnel were evacuated and the area was secured pending full investigation.","During Pressure vessel testing at Truck loading bay, No pre-entry gas test, attendant, rescue arrangement, or signed entry permit. Multiple workers were at risk of serious injury or fatality. All personnel were evacuated and the area was secured pending full investigation.","[REPORT_TYPE] Near Miss [SITE] Truck loading bay [ACTIVITY] Pressure vessel testing [BARRIER_FAILURE] No pre-entry gas test, attendant, rescue arrangement, or signed entry permit [IOGP_RULE] Confined Space [TEXT] During Pressure vessel testing at Truck loading bay, No pre-entry gas test, attendant, rescue arrangement, or signed entry permit. Multiple workers were at risk of serious injury or fatality. All personnel were evacuated and the area was secured pending full investigation.",Critical,1
NM_0546,Near Miss,Truck loading bay,Well intervention,Isolation not verified,Energy Isolation,Inspection revealed Isolation not verified during Well intervention at Truck loading bay. The job was halted due to high-risk exposure. Work was halted due to high-risk exposure and corrective measures were implemented.,Inspection revealed Isolation not verified during Well intervention at Truck loading bay. The job was halted due to high-risk exposure. Work was halted due to high-risk exposure and corrective measures were implemented.,[REPORT_TYPE] Near Miss [SITE] Truck loading bay [ACTIVITY] Well intervention [BARRIER_FAILURE] Isolation not verified [IOGP_RULE] Energy Isolation [TEXT] Inspection revealed Isolation not verified during Well intervention at Truck loading bay. The job was halted due to high-risk exposure. Work was halted due to high-risk exposure and corrective measures were implemented.,High,1
NM_0090,Near Miss,Drilling rig,Pipe spool welding,Electrical supply and process pressure isolation were not independently verified,Hot Work,Inspection revealed Electrical supply and process pressure isolation were not independently verified during Pipe spool welding at Drilling rig. The area was corrected immediately. No work stoppage was required as the risk was minimal.,Inspection revealed Electrical supply and process pressure isolation were not independently verified during Pipe spool welding at Drilling rig. The area was corrected immediately. No work stoppage was required as the risk was minimal.,[REPORT_TYPE] Near Miss [SITE] Drilling rig [ACTIVITY] Pipe spool welding [BARRIER_FAILURE] Electrical supply and process pressure isolation were not independently verified [IOGP_RULE] Hot Work [TEXT] Inspection revealed Electrical supply and process pressure isolation were not independently verified during Pipe spool welding at Drilling rig. The area was corrected immediately. No work stoppage was required as the risk was minimal.,Low,0
NM_0033,Near Miss,Storage depot,Compressor troubleshooting,Supervision absent,Bypassing Safety Controls,"Near-miss observation: while performing Compressor troubleshooting at Storage depot, the team found that Supervision absent. The team corrected it without delay. The condition was corrected during the routine inspection, with no exposure to hazardous energy.","Near-miss observation: while performing Compressor troubleshooting at Storage depot, the team found that Supervision absent. The team corrected it without delay. The condition was corrected during the routine inspection, with no exposure to hazardous energy.","[REPORT_TYPE] Near Miss [SITE] Storage depot [ACTIVITY] Compressor troubleshooting [BARRIER_FAILURE] Supervision absent [IOGP_RULE] Bypassing Safety Controls [TEXT] Near-miss observation: while performing Compressor troubleshooting at Storage depot, the team found that Supervision absent. The team corrected it without delay. The condition was corrected during the routine inspection, with no exposure to hazardous energy.",Low,0
NM_0094,Near Miss,Gas processing unit,Manual handling of tubulars,Lift plan missing,Safe Mechanical Lifting,"During Manual handling of tubulars at Gas processing unit, Lift plan missing. No work stoppage was required. The team recorded the observation and completed immediate housekeeping correction.","During Manual handling of tubulars at Gas processing unit, Lift plan missing. No work stoppage was required. The team recorded the observation and completed immediate housekeeping correction.","[REPORT_TYPE] Near Miss [SITE] Gas processing unit [ACTIVITY] Manual handling of tubulars [BARRIER_FAILURE] Lift plan missing [IOGP_RULE] Safe Mechanical Lifting [TEXT] During Manual handling of tubulars at Gas processing unit, Lift plan missing. No work stoppage was required. The team recorded the observation and completed immediate housekeeping correction.",Low,0
NM_0503,Near Miss,Compressor station,Drilling operations,"No pre-entry gas test, attendant, rescue arrangement, or signed entry permit",Confined Space,"Near-miss observation: while performing Drilling operations at Compressor station, the team found that No pre-entry gas test, attendant, rescue arrangement, or signed entry permit. The job was halted due to high-risk exposure. The situation had credible potential for serious injury and was escalated immediately.","Near-miss observation: while performing Drilling operations at Compressor station, the team found that No pre-entry gas test, attendant, rescue arrangement, or signed entry permit. The job was halted due to high-risk exposure. The situation had credible potential for serious injury and was escalated immediately.","[REPORT_TYPE] Near Miss [SITE] Compressor station [ACTIVITY] Drilling operations [BARRIER_FAILURE] No pre-entry gas test, attendant, rescue arrangement, or signed entry permit [IOGP_RULE] Confined Space [TEXT] Near-miss observation: while performing Drilling operations at Compressor station, the team found that No pre-entry gas test, attendant, rescue arrangement, or signed entry permit. The job was halted due to high-risk exposure. The situation had credible potential for serious injury and was escalated immediately.",High,1
NM_0687,Near Miss,Offshore platform,Compressor troubleshooting,"No pre-entry gas test, attendant, rescue arrangement, or signed entry permit",Confined Space,"Before/during Compressor troubleshooting at Offshore platform, No pre-entry gas test, attendant, rescue arrangement, or signed entry permit. The situation had imminent potential for fatality and was escalated immediately. Multiple critical barriers were ineffective, creating imminent serious-injury or fatality potential.","Before/during Compressor troubleshooting at Offshore platform, No pre-entry gas test, attendant, rescue arrangement, or signed entry permit. The situation had imminent potential for fatality and was escalated immediately. Multiple critical barriers were ineffective, creating imminent serious-injury or fatality potential.","[REPORT_TYPE] Near Miss [SITE] Offshore platform [ACTIVITY] Compressor troubleshooting [BARRIER_FAILURE] No pre-entry gas test, attendant, rescue arrangement, or signed entry permit [IOGP_RULE] Confined Space [TEXT] Before/during Compressor troubleshooting at Offshore platform, No pre-entry gas test, attendant, rescue arrangement, or signed entry permit. The situation had imminent potential for fatality and was escalated immediately. Multiple critical barriers were ineffective, creating imminent serious-injury or fatality potential.",Critical,1
NM_0535,Near Miss,Truck loading bay,Wellhead valve maintenance,Electrical supply and process pressure isolation were not independently verified,Work Authorization,"Before/during Wellhead valve maintenance at Truck loading bay, Electrical supply and process pressure isolation were not independently verified. The situation had credible potential for serious injury. Work was halted due to high-risk exposure and corrective measures were implemented.","Before/during Wellhead valve maintenance at Truck loading bay, Electrical supply and process pressure isolation were not independently verified. The situation had credible potential for serious injury. Work was halted due to high-risk exposure and corrective measures were implemented.","[REPORT_TYPE] Near Miss [SITE] Truck loading bay [ACTIVITY] Wellhead valve maintenance [BARRIER_FAILURE] Electrical supply and process pressure isolation were not independently verified [IOGP_RULE] Work Authorization [TEXT] Before/during Wellhead valve maintenance at Truck loading bay, Electrical supply and process pressure isolation were not independently verified. The situation had credible potential for serious injury. Work was halted due to high-risk exposure and corrective measures were implemented.",High,1
NM_0729,Near Miss,Field office area,Hydrostatic pressure test,Gas testing was overdue and no dedicated fire watch was assigned,Confined Space,"During Hydrostatic pressure test at Field office area, Gas testing was overdue and no dedicated fire watch was assigned. Work was stopped urgently and emergency response was initiated. Personnel were moved to a safe location and the event was treated as a high-potential near miss.","During Hydrostatic pressure test at Field office area, Gas testing was overdue and no dedicated fire watch was assigned. Work was stopped urgently and emergency response was initiated. Personnel were moved to a safe location and the event was treated as a high-potential near miss.","[REPORT_TYPE] Near Miss [SITE] Field office area [ACTIVITY] Hydrostatic pressure test [BARRIER_FAILURE] Gas testing was overdue and no dedicated fire watch was assigned [IOGP_RULE] Confined Space [TEXT] During Hydrostatic pressure test at Field office area, Gas testing was overdue and no dedicated fire watch was assigned. Work was stopped urgently and emergency response was initiated. Personnel were moved to a safe location and the event was treated as a high-potential near miss.",Critical,1
NM_0305,Near Miss,Offshore platform,Crude transfer vehicle movement,Fall arrest missing,Working at Height,"During routine checks at Offshore platform, Fall arrest missing was observed during Crude transfer vehicle movement. The job proceeded only after corrective measures. The supervisor reviewed the situation and approved continuation after correction.","During routine checks at Offshore platform, Fall arrest missing was observed during Crude transfer vehicle movement. The job proceeded only after corrective measures. The supervisor reviewed the situation and approved continuation after correction.","[REPORT_TYPE] Near Miss [SITE] Offshore platform [ACTIVITY] Crude transfer vehicle movement [BARRIER_FAILURE] Fall arrest missing [IOGP_RULE] Working at Height [TEXT] During routine checks at Offshore platform, Fall arrest missing was observed during Crude transfer vehicle movement. The job proceeded only after corrective measures. The supervisor reviewed the situation and approved continuation after correction.",Medium,0
NM_0098,Near Miss,Storage depot,Valve maintenance,Exclusion zone missing,Line of Fire,Inspection revealed Exclusion zone missing during Valve maintenance at Storage depot. Work was paused briefly and the issue was resolved. The observation was logged and addressed during the same shift.,Inspection revealed Exclusion zone missing during Valve maintenance at Storage depot. Work was paused briefly and the issue was resolved. The observation was logged and addressed during the same shift.,[REPORT_TYPE] Near Miss [SITE] Storage depot [ACTIVITY] Valve maintenance [BARRIER_FAILURE] Exclusion zone missing [IOGP_RULE] Line of Fire [TEXT] Inspection revealed Exclusion zone missing during Valve maintenance at Storage depot. Work was paused briefly and the issue was resolved. The observation was logged and addressed during the same shift.,Low,0
NM_0176,Near Miss,Maintenance yard,Loading/unloading operations,Work scope had changed but the permit and job safety analysis were not revalidated,Bypassing Safety Controls,"During routine checks at Maintenance yard, Work scope had changed but the permit and job safety analysis were not revalidated was observed during Loading/unloading operations. Work was paused briefly and the issue was resolved. The observation was logged and addressed during the same shift.","During routine checks at Maintenance yard, Work scope had changed but the permit and job safety analysis were not revalidated was observed during Loading/unloading operations. Work was paused briefly and the issue was resolved. The observation was logged and addressed during the same shift.","[REPORT_TYPE] Near Miss [SITE] Maintenance yard [ACTIVITY] Loading/unloading operations [BARRIER_FAILURE] Work scope had changed but the permit and job safety analysis were not revalidated [IOGP_RULE] Bypassing Safety Controls [TEXT] During routine checks at Maintenance yard, Work scope had changed but the permit and job safety analysis were not revalidated was observed during Loading/unloading operations. Work was paused briefly and the issue was resolved. The observation was logged and addressed during the same shift.",Low,0
NM_0775,Near Miss,Compressor station,LPG bottling operations,Communication failure,Confined Space,"During routine checks at Compressor station, Communication failure was observed during LPG bottling operations. Multiple workers were at risk of serious injury or fatality. The condition presented immediate potentially fatal exposure; operations were stopped, the area was isolated, and emergency escalation began.","During routine checks at Compressor station, Communication failure was observed during LPG bottling operations. Multiple workers were at risk of serious injury or fatality. The condition presented immediate potentially fatal exposure; operations were stopped, the area was isolated, and emergency escalation began.","[REPORT_TYPE] Near Miss [SITE] Compressor station [ACTIVITY] LPG bottling operations [BARRIER_FAILURE] Communication failure [IOGP_RULE] Confined Space [TEXT] During routine checks at Compressor station, Communication failure was observed during LPG bottling operations. Multiple workers were at risk of serious injury or fatality. The condition presented immediate potentially fatal exposure; operations were stopped, the area was isolated, and emergency escalation began.",Critical,1
NM_0309,Near Miss,Storage depot,Wellhead valve maintenance,Lockout-tagout missing,Energy Isolation,"Shift crew reported that during Wellhead valve maintenance in Storage depot, Lockout-tagout missing. The activity was delayed pending correction. Work was temporarily halted pending verification of the control measure.","Shift crew reported that during Wellhead valve maintenance in Storage depot, Lockout-tagout missing. The activity was delayed pending correction. Work was temporarily halted pending verification of the control measure.","[REPORT_TYPE] Near Miss [SITE] Storage depot [ACTIVITY] Wellhead valve maintenance [BARRIER_FAILURE] Lockout-tagout missing [IOGP_RULE] Energy Isolation [TEXT] Shift crew reported that during Wellhead valve maintenance in Storage depot, Lockout-tagout missing. The activity was delayed pending correction. Work was temporarily halted pending verification of the control measure.",Medium,0
NM_0376,Near Miss,Storage depot,Chemical sampling,Gas testing was overdue and no dedicated fire watch was assigned,Confined Space,"Shift crew reported that during Chemical sampling in Storage depot, Gas testing was overdue and no dedicated fire watch was assigned. The activity was delayed pending correction. Work was temporarily halted pending verification of the control measure.","Shift crew reported that during Chemical sampling in Storage depot, Gas testing was overdue and no dedicated fire watch was assigned. The activity was delayed pending correction. Work was temporarily halted pending verification of the control measure.","[REPORT_TYPE] Near Miss [SITE] Storage depot [ACTIVITY] Chemical sampling [BARRIER_FAILURE] Gas testing was overdue and no dedicated fire watch was assigned [IOGP_RULE] Confined Space [TEXT] Shift crew reported that during Chemical sampling in Storage depot, Gas testing was overdue and no dedicated fire watch was assigned. The activity was delayed pending correction. Work was temporarily halted pending verification of the control measure.",Medium,0
NM_0794,Near Miss,Compressor station,Pipeline inspection,Emergency access route was partly obstructed by temporary materials,None/Not Applicable,"During routine checks at Compressor station, Emergency access route was partly obstructed by temporary materials was observed during Pipeline inspection. Actual exposure to hazardous conditions occurred. Multiple critical barriers were ineffective, creating imminent serious-injury or fatality potential.","During routine checks at Compressor station, Emergency access route was partly obstructed by temporary materials was observed during Pipeline inspection. Actual exposure to hazardous conditions occurred. Multiple critical barriers were ineffective, creating imminent serious-injury or fatality potential.","[REPORT_TYPE] Near Miss [SITE] Compressor station [ACTIVITY] Pipeline inspection [BARRIER_FAILURE] Emergency access route was partly obstructed by temporary materials [IOGP_RULE] None/Not Applicable [TEXT] During routine checks at Compressor station, Emergency access route was partly obstructed by temporary materials was observed during Pipeline inspection. Actual exposure to hazardous conditions occurred. Multiple critical barriers were ineffective, creating imminent serious-injury or fatality potential.",Critical,1
NM_0652,Near Miss,Pipeline ROW,Loading/unloading operations,PPE not used,Work Authorization,"Inspection revealed PPE not used during Loading/unloading operations at Pipeline ROW. Actual exposure to hazardous conditions occurred. Multiple critical barriers were ineffective, creating imminent serious-injury or fatality potential.","Inspection revealed PPE not used during Loading/unloading operations at Pipeline ROW. Actual exposure to hazardous conditions occurred. Multiple critical barriers were ineffective, creating imminent serious-injury or fatality potential.","[REPORT_TYPE] Near Miss [SITE] Pipeline ROW [ACTIVITY] Loading/unloading operations [BARRIER_FAILURE] PPE not used [IOGP_RULE] Work Authorization [TEXT] Inspection revealed PPE not used during Loading/unloading operations at Pipeline ROW. Actual exposure to hazardous conditions occurred. Multiple critical barriers were ineffective, creating imminent serious-injury or fatality potential.",Critical,1
NM_0428,Near Miss,Compressor station,Tank farm operations,Electrical supply and process pressure isolation were not independently verified,Confined Space,"Before/during Tank farm operations at Compressor station, Electrical supply and process pressure isolation were not independently verified. The job was halted due to high-risk exposure. The situation had credible potential for serious injury and was escalated immediately.","Before/during Tank farm operations at Compressor station, Electrical supply and process pressure isolation were not independently verified. The job was halted due to high-risk exposure. The situation had credible potential for serious injury and was escalated immediately.","[REPORT_TYPE] Near Miss [SITE] Compressor station [ACTIVITY] Tank farm operations [BARRIER_FAILURE] Electrical supply and process pressure isolation were not independently verified [IOGP_RULE] Confined Space [TEXT] Before/during Tank farm operations at Compressor station, Electrical supply and process pressure isolation were not independently verified. The job was halted due to high-risk exposure. The situation had credible potential for serious injury and was escalated immediately.",High,1
NM_0340,Near Miss,Storage depot,Scaffolding work,Exclusion zone missing,Working at Height,"Shift crew reported that during Scaffolding work in Storage depot, Exclusion zone missing. The supervisor reviewed and approved continuation after correction. Work was temporarily halted pending verification of the control measure.","Shift crew reported that during Scaffolding work in Storage depot, Exclusion zone missing. The supervisor reviewed and approved continuation after correction. Work was temporarily halted pending verification of the control measure.","[REPORT_TYPE] Near Miss [SITE] Storage depot [ACTIVITY] Scaffolding work [BARRIER_FAILURE] Exclusion zone missing [IOGP_RULE] Working at Height [TEXT] Shift crew reported that during Scaffolding work in Storage depot, Exclusion zone missing. The supervisor reviewed and approved continuation after correction. Work was temporarily halted pending verification of the control measure.",Medium,0
NM_0155,Near Miss,Process plant,Pipe spool welding,PPE not used,Hot Work,"During routine checks at Process plant, PPE not used was observed during Pipe spool welding. No work stoppage was required. The observation was logged and addressed during the same shift.","During routine checks at Process plant, PPE not used was observed during Pipe spool welding. No work stoppage was required. The observation was logged and addressed during the same shift.","[REPORT_TYPE] Near Miss [SITE] Process plant [ACTIVITY] Pipe spool welding [BARRIER_FAILURE] PPE not used [IOGP_RULE] Hot Work [TEXT] During routine checks at Process plant, PPE not used was observed during Pipe spool welding. No work stoppage was required. The observation was logged and addressed during the same shift.",Low,0
NM_0614,Near Miss,Process plant,Loading/unloading operations,Scaffold was altered without inspection tag and toe boards were missing,None/Not Applicable,"Shift crew reported that during Loading/unloading operations in Process plant, Scaffold was altered without inspection tag and toe boards were missing. All personnel were evacuated. Multiple critical barriers were ineffective, creating imminent serious-injury or fatality potential.","Shift crew reported that during Loading/unloading operations in Process plant, Scaffold was altered without inspection tag and toe boards were missing. All personnel were evacuated. Multiple critical barriers were ineffective, creating imminent serious-injury or fatality potential.","[REPORT_TYPE] Near Miss [SITE] Process plant [ACTIVITY] Loading/unloading operations [BARRIER_FAILURE] Scaffold was altered without inspection tag and toe boards were missing [IOGP_RULE] None/Not Applicable [TEXT] Shift crew reported that during Loading/unloading operations in Process plant, Scaffold was altered without inspection tag and toe boards were missing. All personnel were evacuated. Multiple critical barriers were ineffective, creating imminent serious-injury or fatality potential.",Critical,1
NM_0152,Near Miss,Storage depot,Equipment maintenance,"Lift plan, tag lines, and barricaded drop zone were not available",Safe Mechanical Lifting,"Before/during Equipment maintenance at Storage depot, Lift plan, tag lines, and barricaded drop zone were not available. No work stoppage was required. The condition was corrected during the routine inspection, with no exposure to hazardous energy.","Before/during Equipment maintenance at Storage depot, Lift plan, tag lines, and barricaded drop zone were not available. No work stoppage was required. The condition was corrected during the routine inspection, with no exposure to hazardous energy.","[REPORT_TYPE] Near Miss [SITE] Storage depot [ACTIVITY] Equipment maintenance [BARRIER_FAILURE] Lift plan, tag lines, and barricaded drop zone were not available [IOGP_RULE] Safe Mechanical Lifting [TEXT] Before/during Equipment maintenance at Storage depot, Lift plan, tag lines, and barricaded drop zone were not available. No work stoppage was required. The condition was corrected during the routine inspection, with no exposure to hazardous energy.",Low,0
NM_0456,Near Miss,Process plant,Confined space entry,Pneumatic energy isolation was not locked and residual pressure remained in the line,Confined Space,"Shift crew reported that during Confined space entry in Process plant, Pneumatic energy isolation was not locked and residual pressure remained in the line. The activity was stopped as it could have resulted in serious harm. The situation had credible potential for serious injury and was escalated immediately.","Shift crew reported that during Confined space entry in Process plant, Pneumatic energy isolation was not locked and residual pressure remained in the line. The activity was stopped as it could have resulted in serious harm. The situation had credible potential for serious injury and was escalated immediately.","[REPORT_TYPE] Near Miss [SITE] Process plant [ACTIVITY] Confined space entry [BARRIER_FAILURE] Pneumatic energy isolation was not locked and residual pressure remained in the line [IOGP_RULE] Confined Space [TEXT] Shift crew reported that during Confined space entry in Process plant, Pneumatic energy isolation was not locked and residual pressure remained in the line. The activity was stopped as it could have resulted in serious harm. The situation had credible potential for serious injury and was escalated immediately.",High,1
NM_0573,Near Miss,Wellsite,Crude transfer vehicle movement,Lift plan missing,Safe Mechanical Lifting,"Before/during Crude transfer vehicle movement at Wellsite, Lift plan missing. Work was stopped due to potential serious injury risk. Work was halted due to high-risk exposure and corrective measures were implemented.","Before/during Crude transfer vehicle movement at Wellsite, Lift plan missing. Work was stopped due to potential serious injury risk. Work was halted due to high-risk exposure and corrective measures were implemented.","[REPORT_TYPE] Near Miss [SITE] Wellsite [ACTIVITY] Crude transfer vehicle movement [BARRIER_FAILURE] Lift plan missing [IOGP_RULE] Safe Mechanical Lifting [TEXT] Before/during Crude transfer vehicle movement at Wellsite, Lift plan missing. Work was stopped due to potential serious injury risk. Work was halted due to high-risk exposure and corrective measures were implemented.",High,1
NM_0387,Near Miss,LPG bottling plant,Confined space entry,Scaffold was altered without inspection tag and toe boards were missing,Confined Space,"Before/during Confined space entry at LPG bottling plant, Scaffold was altered without inspection tag and toe boards were missing. The job proceeded only after corrective measures. No one was exposed, but the observation required a documented corrective action.","Before/during Confined space entry at LPG bottling plant, Scaffold was altered without inspection tag and toe boards were missing. The job proceeded only after corrective measures. No one was exposed, but the observation required a documented corrective action.","[REPORT_TYPE] Near Miss [SITE] LPG bottling plant [ACTIVITY] Confined space entry [BARRIER_FAILURE] Scaffold was altered without inspection tag and toe boards were missing [IOGP_RULE] Confined Space [TEXT] Before/during Confined space entry at LPG bottling plant, Scaffold was altered without inspection tag and toe boards were missing. The job proceeded only after corrective measures. No one was exposed, but the observation required a documented corrective action.",Medium,0
NM_0393,Near Miss,Storage tank,Hydrostatic pressure test,Guard missing,Driving,"Inspection revealed Guard missing during Hydrostatic pressure test at Storage tank. The job proceeded only after corrective measures. No one was exposed, but the observation required a documented corrective action.","Inspection revealed Guard missing during Hydrostatic pressure test at Storage tank. The job proceeded only after corrective measures. No one was exposed, but the observation required a documented corrective action.","[REPORT_TYPE] Near Miss [SITE] Storage tank [ACTIVITY] Hydrostatic pressure test [BARRIER_FAILURE] Guard missing [IOGP_RULE] Driving [TEXT] Inspection revealed Guard missing during Hydrostatic pressure test at Storage tank. The job proceeded only after corrective measures. No one was exposed, but the observation required a documented corrective action.",Medium,0
NM_0568,Near Miss,Process plant,Wellhead valve maintenance,Isolation not verified,Energy Isolation,"Before/during Wellhead valve maintenance at Process plant, Isolation not verified. The job was halted due to high-risk exposure. Work was halted due to high-risk exposure and corrective measures were implemented.","Before/during Wellhead valve maintenance at Process plant, Isolation not verified. The job was halted due to high-risk exposure. Work was halted due to high-risk exposure and corrective measures were implemented.","[REPORT_TYPE] Near Miss [SITE] Process plant [ACTIVITY] Wellhead valve maintenance [BARRIER_FAILURE] Isolation not verified [IOGP_RULE] Energy Isolation [TEXT] Before/during Wellhead valve maintenance at Process plant, Isolation not verified. The job was halted due to high-risk exposure. Work was halted due to high-risk exposure and corrective measures were implemented.",High,1
NM_0553,Near Miss,Drilling rig,Tank farm operations,Atmosphere not tested,Confined Space,A Atmosphere not tested was identified during Tank farm operations at Drilling rig. The situation had credible potential for serious injury. A supervisor issued a stop-work intervention and required a formal control verification.,A Atmosphere not tested was identified during Tank farm operations at Drilling rig. The situation had credible potential for serious injury. A supervisor issued a stop-work intervention and required a formal control verification.,[REPORT_TYPE] Near Miss [SITE] Drilling rig [ACTIVITY] Tank farm operations [BARRIER_FAILURE] Atmosphere not tested [IOGP_RULE] Confined Space [TEXT] A Atmosphere not tested was identified during Tank farm operations at Drilling rig. The situation had credible potential for serious injury. A supervisor issued a stop-work intervention and required a formal control verification.,High,1
NM_0054,Near Miss,Pipeline ROW,Process unit startup/shutdown,Guard missing,Bypassing Safety Controls,"Near-miss observation: while performing Process unit startup/shutdown at Pipeline ROW, the team found that Guard missing. The area was corrected immediately. The condition was corrected during the routine inspection, with no exposure to hazardous energy.","Near-miss observation: while performing Process unit startup/shutdown at Pipeline ROW, the team found that Guard missing. The area was corrected immediately. The condition was corrected during the routine inspection, with no exposure to hazardous energy.","[REPORT_TYPE] Near Miss [SITE] Pipeline ROW [ACTIVITY] Process unit startup/shutdown [BARRIER_FAILURE] Guard missing [IOGP_RULE] Bypassing Safety Controls [TEXT] Near-miss observation: while performing Process unit startup/shutdown at Pipeline ROW, the team found that Guard missing. The area was corrected immediately. The condition was corrected during the routine inspection, with no exposure to hazardous energy.",Low,0
NM_0217,Near Miss,Process plant,Pipe-rack inspection,Gas test missing,Confined Space,Inspection revealed Gas test missing during Pipe-rack inspection at Process plant. The activity was delayed pending correction. The supervisor reviewed the situation and approved continuation after correction.,Inspection revealed Gas test missing during Pipe-rack inspection at Process plant. The activity was delayed pending correction. The supervisor reviewed the situation and approved continuation after correction.,[REPORT_TYPE] Near Miss [SITE] Process plant [ACTIVITY] Pipe-rack inspection [BARRIER_FAILURE] Gas test missing [IOGP_RULE] Confined Space [TEXT] Inspection revealed Gas test missing during Pipe-rack inspection at Process plant. The activity was delayed pending correction. The supervisor reviewed the situation and approved continuation after correction.,Medium,0
NM_0316,Near Miss,Compressor station,Grinding near drain,Gas testing was overdue and no dedicated fire watch was assigned,Confined Space,Inspection revealed Gas testing was overdue and no dedicated fire watch was assigned during Grinding near drain at Compressor station. Work was paused until the issue was addressed. Work was temporarily halted pending verification of the control measure.,Inspection revealed Gas testing was overdue and no dedicated fire watch was assigned during Grinding near drain at Compressor station. Work was paused until the issue was addressed. Work was temporarily halted pending verification of the control measure.,[REPORT_TYPE] Near Miss [SITE] Compressor station [ACTIVITY] Grinding near drain [BARRIER_FAILURE] Gas testing was overdue and no dedicated fire watch was assigned [IOGP_RULE] Confined Space [TEXT] Inspection revealed Gas testing was overdue and no dedicated fire watch was assigned during Grinding near drain at Compressor station. Work was paused until the issue was addressed. Work was temporarily halted pending verification of the control measure.,Medium,0
NM_0295,Near Miss,Drilling rig,Excavation work,Permit missing,Work Authorization,"Shift crew reported that during Excavation work in Drilling rig, Permit missing. The job proceeded only after corrective measures. No one was exposed, but the observation required a documented corrective action.","Shift crew reported that during Excavation work in Drilling rig, Permit missing. The job proceeded only after corrective measures. No one was exposed, but the observation required a documented corrective action.","[REPORT_TYPE] Near Miss [SITE] Drilling rig [ACTIVITY] Excavation work [BARRIER_FAILURE] Permit missing [IOGP_RULE] Work Authorization [TEXT] Shift crew reported that during Excavation work in Drilling rig, Permit missing. The job proceeded only after corrective measures. No one was exposed, but the observation required a documented corrective action.",Medium,0
NM_0125,Near Miss,Gas processing unit,Night driving to remote site,Excavation edge was not barricaded and underground utility mark-out was incomplete,Working at Height,"Before/during Night driving to remote site at Gas processing unit, Excavation edge was not barricaded and underground utility mark-out was incomplete. Corrective action was taken on the spot. The team recorded the observation and completed immediate housekeeping correction.","Before/during Night driving to remote site at Gas processing unit, Excavation edge was not barricaded and underground utility mark-out was incomplete. Corrective action was taken on the spot. The team recorded the observation and completed immediate housekeeping correction.","[REPORT_TYPE] Near Miss [SITE] Gas processing unit [ACTIVITY] Night driving to remote site [BARRIER_FAILURE] Excavation edge was not barricaded and underground utility mark-out was incomplete [IOGP_RULE] Working at Height [TEXT] Before/during Night driving to remote site at Gas processing unit, Excavation edge was not barricaded and underground utility mark-out was incomplete. Corrective action was taken on the spot. The team recorded the observation and completed immediate housekeeping correction.",Low,0
NM_0209,Near Miss,Process plant,Drilling operations,Fall arrest missing,Working at Height,"During Drilling operations at Process plant, Fall arrest missing. The supervisor reviewed and approved continuation after correction. Work was temporarily halted pending verification of the control measure.","During Drilling operations at Process plant, Fall arrest missing. The supervisor reviewed and approved continuation after correction. Work was temporarily halted pending verification of the control measure.","[REPORT_TYPE] Near Miss [SITE] Process plant [ACTIVITY] Drilling operations [BARRIER_FAILURE] Fall arrest missing [IOGP_RULE] Working at Height [TEXT] During Drilling operations at Process plant, Fall arrest missing. The supervisor reviewed and approved continuation after correction. Work was temporarily halted pending verification of the control measure.",Medium,0
NM_0105,Near Miss,Storage tank,Internal tank inspection,"No pre-entry gas test, attendant, rescue arrangement, or signed entry permit",Confined Space,"Near-miss observation: while performing Internal tank inspection at Storage tank, the team found that No pre-entry gas test, attendant, rescue arrangement, or signed entry permit. Corrective action was taken on the spot. The team recorded the observation and completed immediate housekeeping correction.","Near-miss observation: while performing Internal tank inspection at Storage tank, the team found that No pre-entry gas test, attendant, rescue arrangement, or signed entry permit. Corrective action was taken on the spot. The team recorded the observation and completed immediate housekeeping correction.","[REPORT_TYPE] Near Miss [SITE] Storage tank [ACTIVITY] Internal tank inspection [BARRIER_FAILURE] No pre-entry gas test, attendant, rescue arrangement, or signed entry permit [IOGP_RULE] Confined Space [TEXT] Near-miss observation: while performing Internal tank inspection at Storage tank, the team found that No pre-entry gas test, attendant, rescue arrangement, or signed entry permit. Corrective action was taken on the spot. The team recorded the observation and completed immediate housekeeping correction.",Low,0
NM_0534,Near Miss,Truck loading bay,Housekeeping inspection,Exclusion zone missing,Line of Fire,"Shift crew reported that during Housekeeping inspection in Truck loading bay, Exclusion zone missing. The situation had credible potential for serious injury. A supervisor issued a stop-work intervention and required a formal control verification.","Shift crew reported that during Housekeeping inspection in Truck loading bay, Exclusion zone missing. The situation had credible potential for serious injury. A supervisor issued a stop-work intervention and required a formal control verification.","[REPORT_TYPE] Near Miss [SITE] Truck loading bay [ACTIVITY] Housekeeping inspection [BARRIER_FAILURE] Exclusion zone missing [IOGP_RULE] Line of Fire [TEXT] Shift crew reported that during Housekeeping inspection in Truck loading bay, Exclusion zone missing. The situation had credible potential for serious injury. A supervisor issued a stop-work intervention and required a formal control verification.",High,1
NM_0263,Near Miss,Pump station,Pump seal replacement,Training inadequate,Energy Isolation,"During Pump seal replacement at Pump station, Training inadequate. The supervisor reviewed and approved continuation after correction. No one was exposed, but the observation required a documented corrective action.","During Pump seal replacement at Pump station, Training inadequate. The supervisor reviewed and approved continuation after correction. No one was exposed, but the observation required a documented corrective action.","[REPORT_TYPE] Near Miss [SITE] Pump station [ACTIVITY] Pump seal replacement [BARRIER_FAILURE] Training inadequate [IOGP_RULE] Energy Isolation [TEXT] During Pump seal replacement at Pump station, Training inadequate. The supervisor reviewed and approved continuation after correction. No one was exposed, but the observation required a documented corrective action.",Medium,0
NM_0312,Near Miss,Compressor station,Reversing vehicle operations,Spill containment missing,Driving,"Before/during Reversing vehicle operations at Compressor station, Spill containment missing. The activity was delayed pending correction. The crew escalated the issue through the shift safety meeting and closed it before continuation.","Before/during Reversing vehicle operations at Compressor station, Spill containment missing. The activity was delayed pending correction. The crew escalated the issue through the shift safety meeting and closed it before continuation.","[REPORT_TYPE] Near Miss [SITE] Compressor station [ACTIVITY] Reversing vehicle operations [BARRIER_FAILURE] Spill containment missing [IOGP_RULE] Driving [TEXT] Before/during Reversing vehicle operations at Compressor station, Spill containment missing. The activity was delayed pending correction. The crew escalated the issue through the shift safety meeting and closed it before continuation.",Medium,0
NM_0676,Near Miss,Tank farm,Instrument calibration,"No pre-entry gas test, attendant, rescue arrangement, or signed entry permit",Confined Space,"During routine checks at Tank farm, No pre-entry gas test, attendant, rescue arrangement, or signed entry permit was observed during Instrument calibration. The situation had imminent potential for fatality and was escalated immediately. Personnel were moved to a safe location and the event was treated as a high-potential near miss.","During routine checks at Tank farm, No pre-entry gas test, attendant, rescue arrangement, or signed entry permit was observed during Instrument calibration. The situation had imminent potential for fatality and was escalated immediately. Personnel were moved to a safe location and the event was treated as a high-potential near miss.","[REPORT_TYPE] Near Miss [SITE] Tank farm [ACTIVITY] Instrument calibration [BARRIER_FAILURE] No pre-entry gas test, attendant, rescue arrangement, or signed entry permit [IOGP_RULE] Confined Space [TEXT] During routine checks at Tank farm, No pre-entry gas test, attendant, rescue arrangement, or signed entry permit was observed during Instrument calibration. The situation had imminent potential for fatality and was escalated immediately. Personnel were moved to a safe location and the event was treated as a high-potential near miss.",Critical,1
NM_0227,Near Miss,Compressor station,Electrical maintenance,Lockout-tagout missing,Energy Isolation,"During routine checks at Compressor station, Lockout-tagout missing was observed during Electrical maintenance. Work was paused until the issue was addressed. The crew escalated the issue through the shift safety meeting and closed it before continuation.","During routine checks at Compressor station, Lockout-tagout missing was observed during Electrical maintenance. Work was paused until the issue was addressed. The crew escalated the issue through the shift safety meeting and closed it before continuation.","[REPORT_TYPE] Near Miss [SITE] Compressor station [ACTIVITY] Electrical maintenance [BARRIER_FAILURE] Lockout-tagout missing [IOGP_RULE] Energy Isolation [TEXT] During routine checks at Compressor station, Lockout-tagout missing was observed during Electrical maintenance. Work was paused until the issue was addressed. The crew escalated the issue through the shift safety meeting and closed it before continuation.",Medium,0
NM_0158,Near Miss,Refinery unit,Wellhead valve maintenance,Damaged pallet and unstable load were being raised without a spotter,None/Not Applicable,"Inspection revealed Damaged pallet and unstable load were being raised without a spotter during Wellhead valve maintenance at Refinery unit. Corrective action was taken on the spot. The condition was corrected during the routine inspection, with no exposure to hazardous energy.","Inspection revealed Damaged pallet and unstable load were being raised without a spotter during Wellhead valve maintenance at Refinery unit. Corrective action was taken on the spot. The condition was corrected during the routine inspection, with no exposure to hazardous energy.","[REPORT_TYPE] Near Miss [SITE] Refinery unit [ACTIVITY] Wellhead valve maintenance [BARRIER_FAILURE] Damaged pallet and unstable load were being raised without a spotter [IOGP_RULE] None/Not Applicable [TEXT] Inspection revealed Damaged pallet and unstable load were being raised without a spotter during Wellhead valve maintenance at Refinery unit. Corrective action was taken on the spot. The condition was corrected during the routine inspection, with no exposure to hazardous energy.",Low,0
NM_0455,Near Miss,Gas processing unit,Wellhead valve maintenance,Lift plan missing,Safe Mechanical Lifting,"During routine checks at Gas processing unit, Lift plan missing was observed during Wellhead valve maintenance. Work was stopped due to potential serious injury risk. Work was halted due to high-risk exposure and corrective measures were implemented.","During routine checks at Gas processing unit, Lift plan missing was observed during Wellhead valve maintenance. Work was stopped due to potential serious injury risk. Work was halted due to high-risk exposure and corrective measures were implemented.","[REPORT_TYPE] Near Miss [SITE] Gas processing unit [ACTIVITY] Wellhead valve maintenance [BARRIER_FAILURE] Lift plan missing [IOGP_RULE] Safe Mechanical Lifting [TEXT] During routine checks at Gas processing unit, Lift plan missing was observed during Wellhead valve maintenance. Work was stopped due to potential serious injury risk. Work was halted due to high-risk exposure and corrective measures were implemented.",High,1
NM_0356,Near Miss,Drilling rig,Forklift pallet handling,"Lift plan, tag lines, and barricaded drop zone were not available",Safe Mechanical Lifting,"A Lift plan, tag lines, and barricaded drop zone were not available was identified during Forklift pallet handling at Drilling rig. The activity was delayed pending correction. The crew escalated the issue through the shift safety meeting and closed it before continuation.","A Lift plan, tag lines, and barricaded drop zone were not available was identified during Forklift pallet handling at Drilling rig. The activity was delayed pending correction. The crew escalated the issue through the shift safety meeting and closed it before continuation.","[REPORT_TYPE] Near Miss [SITE] Drilling rig [ACTIVITY] Forklift pallet handling [BARRIER_FAILURE] Lift plan, tag lines, and barricaded drop zone were not available [IOGP_RULE] Safe Mechanical Lifting [TEXT] A Lift plan, tag lines, and barricaded drop zone were not available was identified during Forklift pallet handling at Drilling rig. The activity was delayed pending correction. The crew escalated the issue through the shift safety meeting and closed it before continuation.",Medium,0
NM_0505,Near Miss,Truck loading bay,Pipe-rack inspection,Atmosphere not tested,Confined Space,"Shift crew reported that during Pipe-rack inspection in Truck loading bay, Atmosphere not tested. Critical control failure was corrected before resuming work. A supervisor issued a stop-work intervention and required a formal control verification.","Shift crew reported that during Pipe-rack inspection in Truck loading bay, Atmosphere not tested. Critical control failure was corrected before resuming work. A supervisor issued a stop-work intervention and required a formal control verification.","[REPORT_TYPE] Near Miss [SITE] Truck loading bay [ACTIVITY] Pipe-rack inspection [BARRIER_FAILURE] Atmosphere not tested [IOGP_RULE] Confined Space [TEXT] Shift crew reported that during Pipe-rack inspection in Truck loading bay, Atmosphere not tested. Critical control failure was corrected before resuming work. A supervisor issued a stop-work intervention and required a formal control verification.",High,1
NM_0491,Near Miss,Compressor station,Pipe spool welding,PPE not used,Hot Work,"During Pipe spool welding at Compressor station, PPE not used. Critical control failure was corrected before resuming work. Work was halted due to high-risk exposure and corrective measures were implemented.","During Pipe spool welding at Compressor station, PPE not used. Critical control failure was corrected before resuming work. Work was halted due to high-risk exposure and corrective measures were implemented.","[REPORT_TYPE] Near Miss [SITE] Compressor station [ACTIVITY] Pipe spool welding [BARRIER_FAILURE] PPE not used [IOGP_RULE] Hot Work [TEXT] During Pipe spool welding at Compressor station, PPE not used. Critical control failure was corrected before resuming work. Work was halted due to high-risk exposure and corrective measures were implemented.",High,1
NM_0479,Near Miss,Storage tank,Chemical sampling,Sample bottle label was unclear and secondary containment was not positioned,None/Not Applicable,Inspection revealed Sample bottle label was unclear and secondary containment was not positioned during Chemical sampling at Storage tank. Work was stopped due to potential serious injury risk. The failed critical control created credible potential for serious injury; the task was stopped and reported to HSE.,Inspection revealed Sample bottle label was unclear and secondary containment was not positioned during Chemical sampling at Storage tank. Work was stopped due to potential serious injury risk. The failed critical control created credible potential for serious injury; the task was stopped and reported to HSE.,[REPORT_TYPE] Near Miss [SITE] Storage tank [ACTIVITY] Chemical sampling [BARRIER_FAILURE] Sample bottle label was unclear and secondary containment was not positioned [IOGP_RULE] None/Not Applicable [TEXT] Inspection revealed Sample bottle label was unclear and secondary containment was not positioned during Chemical sampling at Storage tank. Work was stopped due to potential serious injury risk. The failed critical control created credible potential for serious injury; the task was stopped and reported to HSE.,High,1
NM_0607,Near Miss,Process plant,Chemical sampling,Driver fatigue screening and journey-management check were incomplete,None/Not Applicable,"Before/during Chemical sampling at Process plant, Driver fatigue screening and journey-management check were incomplete. Multiple workers were at risk of serious injury or fatality. The condition presented immediate potentially fatal exposure; operations were stopped, the area was isolated, and emergency escalation began.","Before/during Chemical sampling at Process plant, Driver fatigue screening and journey-management check were incomplete. Multiple workers were at risk of serious injury or fatality. The condition presented immediate potentially fatal exposure; operations were stopped, the area was isolated, and emergency escalation began.","[REPORT_TYPE] Near Miss [SITE] Process plant [ACTIVITY] Chemical sampling [BARRIER_FAILURE] Driver fatigue screening and journey-management check were incomplete [IOGP_RULE] None/Not Applicable [TEXT] Before/during Chemical sampling at Process plant, Driver fatigue screening and journey-management check were incomplete. Multiple workers were at risk of serious injury or fatality. The condition presented immediate potentially fatal exposure; operations were stopped, the area was isolated, and emergency escalation began.",Critical,1
NM_0451,Near Miss,Compressor station,Vehicle movement,"Lift plan, tag lines, and barricaded drop zone were not available",Safe Mechanical Lifting,"A Lift plan, tag lines, and barricaded drop zone were not available was identified during Vehicle movement at Compressor station. The situation had credible potential for serious injury. The situation had credible potential for serious injury and was escalated immediately.","A Lift plan, tag lines, and barricaded drop zone were not available was identified during Vehicle movement at Compressor station. The situation had credible potential for serious injury. The situation had credible potential for serious injury and was escalated immediately.","[REPORT_TYPE] Near Miss [SITE] Compressor station [ACTIVITY] Vehicle movement [BARRIER_FAILURE] Lift plan, tag lines, and barricaded drop zone were not available [IOGP_RULE] Safe Mechanical Lifting [TEXT] A Lift plan, tag lines, and barricaded drop zone were not available was identified during Vehicle movement at Compressor station. The situation had credible potential for serious injury. The situation had credible potential for serious injury and was escalated immediately.",High,1
NM_0288,Near Miss,Refinery unit,Scaffolding work,Open edge protection and full-body harness anchorage were unavailable,Working at Height,"During Scaffolding work at Refinery unit, Open edge protection and full-body harness anchorage were unavailable. The activity was delayed pending correction. The crew escalated the issue through the shift safety meeting and closed it before continuation.","During Scaffolding work at Refinery unit, Open edge protection and full-body harness anchorage were unavailable. The activity was delayed pending correction. The crew escalated the issue through the shift safety meeting and closed it before continuation.","[REPORT_TYPE] Near Miss [SITE] Refinery unit [ACTIVITY] Scaffolding work [BARRIER_FAILURE] Open edge protection and full-body harness anchorage were unavailable [IOGP_RULE] Working at Height [TEXT] During Scaffolding work at Refinery unit, Open edge protection and full-body harness anchorage were unavailable. The activity was delayed pending correction. The crew escalated the issue through the shift safety meeting and closed it before continuation.",Medium,0
NM_0707,Near Miss,Storage tank,Electrical maintenance,Driver fatigue screening and journey-management check were incomplete,Energy Isolation,"Near-miss observation: while performing Electrical maintenance at Storage tank, the team found that Driver fatigue screening and journey-management check were incomplete. All personnel were evacuated. The condition presented immediate potentially fatal exposure; operations were stopped, the area was isolated, and emergency escalation began.","Near-miss observation: while performing Electrical maintenance at Storage tank, the team found that Driver fatigue screening and journey-management check were incomplete. All personnel were evacuated. The condition presented immediate potentially fatal exposure; operations were stopped, the area was isolated, and emergency escalation began.","[REPORT_TYPE] Near Miss [SITE] Storage tank [ACTIVITY] Electrical maintenance [BARRIER_FAILURE] Driver fatigue screening and journey-management check were incomplete [IOGP_RULE] Energy Isolation [TEXT] Near-miss observation: while performing Electrical maintenance at Storage tank, the team found that Driver fatigue screening and journey-management check were incomplete. All personnel were evacuated. The condition presented immediate potentially fatal exposure; operations were stopped, the area was isolated, and emergency escalation began.",Critical,1
NM_0780,Near Miss,Drilling rig,Valve maintenance,Pneumatic energy isolation was not locked and residual pressure remained in the line,Energy Isolation,"Shift crew reported that during Valve maintenance in Drilling rig, Pneumatic energy isolation was not locked and residual pressure remained in the line. Actual exposure to hazardous conditions occurred. The situation had imminent potential for fatality and was escalated immediately.","Shift crew reported that during Valve maintenance in Drilling rig, Pneumatic energy isolation was not locked and residual pressure remained in the line. Actual exposure to hazardous conditions occurred. The situation had imminent potential for fatality and was escalated immediately.","[REPORT_TYPE] Near Miss [SITE] Drilling rig [ACTIVITY] Valve maintenance [BARRIER_FAILURE] Pneumatic energy isolation was not locked and residual pressure remained in the line [IOGP_RULE] Energy Isolation [TEXT] Shift crew reported that during Valve maintenance in Drilling rig, Pneumatic energy isolation was not locked and residual pressure remained in the line. Actual exposure to hazardous conditions occurred. The situation had imminent potential for fatality and was escalated immediately.",Critical,1
NM_0251,Near Miss,Wellsite,Pipe-rack inspection,Training inadequate,Work Authorization,"A Training inadequate was identified during Pipe-rack inspection at Wellsite. Work was stopped temporarily and resumed after verification. The task was paused, the control was restored, and the supervisor verified readiness before work resumed.","A Training inadequate was identified during Pipe-rack inspection at Wellsite. Work was stopped temporarily and resumed after verification. The task was paused, the control was restored, and the supervisor verified readiness before work resumed.","[REPORT_TYPE] Near Miss [SITE] Wellsite [ACTIVITY] Pipe-rack inspection [BARRIER_FAILURE] Training inadequate [IOGP_RULE] Work Authorization [TEXT] A Training inadequate was identified during Pipe-rack inspection at Wellsite. Work was stopped temporarily and resumed after verification. The task was paused, the control was restored, and the supervisor verified readiness before work resumed.",Medium,0
NM_0382,Near Miss,Wellsite,Electrical maintenance,Fall arrest missing,Energy Isolation,"Before/during Electrical maintenance at Wellsite, Fall arrest missing. The supervisor reviewed and approved continuation after correction. The task was paused, the control was restored, and the supervisor verified readiness before work resumed.","Before/during Electrical maintenance at Wellsite, Fall arrest missing. The supervisor reviewed and approved continuation after correction. The task was paused, the control was restored, and the supervisor verified readiness before work resumed.","[REPORT_TYPE] Near Miss [SITE] Wellsite [ACTIVITY] Electrical maintenance [BARRIER_FAILURE] Fall arrest missing [IOGP_RULE] Energy Isolation [TEXT] Before/during Electrical maintenance at Wellsite, Fall arrest missing. The supervisor reviewed and approved continuation after correction. The task was paused, the control was restored, and the supervisor verified readiness before work resumed.",Medium,0
NM_0156,Near Miss,Storage depot,Night driving to remote site,Communication failure,Bypassing Safety Controls,"Before/during Night driving to remote site at Storage depot, Communication failure. Corrective action was taken on the spot. The issue was minor and was rectified before it affected the task.","Before/during Night driving to remote site at Storage depot, Communication failure. Corrective action was taken on the spot. The issue was minor and was rectified before it affected the task.","[REPORT_TYPE] Near Miss [SITE] Storage depot [ACTIVITY] Night driving to remote site [BARRIER_FAILURE] Communication failure [IOGP_RULE] Bypassing Safety Controls [TEXT] Before/during Night driving to remote site at Storage depot, Communication failure. Corrective action was taken on the spot. The issue was minor and was rectified before it affected the task.",Low,0
NM_0350,Near Miss,Process plant,Pressure vessel testing,Procedure not followed,Confined Space,Inspection revealed Procedure not followed during Pressure vessel testing at Process plant. Work was paused until the issue was addressed. The supervisor reviewed the situation and approved continuation after correction.,Inspection revealed Procedure not followed during Pressure vessel testing at Process plant. Work was paused until the issue was addressed. The supervisor reviewed the situation and approved continuation after correction.,[REPORT_TYPE] Near Miss [SITE] Process plant [ACTIVITY] Pressure vessel testing [BARRIER_FAILURE] Procedure not followed [IOGP_RULE] Confined Space [TEXT] Inspection revealed Procedure not followed during Pressure vessel testing at Process plant. Work was paused until the issue was addressed. The supervisor reviewed the situation and approved continuation after correction.,Medium,0
NM_0321,Near Miss,Process plant,Reversing vehicle operations,Drain cover was open and combustible vapour testing was not documented,Hot Work,"During Reversing vehicle operations at Process plant, Drain cover was open and combustible vapour testing was not documented. Work was stopped temporarily and resumed after verification. The task was paused, the control was restored, and the supervisor verified readiness before work resumed.","During Reversing vehicle operations at Process plant, Drain cover was open and combustible vapour testing was not documented. Work was stopped temporarily and resumed after verification. The task was paused, the control was restored, and the supervisor verified readiness before work resumed.","[REPORT_TYPE] Near Miss [SITE] Process plant [ACTIVITY] Reversing vehicle operations [BARRIER_FAILURE] Drain cover was open and combustible vapour testing was not documented [IOGP_RULE] Hot Work [TEXT] During Reversing vehicle operations at Process plant, Drain cover was open and combustible vapour testing was not documented. Work was stopped temporarily and resumed after verification. The task was paused, the control was restored, and the supervisor verified readiness before work resumed.",Medium,0
NM_0050,Near Miss,Wellsite,Crude transfer vehicle movement,Guard missing,Safe Mechanical Lifting,Inspection revealed Guard missing during Crude transfer vehicle movement at Wellsite. Corrective action was taken on the spot. The observation was logged and addressed during the same shift.,Inspection revealed Guard missing during Crude transfer vehicle movement at Wellsite. Corrective action was taken on the spot. The observation was logged and addressed during the same shift.,[REPORT_TYPE] Near Miss [SITE] Wellsite [ACTIVITY] Crude transfer vehicle movement [BARRIER_FAILURE] Guard missing [IOGP_RULE] Safe Mechanical Lifting [TEXT] Inspection revealed Guard missing during Crude transfer vehicle movement at Wellsite. Corrective action was taken on the spot. The observation was logged and addressed during the same shift.,Low,0
NM_0545,Near Miss,Wellsite,Pump seal replacement,Electrical supply and process pressure isolation were not independently verified,Energy Isolation,"Shift crew reported that during Pump seal replacement in Wellsite, Electrical supply and process pressure isolation were not independently verified. The situation had credible potential for serious injury. The situation had credible potential for serious injury and was escalated immediately.","Shift crew reported that during Pump seal replacement in Wellsite, Electrical supply and process pressure isolation were not independently verified. The situation had credible potential for serious injury. The situation had credible potential for serious injury and was escalated immediately.","[REPORT_TYPE] Near Miss [SITE] Wellsite [ACTIVITY] Pump seal replacement [BARRIER_FAILURE] Electrical supply and process pressure isolation were not independently verified [IOGP_RULE] Energy Isolation [TEXT] Shift crew reported that during Pump seal replacement in Wellsite, Electrical supply and process pressure isolation were not independently verified. The situation had credible potential for serious injury. The situation had credible potential for serious injury and was escalated immediately.",High,1
NM_0189,Near Miss,Field office area,Well intervention,Pneumatic energy isolation was not locked and residual pressure remained in the line,Energy Isolation,"During Well intervention at Field office area, Pneumatic energy isolation was not locked and residual pressure remained in the line. Corrective action was taken on the spot. The condition was corrected during the routine inspection, with no exposure to hazardous energy.","During Well intervention at Field office area, Pneumatic energy isolation was not locked and residual pressure remained in the line. Corrective action was taken on the spot. The condition was corrected during the routine inspection, with no exposure to hazardous energy.","[REPORT_TYPE] Near Miss [SITE] Field office area [ACTIVITY] Well intervention [BARRIER_FAILURE] Pneumatic energy isolation was not locked and residual pressure remained in the line [IOGP_RULE] Energy Isolation [TEXT] During Well intervention at Field office area, Pneumatic energy isolation was not locked and residual pressure remained in the line. Corrective action was taken on the spot. The condition was corrected during the routine inspection, with no exposure to hazardous energy.",Low,0
NM_0734,Near Miss,Wellsite,Instrument calibration,Supervision absent,Safe Mechanical Lifting,"Near-miss observation: while performing Instrument calibration at Wellsite, the team found that Supervision absent. Multiple workers were at risk of serious injury or fatality. Personnel were moved to a safe location and the event was treated as a high-potential near miss.","Near-miss observation: while performing Instrument calibration at Wellsite, the team found that Supervision absent. Multiple workers were at risk of serious injury or fatality. Personnel were moved to a safe location and the event was treated as a high-potential near miss.","[REPORT_TYPE] Near Miss [SITE] Wellsite [ACTIVITY] Instrument calibration [BARRIER_FAILURE] Supervision absent [IOGP_RULE] Safe Mechanical Lifting [TEXT] Near-miss observation: while performing Instrument calibration at Wellsite, the team found that Supervision absent. Multiple workers were at risk of serious injury or fatality. Personnel were moved to a safe location and the event was treated as a high-potential near miss.",Critical,1
NM_0235,Near Miss,Pipeline ROW,Pipe spool welding,Atmosphere not tested,Confined Space,"Before/during Pipe spool welding at Pipeline ROW, Atmosphere not tested. Work was paused until the issue was addressed. No one was exposed, but the observation required a documented corrective action.","Before/during Pipe spool welding at Pipeline ROW, Atmosphere not tested. Work was paused until the issue was addressed. No one was exposed, but the observation required a documented corrective action.","[REPORT_TYPE] Near Miss [SITE] Pipeline ROW [ACTIVITY] Pipe spool welding [BARRIER_FAILURE] Atmosphere not tested [IOGP_RULE] Confined Space [TEXT] Before/during Pipe spool welding at Pipeline ROW, Atmosphere not tested. Work was paused until the issue was addressed. No one was exposed, but the observation required a documented corrective action.",Medium,0
NM_0785,Near Miss,Wellsite,Pipe spool welding,Tool inspection missing,Hot Work,"Near-miss observation: while performing Pipe spool welding at Wellsite, the team found that Tool inspection missing. Actual exposure to hazardous conditions occurred. The situation had imminent potential for fatality and was escalated immediately.","Near-miss observation: while performing Pipe spool welding at Wellsite, the team found that Tool inspection missing. Actual exposure to hazardous conditions occurred. The situation had imminent potential for fatality and was escalated immediately.","[REPORT_TYPE] Near Miss [SITE] Wellsite [ACTIVITY] Pipe spool welding [BARRIER_FAILURE] Tool inspection missing [IOGP_RULE] Hot Work [TEXT] Near-miss observation: while performing Pipe spool welding at Wellsite, the team found that Tool inspection missing. Actual exposure to hazardous conditions occurred. The situation had imminent potential for fatality and was escalated immediately.",Critical,1
NM_0087,Near Miss,Refinery unit,Housekeeping inspection,Guard missing,None/Not Applicable,A Guard missing was identified during Housekeeping inspection at Refinery unit. Corrective action was taken on the spot. The team recorded the observation and completed immediate housekeeping correction.,A Guard missing was identified during Housekeeping inspection at Refinery unit. Corrective action was taken on the spot. The team recorded the observation and completed immediate housekeeping correction.,[REPORT_TYPE] Near Miss [SITE] Refinery unit [ACTIVITY] Housekeeping inspection [BARRIER_FAILURE] Guard missing [IOGP_RULE] None/Not Applicable [TEXT] A Guard missing was identified during Housekeeping inspection at Refinery unit. Corrective action was taken on the spot. The team recorded the observation and completed immediate housekeeping correction.,Low,0
NM_0552,Near Miss,Pipeline ROW,Instrument calibration,Pneumatic energy isolation was not locked and residual pressure remained in the line,Energy Isolation,Inspection revealed Pneumatic energy isolation was not locked and residual pressure remained in the line during Instrument calibration at Pipeline ROW. The activity was stopped as it could have resulted in serious harm. A supervisor issued a stop-work intervention and required a formal control verification.,Inspection revealed Pneumatic energy isolation was not locked and residual pressure remained in the line during Instrument calibration at Pipeline ROW. The activity was stopped as it could have resulted in serious harm. A supervisor issued a stop-work intervention and required a formal control verification.,[REPORT_TYPE] Near Miss [SITE] Pipeline ROW [ACTIVITY] Instrument calibration [BARRIER_FAILURE] Pneumatic energy isolation was not locked and residual pressure remained in the line [IOGP_RULE] Energy Isolation [TEXT] Inspection revealed Pneumatic energy isolation was not locked and residual pressure remained in the line during Instrument calibration at Pipeline ROW. The activity was stopped as it could have resulted in serious harm. A supervisor issued a stop-work intervention and required a formal control verification.,High,1
NM_0386,Near Miss,Wellsite,LPG bottling operations,Guard missing,Hot Work,A Guard missing was identified during LPG bottling operations at Wellsite. Work was stopped temporarily and resumed after verification. The supervisor reviewed the situation and approved continuation after correction.,A Guard missing was identified during LPG bottling operations at Wellsite. Work was stopped temporarily and resumed after verification. The supervisor reviewed the situation and approved continuation after correction.,[REPORT_TYPE] Near Miss [SITE] Wellsite [ACTIVITY] LPG bottling operations [BARRIER_FAILURE] Guard missing [IOGP_RULE] Hot Work [TEXT] A Guard missing was identified during LPG bottling operations at Wellsite. Work was stopped temporarily and resumed after verification. The supervisor reviewed the situation and approved continuation after correction.,Medium,0
NM_0771,Near Miss,Drilling rig,Hot work (welding/grinding),Test manifold lacked verified restraint and pressure-release exclusion controls,Hot Work,"During routine checks at Drilling rig, Test manifold lacked verified restraint and pressure-release exclusion controls was observed during Hot work (welding/grinding). Actual exposure to hazardous conditions occurred. Multiple critical barriers were ineffective, creating imminent serious-injury or fatality potential.","During routine checks at Drilling rig, Test manifold lacked verified restraint and pressure-release exclusion controls was observed during Hot work (welding/grinding). Actual exposure to hazardous conditions occurred. Multiple critical barriers were ineffective, creating imminent serious-injury or fatality potential.","[REPORT_TYPE] Near Miss [SITE] Drilling rig [ACTIVITY] Hot work (welding/grinding) [BARRIER_FAILURE] Test manifold lacked verified restraint and pressure-release exclusion controls [IOGP_RULE] Hot Work [TEXT] During routine checks at Drilling rig, Test manifold lacked verified restraint and pressure-release exclusion controls was observed during Hot work (welding/grinding). Actual exposure to hazardous conditions occurred. Multiple critical barriers were ineffective, creating imminent serious-injury or fatality potential.",Critical,1
NM_0277,Near Miss,Tank farm,Loading/unloading operations,Communication failure,Working at Height,"Near-miss observation: while performing Loading/unloading operations at Tank farm, the team found that Communication failure. Work was paused until the issue was addressed. The crew escalated the issue through the shift safety meeting and closed it before continuation.","Near-miss observation: while performing Loading/unloading operations at Tank farm, the team found that Communication failure. Work was paused until the issue was addressed. The crew escalated the issue through the shift safety meeting and closed it before continuation.","[REPORT_TYPE] Near Miss [SITE] Tank farm [ACTIVITY] Loading/unloading operations [BARRIER_FAILURE] Communication failure [IOGP_RULE] Working at Height [TEXT] Near-miss observation: while performing Loading/unloading operations at Tank farm, the team found that Communication failure. Work was paused until the issue was addressed. The crew escalated the issue through the shift safety meeting and closed it before continuation.",Medium,0
NM_0427,Near Miss,Offshore platform,LPG bottling operations,PPE not used,Work Authorization,"During LPG bottling operations at Offshore platform, PPE not used. The situation had credible potential for serious injury. A supervisor issued a stop-work intervention and required a formal control verification.","During LPG bottling operations at Offshore platform, PPE not used. The situation had credible potential for serious injury. A supervisor issued a stop-work intervention and required a formal control verification.","[REPORT_TYPE] Near Miss [SITE] Offshore platform [ACTIVITY] LPG bottling operations [BARRIER_FAILURE] PPE not used [IOGP_RULE] Work Authorization [TEXT] During LPG bottling operations at Offshore platform, PPE not used. The situation had credible potential for serious injury. A supervisor issued a stop-work intervention and required a formal control verification.",High,1
NM_0708,Near Miss,Wellsite,Housekeeping inspection,Gas testing was overdue and no dedicated fire watch was assigned,Confined Space,"During routine checks at Wellsite, Gas testing was overdue and no dedicated fire watch was assigned was observed during Housekeeping inspection. All personnel were evacuated. The situation had imminent potential for fatality and was escalated immediately.","During routine checks at Wellsite, Gas testing was overdue and no dedicated fire watch was assigned was observed during Housekeeping inspection. All personnel were evacuated. The situation had imminent potential for fatality and was escalated immediately.","[REPORT_TYPE] Near Miss [SITE] Wellsite [ACTIVITY] Housekeeping inspection [BARRIER_FAILURE] Gas testing was overdue and no dedicated fire watch was assigned [IOGP_RULE] Confined Space [TEXT] During routine checks at Wellsite, Gas testing was overdue and no dedicated fire watch was assigned was observed during Housekeeping inspection. All personnel were evacuated. The situation had imminent potential for fatality and was escalated immediately.",Critical,1
NM_0800,Near Miss,Pipeline ROW,Pressure vessel testing,Damaged pallet and unstable load were being raised without a spotter,Confined Space,"Before/during Pressure vessel testing at Pipeline ROW, Damaged pallet and unstable load were being raised without a spotter. All personnel were evacuated. The situation had imminent potential for fatality and was escalated immediately.","Before/during Pressure vessel testing at Pipeline ROW, Damaged pallet and unstable load were being raised without a spotter. All personnel were evacuated. The situation had imminent potential for fatality and was escalated immediately.","[REPORT_TYPE] Near Miss [SITE] Pipeline ROW [ACTIVITY] Pressure vessel testing [BARRIER_FAILURE] Damaged pallet and unstable load were being raised without a spotter [IOGP_RULE] Confined Space [TEXT] Before/during Pressure vessel testing at Pipeline ROW, Damaged pallet and unstable load were being raised without a spotter. All personnel were evacuated. The situation had imminent potential for fatality and was escalated immediately.",Critical,1
NM_0310,Near Miss,Maintenance yard,Sampling and testing,Damaged pallet and unstable load were being raised without a spotter,None/Not Applicable,"Near-miss observation: while performing Sampling and testing at Maintenance yard, the team found that Damaged pallet and unstable load were being raised without a spotter. Work was stopped temporarily and resumed after verification. The supervisor reviewed the situation and approved continuation after correction.","Near-miss observation: while performing Sampling and testing at Maintenance yard, the team found that Damaged pallet and unstable load were being raised without a spotter. Work was stopped temporarily and resumed after verification. The supervisor reviewed the situation and approved continuation after correction.","[REPORT_TYPE] Near Miss [SITE] Maintenance yard [ACTIVITY] Sampling and testing [BARRIER_FAILURE] Damaged pallet and unstable load were being raised without a spotter [IOGP_RULE] None/Not Applicable [TEXT] Near-miss observation: while performing Sampling and testing at Maintenance yard, the team found that Damaged pallet and unstable load were being raised without a spotter. Work was stopped temporarily and resumed after verification. The supervisor reviewed the situation and approved continuation after correction.",Medium,0
NM_0671,Near Miss,Storage depot,Process unit startup/shutdown,Tool inspection missing,Driving,"Before/during Process unit startup/shutdown at Storage depot, Tool inspection missing. Multiple workers were at risk of serious injury or fatality. Personnel were moved to a safe location and the event was treated as a high-potential near miss.","Before/during Process unit startup/shutdown at Storage depot, Tool inspection missing. Multiple workers were at risk of serious injury or fatality. Personnel were moved to a safe location and the event was treated as a high-potential near miss.","[REPORT_TYPE] Near Miss [SITE] Storage depot [ACTIVITY] Process unit startup/shutdown [BARRIER_FAILURE] Tool inspection missing [IOGP_RULE] Driving [TEXT] Before/during Process unit startup/shutdown at Storage depot, Tool inspection missing. Multiple workers were at risk of serious injury or fatality. Personnel were moved to a safe location and the event was treated as a high-potential near miss.",Critical,1
NM_0599,Near Miss,Gas processing unit,Pump maintenance,Work scope had changed but the permit and job safety analysis were not revalidated,Energy Isolation,"Shift crew reported that during Pump maintenance in Gas processing unit, Work scope had changed but the permit and job safety analysis were not revalidated. Work was stopped due to potential serious injury risk. Personnel were close to hazardous energy exposure, so the area was secured pending investigation.","Shift crew reported that during Pump maintenance in Gas processing unit, Work scope had changed but the permit and job safety analysis were not revalidated. Work was stopped due to potential serious injury risk. Personnel were close to hazardous energy exposure, so the area was secured pending investigation.","[REPORT_TYPE] Near Miss [SITE] Gas processing unit [ACTIVITY] Pump maintenance [BARRIER_FAILURE] Work scope had changed but the permit and job safety analysis were not revalidated [IOGP_RULE] Energy Isolation [TEXT] Shift crew reported that during Pump maintenance in Gas processing unit, Work scope had changed but the permit and job safety analysis were not revalidated. Work was stopped due to potential serious injury risk. Personnel were close to hazardous energy exposure, so the area was secured pending investigation.",High,1
NM_0315,Near Miss,Wellsite,Lifting valve actuator,Gas test missing,Confined Space,"Before/during Lifting valve actuator at Wellsite, Gas test missing. Work was stopped temporarily and resumed after verification. The crew escalated the issue through the shift safety meeting and closed it before continuation.","Before/during Lifting valve actuator at Wellsite, Gas test missing. Work was stopped temporarily and resumed after verification. The crew escalated the issue through the shift safety meeting and closed it before continuation.","[REPORT_TYPE] Near Miss [SITE] Wellsite [ACTIVITY] Lifting valve actuator [BARRIER_FAILURE] Gas test missing [IOGP_RULE] Confined Space [TEXT] Before/during Lifting valve actuator at Wellsite, Gas test missing. Work was stopped temporarily and resumed after verification. The crew escalated the issue through the shift safety meeting and closed it before continuation.",Medium,0
NM_0260,Near Miss,Gas processing unit,Instrument calibration,Isolation not verified,Energy Isolation,"During routine checks at Gas processing unit, Isolation not verified was observed during Instrument calibration. Work was paused until the issue was addressed. The task was paused, the control was restored, and the supervisor verified readiness before work resumed.","During routine checks at Gas processing unit, Isolation not verified was observed during Instrument calibration. Work was paused until the issue was addressed. The task was paused, the control was restored, and the supervisor verified readiness before work resumed.","[REPORT_TYPE] Near Miss [SITE] Gas processing unit [ACTIVITY] Instrument calibration [BARRIER_FAILURE] Isolation not verified [IOGP_RULE] Energy Isolation [TEXT] During routine checks at Gas processing unit, Isolation not verified was observed during Instrument calibration. Work was paused until the issue was addressed. The task was paused, the control was restored, and the supervisor verified readiness before work resumed.",Medium,0
NM_0463,Near Miss,Truck loading bay,Crude transfer vehicle movement,Sample bottle label was unclear and secondary containment was not positioned,Work Authorization,"Near-miss observation: while performing Crude transfer vehicle movement at Truck loading bay, the team found that Sample bottle label was unclear and secondary containment was not positioned. The job was halted due to high-risk exposure. A supervisor issued a stop-work intervention and required a formal control verification.","Near-miss observation: while performing Crude transfer vehicle movement at Truck loading bay, the team found that Sample bottle label was unclear and secondary containment was not positioned. The job was halted due to high-risk exposure. A supervisor issued a stop-work intervention and required a formal control verification.","[REPORT_TYPE] Near Miss [SITE] Truck loading bay [ACTIVITY] Crude transfer vehicle movement [BARRIER_FAILURE] Sample bottle label was unclear and secondary containment was not positioned [IOGP_RULE] Work Authorization [TEXT] Near-miss observation: while performing Crude transfer vehicle movement at Truck loading bay, the team found that Sample bottle label was unclear and secondary containment was not positioned. The job was halted due to high-risk exposure. A supervisor issued a stop-work intervention and required a formal control verification.",High,1
NM_0225,Near Miss,Field office area,Valve maintenance,Open edge protection and full-body harness anchorage were unavailable,Working at Height,"Shift crew reported that during Valve maintenance in Field office area, Open edge protection and full-body harness anchorage were unavailable. Work was paused until the issue was addressed. No one was exposed, but the observation required a documented corrective action.","Shift crew reported that during Valve maintenance in Field office area, Open edge protection and full-body harness anchorage were unavailable. Work was paused until the issue was addressed. No one was exposed, but the observation required a documented corrective action.","[REPORT_TYPE] Near Miss [SITE] Field office area [ACTIVITY] Valve maintenance [BARRIER_FAILURE] Open edge protection and full-body harness anchorage were unavailable [IOGP_RULE] Working at Height [TEXT] Shift crew reported that during Valve maintenance in Field office area, Open edge protection and full-body harness anchorage were unavailable. Work was paused until the issue was addressed. No one was exposed, but the observation required a documented corrective action.",Medium,0
NM_0613,Near Miss,Wellsite,Pump maintenance,Training inadequate,Confined Space,"Shift crew reported that during Pump maintenance in Wellsite, Training inadequate. Actual exposure to hazardous conditions occurred. The condition presented immediate potentially fatal exposure; operations were stopped, the area was isolated, and emergency escalation began.","Shift crew reported that during Pump maintenance in Wellsite, Training inadequate. Actual exposure to hazardous conditions occurred. The condition presented immediate potentially fatal exposure; operations were stopped, the area was isolated, and emergency escalation began.","[REPORT_TYPE] Near Miss [SITE] Wellsite [ACTIVITY] Pump maintenance [BARRIER_FAILURE] Training inadequate [IOGP_RULE] Confined Space [TEXT] Shift crew reported that during Pump maintenance in Wellsite, Training inadequate. Actual exposure to hazardous conditions occurred. The condition presented immediate potentially fatal exposure; operations were stopped, the area was isolated, and emergency escalation began.",Critical,1
NM_0055,Near Miss,Drilling rig,Reversing vehicle operations,Emergency response delayed,Driving,A Emergency response delayed was identified during Reversing vehicle operations at Drilling rig. The area was corrected immediately. No work stoppage was required as the risk was minimal.,A Emergency response delayed was identified during Reversing vehicle operations at Drilling rig. The area was corrected immediately. No work stoppage was required as the risk was minimal.,[REPORT_TYPE] Near Miss [SITE] Drilling rig [ACTIVITY] Reversing vehicle operations [BARRIER_FAILURE] Emergency response delayed [IOGP_RULE] Driving [TEXT] A Emergency response delayed was identified during Reversing vehicle operations at Drilling rig. The area was corrected immediately. No work stoppage was required as the risk was minimal.,Low,0
NM_0198,Near Miss,Gas processing unit,Pump maintenance,Guard missing,Line of Fire,"During Pump maintenance at Gas processing unit, Guard missing. No work stoppage was required. The issue was minor and was rectified before it affected the task.","During Pump maintenance at Gas processing unit, Guard missing. No work stoppage was required. The issue was minor and was rectified before it affected the task.","[REPORT_TYPE] Near Miss [SITE] Gas processing unit [ACTIVITY] Pump maintenance [BARRIER_FAILURE] Guard missing [IOGP_RULE] Line of Fire [TEXT] During Pump maintenance at Gas processing unit, Guard missing. No work stoppage was required. The issue was minor and was rectified before it affected the task.",Low,0
NM_0196,Near Miss,Pipeline ROW,Housekeeping inspection,Atmosphere not tested,Confined Space,"Shift crew reported that during Housekeeping inspection in Pipeline ROW, Atmosphere not tested. No work stoppage was required. No work stoppage was required as the risk was minimal.","Shift crew reported that during Housekeeping inspection in Pipeline ROW, Atmosphere not tested. No work stoppage was required. No work stoppage was required as the risk was minimal.","[REPORT_TYPE] Near Miss [SITE] Pipeline ROW [ACTIVITY] Housekeeping inspection [BARRIER_FAILURE] Atmosphere not tested [IOGP_RULE] Confined Space [TEXT] Shift crew reported that during Housekeeping inspection in Pipeline ROW, Atmosphere not tested. No work stoppage was required. No work stoppage was required as the risk was minimal.",Low,0
NM_0799,Near Miss,Storage depot,Scaffolding work,Test manifold lacked verified restraint and pressure-release exclusion controls,Working at Height,"Inspection revealed Test manifold lacked verified restraint and pressure-release exclusion controls during Scaffolding work at Storage depot. Actual exposure to hazardous conditions occurred. Multiple critical barriers were ineffective, creating imminent serious-injury or fatality potential.","Inspection revealed Test manifold lacked verified restraint and pressure-release exclusion controls during Scaffolding work at Storage depot. Actual exposure to hazardous conditions occurred. Multiple critical barriers were ineffective, creating imminent serious-injury or fatality potential.","[REPORT_TYPE] Near Miss [SITE] Storage depot [ACTIVITY] Scaffolding work [BARRIER_FAILURE] Test manifold lacked verified restraint and pressure-release exclusion controls [IOGP_RULE] Working at Height [TEXT] Inspection revealed Test manifold lacked verified restraint and pressure-release exclusion controls during Scaffolding work at Storage depot. Actual exposure to hazardous conditions occurred. Multiple critical barriers were ineffective, creating imminent serious-injury or fatality potential.",Critical,1
NM_0782,Near Miss,Process plant,Vehicle movement,Line was not depressurised and workers were positioned in the potential release path,Driving,"Before/during Vehicle movement at Process plant, Line was not depressurised and workers were positioned in the potential release path. The situation had imminent potential for fatality and was escalated immediately. The condition presented immediate potentially fatal exposure; operations were stopped, the area was isolated, and emergency escalation began.","Before/during Vehicle movement at Process plant, Line was not depressurised and workers were positioned in the potential release path. The situation had imminent potential for fatality and was escalated immediately. The condition presented immediate potentially fatal exposure; operations were stopped, the area was isolated, and emergency escalation began.","[REPORT_TYPE] Near Miss [SITE] Process plant [ACTIVITY] Vehicle movement [BARRIER_FAILURE] Line was not depressurised and workers were positioned in the potential release path [IOGP_RULE] Driving [TEXT] Before/during Vehicle movement at Process plant, Line was not depressurised and workers were positioned in the potential release path. The situation had imminent potential for fatality and was escalated immediately. The condition presented immediate potentially fatal exposure; operations were stopped, the area was isolated, and emergency escalation began.",Critical,1
NM_0439,Near Miss,Field office area,Instrument calibration,Electrical supply and process pressure isolation were not independently verified,Energy Isolation,"Shift crew reported that during Instrument calibration in Field office area, Electrical supply and process pressure isolation were not independently verified. Critical control failure was corrected before resuming work. The situation had credible potential for serious injury and was escalated immediately.","Shift crew reported that during Instrument calibration in Field office area, Electrical supply and process pressure isolation were not independently verified. Critical control failure was corrected before resuming work. The situation had credible potential for serious injury and was escalated immediately.","[REPORT_TYPE] Near Miss [SITE] Field office area [ACTIVITY] Instrument calibration [BARRIER_FAILURE] Electrical supply and process pressure isolation were not independently verified [IOGP_RULE] Energy Isolation [TEXT] Shift crew reported that during Instrument calibration in Field office area, Electrical supply and process pressure isolation were not independently verified. Critical control failure was corrected before resuming work. The situation had credible potential for serious injury and was escalated immediately.",High,1
NM_0626,Near Miss,Compressor station,Lifting and rigging,Emergency response delayed,Safe Mechanical Lifting,"A Emergency response delayed was identified during Lifting and rigging at Compressor station. Work was stopped urgently and emergency response was initiated. Multiple critical barriers were ineffective, creating imminent serious-injury or fatality potential.","A Emergency response delayed was identified during Lifting and rigging at Compressor station. Work was stopped urgently and emergency response was initiated. Multiple critical barriers were ineffective, creating imminent serious-injury or fatality potential.","[REPORT_TYPE] Near Miss [SITE] Compressor station [ACTIVITY] Lifting and rigging [BARRIER_FAILURE] Emergency response delayed [IOGP_RULE] Safe Mechanical Lifting [TEXT] A Emergency response delayed was identified during Lifting and rigging at Compressor station. Work was stopped urgently and emergency response was initiated. Multiple critical barriers were ineffective, creating imminent serious-injury or fatality potential.",Critical,1
NM_0103,Near Miss,Drilling rig,Grinding near drain,Work scope had changed but the permit and job safety analysis were not revalidated,Hot Work,Inspection revealed Work scope had changed but the permit and job safety analysis were not revalidated during Grinding near drain at Drilling rig. The area was corrected immediately. The observation was logged and addressed during the same shift.,Inspection revealed Work scope had changed but the permit and job safety analysis were not revalidated during Grinding near drain at Drilling rig. The area was corrected immediately. The observation was logged and addressed during the same shift.,[REPORT_TYPE] Near Miss [SITE] Drilling rig [ACTIVITY] Grinding near drain [BARRIER_FAILURE] Work scope had changed but the permit and job safety analysis were not revalidated [IOGP_RULE] Hot Work [TEXT] Inspection revealed Work scope had changed but the permit and job safety analysis were not revalidated during Grinding near drain at Drilling rig. The area was corrected immediately. The observation was logged and addressed during the same shift.,Low,0
NM_0233,Near Miss,Truck loading bay,Pipe-rack inspection,Fire watch missing,Hot Work,"Before/during Pipe-rack inspection at Truck loading bay, Fire watch missing. Work was paused until the issue was addressed. Work was temporarily halted pending verification of the control measure.","Before/during Pipe-rack inspection at Truck loading bay, Fire watch missing. Work was paused until the issue was addressed. Work was temporarily halted pending verification of the control measure.","[REPORT_TYPE] Near Miss [SITE] Truck loading bay [ACTIVITY] Pipe-rack inspection [BARRIER_FAILURE] Fire watch missing [IOGP_RULE] Hot Work [TEXT] Before/during Pipe-rack inspection at Truck loading bay, Fire watch missing. Work was paused until the issue was addressed. Work was temporarily halted pending verification of the control measure.",Medium,0
NM_0037,Near Miss,Refinery unit,Vehicle movement,Scaffold was altered without inspection tag and toe boards were missing,Driving,"During Vehicle movement at Refinery unit, Scaffold was altered without inspection tag and toe boards were missing. The team corrected it without delay. No work stoppage was required as the risk was minimal.","During Vehicle movement at Refinery unit, Scaffold was altered without inspection tag and toe boards were missing. The team corrected it without delay. No work stoppage was required as the risk was minimal.","[REPORT_TYPE] Near Miss [SITE] Refinery unit [ACTIVITY] Vehicle movement [BARRIER_FAILURE] Scaffold was altered without inspection tag and toe boards were missing [IOGP_RULE] Driving [TEXT] During Vehicle movement at Refinery unit, Scaffold was altered without inspection tag and toe boards were missing. The team corrected it without delay. No work stoppage was required as the risk was minimal.",Low,0
NM_0522,Near Miss,Pipeline ROW,Equipment maintenance,Trip interlock was found bypassed during a production upset,Bypassing Safety Controls,"During Equipment maintenance at Pipeline ROW, Trip interlock was found bypassed during a production upset. The situation had credible potential for serious injury. The situation had credible potential for serious injury and was escalated immediately.","During Equipment maintenance at Pipeline ROW, Trip interlock was found bypassed during a production upset. The situation had credible potential for serious injury. The situation had credible potential for serious injury and was escalated immediately.","[REPORT_TYPE] Near Miss [SITE] Pipeline ROW [ACTIVITY] Equipment maintenance [BARRIER_FAILURE] Trip interlock was found bypassed during a production upset [IOGP_RULE] Bypassing Safety Controls [TEXT] During Equipment maintenance at Pipeline ROW, Trip interlock was found bypassed during a production upset. The situation had credible potential for serious injury. The situation had credible potential for serious injury and was escalated immediately.",High,1
NM_0506,Near Miss,Drilling rig,Pump maintenance,Fall arrest missing,Working at Height,"Before/during Pump maintenance at Drilling rig, Fall arrest missing. The activity was stopped as it could have resulted in serious harm. A supervisor issued a stop-work intervention and required a formal control verification.","Before/during Pump maintenance at Drilling rig, Fall arrest missing. The activity was stopped as it could have resulted in serious harm. A supervisor issued a stop-work intervention and required a formal control verification.","[REPORT_TYPE] Near Miss [SITE] Drilling rig [ACTIVITY] Pump maintenance [BARRIER_FAILURE] Fall arrest missing [IOGP_RULE] Working at Height [TEXT] Before/during Pump maintenance at Drilling rig, Fall arrest missing. The activity was stopped as it could have resulted in serious harm. A supervisor issued a stop-work intervention and required a formal control verification.",High,1
NM_0299,Near Miss,Process plant,Electrical maintenance,Equipment defect,Energy Isolation,Inspection revealed Equipment defect during Electrical maintenance at Process plant. The supervisor reviewed and approved continuation after correction. Work was temporarily halted pending verification of the control measure.,Inspection revealed Equipment defect during Electrical maintenance at Process plant. The supervisor reviewed and approved continuation after correction. Work was temporarily halted pending verification of the control measure.,[REPORT_TYPE] Near Miss [SITE] Process plant [ACTIVITY] Electrical maintenance [BARRIER_FAILURE] Equipment defect [IOGP_RULE] Energy Isolation [TEXT] Inspection revealed Equipment defect during Electrical maintenance at Process plant. The supervisor reviewed and approved continuation after correction. Work was temporarily halted pending verification of the control measure.,Medium,0
NM_0204,Near Miss,Truck loading bay,Chemical sampling,Lockout-tagout missing,Energy Isolation,"Before/during Chemical sampling at Truck loading bay, Lockout-tagout missing. Work was paused until the issue was addressed. The crew escalated the issue through the shift safety meeting and closed it before continuation.","Before/during Chemical sampling at Truck loading bay, Lockout-tagout missing. Work was paused until the issue was addressed. The crew escalated the issue through the shift safety meeting and closed it before continuation.","[REPORT_TYPE] Near Miss [SITE] Truck loading bay [ACTIVITY] Chemical sampling [BARRIER_FAILURE] Lockout-tagout missing [IOGP_RULE] Energy Isolation [TEXT] Before/during Chemical sampling at Truck loading bay, Lockout-tagout missing. Work was paused until the issue was addressed. The crew escalated the issue through the shift safety meeting and closed it before continuation.",Medium,0
NM_0306,Near Miss,Offshore platform,Loading/unloading operations,Trip interlock was found bypassed during a production upset,Bypassing Safety Controls,"During Loading/unloading operations at Offshore platform, Trip interlock was found bypassed during a production upset. Work was stopped temporarily and resumed after verification. Work was temporarily halted pending verification of the control measure.","During Loading/unloading operations at Offshore platform, Trip interlock was found bypassed during a production upset. Work was stopped temporarily and resumed after verification. Work was temporarily halted pending verification of the control measure.","[REPORT_TYPE] Near Miss [SITE] Offshore platform [ACTIVITY] Loading/unloading operations [BARRIER_FAILURE] Trip interlock was found bypassed during a production upset [IOGP_RULE] Bypassing Safety Controls [TEXT] During Loading/unloading operations at Offshore platform, Trip interlock was found bypassed during a production upset. Work was stopped temporarily and resumed after verification. Work was temporarily halted pending verification of the control measure.",Medium,0
NM_0586,Near Miss,Tank farm,Lifting and rigging,"No pre-entry gas test, attendant, rescue arrangement, or signed entry permit",Confined Space,"Before/during Lifting and rigging at Tank farm, No pre-entry gas test, attendant, rescue arrangement, or signed entry permit. Work was stopped due to potential serious injury risk. A supervisor issued a stop-work intervention and required a formal control verification.","Before/during Lifting and rigging at Tank farm, No pre-entry gas test, attendant, rescue arrangement, or signed entry permit. Work was stopped due to potential serious injury risk. A supervisor issued a stop-work intervention and required a formal control verification.","[REPORT_TYPE] Near Miss [SITE] Tank farm [ACTIVITY] Lifting and rigging [BARRIER_FAILURE] No pre-entry gas test, attendant, rescue arrangement, or signed entry permit [IOGP_RULE] Confined Space [TEXT] Before/during Lifting and rigging at Tank farm, No pre-entry gas test, attendant, rescue arrangement, or signed entry permit. Work was stopped due to potential serious injury risk. A supervisor issued a stop-work intervention and required a formal control verification.",High,1
NM_0571,Near Miss,Gas processing unit,Loading/unloading operations,Gas testing was overdue and no dedicated fire watch was assigned,Confined Space,"During routine checks at Gas processing unit, Gas testing was overdue and no dedicated fire watch was assigned was observed during Loading/unloading operations. The situation had credible potential for serious injury. The situation had credible potential for serious injury and was escalated immediately.","During routine checks at Gas processing unit, Gas testing was overdue and no dedicated fire watch was assigned was observed during Loading/unloading operations. The situation had credible potential for serious injury. The situation had credible potential for serious injury and was escalated immediately.","[REPORT_TYPE] Near Miss [SITE] Gas processing unit [ACTIVITY] Loading/unloading operations [BARRIER_FAILURE] Gas testing was overdue and no dedicated fire watch was assigned [IOGP_RULE] Confined Space [TEXT] During routine checks at Gas processing unit, Gas testing was overdue and no dedicated fire watch was assigned was observed during Loading/unloading operations. The situation had credible potential for serious injury. The situation had credible potential for serious injury and was escalated immediately.",High,1
NM_0012,Near Miss,Compressor station,Well intervention,Scaffold was altered without inspection tag and toe boards were missing,Driving,"Before/during Well intervention at Compressor station, Scaffold was altered without inspection tag and toe boards were missing. The area was corrected immediately. The observation was logged and addressed during the same shift.","Before/during Well intervention at Compressor station, Scaffold was altered without inspection tag and toe boards were missing. The area was corrected immediately. The observation was logged and addressed during the same shift.","[REPORT_TYPE] Near Miss [SITE] Compressor station [ACTIVITY] Well intervention [BARRIER_FAILURE] Scaffold was altered without inspection tag and toe boards were missing [IOGP_RULE] Driving [TEXT] Before/during Well intervention at Compressor station, Scaffold was altered without inspection tag and toe boards were missing. The area was corrected immediately. The observation was logged and addressed during the same shift.",Low,0
NM_0726,Near Miss,Process plant,Process unit startup/shutdown,Reversing was attempted without a banksman and pedestrian segregation,Driving,"Near-miss observation: while performing Process unit startup/shutdown at Process plant, the team found that Reversing was attempted without a banksman and pedestrian segregation. Multiple workers were at risk of serious injury or fatality. Personnel were moved to a safe location and the event was treated as a high-potential near miss.","Near-miss observation: while performing Process unit startup/shutdown at Process plant, the team found that Reversing was attempted without a banksman and pedestrian segregation. Multiple workers were at risk of serious injury or fatality. Personnel were moved to a safe location and the event was treated as a high-potential near miss.","[REPORT_TYPE] Near Miss [SITE] Process plant [ACTIVITY] Process unit startup/shutdown [BARRIER_FAILURE] Reversing was attempted without a banksman and pedestrian segregation [IOGP_RULE] Driving [TEXT] Near-miss observation: while performing Process unit startup/shutdown at Process plant, the team found that Reversing was attempted without a banksman and pedestrian segregation. Multiple workers were at risk of serious injury or fatality. Personnel were moved to a safe location and the event was treated as a high-potential near miss.",Critical,1
NM_0226,Near Miss,Wellsite,Pump maintenance,Work scope had changed but the permit and job safety analysis were not revalidated,Safe Mechanical Lifting,"Shift crew reported that during Pump maintenance in Wellsite, Work scope had changed but the permit and job safety analysis were not revalidated. Work was paused until the issue was addressed. Work was temporarily halted pending verification of the control measure.","Shift crew reported that during Pump maintenance in Wellsite, Work scope had changed but the permit and job safety analysis were not revalidated. Work was paused until the issue was addressed. Work was temporarily halted pending verification of the control measure.","[REPORT_TYPE] Near Miss [SITE] Wellsite [ACTIVITY] Pump maintenance [BARRIER_FAILURE] Work scope had changed but the permit and job safety analysis were not revalidated [IOGP_RULE] Safe Mechanical Lifting [TEXT] Shift crew reported that during Pump maintenance in Wellsite, Work scope had changed but the permit and job safety analysis were not revalidated. Work was paused until the issue was addressed. Work was temporarily halted pending verification of the control measure.",Medium,0
NM_0014,Near Miss,Compressor station,Housekeeping inspection,Emergency response delayed,None/Not Applicable,Inspection revealed Emergency response delayed during Housekeeping inspection at Compressor station. No work stoppage was required. The observation was logged and addressed during the same shift.,Inspection revealed Emergency response delayed during Housekeeping inspection at Compressor station. No work stoppage was required. The observation was logged and addressed during the same shift.,[REPORT_TYPE] Near Miss [SITE] Compressor station [ACTIVITY] Housekeeping inspection [BARRIER_FAILURE] Emergency response delayed [IOGP_RULE] None/Not Applicable [TEXT] Inspection revealed Emergency response delayed during Housekeeping inspection at Compressor station. No work stoppage was required. The observation was logged and addressed during the same shift.,Low,0
NM_0744,Near Miss,Pump station,Scaffold modification,Supervision absent,Working at Height,"Before/during Scaffold modification at Pump station, Supervision absent. The situation had imminent potential for fatality and was escalated immediately. The situation had imminent potential for fatality and was escalated immediately.","Before/during Scaffold modification at Pump station, Supervision absent. The situation had imminent potential for fatality and was escalated immediately. The situation had imminent potential for fatality and was escalated immediately.","[REPORT_TYPE] Near Miss [SITE] Pump station [ACTIVITY] Scaffold modification [BARRIER_FAILURE] Supervision absent [IOGP_RULE] Working at Height [TEXT] Before/during Scaffold modification at Pump station, Supervision absent. The situation had imminent potential for fatality and was escalated immediately. The situation had imminent potential for fatality and was escalated immediately.",Critical,1
NM_0271,Near Miss,Refinery unit,Chemical sampling,Lockout-tagout missing,Energy Isolation,"Near-miss observation: while performing Chemical sampling at Refinery unit, the team found that Lockout-tagout missing. Work was stopped temporarily and resumed after verification. Work was temporarily halted pending verification of the control measure.","Near-miss observation: while performing Chemical sampling at Refinery unit, the team found that Lockout-tagout missing. Work was stopped temporarily and resumed after verification. Work was temporarily halted pending verification of the control measure.","[REPORT_TYPE] Near Miss [SITE] Refinery unit [ACTIVITY] Chemical sampling [BARRIER_FAILURE] Lockout-tagout missing [IOGP_RULE] Energy Isolation [TEXT] Near-miss observation: while performing Chemical sampling at Refinery unit, the team found that Lockout-tagout missing. Work was stopped temporarily and resumed after verification. Work was temporarily halted pending verification of the control measure.",Medium,0
NM_0089,Near Miss,Pipeline ROW,Pump seal replacement,Drain cover was open and combustible vapour testing was not documented,Hot Work,"Near-miss observation: while performing Pump seal replacement at Pipeline ROW, the team found that Drain cover was open and combustible vapour testing was not documented. No work stoppage was required. The observation was logged and addressed during the same shift.","Near-miss observation: while performing Pump seal replacement at Pipeline ROW, the team found that Drain cover was open and combustible vapour testing was not documented. No work stoppage was required. The observation was logged and addressed during the same shift.","[REPORT_TYPE] Near Miss [SITE] Pipeline ROW [ACTIVITY] Pump seal replacement [BARRIER_FAILURE] Drain cover was open and combustible vapour testing was not documented [IOGP_RULE] Hot Work [TEXT] Near-miss observation: while performing Pump seal replacement at Pipeline ROW, the team found that Drain cover was open and combustible vapour testing was not documented. No work stoppage was required. The observation was logged and addressed during the same shift.",Low,0
NM_0792,Near Miss,Maintenance yard,Instrument calibration,"Lift plan, tag lines, and barricaded drop zone were not available",Safe Mechanical Lifting,"Inspection revealed Lift plan, tag lines, and barricaded drop zone were not available during Instrument calibration at Maintenance yard. Work was stopped urgently and emergency response was initiated. The situation had imminent potential for fatality and was escalated immediately.","Inspection revealed Lift plan, tag lines, and barricaded drop zone were not available during Instrument calibration at Maintenance yard. Work was stopped urgently and emergency response was initiated. The situation had imminent potential for fatality and was escalated immediately.","[REPORT_TYPE] Near Miss [SITE] Maintenance yard [ACTIVITY] Instrument calibration [BARRIER_FAILURE] Lift plan, tag lines, and barricaded drop zone were not available [IOGP_RULE] Safe Mechanical Lifting [TEXT] Inspection revealed Lift plan, tag lines, and barricaded drop zone were not available during Instrument calibration at Maintenance yard. Work was stopped urgently and emergency response was initiated. The situation had imminent potential for fatality and was escalated immediately.",Critical,1
NM_0575,Near Miss,Wellsite,Wellhead valve maintenance,Exclusion zone missing,Line of Fire,"During routine checks at Wellsite, Exclusion zone missing was observed during Wellhead valve maintenance. The job was halted due to high-risk exposure. A supervisor issued a stop-work intervention and required a formal control verification.","During routine checks at Wellsite, Exclusion zone missing was observed during Wellhead valve maintenance. The job was halted due to high-risk exposure. A supervisor issued a stop-work intervention and required a formal control verification.","[REPORT_TYPE] Near Miss [SITE] Wellsite [ACTIVITY] Wellhead valve maintenance [BARRIER_FAILURE] Exclusion zone missing [IOGP_RULE] Line of Fire [TEXT] During routine checks at Wellsite, Exclusion zone missing was observed during Wellhead valve maintenance. The job was halted due to high-risk exposure. A supervisor issued a stop-work intervention and required a formal control verification.",High,1
NM_0559,Near Miss,Storage tank,Manual handling of tubulars,Gas testing was overdue and no dedicated fire watch was assigned,Confined Space,"Before/during Manual handling of tubulars at Storage tank, Gas testing was overdue and no dedicated fire watch was assigned. The situation had credible potential for serious injury. The failed critical control created credible potential for serious injury; the task was stopped and reported to HSE.","Before/during Manual handling of tubulars at Storage tank, Gas testing was overdue and no dedicated fire watch was assigned. The situation had credible potential for serious injury. The failed critical control created credible potential for serious injury; the task was stopped and reported to HSE.","[REPORT_TYPE] Near Miss [SITE] Storage tank [ACTIVITY] Manual handling of tubulars [BARRIER_FAILURE] Gas testing was overdue and no dedicated fire watch was assigned [IOGP_RULE] Confined Space [TEXT] Before/during Manual handling of tubulars at Storage tank, Gas testing was overdue and no dedicated fire watch was assigned. The situation had credible potential for serious injury. The failed critical control created credible potential for serious injury; the task was stopped and reported to HSE.",High,1
NM_0272,Near Miss,Compressor station,Drilling operations,Drain cover was open and combustible vapour testing was not documented,Hot Work,"Near-miss observation: while performing Drilling operations at Compressor station, the team found that Drain cover was open and combustible vapour testing was not documented. Work was stopped temporarily and resumed after verification. The supervisor reviewed the situation and approved continuation after correction.","Near-miss observation: while performing Drilling operations at Compressor station, the team found that Drain cover was open and combustible vapour testing was not documented. Work was stopped temporarily and resumed after verification. The supervisor reviewed the situation and approved continuation after correction.","[REPORT_TYPE] Near Miss [SITE] Compressor station [ACTIVITY] Drilling operations [BARRIER_FAILURE] Drain cover was open and combustible vapour testing was not documented [IOGP_RULE] Hot Work [TEXT] Near-miss observation: while performing Drilling operations at Compressor station, the team found that Drain cover was open and combustible vapour testing was not documented. Work was stopped temporarily and resumed after verification. The supervisor reviewed the situation and approved continuation after correction.",Medium,0
NM_0526,Near Miss,Wellsite,Vessel entry preparation,Communication failure,Confined Space,Inspection revealed Communication failure during Vessel entry preparation at Wellsite. The job was halted due to high-risk exposure. A supervisor issued a stop-work intervention and required a formal control verification.,Inspection revealed Communication failure during Vessel entry preparation at Wellsite. The job was halted due to high-risk exposure. A supervisor issued a stop-work intervention and required a formal control verification.,[REPORT_TYPE] Near Miss [SITE] Wellsite [ACTIVITY] Vessel entry preparation [BARRIER_FAILURE] Communication failure [IOGP_RULE] Confined Space [TEXT] Inspection revealed Communication failure during Vessel entry preparation at Wellsite. The job was halted due to high-risk exposure. A supervisor issued a stop-work intervention and required a formal control verification.,High,1
NM_0496,Near Miss,Field office area,Process unit startup/shutdown,Spill containment missing,Safe Mechanical Lifting,"Shift crew reported that during Process unit startup/shutdown in Field office area, Spill containment missing. The activity was stopped as it could have resulted in serious harm. Personnel were close to hazardous energy exposure, so the area was secured pending investigation.","Shift crew reported that during Process unit startup/shutdown in Field office area, Spill containment missing. The activity was stopped as it could have resulted in serious harm. Personnel were close to hazardous energy exposure, so the area was secured pending investigation.","[REPORT_TYPE] Near Miss [SITE] Field office area [ACTIVITY] Process unit startup/shutdown [BARRIER_FAILURE] Spill containment missing [IOGP_RULE] Safe Mechanical Lifting [TEXT] Shift crew reported that during Process unit startup/shutdown in Field office area, Spill containment missing. The activity was stopped as it could have resulted in serious harm. Personnel were close to hazardous energy exposure, so the area was secured pending investigation.",High,1
NM_0646,Near Miss,Pipeline ROW,Pump maintenance,Emergency response delayed,None/Not Applicable,"During routine checks at Pipeline ROW, Emergency response delayed was observed during Pump maintenance. Multiple workers were at risk of serious injury or fatality. All personnel were evacuated and the area was secured pending full investigation.","During routine checks at Pipeline ROW, Emergency response delayed was observed during Pump maintenance. Multiple workers were at risk of serious injury or fatality. All personnel were evacuated and the area was secured pending full investigation.","[REPORT_TYPE] Near Miss [SITE] Pipeline ROW [ACTIVITY] Pump maintenance [BARRIER_FAILURE] Emergency response delayed [IOGP_RULE] None/Not Applicable [TEXT] During routine checks at Pipeline ROW, Emergency response delayed was observed during Pump maintenance. Multiple workers were at risk of serious injury or fatality. All personnel were evacuated and the area was secured pending full investigation.",Critical,1
NM_0206,Near Miss,Truck loading bay,Tank farm operations,Training inadequate,Confined Space,"During routine checks at Truck loading bay, Training inadequate was observed during Tank farm operations. Work was paused until the issue was addressed. The crew escalated the issue through the shift safety meeting and closed it before continuation.","During routine checks at Truck loading bay, Training inadequate was observed during Tank farm operations. Work was paused until the issue was addressed. The crew escalated the issue through the shift safety meeting and closed it before continuation.","[REPORT_TYPE] Near Miss [SITE] Truck loading bay [ACTIVITY] Tank farm operations [BARRIER_FAILURE] Training inadequate [IOGP_RULE] Confined Space [TEXT] During routine checks at Truck loading bay, Training inadequate was observed during Tank farm operations. Work was paused until the issue was addressed. The crew escalated the issue through the shift safety meeting and closed it before continuation.",Medium,0
NM_0025,Near Miss,Gas processing unit,Forklift pallet handling,Fire watch missing,Hot Work,"Near-miss observation: while performing Forklift pallet handling at Gas processing unit, the team found that Fire watch missing. The team corrected it without delay. The issue was minor and was rectified before it affected the task.","Near-miss observation: while performing Forklift pallet handling at Gas processing unit, the team found that Fire watch missing. The team corrected it without delay. The issue was minor and was rectified before it affected the task.","[REPORT_TYPE] Near Miss [SITE] Gas processing unit [ACTIVITY] Forklift pallet handling [BARRIER_FAILURE] Fire watch missing [IOGP_RULE] Hot Work [TEXT] Near-miss observation: while performing Forklift pallet handling at Gas processing unit, the team found that Fire watch missing. The team corrected it without delay. The issue was minor and was rectified before it affected the task.",Low,0
NM_0699,Near Miss,Wellsite,Lifting and rigging,Trip interlock was found bypassed during a production upset,Safe Mechanical Lifting,A Trip interlock was found bypassed during a production upset was identified during Lifting and rigging at Wellsite. Work was stopped urgently and emergency response was initiated. Personnel were moved to a safe location and the event was treated as a high-potential near miss.,A Trip interlock was found bypassed during a production upset was identified during Lifting and rigging at Wellsite. Work was stopped urgently and emergency response was initiated. Personnel were moved to a safe location and the event was treated as a high-potential near miss.,[REPORT_TYPE] Near Miss [SITE] Wellsite [ACTIVITY] Lifting and rigging [BARRIER_FAILURE] Trip interlock was found bypassed during a production upset [IOGP_RULE] Safe Mechanical Lifting [TEXT] A Trip interlock was found bypassed during a production upset was identified during Lifting and rigging at Wellsite. Work was stopped urgently and emergency response was initiated. Personnel were moved to a safe location and the event was treated as a high-potential near miss.,Critical,1
NM_0110,Near Miss,Pipeline ROW,Chemical sampling,Sample bottle label was unclear and secondary containment was not positioned,None/Not Applicable,A Sample bottle label was unclear and secondary containment was not positioned was identified during Chemical sampling at Pipeline ROW. Work was paused briefly and the issue was resolved. The issue was minor and was rectified before it affected the task.,A Sample bottle label was unclear and secondary containment was not positioned was identified during Chemical sampling at Pipeline ROW. Work was paused briefly and the issue was resolved. The issue was minor and was rectified before it affected the task.,[REPORT_TYPE] Near Miss [SITE] Pipeline ROW [ACTIVITY] Chemical sampling [BARRIER_FAILURE] Sample bottle label was unclear and secondary containment was not positioned [IOGP_RULE] None/Not Applicable [TEXT] A Sample bottle label was unclear and secondary containment was not positioned was identified during Chemical sampling at Pipeline ROW. Work was paused briefly and the issue was resolved. The issue was minor and was rectified before it affected the task.,Low,0
NM_0725,Near Miss,Pump station,Grinding near drain,Scaffold was altered without inspection tag and toe boards were missing,Hot Work,Inspection revealed Scaffold was altered without inspection tag and toe boards were missing during Grinding near drain at Pump station. Multiple workers were at risk of serious injury or fatality. The situation had imminent potential for fatality and was escalated immediately.,Inspection revealed Scaffold was altered without inspection tag and toe boards were missing during Grinding near drain at Pump station. Multiple workers were at risk of serious injury or fatality. The situation had imminent potential for fatality and was escalated immediately.,[REPORT_TYPE] Near Miss [SITE] Pump station [ACTIVITY] Grinding near drain [BARRIER_FAILURE] Scaffold was altered without inspection tag and toe boards were missing [IOGP_RULE] Hot Work [TEXT] Inspection revealed Scaffold was altered without inspection tag and toe boards were missing during Grinding near drain at Pump station. Multiple workers were at risk of serious injury or fatality. The situation had imminent potential for fatality and was escalated immediately.,Critical,1
NM_0763,Near Miss,Field office area,Internal tank inspection,Training inadequate,Confined Space,"During routine checks at Field office area, Training inadequate was observed during Internal tank inspection. Work was stopped urgently and emergency response was initiated. The situation had imminent potential for fatality and was escalated immediately.","During routine checks at Field office area, Training inadequate was observed during Internal tank inspection. Work was stopped urgently and emergency response was initiated. The situation had imminent potential for fatality and was escalated immediately.","[REPORT_TYPE] Near Miss [SITE] Field office area [ACTIVITY] Internal tank inspection [BARRIER_FAILURE] Training inadequate [IOGP_RULE] Confined Space [TEXT] During routine checks at Field office area, Training inadequate was observed during Internal tank inspection. Work was stopped urgently and emergency response was initiated. The situation had imminent potential for fatality and was escalated immediately.",Critical,1
NM_0257,Near Miss,Gas processing unit,Scaffold modification,Pneumatic energy isolation was not locked and residual pressure remained in the line,Energy Isolation,Inspection revealed Pneumatic energy isolation was not locked and residual pressure remained in the line during Scaffold modification at Gas processing unit. Work was stopped temporarily and resumed after verification. The supervisor reviewed the situation and approved continuation after correction.,Inspection revealed Pneumatic energy isolation was not locked and residual pressure remained in the line during Scaffold modification at Gas processing unit. Work was stopped temporarily and resumed after verification. The supervisor reviewed the situation and approved continuation after correction.,[REPORT_TYPE] Near Miss [SITE] Gas processing unit [ACTIVITY] Scaffold modification [BARRIER_FAILURE] Pneumatic energy isolation was not locked and residual pressure remained in the line [IOGP_RULE] Energy Isolation [TEXT] Inspection revealed Pneumatic energy isolation was not locked and residual pressure remained in the line during Scaffold modification at Gas processing unit. Work was stopped temporarily and resumed after verification. The supervisor reviewed the situation and approved continuation after correction.,Medium,0
NM_0587,Near Miss,Field office area,Pressure vessel testing,Simultaneous operations were not recorded in the permit briefing,Confined Space,"Before/during Pressure vessel testing at Field office area, Simultaneous operations were not recorded in the permit briefing. Critical control failure was corrected before resuming work. Work was halted due to high-risk exposure and corrective measures were implemented.","Before/during Pressure vessel testing at Field office area, Simultaneous operations were not recorded in the permit briefing. Critical control failure was corrected before resuming work. Work was halted due to high-risk exposure and corrective measures were implemented.","[REPORT_TYPE] Near Miss [SITE] Field office area [ACTIVITY] Pressure vessel testing [BARRIER_FAILURE] Simultaneous operations were not recorded in the permit briefing [IOGP_RULE] Confined Space [TEXT] Before/during Pressure vessel testing at Field office area, Simultaneous operations were not recorded in the permit briefing. Critical control failure was corrected before resuming work. Work was halted due to high-risk exposure and corrective measures were implemented.",High,1
NM_0388,Near Miss,Storage depot,Night driving to remote site,Lift plan missing,Safe Mechanical Lifting,"Inspection revealed Lift plan missing during Night driving to remote site at Storage depot. The activity was delayed pending correction. The task was paused, the control was restored, and the supervisor verified readiness before work resumed.","Inspection revealed Lift plan missing during Night driving to remote site at Storage depot. The activity was delayed pending correction. The task was paused, the control was restored, and the supervisor verified readiness before work resumed.","[REPORT_TYPE] Near Miss [SITE] Storage depot [ACTIVITY] Night driving to remote site [BARRIER_FAILURE] Lift plan missing [IOGP_RULE] Safe Mechanical Lifting [TEXT] Inspection revealed Lift plan missing during Night driving to remote site at Storage depot. The activity was delayed pending correction. The task was paused, the control was restored, and the supervisor verified readiness before work resumed.",Medium,0
NM_0223,Near Miss,Pipeline ROW,Electrical maintenance,Spill containment missing,Energy Isolation,"A Spill containment missing was identified during Electrical maintenance at Pipeline ROW. The supervisor reviewed and approved continuation after correction. The task was paused, the control was restored, and the supervisor verified readiness before work resumed.","A Spill containment missing was identified during Electrical maintenance at Pipeline ROW. The supervisor reviewed and approved continuation after correction. The task was paused, the control was restored, and the supervisor verified readiness before work resumed.","[REPORT_TYPE] Near Miss [SITE] Pipeline ROW [ACTIVITY] Electrical maintenance [BARRIER_FAILURE] Spill containment missing [IOGP_RULE] Energy Isolation [TEXT] A Spill containment missing was identified during Electrical maintenance at Pipeline ROW. The supervisor reviewed and approved continuation after correction. The task was paused, the control was restored, and the supervisor verified readiness before work resumed.",Medium,0
NM_0243,Near Miss,LPG bottling plant,Manual handling of tubulars,Warning sign missing,Working at Height,A Warning sign missing was identified during Manual handling of tubulars at LPG bottling plant. The job proceeded only after corrective measures. The crew escalated the issue through the shift safety meeting and closed it before continuation.,A Warning sign missing was identified during Manual handling of tubulars at LPG bottling plant. The job proceeded only after corrective measures. The crew escalated the issue through the shift safety meeting and closed it before continuation.,[REPORT_TYPE] Near Miss [SITE] LPG bottling plant [ACTIVITY] Manual handling of tubulars [BARRIER_FAILURE] Warning sign missing [IOGP_RULE] Working at Height [TEXT] A Warning sign missing was identified during Manual handling of tubulars at LPG bottling plant. The job proceeded only after corrective measures. The crew escalated the issue through the shift safety meeting and closed it before continuation.,Medium,0
NM_0715,Near Miss,Storage depot,Night driving to remote site,Atmosphere not tested,Confined Space,"Near-miss observation: while performing Night driving to remote site at Storage depot, the team found that Atmosphere not tested. Work was stopped urgently and emergency response was initiated. The condition presented immediate potentially fatal exposure; operations were stopped, the area was isolated, and emergency escalation began.","Near-miss observation: while performing Night driving to remote site at Storage depot, the team found that Atmosphere not tested. Work was stopped urgently and emergency response was initiated. The condition presented immediate potentially fatal exposure; operations were stopped, the area was isolated, and emergency escalation began.","[REPORT_TYPE] Near Miss [SITE] Storage depot [ACTIVITY] Night driving to remote site [BARRIER_FAILURE] Atmosphere not tested [IOGP_RULE] Confined Space [TEXT] Near-miss observation: while performing Night driving to remote site at Storage depot, the team found that Atmosphere not tested. Work was stopped urgently and emergency response was initiated. The condition presented immediate potentially fatal exposure; operations were stopped, the area was isolated, and emergency escalation began.",Critical,1
NM_0121,Near Miss,Drilling rig,Loading/unloading operations,Trip interlock was found bypassed during a production upset,Bypassing Safety Controls,"Before/during Loading/unloading operations at Drilling rig, Trip interlock was found bypassed during a production upset. No work stoppage was required. The observation was logged and addressed during the same shift.","Before/during Loading/unloading operations at Drilling rig, Trip interlock was found bypassed during a production upset. No work stoppage was required. The observation was logged and addressed during the same shift.","[REPORT_TYPE] Near Miss [SITE] Drilling rig [ACTIVITY] Loading/unloading operations [BARRIER_FAILURE] Trip interlock was found bypassed during a production upset [IOGP_RULE] Bypassing Safety Controls [TEXT] Before/during Loading/unloading operations at Drilling rig, Trip interlock was found bypassed during a production upset. No work stoppage was required. The observation was logged and addressed during the same shift.",Low,0
NM_0194,Near Miss,Refinery unit,Pump maintenance,Reversing was attempted without a banksman and pedestrian segregation,Driving,"Shift crew reported that during Pump maintenance in Refinery unit, Reversing was attempted without a banksman and pedestrian segregation. No work stoppage was required. The observation was logged and addressed during the same shift.","Shift crew reported that during Pump maintenance in Refinery unit, Reversing was attempted without a banksman and pedestrian segregation. No work stoppage was required. The observation was logged and addressed during the same shift.","[REPORT_TYPE] Near Miss [SITE] Refinery unit [ACTIVITY] Pump maintenance [BARRIER_FAILURE] Reversing was attempted without a banksman and pedestrian segregation [IOGP_RULE] Driving [TEXT] Shift crew reported that during Pump maintenance in Refinery unit, Reversing was attempted without a banksman and pedestrian segregation. No work stoppage was required. The observation was logged and addressed during the same shift.",Low,0
NM_0778,Near Miss,Tank farm,Breaking a pressurised flange,Open edge protection and full-body harness anchorage were unavailable,Working at Height,"During routine checks at Tank farm, Open edge protection and full-body harness anchorage were unavailable was observed during Breaking a pressurised flange. Actual exposure to hazardous conditions occurred. Personnel were moved to a safe location and the event was treated as a high-potential near miss.","During routine checks at Tank farm, Open edge protection and full-body harness anchorage were unavailable was observed during Breaking a pressurised flange. Actual exposure to hazardous conditions occurred. Personnel were moved to a safe location and the event was treated as a high-potential near miss.","[REPORT_TYPE] Near Miss [SITE] Tank farm [ACTIVITY] Breaking a pressurised flange [BARRIER_FAILURE] Open edge protection and full-body harness anchorage were unavailable [IOGP_RULE] Working at Height [TEXT] During routine checks at Tank farm, Open edge protection and full-body harness anchorage were unavailable was observed during Breaking a pressurised flange. Actual exposure to hazardous conditions occurred. Personnel were moved to a safe location and the event was treated as a high-potential near miss.",Critical,1
NM_0043,Near Miss,Pipeline ROW,Electrical maintenance,Atmosphere not tested,Confined Space,"Near-miss observation: while performing Electrical maintenance at Pipeline ROW, the team found that Atmosphere not tested. The area was corrected immediately. No work stoppage was required as the risk was minimal.","Near-miss observation: while performing Electrical maintenance at Pipeline ROW, the team found that Atmosphere not tested. The area was corrected immediately. No work stoppage was required as the risk was minimal.","[REPORT_TYPE] Near Miss [SITE] Pipeline ROW [ACTIVITY] Electrical maintenance [BARRIER_FAILURE] Atmosphere not tested [IOGP_RULE] Confined Space [TEXT] Near-miss observation: while performing Electrical maintenance at Pipeline ROW, the team found that Atmosphere not tested. The area was corrected immediately. No work stoppage was required as the risk was minimal.",Low,0
NM_0696,Near Miss,Drilling rig,Breaking a pressurised flange,Spill containment missing,Confined Space,"During routine checks at Drilling rig, Spill containment missing was observed during Breaking a pressurised flange. Actual exposure to hazardous conditions occurred. The condition presented immediate potentially fatal exposure; operations were stopped, the area was isolated, and emergency escalation began.","During routine checks at Drilling rig, Spill containment missing was observed during Breaking a pressurised flange. Actual exposure to hazardous conditions occurred. The condition presented immediate potentially fatal exposure; operations were stopped, the area was isolated, and emergency escalation began.","[REPORT_TYPE] Near Miss [SITE] Drilling rig [ACTIVITY] Breaking a pressurised flange [BARRIER_FAILURE] Spill containment missing [IOGP_RULE] Confined Space [TEXT] During routine checks at Drilling rig, Spill containment missing was observed during Breaking a pressurised flange. Actual exposure to hazardous conditions occurred. The condition presented immediate potentially fatal exposure; operations were stopped, the area was isolated, and emergency escalation began.",Critical,1
NM_0078,Near Miss,Offshore platform,Lifting valve actuator,Driver fatigue screening and journey-management check were incomplete,Safe Mechanical Lifting,"Shift crew reported that during Lifting valve actuator in Offshore platform, Driver fatigue screening and journey-management check were incomplete. Corrective action was taken on the spot. The condition was corrected during the routine inspection, with no exposure to hazardous energy.","Shift crew reported that during Lifting valve actuator in Offshore platform, Driver fatigue screening and journey-management check were incomplete. Corrective action was taken on the spot. The condition was corrected during the routine inspection, with no exposure to hazardous energy.","[REPORT_TYPE] Near Miss [SITE] Offshore platform [ACTIVITY] Lifting valve actuator [BARRIER_FAILURE] Driver fatigue screening and journey-management check were incomplete [IOGP_RULE] Safe Mechanical Lifting [TEXT] Shift crew reported that during Lifting valve actuator in Offshore platform, Driver fatigue screening and journey-management check were incomplete. Corrective action was taken on the spot. The condition was corrected during the routine inspection, with no exposure to hazardous energy.",Low,0
NM_0145,Near Miss,Compressor station,Confined space entry,Emergency access route was partly obstructed by temporary materials,Confined Space,A Emergency access route was partly obstructed by temporary materials was identified during Confined space entry at Compressor station. The area was corrected immediately. No work stoppage was required as the risk was minimal.,A Emergency access route was partly obstructed by temporary materials was identified during Confined space entry at Compressor station. The area was corrected immediately. No work stoppage was required as the risk was minimal.,[REPORT_TYPE] Near Miss [SITE] Compressor station [ACTIVITY] Confined space entry [BARRIER_FAILURE] Emergency access route was partly obstructed by temporary materials [IOGP_RULE] Confined Space [TEXT] A Emergency access route was partly obstructed by temporary materials was identified during Confined space entry at Compressor station. The area was corrected immediately. No work stoppage was required as the risk was minimal.,Low,0
NM_0300,Near Miss,Pump station,Sampling and testing,PPE not used,None/Not Applicable,"Near-miss observation: while performing Sampling and testing at Pump station, the team found that PPE not used. Work was paused until the issue was addressed. No one was exposed, but the observation required a documented corrective action.","Near-miss observation: while performing Sampling and testing at Pump station, the team found that PPE not used. Work was paused until the issue was addressed. No one was exposed, but the observation required a documented corrective action.","[REPORT_TYPE] Near Miss [SITE] Pump station [ACTIVITY] Sampling and testing [BARRIER_FAILURE] PPE not used [IOGP_RULE] None/Not Applicable [TEXT] Near-miss observation: while performing Sampling and testing at Pump station, the team found that PPE not used. Work was paused until the issue was addressed. No one was exposed, but the observation required a documented corrective action.",Medium,0
NM_0247,Near Miss,Pipeline ROW,Valve maintenance,Lockout-tagout missing,Energy Isolation,"Near-miss observation: while performing Valve maintenance at Pipeline ROW, the team found that Lockout-tagout missing. The supervisor reviewed and approved continuation after correction. No one was exposed, but the observation required a documented corrective action.","Near-miss observation: while performing Valve maintenance at Pipeline ROW, the team found that Lockout-tagout missing. The supervisor reviewed and approved continuation after correction. No one was exposed, but the observation required a documented corrective action.","[REPORT_TYPE] Near Miss [SITE] Pipeline ROW [ACTIVITY] Valve maintenance [BARRIER_FAILURE] Lockout-tagout missing [IOGP_RULE] Energy Isolation [TEXT] Near-miss observation: while performing Valve maintenance at Pipeline ROW, the team found that Lockout-tagout missing. The supervisor reviewed and approved continuation after correction. No one was exposed, but the observation required a documented corrective action.",Medium,0
NM_0660,Near Miss,Pipeline ROW,Housekeeping inspection,Permit missing,Work Authorization,"A Permit missing was identified during Housekeeping inspection at Pipeline ROW. Actual exposure to hazardous conditions occurred. Multiple critical barriers were ineffective, creating imminent serious-injury or fatality potential.","A Permit missing was identified during Housekeeping inspection at Pipeline ROW. Actual exposure to hazardous conditions occurred. Multiple critical barriers were ineffective, creating imminent serious-injury or fatality potential.","[REPORT_TYPE] Near Miss [SITE] Pipeline ROW [ACTIVITY] Housekeeping inspection [BARRIER_FAILURE] Permit missing [IOGP_RULE] Work Authorization [TEXT] A Permit missing was identified during Housekeeping inspection at Pipeline ROW. Actual exposure to hazardous conditions occurred. Multiple critical barriers were ineffective, creating imminent serious-injury or fatality potential.",Critical,1
NM_0059,Near Miss,Truck loading bay,Valve maintenance,Pneumatic energy isolation was not locked and residual pressure remained in the line,Energy Isolation,"Shift crew reported that during Valve maintenance in Truck loading bay, Pneumatic energy isolation was not locked and residual pressure remained in the line. The team corrected it without delay. The team recorded the observation and completed immediate housekeeping correction.","Shift crew reported that during Valve maintenance in Truck loading bay, Pneumatic energy isolation was not locked and residual pressure remained in the line. The team corrected it without delay. The team recorded the observation and completed immediate housekeeping correction.","[REPORT_TYPE] Near Miss [SITE] Truck loading bay [ACTIVITY] Valve maintenance [BARRIER_FAILURE] Pneumatic energy isolation was not locked and residual pressure remained in the line [IOGP_RULE] Energy Isolation [TEXT] Shift crew reported that during Valve maintenance in Truck loading bay, Pneumatic energy isolation was not locked and residual pressure remained in the line. The team corrected it without delay. The team recorded the observation and completed immediate housekeeping correction.",Low,0
NM_0113,Near Miss,Field office area,Electrical maintenance,Procedure not followed,Energy Isolation,"During routine checks at Field office area, Procedure not followed was observed during Electrical maintenance. Work was paused briefly and the issue was resolved. The condition was corrected during the routine inspection, with no exposure to hazardous energy.","During routine checks at Field office area, Procedure not followed was observed during Electrical maintenance. Work was paused briefly and the issue was resolved. The condition was corrected during the routine inspection, with no exposure to hazardous energy.","[REPORT_TYPE] Near Miss [SITE] Field office area [ACTIVITY] Electrical maintenance [BARRIER_FAILURE] Procedure not followed [IOGP_RULE] Energy Isolation [TEXT] During routine checks at Field office area, Procedure not followed was observed during Electrical maintenance. Work was paused briefly and the issue was resolved. The condition was corrected during the routine inspection, with no exposure to hazardous energy.",Low,0
NM_0717,Near Miss,Pipeline ROW,Valve maintenance,Fire watch missing,Hot Work,"Before/during Valve maintenance at Pipeline ROW, Fire watch missing. Actual exposure to hazardous conditions occurred. All personnel were evacuated and the area was secured pending full investigation.","Before/during Valve maintenance at Pipeline ROW, Fire watch missing. Actual exposure to hazardous conditions occurred. All personnel were evacuated and the area was secured pending full investigation.","[REPORT_TYPE] Near Miss [SITE] Pipeline ROW [ACTIVITY] Valve maintenance [BARRIER_FAILURE] Fire watch missing [IOGP_RULE] Hot Work [TEXT] Before/during Valve maintenance at Pipeline ROW, Fire watch missing. Actual exposure to hazardous conditions occurred. All personnel were evacuated and the area was secured pending full investigation.",Critical,1
NM_0023,Near Miss,Wellsite,Hot work (welding/grinding),"No pre-entry gas test, attendant, rescue arrangement, or signed entry permit",Confined Space,"During routine checks at Wellsite, No pre-entry gas test, attendant, rescue arrangement, or signed entry permit was observed during Hot work (welding/grinding). No work stoppage was required. The observation was logged and addressed during the same shift.","During routine checks at Wellsite, No pre-entry gas test, attendant, rescue arrangement, or signed entry permit was observed during Hot work (welding/grinding). No work stoppage was required. The observation was logged and addressed during the same shift.","[REPORT_TYPE] Near Miss [SITE] Wellsite [ACTIVITY] Hot work (welding/grinding) [BARRIER_FAILURE] No pre-entry gas test, attendant, rescue arrangement, or signed entry permit [IOGP_RULE] Confined Space [TEXT] During routine checks at Wellsite, No pre-entry gas test, attendant, rescue arrangement, or signed entry permit was observed during Hot work (welding/grinding). No work stoppage was required. The observation was logged and addressed during the same shift.",Low,0
NM_0289,Near Miss,Storage depot,Excavation work,Line was not depressurised and workers were positioned in the potential release path,Line of Fire,"Inspection revealed Line was not depressurised and workers were positioned in the potential release path during Excavation work at Storage depot. Work was paused until the issue was addressed. The task was paused, the control was restored, and the supervisor verified readiness before work resumed.","Inspection revealed Line was not depressurised and workers were positioned in the potential release path during Excavation work at Storage depot. Work was paused until the issue was addressed. The task was paused, the control was restored, and the supervisor verified readiness before work resumed.","[REPORT_TYPE] Near Miss [SITE] Storage depot [ACTIVITY] Excavation work [BARRIER_FAILURE] Line was not depressurised and workers were positioned in the potential release path [IOGP_RULE] Line of Fire [TEXT] Inspection revealed Line was not depressurised and workers were positioned in the potential release path during Excavation work at Storage depot. Work was paused until the issue was addressed. The task was paused, the control was restored, and the supervisor verified readiness before work resumed.",Medium,0
NM_0107,Near Miss,Pipeline ROW,Drilling operations,Equipment defect,Line of Fire,"Near-miss observation: while performing Drilling operations at Pipeline ROW, the team found that Equipment defect. The area was corrected immediately. No work stoppage was required as the risk was minimal.","Near-miss observation: while performing Drilling operations at Pipeline ROW, the team found that Equipment defect. The area was corrected immediately. No work stoppage was required as the risk was minimal.","[REPORT_TYPE] Near Miss [SITE] Pipeline ROW [ACTIVITY] Drilling operations [BARRIER_FAILURE] Equipment defect [IOGP_RULE] Line of Fire [TEXT] Near-miss observation: while performing Drilling operations at Pipeline ROW, the team found that Equipment defect. The area was corrected immediately. No work stoppage was required as the risk was minimal.",Low,0
NM_0701,Near Miss,Gas processing unit,Tank farm operations,Excavation edge was not barricaded and underground utility mark-out was incomplete,Confined Space,"Near-miss observation: while performing Tank farm operations at Gas processing unit, the team found that Excavation edge was not barricaded and underground utility mark-out was incomplete. Actual exposure to hazardous conditions occurred. Personnel were moved to a safe location and the event was treated as a high-potential near miss.","Near-miss observation: while performing Tank farm operations at Gas processing unit, the team found that Excavation edge was not barricaded and underground utility mark-out was incomplete. Actual exposure to hazardous conditions occurred. Personnel were moved to a safe location and the event was treated as a high-potential near miss.","[REPORT_TYPE] Near Miss [SITE] Gas processing unit [ACTIVITY] Tank farm operations [BARRIER_FAILURE] Excavation edge was not barricaded and underground utility mark-out was incomplete [IOGP_RULE] Confined Space [TEXT] Near-miss observation: while performing Tank farm operations at Gas processing unit, the team found that Excavation edge was not barricaded and underground utility mark-out was incomplete. Actual exposure to hazardous conditions occurred. Personnel were moved to a safe location and the event was treated as a high-potential near miss.",Critical,1
NM_0511,Near Miss,Drilling rig,Grinding near drain,PPE not used,Hot Work,"During routine checks at Drilling rig, PPE not used was observed during Grinding near drain. Work was stopped due to potential serious injury risk. A supervisor issued a stop-work intervention and required a formal control verification.","During routine checks at Drilling rig, PPE not used was observed during Grinding near drain. Work was stopped due to potential serious injury risk. A supervisor issued a stop-work intervention and required a formal control verification.","[REPORT_TYPE] Near Miss [SITE] Drilling rig [ACTIVITY] Grinding near drain [BARRIER_FAILURE] PPE not used [IOGP_RULE] Hot Work [TEXT] During routine checks at Drilling rig, PPE not used was observed during Grinding near drain. Work was stopped due to potential serious injury risk. A supervisor issued a stop-work intervention and required a formal control verification.",High,1
NM_0610,Near Miss,Drilling rig,Reversing vehicle operations,Gas testing was overdue and no dedicated fire watch was assigned,Confined Space,"During routine checks at Drilling rig, Gas testing was overdue and no dedicated fire watch was assigned was observed during Reversing vehicle operations. All personnel were evacuated. Personnel were moved to a safe location and the event was treated as a high-potential near miss.","During routine checks at Drilling rig, Gas testing was overdue and no dedicated fire watch was assigned was observed during Reversing vehicle operations. All personnel were evacuated. Personnel were moved to a safe location and the event was treated as a high-potential near miss.","[REPORT_TYPE] Near Miss [SITE] Drilling rig [ACTIVITY] Reversing vehicle operations [BARRIER_FAILURE] Gas testing was overdue and no dedicated fire watch was assigned [IOGP_RULE] Confined Space [TEXT] During routine checks at Drilling rig, Gas testing was overdue and no dedicated fire watch was assigned was observed during Reversing vehicle operations. All personnel were evacuated. Personnel were moved to a safe location and the event was treated as a high-potential near miss.",Critical,1
NM_0379,Near Miss,Gas processing unit,Hydrostatic pressure test,Electrical supply and process pressure isolation were not independently verified,Hot Work,"Before/during Hydrostatic pressure test at Gas processing unit, Electrical supply and process pressure isolation were not independently verified. The job proceeded only after corrective measures. The task was paused, the control was restored, and the supervisor verified readiness before work resumed.","Before/during Hydrostatic pressure test at Gas processing unit, Electrical supply and process pressure isolation were not independently verified. The job proceeded only after corrective measures. The task was paused, the control was restored, and the supervisor verified readiness before work resumed.","[REPORT_TYPE] Near Miss [SITE] Gas processing unit [ACTIVITY] Hydrostatic pressure test [BARRIER_FAILURE] Electrical supply and process pressure isolation were not independently verified [IOGP_RULE] Hot Work [TEXT] Before/during Hydrostatic pressure test at Gas processing unit, Electrical supply and process pressure isolation were not independently verified. The job proceeded only after corrective measures. The task was paused, the control was restored, and the supervisor verified readiness before work resumed.",Medium,0
NM_0024,Near Miss,Truck loading bay,Electrical maintenance,Warning sign missing,Energy Isolation,"Near-miss observation: while performing Electrical maintenance at Truck loading bay, the team found that Warning sign missing. The team corrected it without delay. The observation was logged and addressed during the same shift.","Near-miss observation: while performing Electrical maintenance at Truck loading bay, the team found that Warning sign missing. The team corrected it without delay. The observation was logged and addressed during the same shift.","[REPORT_TYPE] Near Miss [SITE] Truck loading bay [ACTIVITY] Electrical maintenance [BARRIER_FAILURE] Warning sign missing [IOGP_RULE] Energy Isolation [TEXT] Near-miss observation: while performing Electrical maintenance at Truck loading bay, the team found that Warning sign missing. The team corrected it without delay. The observation was logged and addressed during the same shift.",Low,0
NM_0173,Near Miss,LPG bottling plant,Pipeline inspection,Driver fatigue screening and journey-management check were incomplete,Driving,"Near-miss observation: while performing Pipeline inspection at LPG bottling plant, the team found that Driver fatigue screening and journey-management check were incomplete. Work was paused briefly and the issue was resolved. The team recorded the observation and completed immediate housekeeping correction.","Near-miss observation: while performing Pipeline inspection at LPG bottling plant, the team found that Driver fatigue screening and journey-management check were incomplete. Work was paused briefly and the issue was resolved. The team recorded the observation and completed immediate housekeeping correction.","[REPORT_TYPE] Near Miss [SITE] LPG bottling plant [ACTIVITY] Pipeline inspection [BARRIER_FAILURE] Driver fatigue screening and journey-management check were incomplete [IOGP_RULE] Driving [TEXT] Near-miss observation: while performing Pipeline inspection at LPG bottling plant, the team found that Driver fatigue screening and journey-management check were incomplete. Work was paused briefly and the issue was resolved. The team recorded the observation and completed immediate housekeeping correction.",Low,0
NM_0195,Near Miss,Gas processing unit,Reversing vehicle operations,Training inadequate,Driving,"Shift crew reported that during Reversing vehicle operations in Gas processing unit, Training inadequate. No work stoppage was required. No work stoppage was required as the risk was minimal.","Shift crew reported that during Reversing vehicle operations in Gas processing unit, Training inadequate. No work stoppage was required. No work stoppage was required as the risk was minimal.","[REPORT_TYPE] Near Miss [SITE] Gas processing unit [ACTIVITY] Reversing vehicle operations [BARRIER_FAILURE] Training inadequate [IOGP_RULE] Driving [TEXT] Shift crew reported that during Reversing vehicle operations in Gas processing unit, Training inadequate. No work stoppage was required. No work stoppage was required as the risk was minimal.",Low,0
NM_0372,Near Miss,Wellsite,Electrical maintenance,Electrical supply and process pressure isolation were not independently verified,Energy Isolation,"During routine checks at Wellsite, Electrical supply and process pressure isolation were not independently verified was observed during Electrical maintenance. The supervisor reviewed and approved continuation after correction. The task was paused, the control was restored, and the supervisor verified readiness before work resumed.","During routine checks at Wellsite, Electrical supply and process pressure isolation were not independently verified was observed during Electrical maintenance. The supervisor reviewed and approved continuation after correction. The task was paused, the control was restored, and the supervisor verified readiness before work resumed.","[REPORT_TYPE] Near Miss [SITE] Wellsite [ACTIVITY] Electrical maintenance [BARRIER_FAILURE] Electrical supply and process pressure isolation were not independently verified [IOGP_RULE] Energy Isolation [TEXT] During routine checks at Wellsite, Electrical supply and process pressure isolation were not independently verified was observed during Electrical maintenance. The supervisor reviewed and approved continuation after correction. The task was paused, the control was restored, and the supervisor verified readiness before work resumed.",Medium,0
NM_0003,Near Miss,Field office area,Grinding near drain,Isolation not verified,Energy Isolation,"During Grinding near drain at Field office area, Isolation not verified. The area was corrected immediately. The observation was logged and addressed during the same shift.","During Grinding near drain at Field office area, Isolation not verified. The area was corrected immediately. The observation was logged and addressed during the same shift.","[REPORT_TYPE] Near Miss [SITE] Field office area [ACTIVITY] Grinding near drain [BARRIER_FAILURE] Isolation not verified [IOGP_RULE] Energy Isolation [TEXT] During Grinding near drain at Field office area, Isolation not verified. The area was corrected immediately. The observation was logged and addressed during the same shift.",Low,0
NM_0096,Near Miss,Maintenance yard,Manual handling of tubulars,Hands were placed near pinch points and no designated signaler was present,Line of Fire,"During Manual handling of tubulars at Maintenance yard, Hands were placed near pinch points and no designated signaler was present. Work was paused briefly and the issue was resolved. The team recorded the observation and completed immediate housekeeping correction.","During Manual handling of tubulars at Maintenance yard, Hands were placed near pinch points and no designated signaler was present. Work was paused briefly and the issue was resolved. The team recorded the observation and completed immediate housekeeping correction.","[REPORT_TYPE] Near Miss [SITE] Maintenance yard [ACTIVITY] Manual handling of tubulars [BARRIER_FAILURE] Hands were placed near pinch points and no designated signaler was present [IOGP_RULE] Line of Fire [TEXT] During Manual handling of tubulars at Maintenance yard, Hands were placed near pinch points and no designated signaler was present. Work was paused briefly and the issue was resolved. The team recorded the observation and completed immediate housekeeping correction.",Low,0
NM_0749,Near Miss,Storage depot,Lifting valve actuator,Training inadequate,Safe Mechanical Lifting,"During routine checks at Storage depot, Training inadequate was observed during Lifting valve actuator. Actual exposure to hazardous conditions occurred. Multiple critical barriers were ineffective, creating imminent serious-injury or fatality potential.","During routine checks at Storage depot, Training inadequate was observed during Lifting valve actuator. Actual exposure to hazardous conditions occurred. Multiple critical barriers were ineffective, creating imminent serious-injury or fatality potential.","[REPORT_TYPE] Near Miss [SITE] Storage depot [ACTIVITY] Lifting valve actuator [BARRIER_FAILURE] Training inadequate [IOGP_RULE] Safe Mechanical Lifting [TEXT] During routine checks at Storage depot, Training inadequate was observed during Lifting valve actuator. Actual exposure to hazardous conditions occurred. Multiple critical barriers were ineffective, creating imminent serious-injury or fatality potential.",Critical,1
NM_0421,Near Miss,Process plant,Vehicle movement,Electrical supply and process pressure isolation were not independently verified,Driving,Inspection revealed Electrical supply and process pressure isolation were not independently verified during Vehicle movement at Process plant. The job was halted due to high-risk exposure. A supervisor issued a stop-work intervention and required a formal control verification.,Inspection revealed Electrical supply and process pressure isolation were not independently verified during Vehicle movement at Process plant. The job was halted due to high-risk exposure. A supervisor issued a stop-work intervention and required a formal control verification.,[REPORT_TYPE] Near Miss [SITE] Process plant [ACTIVITY] Vehicle movement [BARRIER_FAILURE] Electrical supply and process pressure isolation were not independently verified [IOGP_RULE] Driving [TEXT] Inspection revealed Electrical supply and process pressure isolation were not independently verified during Vehicle movement at Process plant. The job was halted due to high-risk exposure. A supervisor issued a stop-work intervention and required a formal control verification.,High,1
NM_0009,Near Miss,Storage tank,Housekeeping inspection,Guard missing,None/Not Applicable,"During routine checks at Storage tank, Guard missing was observed during Housekeeping inspection. The team corrected it without delay. The observation was logged and addressed during the same shift.","During routine checks at Storage tank, Guard missing was observed during Housekeeping inspection. The team corrected it without delay. The observation was logged and addressed during the same shift.","[REPORT_TYPE] Near Miss [SITE] Storage tank [ACTIVITY] Housekeeping inspection [BARRIER_FAILURE] Guard missing [IOGP_RULE] None/Not Applicable [TEXT] During routine checks at Storage tank, Guard missing was observed during Housekeeping inspection. The team corrected it without delay. The observation was logged and addressed during the same shift.",Low,0
NM_0334,Near Miss,Process plant,Hydrostatic pressure test,Line was not depressurised and workers were positioned in the potential release path,Line of Fire,"Inspection revealed Line was not depressurised and workers were positioned in the potential release path during Hydrostatic pressure test at Process plant. Work was paused until the issue was addressed. No one was exposed, but the observation required a documented corrective action.","Inspection revealed Line was not depressurised and workers were positioned in the potential release path during Hydrostatic pressure test at Process plant. Work was paused until the issue was addressed. No one was exposed, but the observation required a documented corrective action.","[REPORT_TYPE] Near Miss [SITE] Process plant [ACTIVITY] Hydrostatic pressure test [BARRIER_FAILURE] Line was not depressurised and workers were positioned in the potential release path [IOGP_RULE] Line of Fire [TEXT] Inspection revealed Line was not depressurised and workers were positioned in the potential release path during Hydrostatic pressure test at Process plant. Work was paused until the issue was addressed. No one was exposed, but the observation required a documented corrective action.",Medium,0
NM_0279,Near Miss,Compressor station,Pipeline inspection,Lockout-tagout missing,Energy Isolation,A Lockout-tagout missing was identified during Pipeline inspection at Compressor station. Work was paused until the issue was addressed. The supervisor reviewed the situation and approved continuation after correction.,A Lockout-tagout missing was identified during Pipeline inspection at Compressor station. Work was paused until the issue was addressed. The supervisor reviewed the situation and approved continuation after correction.,[REPORT_TYPE] Near Miss [SITE] Compressor station [ACTIVITY] Pipeline inspection [BARRIER_FAILURE] Lockout-tagout missing [IOGP_RULE] Energy Isolation [TEXT] A Lockout-tagout missing was identified during Pipeline inspection at Compressor station. Work was paused until the issue was addressed. The supervisor reviewed the situation and approved continuation after correction.,Medium,0
NM_0171,Near Miss,Gas processing unit,Housekeeping inspection,Sample bottle label was unclear and secondary containment was not positioned,None/Not Applicable,Inspection revealed Sample bottle label was unclear and secondary containment was not positioned during Housekeeping inspection at Gas processing unit. No work stoppage was required. No work stoppage was required as the risk was minimal.,Inspection revealed Sample bottle label was unclear and secondary containment was not positioned during Housekeeping inspection at Gas processing unit. No work stoppage was required. No work stoppage was required as the risk was minimal.,[REPORT_TYPE] Near Miss [SITE] Gas processing unit [ACTIVITY] Housekeeping inspection [BARRIER_FAILURE] Sample bottle label was unclear and secondary containment was not positioned [IOGP_RULE] None/Not Applicable [TEXT] Inspection revealed Sample bottle label was unclear and secondary containment was not positioned during Housekeeping inspection at Gas processing unit. No work stoppage was required. No work stoppage was required as the risk was minimal.,Low,0
NM_0364,Near Miss,Gas processing unit,Housekeeping inspection,Open edge protection and full-body harness anchorage were unavailable,Working at Height,"A Open edge protection and full-body harness anchorage were unavailable was identified during Housekeeping inspection at Gas processing unit. The supervisor reviewed and approved continuation after correction. The task was paused, the control was restored, and the supervisor verified readiness before work resumed.","A Open edge protection and full-body harness anchorage were unavailable was identified during Housekeeping inspection at Gas processing unit. The supervisor reviewed and approved continuation after correction. The task was paused, the control was restored, and the supervisor verified readiness before work resumed.","[REPORT_TYPE] Near Miss [SITE] Gas processing unit [ACTIVITY] Housekeeping inspection [BARRIER_FAILURE] Open edge protection and full-body harness anchorage were unavailable [IOGP_RULE] Working at Height [TEXT] A Open edge protection and full-body harness anchorage were unavailable was identified during Housekeeping inspection at Gas processing unit. The supervisor reviewed and approved continuation after correction. The task was paused, the control was restored, and the supervisor verified readiness before work resumed.",Medium,0
NM_0733,Near Miss,Gas processing unit,Scaffold modification,Pneumatic energy isolation was not locked and residual pressure remained in the line,Energy Isolation,"A Pneumatic energy isolation was not locked and residual pressure remained in the line was identified during Scaffold modification at Gas processing unit. Actual exposure to hazardous conditions occurred. Multiple critical barriers were ineffective, creating imminent serious-injury or fatality potential.","A Pneumatic energy isolation was not locked and residual pressure remained in the line was identified during Scaffold modification at Gas processing unit. Actual exposure to hazardous conditions occurred. Multiple critical barriers were ineffective, creating imminent serious-injury or fatality potential.","[REPORT_TYPE] Near Miss [SITE] Gas processing unit [ACTIVITY] Scaffold modification [BARRIER_FAILURE] Pneumatic energy isolation was not locked and residual pressure remained in the line [IOGP_RULE] Energy Isolation [TEXT] A Pneumatic energy isolation was not locked and residual pressure remained in the line was identified during Scaffold modification at Gas processing unit. Actual exposure to hazardous conditions occurred. Multiple critical barriers were ineffective, creating imminent serious-injury or fatality potential.",Critical,1
NM_0452,Near Miss,Storage depot,Confined space entry,Trip interlock was found bypassed during a production upset,Confined Space,"Before/during Confined space entry at Storage depot, Trip interlock was found bypassed during a production upset. The job was halted due to high-risk exposure. The situation had credible potential for serious injury and was escalated immediately.","Before/during Confined space entry at Storage depot, Trip interlock was found bypassed during a production upset. The job was halted due to high-risk exposure. The situation had credible potential for serious injury and was escalated immediately.","[REPORT_TYPE] Near Miss [SITE] Storage depot [ACTIVITY] Confined space entry [BARRIER_FAILURE] Trip interlock was found bypassed during a production upset [IOGP_RULE] Confined Space [TEXT] Before/during Confined space entry at Storage depot, Trip interlock was found bypassed during a production upset. The job was halted due to high-risk exposure. The situation had credible potential for serious injury and was escalated immediately.",High,1
NM_0757,Near Miss,Storage tank,Pipe spool welding,Open edge protection and full-body harness anchorage were unavailable,Hot Work,A Open edge protection and full-body harness anchorage were unavailable was identified during Pipe spool welding at Storage tank. Multiple workers were at risk of serious injury or fatality. The situation had imminent potential for fatality and was escalated immediately.,A Open edge protection and full-body harness anchorage were unavailable was identified during Pipe spool welding at Storage tank. Multiple workers were at risk of serious injury or fatality. The situation had imminent potential for fatality and was escalated immediately.,[REPORT_TYPE] Near Miss [SITE] Storage tank [ACTIVITY] Pipe spool welding [BARRIER_FAILURE] Open edge protection and full-body harness anchorage were unavailable [IOGP_RULE] Hot Work [TEXT] A Open edge protection and full-body harness anchorage were unavailable was identified during Pipe spool welding at Storage tank. Multiple workers were at risk of serious injury or fatality. The situation had imminent potential for fatality and was escalated immediately.,Critical,1
NM_0490,Near Miss,Pump station,Emergency valve servicing,Trip interlock was found bypassed during a production upset,Bypassing Safety Controls,"Near-miss observation: while performing Emergency valve servicing at Pump station, the team found that Trip interlock was found bypassed during a production upset. The job was halted due to high-risk exposure. The failed critical control created credible potential for serious injury; the task was stopped and reported to HSE.","Near-miss observation: while performing Emergency valve servicing at Pump station, the team found that Trip interlock was found bypassed during a production upset. The job was halted due to high-risk exposure. The failed critical control created credible potential for serious injury; the task was stopped and reported to HSE.","[REPORT_TYPE] Near Miss [SITE] Pump station [ACTIVITY] Emergency valve servicing [BARRIER_FAILURE] Trip interlock was found bypassed during a production upset [IOGP_RULE] Bypassing Safety Controls [TEXT] Near-miss observation: while performing Emergency valve servicing at Pump station, the team found that Trip interlock was found bypassed during a production upset. The job was halted due to high-risk exposure. The failed critical control created credible potential for serious injury; the task was stopped and reported to HSE.",High,1
NM_0603,Near Miss,Process plant,Hydrostatic pressure test,Test manifold lacked verified restraint and pressure-release exclusion controls,Safe Mechanical Lifting,"Near-miss observation: while performing Hydrostatic pressure test at Process plant, the team found that Test manifold lacked verified restraint and pressure-release exclusion controls. Actual exposure to hazardous conditions occurred. The situation had imminent potential for fatality and was escalated immediately.","Near-miss observation: while performing Hydrostatic pressure test at Process plant, the team found that Test manifold lacked verified restraint and pressure-release exclusion controls. Actual exposure to hazardous conditions occurred. The situation had imminent potential for fatality and was escalated immediately.","[REPORT_TYPE] Near Miss [SITE] Process plant [ACTIVITY] Hydrostatic pressure test [BARRIER_FAILURE] Test manifold lacked verified restraint and pressure-release exclusion controls [IOGP_RULE] Safe Mechanical Lifting [TEXT] Near-miss observation: while performing Hydrostatic pressure test at Process plant, the team found that Test manifold lacked verified restraint and pressure-release exclusion controls. Actual exposure to hazardous conditions occurred. The situation had imminent potential for fatality and was escalated immediately.",Critical,1
NM_0361,Near Miss,Wellsite,Chemical sampling,Guard missing,None/Not Applicable,"Near-miss observation: while performing Chemical sampling at Wellsite, the team found that Guard missing. The activity was delayed pending correction. No one was exposed, but the observation required a documented corrective action.","Near-miss observation: while performing Chemical sampling at Wellsite, the team found that Guard missing. The activity was delayed pending correction. No one was exposed, but the observation required a documented corrective action.","[REPORT_TYPE] Near Miss [SITE] Wellsite [ACTIVITY] Chemical sampling [BARRIER_FAILURE] Guard missing [IOGP_RULE] None/Not Applicable [TEXT] Near-miss observation: while performing Chemical sampling at Wellsite, the team found that Guard missing. The activity was delayed pending correction. No one was exposed, but the observation required a documented corrective action.",Medium,0
NM_0007,Near Miss,Gas processing unit,Scaffolding work,Excavation edge was not barricaded and underground utility mark-out was incomplete,Working at Height,"Shift crew reported that during Scaffolding work in Gas processing unit, Excavation edge was not barricaded and underground utility mark-out was incomplete. Work was paused briefly and the issue was resolved. The observation was logged and addressed during the same shift.","Shift crew reported that during Scaffolding work in Gas processing unit, Excavation edge was not barricaded and underground utility mark-out was incomplete. Work was paused briefly and the issue was resolved. The observation was logged and addressed during the same shift.","[REPORT_TYPE] Near Miss [SITE] Gas processing unit [ACTIVITY] Scaffolding work [BARRIER_FAILURE] Excavation edge was not barricaded and underground utility mark-out was incomplete [IOGP_RULE] Working at Height [TEXT] Shift crew reported that during Scaffolding work in Gas processing unit, Excavation edge was not barricaded and underground utility mark-out was incomplete. Work was paused briefly and the issue was resolved. The observation was logged and addressed during the same shift.",Low,0
NM_0228,Near Miss,Maintenance yard,LPG bottling operations,Supervision absent,Work Authorization,"During LPG bottling operations at Maintenance yard, Supervision absent. The supervisor reviewed and approved continuation after correction. The task was paused, the control was restored, and the supervisor verified readiness before work resumed.","During LPG bottling operations at Maintenance yard, Supervision absent. The supervisor reviewed and approved continuation after correction. The task was paused, the control was restored, and the supervisor verified readiness before work resumed.","[REPORT_TYPE] Near Miss [SITE] Maintenance yard [ACTIVITY] LPG bottling operations [BARRIER_FAILURE] Supervision absent [IOGP_RULE] Work Authorization [TEXT] During LPG bottling operations at Maintenance yard, Supervision absent. The supervisor reviewed and approved continuation after correction. The task was paused, the control was restored, and the supervisor verified readiness before work resumed.",Medium,0
NM_0229,Near Miss,Drilling rig,Vessel entry preparation,"No pre-entry gas test, attendant, rescue arrangement, or signed entry permit",Confined Space,"Before/during Vessel entry preparation at Drilling rig, No pre-entry gas test, attendant, rescue arrangement, or signed entry permit. Work was paused until the issue was addressed. The crew escalated the issue through the shift safety meeting and closed it before continuation.","Before/during Vessel entry preparation at Drilling rig, No pre-entry gas test, attendant, rescue arrangement, or signed entry permit. Work was paused until the issue was addressed. The crew escalated the issue through the shift safety meeting and closed it before continuation.","[REPORT_TYPE] Near Miss [SITE] Drilling rig [ACTIVITY] Vessel entry preparation [BARRIER_FAILURE] No pre-entry gas test, attendant, rescue arrangement, or signed entry permit [IOGP_RULE] Confined Space [TEXT] Before/during Vessel entry preparation at Drilling rig, No pre-entry gas test, attendant, rescue arrangement, or signed entry permit. Work was paused until the issue was addressed. The crew escalated the issue through the shift safety meeting and closed it before continuation.",Medium,0
NM_0629,Near Miss,Storage tank,Sampling and testing,Pneumatic energy isolation was not locked and residual pressure remained in the line,Energy Isolation,"Shift crew reported that during Sampling and testing in Storage tank, Pneumatic energy isolation was not locked and residual pressure remained in the line. Multiple workers were at risk of serious injury or fatality. All personnel were evacuated and the area was secured pending full investigation.","Shift crew reported that during Sampling and testing in Storage tank, Pneumatic energy isolation was not locked and residual pressure remained in the line. Multiple workers were at risk of serious injury or fatality. All personnel were evacuated and the area was secured pending full investigation.","[REPORT_TYPE] Near Miss [SITE] Storage tank [ACTIVITY] Sampling and testing [BARRIER_FAILURE] Pneumatic energy isolation was not locked and residual pressure remained in the line [IOGP_RULE] Energy Isolation [TEXT] Shift crew reported that during Sampling and testing in Storage tank, Pneumatic energy isolation was not locked and residual pressure remained in the line. Multiple workers were at risk of serious injury or fatality. All personnel were evacuated and the area was secured pending full investigation.",Critical,1
NM_0064,Near Miss,Drilling rig,Manual handling of tubulars,Excavation edge was not barricaded and underground utility mark-out was incomplete,Working at Height,"During routine checks at Drilling rig, Excavation edge was not barricaded and underground utility mark-out was incomplete was observed during Manual handling of tubulars. No work stoppage was required. No work stoppage was required as the risk was minimal.","During routine checks at Drilling rig, Excavation edge was not barricaded and underground utility mark-out was incomplete was observed during Manual handling of tubulars. No work stoppage was required. No work stoppage was required as the risk was minimal.","[REPORT_TYPE] Near Miss [SITE] Drilling rig [ACTIVITY] Manual handling of tubulars [BARRIER_FAILURE] Excavation edge was not barricaded and underground utility mark-out was incomplete [IOGP_RULE] Working at Height [TEXT] During routine checks at Drilling rig, Excavation edge was not barricaded and underground utility mark-out was incomplete was observed during Manual handling of tubulars. No work stoppage was required. No work stoppage was required as the risk was minimal.",Low,0
NM_0237,Near Miss,Storage tank,Scaffold modification,Gas testing was overdue and no dedicated fire watch was assigned,Confined Space,"During routine checks at Storage tank, Gas testing was overdue and no dedicated fire watch was assigned was observed during Scaffold modification. The job proceeded only after corrective measures. Work was temporarily halted pending verification of the control measure.","During routine checks at Storage tank, Gas testing was overdue and no dedicated fire watch was assigned was observed during Scaffold modification. The job proceeded only after corrective measures. Work was temporarily halted pending verification of the control measure.","[REPORT_TYPE] Near Miss [SITE] Storage tank [ACTIVITY] Scaffold modification [BARRIER_FAILURE] Gas testing was overdue and no dedicated fire watch was assigned [IOGP_RULE] Confined Space [TEXT] During routine checks at Storage tank, Gas testing was overdue and no dedicated fire watch was assigned was observed during Scaffold modification. The job proceeded only after corrective measures. Work was temporarily halted pending verification of the control measure.",Medium,0
NM_0092,Near Miss,Storage depot,Pressure vessel testing,Pneumatic energy isolation was not locked and residual pressure remained in the line,Confined Space,"During Pressure vessel testing at Storage depot, Pneumatic energy isolation was not locked and residual pressure remained in the line. The team corrected it without delay. The team recorded the observation and completed immediate housekeeping correction.","During Pressure vessel testing at Storage depot, Pneumatic energy isolation was not locked and residual pressure remained in the line. The team corrected it without delay. The team recorded the observation and completed immediate housekeeping correction.","[REPORT_TYPE] Near Miss [SITE] Storage depot [ACTIVITY] Pressure vessel testing [BARRIER_FAILURE] Pneumatic energy isolation was not locked and residual pressure remained in the line [IOGP_RULE] Confined Space [TEXT] During Pressure vessel testing at Storage depot, Pneumatic energy isolation was not locked and residual pressure remained in the line. The team corrected it without delay. The team recorded the observation and completed immediate housekeeping correction.",Low,0
NM_0700,Near Miss,Gas processing unit,Emergency valve servicing,Supervision absent,Confined Space,"Shift crew reported that during Emergency valve servicing in Gas processing unit, Supervision absent. Multiple workers were at risk of serious injury or fatality. The condition presented immediate potentially fatal exposure; operations were stopped, the area was isolated, and emergency escalation began.","Shift crew reported that during Emergency valve servicing in Gas processing unit, Supervision absent. Multiple workers were at risk of serious injury or fatality. The condition presented immediate potentially fatal exposure; operations were stopped, the area was isolated, and emergency escalation began.","[REPORT_TYPE] Near Miss [SITE] Gas processing unit [ACTIVITY] Emergency valve servicing [BARRIER_FAILURE] Supervision absent [IOGP_RULE] Confined Space [TEXT] Shift crew reported that during Emergency valve servicing in Gas processing unit, Supervision absent. Multiple workers were at risk of serious injury or fatality. The condition presented immediate potentially fatal exposure; operations were stopped, the area was isolated, and emergency escalation began.",Critical,1
NM_0135,Near Miss,Compressor station,Instrument calibration,Isolation not verified,Energy Isolation,"Before/during Instrument calibration at Compressor station, Isolation not verified. No work stoppage was required. The team recorded the observation and completed immediate housekeeping correction.","Before/during Instrument calibration at Compressor station, Isolation not verified. No work stoppage was required. The team recorded the observation and completed immediate housekeeping correction.","[REPORT_TYPE] Near Miss [SITE] Compressor station [ACTIVITY] Instrument calibration [BARRIER_FAILURE] Isolation not verified [IOGP_RULE] Energy Isolation [TEXT] Before/during Instrument calibration at Compressor station, Isolation not verified. No work stoppage was required. The team recorded the observation and completed immediate housekeeping correction.",Low,0
NM_0688,Near Miss,Pipeline ROW,Electrical maintenance,Warning sign missing,Energy Isolation,A Warning sign missing was identified during Electrical maintenance at Pipeline ROW. Actual exposure to hazardous conditions occurred. Personnel were moved to a safe location and the event was treated as a high-potential near miss.,A Warning sign missing was identified during Electrical maintenance at Pipeline ROW. Actual exposure to hazardous conditions occurred. Personnel were moved to a safe location and the event was treated as a high-potential near miss.,[REPORT_TYPE] Near Miss [SITE] Pipeline ROW [ACTIVITY] Electrical maintenance [BARRIER_FAILURE] Warning sign missing [IOGP_RULE] Energy Isolation [TEXT] A Warning sign missing was identified during Electrical maintenance at Pipeline ROW. Actual exposure to hazardous conditions occurred. Personnel were moved to a safe location and the event was treated as a high-potential near miss.,Critical,1
NM_0423,Near Miss,Drilling rig,Wellhead valve maintenance,Sample bottle label was unclear and secondary containment was not positioned,Driving,"Before/during Wellhead valve maintenance at Drilling rig, Sample bottle label was unclear and secondary containment was not positioned. The job was halted due to high-risk exposure. Personnel were close to hazardous energy exposure, so the area was secured pending investigation.","Before/during Wellhead valve maintenance at Drilling rig, Sample bottle label was unclear and secondary containment was not positioned. The job was halted due to high-risk exposure. Personnel were close to hazardous energy exposure, so the area was secured pending investigation.","[REPORT_TYPE] Near Miss [SITE] Drilling rig [ACTIVITY] Wellhead valve maintenance [BARRIER_FAILURE] Sample bottle label was unclear and secondary containment was not positioned [IOGP_RULE] Driving [TEXT] Before/during Wellhead valve maintenance at Drilling rig, Sample bottle label was unclear and secondary containment was not positioned. The job was halted due to high-risk exposure. Personnel were close to hazardous energy exposure, so the area was secured pending investigation.",High,1
NM_0608,Near Miss,Refinery unit,Pressure vessel testing,Training inadequate,Confined Space,"Near-miss observation: while performing Pressure vessel testing at Refinery unit, the team found that Training inadequate. The situation had imminent potential for fatality and was escalated immediately. Multiple critical barriers were ineffective, creating imminent serious-injury or fatality potential.","Near-miss observation: while performing Pressure vessel testing at Refinery unit, the team found that Training inadequate. The situation had imminent potential for fatality and was escalated immediately. Multiple critical barriers were ineffective, creating imminent serious-injury or fatality potential.","[REPORT_TYPE] Near Miss [SITE] Refinery unit [ACTIVITY] Pressure vessel testing [BARRIER_FAILURE] Training inadequate [IOGP_RULE] Confined Space [TEXT] Near-miss observation: while performing Pressure vessel testing at Refinery unit, the team found that Training inadequate. The situation had imminent potential for fatality and was escalated immediately. Multiple critical barriers were ineffective, creating imminent serious-injury or fatality potential.",Critical,1
NM_0431,Near Miss,Truck loading bay,Scaffold modification,Procedure not followed,Working at Height,Inspection revealed Procedure not followed during Scaffold modification at Truck loading bay. The activity was stopped as it could have resulted in serious harm. Work was halted due to high-risk exposure and corrective measures were implemented.,Inspection revealed Procedure not followed during Scaffold modification at Truck loading bay. The activity was stopped as it could have resulted in serious harm. Work was halted due to high-risk exposure and corrective measures were implemented.,[REPORT_TYPE] Near Miss [SITE] Truck loading bay [ACTIVITY] Scaffold modification [BARRIER_FAILURE] Procedure not followed [IOGP_RULE] Working at Height [TEXT] Inspection revealed Procedure not followed during Scaffold modification at Truck loading bay. The activity was stopped as it could have resulted in serious harm. Work was halted due to high-risk exposure and corrective measures were implemented.,High,1
NM_0592,Near Miss,Refinery unit,Grinding near drain,Fire watch missing,Hot Work,Inspection revealed Fire watch missing during Grinding near drain at Refinery unit. Work was stopped due to potential serious injury risk. The failed critical control created credible potential for serious injury; the task was stopped and reported to HSE.,Inspection revealed Fire watch missing during Grinding near drain at Refinery unit. Work was stopped due to potential serious injury risk. The failed critical control created credible potential for serious injury; the task was stopped and reported to HSE.,[REPORT_TYPE] Near Miss [SITE] Refinery unit [ACTIVITY] Grinding near drain [BARRIER_FAILURE] Fire watch missing [IOGP_RULE] Hot Work [TEXT] Inspection revealed Fire watch missing during Grinding near drain at Refinery unit. Work was stopped due to potential serious injury risk. The failed critical control created credible potential for serious injury; the task was stopped and reported to HSE.,High,1
NM_0667,Near Miss,Storage depot,Equipment maintenance,Supervision absent,Energy Isolation,"Before/during Equipment maintenance at Storage depot, Supervision absent. Work was stopped urgently and emergency response was initiated. Personnel were moved to a safe location and the event was treated as a high-potential near miss.","Before/during Equipment maintenance at Storage depot, Supervision absent. Work was stopped urgently and emergency response was initiated. Personnel were moved to a safe location and the event was treated as a high-potential near miss.","[REPORT_TYPE] Near Miss [SITE] Storage depot [ACTIVITY] Equipment maintenance [BARRIER_FAILURE] Supervision absent [IOGP_RULE] Energy Isolation [TEXT] Before/during Equipment maintenance at Storage depot, Supervision absent. Work was stopped urgently and emergency response was initiated. Personnel were moved to a safe location and the event was treated as a high-potential near miss.",Critical,1
NM_0538,Near Miss,Field office area,Pump seal replacement,Open edge protection and full-body harness anchorage were unavailable,Working at Height,"During Pump seal replacement at Field office area, Open edge protection and full-body harness anchorage were unavailable. Critical control failure was corrected before resuming work. The failed critical control created credible potential for serious injury; the task was stopped and reported to HSE.","During Pump seal replacement at Field office area, Open edge protection and full-body harness anchorage were unavailable. Critical control failure was corrected before resuming work. The failed critical control created credible potential for serious injury; the task was stopped and reported to HSE.","[REPORT_TYPE] Near Miss [SITE] Field office area [ACTIVITY] Pump seal replacement [BARRIER_FAILURE] Open edge protection and full-body harness anchorage were unavailable [IOGP_RULE] Working at Height [TEXT] During Pump seal replacement at Field office area, Open edge protection and full-body harness anchorage were unavailable. Critical control failure was corrected before resuming work. The failed critical control created credible potential for serious injury; the task was stopped and reported to HSE.",High,1
NM_0702,Near Miss,Storage depot,Vessel entry preparation,Sample bottle label was unclear and secondary containment was not positioned,Confined Space,"Inspection revealed Sample bottle label was unclear and secondary containment was not positioned during Vessel entry preparation at Storage depot. All personnel were evacuated. Multiple critical barriers were ineffective, creating imminent serious-injury or fatality potential.","Inspection revealed Sample bottle label was unclear and secondary containment was not positioned during Vessel entry preparation at Storage depot. All personnel were evacuated. Multiple critical barriers were ineffective, creating imminent serious-injury or fatality potential.","[REPORT_TYPE] Near Miss [SITE] Storage depot [ACTIVITY] Vessel entry preparation [BARRIER_FAILURE] Sample bottle label was unclear and secondary containment was not positioned [IOGP_RULE] Confined Space [TEXT] Inspection revealed Sample bottle label was unclear and secondary containment was not positioned during Vessel entry preparation at Storage depot. All personnel were evacuated. Multiple critical barriers were ineffective, creating imminent serious-injury or fatality potential.",Critical,1
NM_0425,Near Miss,Truck loading bay,Scaffolding work,Work scope had changed but the permit and job safety analysis were not revalidated,Working at Height,"Shift crew reported that during Scaffolding work in Truck loading bay, Work scope had changed but the permit and job safety analysis were not revalidated. The activity was stopped as it could have resulted in serious harm. The failed critical control created credible potential for serious injury; the task was stopped and reported to HSE.","Shift crew reported that during Scaffolding work in Truck loading bay, Work scope had changed but the permit and job safety analysis were not revalidated. The activity was stopped as it could have resulted in serious harm. The failed critical control created credible potential for serious injury; the task was stopped and reported to HSE.","[REPORT_TYPE] Near Miss [SITE] Truck loading bay [ACTIVITY] Scaffolding work [BARRIER_FAILURE] Work scope had changed but the permit and job safety analysis were not revalidated [IOGP_RULE] Working at Height [TEXT] Shift crew reported that during Scaffolding work in Truck loading bay, Work scope had changed but the permit and job safety analysis were not revalidated. The activity was stopped as it could have resulted in serious harm. The failed critical control created credible potential for serious injury; the task was stopped and reported to HSE.",High,1
NM_0784,Near Miss,Storage tank,Night driving to remote site,"Lift plan, tag lines, and barricaded drop zone were not available",Safe Mechanical Lifting,"During Night driving to remote site at Storage tank, Lift plan, tag lines, and barricaded drop zone were not available. Actual exposure to hazardous conditions occurred. The condition presented immediate potentially fatal exposure; operations were stopped, the area was isolated, and emergency escalation began.","During Night driving to remote site at Storage tank, Lift plan, tag lines, and barricaded drop zone were not available. Actual exposure to hazardous conditions occurred. The condition presented immediate potentially fatal exposure; operations were stopped, the area was isolated, and emergency escalation began.","[REPORT_TYPE] Near Miss [SITE] Storage tank [ACTIVITY] Night driving to remote site [BARRIER_FAILURE] Lift plan, tag lines, and barricaded drop zone were not available [IOGP_RULE] Safe Mechanical Lifting [TEXT] During Night driving to remote site at Storage tank, Lift plan, tag lines, and barricaded drop zone were not available. Actual exposure to hazardous conditions occurred. The condition presented immediate potentially fatal exposure; operations were stopped, the area was isolated, and emergency escalation began.",Critical,1
NM_0346,Near Miss,Drilling rig,Tank farm operations,Guard missing,Confined Space,Inspection revealed Guard missing during Tank farm operations at Drilling rig. The supervisor reviewed and approved continuation after correction. The crew escalated the issue through the shift safety meeting and closed it before continuation.,Inspection revealed Guard missing during Tank farm operations at Drilling rig. The supervisor reviewed and approved continuation after correction. The crew escalated the issue through the shift safety meeting and closed it before continuation.,[REPORT_TYPE] Near Miss [SITE] Drilling rig [ACTIVITY] Tank farm operations [BARRIER_FAILURE] Guard missing [IOGP_RULE] Confined Space [TEXT] Inspection revealed Guard missing during Tank farm operations at Drilling rig. The supervisor reviewed and approved continuation after correction. The crew escalated the issue through the shift safety meeting and closed it before continuation.,Medium,0
NM_0793,Near Miss,Gas processing unit,Pipe spool welding,Training inadequate,Hot Work,"During Pipe spool welding at Gas processing unit, Training inadequate. Work was stopped urgently and emergency response was initiated. Multiple critical barriers were ineffective, creating imminent serious-injury or fatality potential.","During Pipe spool welding at Gas processing unit, Training inadequate. Work was stopped urgently and emergency response was initiated. Multiple critical barriers were ineffective, creating imminent serious-injury or fatality potential.","[REPORT_TYPE] Near Miss [SITE] Gas processing unit [ACTIVITY] Pipe spool welding [BARRIER_FAILURE] Training inadequate [IOGP_RULE] Hot Work [TEXT] During Pipe spool welding at Gas processing unit, Training inadequate. Work was stopped urgently and emergency response was initiated. Multiple critical barriers were ineffective, creating imminent serious-injury or fatality potential.",Critical,1
NM_0207,Near Miss,Field office area,Chemical sampling,Tool inspection missing,None/Not Applicable,A Tool inspection missing was identified during Chemical sampling at Field office area. The supervisor reviewed and approved continuation after correction. The supervisor reviewed the situation and approved continuation after correction.,A Tool inspection missing was identified during Chemical sampling at Field office area. The supervisor reviewed and approved continuation after correction. The supervisor reviewed the situation and approved continuation after correction.,[REPORT_TYPE] Near Miss [SITE] Field office area [ACTIVITY] Chemical sampling [BARRIER_FAILURE] Tool inspection missing [IOGP_RULE] None/Not Applicable [TEXT] A Tool inspection missing was identified during Chemical sampling at Field office area. The supervisor reviewed and approved continuation after correction. The supervisor reviewed the situation and approved continuation after correction.,Medium,0
NM_0404,Near Miss,Pump station,Pipe-rack inspection,Test manifold lacked verified restraint and pressure-release exclusion controls,Work Authorization,"During Pipe-rack inspection at Pump station, Test manifold lacked verified restraint and pressure-release exclusion controls. Critical control failure was corrected before resuming work. The situation had credible potential for serious injury and was escalated immediately.","During Pipe-rack inspection at Pump station, Test manifold lacked verified restraint and pressure-release exclusion controls. Critical control failure was corrected before resuming work. The situation had credible potential for serious injury and was escalated immediately.","[REPORT_TYPE] Near Miss [SITE] Pump station [ACTIVITY] Pipe-rack inspection [BARRIER_FAILURE] Test manifold lacked verified restraint and pressure-release exclusion controls [IOGP_RULE] Work Authorization [TEXT] During Pipe-rack inspection at Pump station, Test manifold lacked verified restraint and pressure-release exclusion controls. Critical control failure was corrected before resuming work. The situation had credible potential for serious injury and was escalated immediately.",High,1
NM_0015,Near Miss,Storage depot,Pipe-rack inspection,Supervision absent,Confined Space,"During Pipe-rack inspection at Storage depot, Supervision absent. Corrective action was taken on the spot. The team recorded the observation and completed immediate housekeeping correction.","During Pipe-rack inspection at Storage depot, Supervision absent. Corrective action was taken on the spot. The team recorded the observation and completed immediate housekeeping correction.","[REPORT_TYPE] Near Miss [SITE] Storage depot [ACTIVITY] Pipe-rack inspection [BARRIER_FAILURE] Supervision absent [IOGP_RULE] Confined Space [TEXT] During Pipe-rack inspection at Storage depot, Supervision absent. Corrective action was taken on the spot. The team recorded the observation and completed immediate housekeeping correction.",Low,0
NM_0027,Near Miss,Pipeline ROW,Equipment maintenance,"Lift plan, tag lines, and barricaded drop zone were not available",Safe Mechanical Lifting,"During routine checks at Pipeline ROW, Lift plan, tag lines, and barricaded drop zone were not available was observed during Equipment maintenance. The area was corrected immediately. The condition was corrected during the routine inspection, with no exposure to hazardous energy.","During routine checks at Pipeline ROW, Lift plan, tag lines, and barricaded drop zone were not available was observed during Equipment maintenance. The area was corrected immediately. The condition was corrected during the routine inspection, with no exposure to hazardous energy.","[REPORT_TYPE] Near Miss [SITE] Pipeline ROW [ACTIVITY] Equipment maintenance [BARRIER_FAILURE] Lift plan, tag lines, and barricaded drop zone were not available [IOGP_RULE] Safe Mechanical Lifting [TEXT] During routine checks at Pipeline ROW, Lift plan, tag lines, and barricaded drop zone were not available was observed during Equipment maintenance. The area was corrected immediately. The condition was corrected during the routine inspection, with no exposure to hazardous energy.",Low,0
NM_0530,Near Miss,Wellsite,Emergency valve servicing,Drain cover was open and combustible vapour testing was not documented,Hot Work,"Shift crew reported that during Emergency valve servicing in Wellsite, Drain cover was open and combustible vapour testing was not documented. The activity was stopped as it could have resulted in serious harm. Work was halted due to high-risk exposure and corrective measures were implemented.","Shift crew reported that during Emergency valve servicing in Wellsite, Drain cover was open and combustible vapour testing was not documented. The activity was stopped as it could have resulted in serious harm. Work was halted due to high-risk exposure and corrective measures were implemented.","[REPORT_TYPE] Near Miss [SITE] Wellsite [ACTIVITY] Emergency valve servicing [BARRIER_FAILURE] Drain cover was open and combustible vapour testing was not documented [IOGP_RULE] Hot Work [TEXT] Shift crew reported that during Emergency valve servicing in Wellsite, Drain cover was open and combustible vapour testing was not documented. The activity was stopped as it could have resulted in serious harm. Work was halted due to high-risk exposure and corrective measures were implemented.",High,1
NM_0302,Near Miss,Storage tank,Manual handling of tubulars,Open edge protection and full-body harness anchorage were unavailable,Working at Height,Inspection revealed Open edge protection and full-body harness anchorage were unavailable during Manual handling of tubulars at Storage tank. Work was paused until the issue was addressed. The crew escalated the issue through the shift safety meeting and closed it before continuation.,Inspection revealed Open edge protection and full-body harness anchorage were unavailable during Manual handling of tubulars at Storage tank. Work was paused until the issue was addressed. The crew escalated the issue through the shift safety meeting and closed it before continuation.,[REPORT_TYPE] Near Miss [SITE] Storage tank [ACTIVITY] Manual handling of tubulars [BARRIER_FAILURE] Open edge protection and full-body harness anchorage were unavailable [IOGP_RULE] Working at Height [TEXT] Inspection revealed Open edge protection and full-body harness anchorage were unavailable during Manual handling of tubulars at Storage tank. Work was paused until the issue was addressed. The crew escalated the issue through the shift safety meeting and closed it before continuation.,Medium,0
NM_0693,Near Miss,Storage depot,Crude transfer vehicle movement,Procedure not followed,Work Authorization,"Near-miss observation: while performing Crude transfer vehicle movement at Storage depot, the team found that Procedure not followed. Work was stopped urgently and emergency response was initiated. Multiple critical barriers were ineffective, creating imminent serious-injury or fatality potential.","Near-miss observation: while performing Crude transfer vehicle movement at Storage depot, the team found that Procedure not followed. Work was stopped urgently and emergency response was initiated. Multiple critical barriers were ineffective, creating imminent serious-injury or fatality potential.","[REPORT_TYPE] Near Miss [SITE] Storage depot [ACTIVITY] Crude transfer vehicle movement [BARRIER_FAILURE] Procedure not followed [IOGP_RULE] Work Authorization [TEXT] Near-miss observation: while performing Crude transfer vehicle movement at Storage depot, the team found that Procedure not followed. Work was stopped urgently and emergency response was initiated. Multiple critical barriers were ineffective, creating imminent serious-injury or fatality potential.",Critical,1
NM_0750,Near Miss,Refinery unit,Internal tank inspection,Fire watch missing,Confined Space,"During routine checks at Refinery unit, Fire watch missing was observed during Internal tank inspection. Actual exposure to hazardous conditions occurred. The situation had imminent potential for fatality and was escalated immediately.","During routine checks at Refinery unit, Fire watch missing was observed during Internal tank inspection. Actual exposure to hazardous conditions occurred. The situation had imminent potential for fatality and was escalated immediately.","[REPORT_TYPE] Near Miss [SITE] Refinery unit [ACTIVITY] Internal tank inspection [BARRIER_FAILURE] Fire watch missing [IOGP_RULE] Confined Space [TEXT] During routine checks at Refinery unit, Fire watch missing was observed during Internal tank inspection. Actual exposure to hazardous conditions occurred. The situation had imminent potential for fatality and was escalated immediately.",Critical,1
NM_0572,Near Miss,Wellsite,Lifting and rigging,Damaged pallet and unstable load were being raised without a spotter,Safe Mechanical Lifting,"Near-miss observation: while performing Lifting and rigging at Wellsite, the team found that Damaged pallet and unstable load were being raised without a spotter. The activity was stopped as it could have resulted in serious harm. The failed critical control created credible potential for serious injury; the task was stopped and reported to HSE.","Near-miss observation: while performing Lifting and rigging at Wellsite, the team found that Damaged pallet and unstable load were being raised without a spotter. The activity was stopped as it could have resulted in serious harm. The failed critical control created credible potential for serious injury; the task was stopped and reported to HSE.","[REPORT_TYPE] Near Miss [SITE] Wellsite [ACTIVITY] Lifting and rigging [BARRIER_FAILURE] Damaged pallet and unstable load were being raised without a spotter [IOGP_RULE] Safe Mechanical Lifting [TEXT] Near-miss observation: while performing Lifting and rigging at Wellsite, the team found that Damaged pallet and unstable load were being raised without a spotter. The activity was stopped as it could have resulted in serious harm. The failed critical control created credible potential for serious injury; the task was stopped and reported to HSE.",High,1
NM_0469,Near Miss,Truck loading bay,Compressor troubleshooting,Damaged pallet and unstable load were being raised without a spotter,Safe Mechanical Lifting,"Shift crew reported that during Compressor troubleshooting in Truck loading bay, Damaged pallet and unstable load were being raised without a spotter. The job was halted due to high-risk exposure. A supervisor issued a stop-work intervention and required a formal control verification.","Shift crew reported that during Compressor troubleshooting in Truck loading bay, Damaged pallet and unstable load were being raised without a spotter. The job was halted due to high-risk exposure. A supervisor issued a stop-work intervention and required a formal control verification.","[REPORT_TYPE] Near Miss [SITE] Truck loading bay [ACTIVITY] Compressor troubleshooting [BARRIER_FAILURE] Damaged pallet and unstable load were being raised without a spotter [IOGP_RULE] Safe Mechanical Lifting [TEXT] Shift crew reported that during Compressor troubleshooting in Truck loading bay, Damaged pallet and unstable load were being raised without a spotter. The job was halted due to high-risk exposure. A supervisor issued a stop-work intervention and required a formal control verification.",High,1
NM_0623,Near Miss,Drilling rig,Vessel entry preparation,Communication failure,Confined Space,"Near-miss observation: while performing Vessel entry preparation at Drilling rig, the team found that Communication failure. Actual exposure to hazardous conditions occurred. Multiple critical barriers were ineffective, creating imminent serious-injury or fatality potential.","Near-miss observation: while performing Vessel entry preparation at Drilling rig, the team found that Communication failure. Actual exposure to hazardous conditions occurred. Multiple critical barriers were ineffective, creating imminent serious-injury or fatality potential.","[REPORT_TYPE] Near Miss [SITE] Drilling rig [ACTIVITY] Vessel entry preparation [BARRIER_FAILURE] Communication failure [IOGP_RULE] Confined Space [TEXT] Near-miss observation: while performing Vessel entry preparation at Drilling rig, the team found that Communication failure. Actual exposure to hazardous conditions occurred. Multiple critical barriers were ineffective, creating imminent serious-injury or fatality potential.",Critical,1
NM_0285,Near Miss,Gas processing unit,Excavation work,Gas testing was overdue and no dedicated fire watch was assigned,Confined Space,"Before/during Excavation work at Gas processing unit, Gas testing was overdue and no dedicated fire watch was assigned. Work was stopped temporarily and resumed after verification. The task was paused, the control was restored, and the supervisor verified readiness before work resumed.","Before/during Excavation work at Gas processing unit, Gas testing was overdue and no dedicated fire watch was assigned. Work was stopped temporarily and resumed after verification. The task was paused, the control was restored, and the supervisor verified readiness before work resumed.","[REPORT_TYPE] Near Miss [SITE] Gas processing unit [ACTIVITY] Excavation work [BARRIER_FAILURE] Gas testing was overdue and no dedicated fire watch was assigned [IOGP_RULE] Confined Space [TEXT] Before/during Excavation work at Gas processing unit, Gas testing was overdue and no dedicated fire watch was assigned. Work was stopped temporarily and resumed after verification. The task was paused, the control was restored, and the supervisor verified readiness before work resumed.",Medium,0
NM_0384,Near Miss,Refinery unit,Pipeline inspection,Scaffold was altered without inspection tag and toe boards were missing,Driving,"During routine checks at Refinery unit, Scaffold was altered without inspection tag and toe boards were missing was observed during Pipeline inspection. Work was paused until the issue was addressed. Work was temporarily halted pending verification of the control measure.","During routine checks at Refinery unit, Scaffold was altered without inspection tag and toe boards were missing was observed during Pipeline inspection. Work was paused until the issue was addressed. Work was temporarily halted pending verification of the control measure.","[REPORT_TYPE] Near Miss [SITE] Refinery unit [ACTIVITY] Pipeline inspection [BARRIER_FAILURE] Scaffold was altered without inspection tag and toe boards were missing [IOGP_RULE] Driving [TEXT] During routine checks at Refinery unit, Scaffold was altered without inspection tag and toe boards were missing was observed during Pipeline inspection. Work was paused until the issue was addressed. Work was temporarily halted pending verification of the control measure.",Medium,0
NM_0487,Near Miss,Compressor station,Lifting valve actuator,Reversing was attempted without a banksman and pedestrian segregation,Safe Mechanical Lifting,"During routine checks at Compressor station, Reversing was attempted without a banksman and pedestrian segregation was observed during Lifting valve actuator. Work was stopped due to potential serious injury risk. Personnel were close to hazardous energy exposure, so the area was secured pending investigation.","During routine checks at Compressor station, Reversing was attempted without a banksman and pedestrian segregation was observed during Lifting valve actuator. Work was stopped due to potential serious injury risk. Personnel were close to hazardous energy exposure, so the area was secured pending investigation.","[REPORT_TYPE] Near Miss [SITE] Compressor station [ACTIVITY] Lifting valve actuator [BARRIER_FAILURE] Reversing was attempted without a banksman and pedestrian segregation [IOGP_RULE] Safe Mechanical Lifting [TEXT] During routine checks at Compressor station, Reversing was attempted without a banksman and pedestrian segregation was observed during Lifting valve actuator. Work was stopped due to potential serious injury risk. Personnel were close to hazardous energy exposure, so the area was secured pending investigation.",High,1
NM_0714,Near Miss,Gas processing unit,Pipe spool welding,Exclusion zone missing,Hot Work,"Before/during Pipe spool welding at Gas processing unit, Exclusion zone missing. Multiple workers were at risk of serious injury or fatality. Multiple critical barriers were ineffective, creating imminent serious-injury or fatality potential.","Before/during Pipe spool welding at Gas processing unit, Exclusion zone missing. Multiple workers were at risk of serious injury or fatality. Multiple critical barriers were ineffective, creating imminent serious-injury or fatality potential.","[REPORT_TYPE] Near Miss [SITE] Gas processing unit [ACTIVITY] Pipe spool welding [BARRIER_FAILURE] Exclusion zone missing [IOGP_RULE] Hot Work [TEXT] Before/during Pipe spool welding at Gas processing unit, Exclusion zone missing. Multiple workers were at risk of serious injury or fatality. Multiple critical barriers were ineffective, creating imminent serious-injury or fatality potential.",Critical,1
NM_0144,Near Miss,Offshore platform,Scaffold modification,Line was not depressurised and workers were positioned in the potential release path,Working at Height,"Near-miss observation: while performing Scaffold modification at Offshore platform, the team found that Line was not depressurised and workers were positioned in the potential release path. The area was corrected immediately. The team recorded the observation and completed immediate housekeeping correction.","Near-miss observation: while performing Scaffold modification at Offshore platform, the team found that Line was not depressurised and workers were positioned in the potential release path. The area was corrected immediately. The team recorded the observation and completed immediate housekeeping correction.","[REPORT_TYPE] Near Miss [SITE] Offshore platform [ACTIVITY] Scaffold modification [BARRIER_FAILURE] Line was not depressurised and workers were positioned in the potential release path [IOGP_RULE] Working at Height [TEXT] Near-miss observation: while performing Scaffold modification at Offshore platform, the team found that Line was not depressurised and workers were positioned in the potential release path. The area was corrected immediately. The team recorded the observation and completed immediate housekeeping correction.",Low,0
NM_0323,Near Miss,Process plant,Vessel entry preparation,Reversing was attempted without a banksman and pedestrian segregation,Confined Space,"A Reversing was attempted without a banksman and pedestrian segregation was identified during Vessel entry preparation at Process plant. The supervisor reviewed and approved continuation after correction. No one was exposed, but the observation required a documented corrective action.","A Reversing was attempted without a banksman and pedestrian segregation was identified during Vessel entry preparation at Process plant. The supervisor reviewed and approved continuation after correction. No one was exposed, but the observation required a documented corrective action.","[REPORT_TYPE] Near Miss [SITE] Process plant [ACTIVITY] Vessel entry preparation [BARRIER_FAILURE] Reversing was attempted without a banksman and pedestrian segregation [IOGP_RULE] Confined Space [TEXT] A Reversing was attempted without a banksman and pedestrian segregation was identified during Vessel entry preparation at Process plant. The supervisor reviewed and approved continuation after correction. No one was exposed, but the observation required a documented corrective action.",Medium,0
NM_0601,Near Miss,Maintenance yard,Vehicle movement,Drain cover was open and combustible vapour testing was not documented,Hot Work,A Drain cover was open and combustible vapour testing was not documented was identified during Vehicle movement at Maintenance yard. Work was stopped urgently and emergency response was initiated. The situation had imminent potential for fatality and was escalated immediately.,A Drain cover was open and combustible vapour testing was not documented was identified during Vehicle movement at Maintenance yard. Work was stopped urgently and emergency response was initiated. The situation had imminent potential for fatality and was escalated immediately.,[REPORT_TYPE] Near Miss [SITE] Maintenance yard [ACTIVITY] Vehicle movement [BARRIER_FAILURE] Drain cover was open and combustible vapour testing was not documented [IOGP_RULE] Hot Work [TEXT] A Drain cover was open and combustible vapour testing was not documented was identified during Vehicle movement at Maintenance yard. Work was stopped urgently and emergency response was initiated. The situation had imminent potential for fatality and was escalated immediately.,Critical,1
NM_0643,Near Miss,Pipeline ROW,Instrument calibration,"Lift plan, tag lines, and barricaded drop zone were not available",Safe Mechanical Lifting,"Shift crew reported that during Instrument calibration in Pipeline ROW, Lift plan, tag lines, and barricaded drop zone were not available. Work was stopped urgently and emergency response was initiated. The situation had imminent potential for fatality and was escalated immediately.","Shift crew reported that during Instrument calibration in Pipeline ROW, Lift plan, tag lines, and barricaded drop zone were not available. Work was stopped urgently and emergency response was initiated. The situation had imminent potential for fatality and was escalated immediately.","[REPORT_TYPE] Near Miss [SITE] Pipeline ROW [ACTIVITY] Instrument calibration [BARRIER_FAILURE] Lift plan, tag lines, and barricaded drop zone were not available [IOGP_RULE] Safe Mechanical Lifting [TEXT] Shift crew reported that during Instrument calibration in Pipeline ROW, Lift plan, tag lines, and barricaded drop zone were not available. Work was stopped urgently and emergency response was initiated. The situation had imminent potential for fatality and was escalated immediately.",Critical,1
NM_0130,Near Miss,Process plant,Pipeline inspection,Scaffold was altered without inspection tag and toe boards were missing,Working at Height,"During Pipeline inspection at Process plant, Scaffold was altered without inspection tag and toe boards were missing. The team corrected it without delay. The observation was logged and addressed during the same shift.","During Pipeline inspection at Process plant, Scaffold was altered without inspection tag and toe boards were missing. The team corrected it without delay. The observation was logged and addressed during the same shift.","[REPORT_TYPE] Near Miss [SITE] Process plant [ACTIVITY] Pipeline inspection [BARRIER_FAILURE] Scaffold was altered without inspection tag and toe boards were missing [IOGP_RULE] Working at Height [TEXT] During Pipeline inspection at Process plant, Scaffold was altered without inspection tag and toe boards were missing. The team corrected it without delay. The observation was logged and addressed during the same shift.",Low,0
NM_0550,Near Miss,Drilling rig,Pipe-rack inspection,Equipment defect,Confined Space,"Before/during Pipe-rack inspection at Drilling rig, Equipment defect. Critical control failure was corrected before resuming work. Work was halted due to high-risk exposure and corrective measures were implemented.","Before/during Pipe-rack inspection at Drilling rig, Equipment defect. Critical control failure was corrected before resuming work. Work was halted due to high-risk exposure and corrective measures were implemented.","[REPORT_TYPE] Near Miss [SITE] Drilling rig [ACTIVITY] Pipe-rack inspection [BARRIER_FAILURE] Equipment defect [IOGP_RULE] Confined Space [TEXT] Before/during Pipe-rack inspection at Drilling rig, Equipment defect. Critical control failure was corrected before resuming work. Work was halted due to high-risk exposure and corrective measures were implemented.",High,1
NM_0366,Near Miss,Drilling rig,Sampling and testing,Atmosphere not tested,Confined Space,A Atmosphere not tested was identified during Sampling and testing at Drilling rig. Work was paused until the issue was addressed. Work was temporarily halted pending verification of the control measure.,A Atmosphere not tested was identified during Sampling and testing at Drilling rig. Work was paused until the issue was addressed. Work was temporarily halted pending verification of the control measure.,[REPORT_TYPE] Near Miss [SITE] Drilling rig [ACTIVITY] Sampling and testing [BARRIER_FAILURE] Atmosphere not tested [IOGP_RULE] Confined Space [TEXT] A Atmosphere not tested was identified during Sampling and testing at Drilling rig. Work was paused until the issue was addressed. Work was temporarily halted pending verification of the control measure.,Medium,0
NM_0141,Near Miss,Field office area,Lifting and rigging,Line was not depressurised and workers were positioned in the potential release path,Safe Mechanical Lifting,"During Lifting and rigging at Field office area, Line was not depressurised and workers were positioned in the potential release path. Work was paused briefly and the issue was resolved. The observation was logged and addressed during the same shift.","During Lifting and rigging at Field office area, Line was not depressurised and workers were positioned in the potential release path. Work was paused briefly and the issue was resolved. The observation was logged and addressed during the same shift.","[REPORT_TYPE] Near Miss [SITE] Field office area [ACTIVITY] Lifting and rigging [BARRIER_FAILURE] Line was not depressurised and workers were positioned in the potential release path [IOGP_RULE] Safe Mechanical Lifting [TEXT] During Lifting and rigging at Field office area, Line was not depressurised and workers were positioned in the potential release path. Work was paused briefly and the issue was resolved. The observation was logged and addressed during the same shift.",Low,0
NM_0741,Near Miss,Tank farm,Well intervention,Test manifold lacked verified restraint and pressure-release exclusion controls,Line of Fire,"During routine checks at Tank farm, Test manifold lacked verified restraint and pressure-release exclusion controls was observed during Well intervention. The situation had imminent potential for fatality and was escalated immediately. Multiple critical barriers were ineffective, creating imminent serious-injury or fatality potential.","During routine checks at Tank farm, Test manifold lacked verified restraint and pressure-release exclusion controls was observed during Well intervention. The situation had imminent potential for fatality and was escalated immediately. Multiple critical barriers were ineffective, creating imminent serious-injury or fatality potential.","[REPORT_TYPE] Near Miss [SITE] Tank farm [ACTIVITY] Well intervention [BARRIER_FAILURE] Test manifold lacked verified restraint and pressure-release exclusion controls [IOGP_RULE] Line of Fire [TEXT] During routine checks at Tank farm, Test manifold lacked verified restraint and pressure-release exclusion controls was observed during Well intervention. The situation had imminent potential for fatality and was escalated immediately. Multiple critical barriers were ineffective, creating imminent serious-injury or fatality potential.",Critical,1
NM_0540,Near Miss,Truck loading bay,Hot work (welding/grinding),Permit missing,Hot Work,"During routine checks at Truck loading bay, Permit missing was observed during Hot work (welding/grinding). The activity was stopped as it could have resulted in serious harm. A supervisor issued a stop-work intervention and required a formal control verification.","During routine checks at Truck loading bay, Permit missing was observed during Hot work (welding/grinding). The activity was stopped as it could have resulted in serious harm. A supervisor issued a stop-work intervention and required a formal control verification.","[REPORT_TYPE] Near Miss [SITE] Truck loading bay [ACTIVITY] Hot work (welding/grinding) [BARRIER_FAILURE] Permit missing [IOGP_RULE] Hot Work [TEXT] During routine checks at Truck loading bay, Permit missing was observed during Hot work (welding/grinding). The activity was stopped as it could have resulted in serious harm. A supervisor issued a stop-work intervention and required a formal control verification.",High,1
NM_0590,Near Miss,Storage depot,Reversing vehicle operations,Test manifold lacked verified restraint and pressure-release exclusion controls,Driving,"During Reversing vehicle operations at Storage depot, Test manifold lacked verified restraint and pressure-release exclusion controls. Work was stopped due to potential serious injury risk. Personnel were close to hazardous energy exposure, so the area was secured pending investigation.","During Reversing vehicle operations at Storage depot, Test manifold lacked verified restraint and pressure-release exclusion controls. Work was stopped due to potential serious injury risk. Personnel were close to hazardous energy exposure, so the area was secured pending investigation.","[REPORT_TYPE] Near Miss [SITE] Storage depot [ACTIVITY] Reversing vehicle operations [BARRIER_FAILURE] Test manifold lacked verified restraint and pressure-release exclusion controls [IOGP_RULE] Driving [TEXT] During Reversing vehicle operations at Storage depot, Test manifold lacked verified restraint and pressure-release exclusion controls. Work was stopped due to potential serious injury risk. Personnel were close to hazardous energy exposure, so the area was secured pending investigation.",High,1
NM_0406,Near Miss,Gas processing unit,Tank farm operations,"Lift plan, tag lines, and barricaded drop zone were not available",Confined Space,"Shift crew reported that during Tank farm operations in Gas processing unit, Lift plan, tag lines, and barricaded drop zone were not available. Critical control failure was corrected before resuming work. A supervisor issued a stop-work intervention and required a formal control verification.","Shift crew reported that during Tank farm operations in Gas processing unit, Lift plan, tag lines, and barricaded drop zone were not available. Critical control failure was corrected before resuming work. A supervisor issued a stop-work intervention and required a formal control verification.","[REPORT_TYPE] Near Miss [SITE] Gas processing unit [ACTIVITY] Tank farm operations [BARRIER_FAILURE] Lift plan, tag lines, and barricaded drop zone were not available [IOGP_RULE] Confined Space [TEXT] Shift crew reported that during Tank farm operations in Gas processing unit, Lift plan, tag lines, and barricaded drop zone were not available. Critical control failure was corrected before resuming work. A supervisor issued a stop-work intervention and required a formal control verification.",High,1
NM_0149,Near Miss,Compressor station,Tank farm operations,Sample bottle label was unclear and secondary containment was not positioned,Confined Space,Inspection revealed Sample bottle label was unclear and secondary containment was not positioned during Tank farm operations at Compressor station. Work was paused briefly and the issue was resolved. The observation was logged and addressed during the same shift.,Inspection revealed Sample bottle label was unclear and secondary containment was not positioned during Tank farm operations at Compressor station. Work was paused briefly and the issue was resolved. The observation was logged and addressed during the same shift.,[REPORT_TYPE] Near Miss [SITE] Compressor station [ACTIVITY] Tank farm operations [BARRIER_FAILURE] Sample bottle label was unclear and secondary containment was not positioned [IOGP_RULE] Confined Space [TEXT] Inspection revealed Sample bottle label was unclear and secondary containment was not positioned during Tank farm operations at Compressor station. Work was paused briefly and the issue was resolved. The observation was logged and addressed during the same shift.,Low,0
NM_0665,Near Miss,Truck loading bay,Hydrostatic pressure test,Gas testing was overdue and no dedicated fire watch was assigned,Confined Space,"During Hydrostatic pressure test at Truck loading bay, Gas testing was overdue and no dedicated fire watch was assigned. All personnel were evacuated. Multiple critical barriers were ineffective, creating imminent serious-injury or fatality potential.","During Hydrostatic pressure test at Truck loading bay, Gas testing was overdue and no dedicated fire watch was assigned. All personnel were evacuated. Multiple critical barriers were ineffective, creating imminent serious-injury or fatality potential.","[REPORT_TYPE] Near Miss [SITE] Truck loading bay [ACTIVITY] Hydrostatic pressure test [BARRIER_FAILURE] Gas testing was overdue and no dedicated fire watch was assigned [IOGP_RULE] Confined Space [TEXT] During Hydrostatic pressure test at Truck loading bay, Gas testing was overdue and no dedicated fire watch was assigned. All personnel were evacuated. Multiple critical barriers were ineffective, creating imminent serious-injury or fatality potential.",Critical,1
NM_0400,Near Miss,Compressor station,Breaking a pressurised flange,Communication failure,Hot Work,Inspection revealed Communication failure during Breaking a pressurised flange at Compressor station. Work was paused until the issue was addressed. The crew escalated the issue through the shift safety meeting and closed it before continuation.,Inspection revealed Communication failure during Breaking a pressurised flange at Compressor station. Work was paused until the issue was addressed. The crew escalated the issue through the shift safety meeting and closed it before continuation.,[REPORT_TYPE] Near Miss [SITE] Compressor station [ACTIVITY] Breaking a pressurised flange [BARRIER_FAILURE] Communication failure [IOGP_RULE] Hot Work [TEXT] Inspection revealed Communication failure during Breaking a pressurised flange at Compressor station. Work was paused until the issue was addressed. The crew escalated the issue through the shift safety meeting and closed it before continuation.,Medium,0
NM_0385,Near Miss,Process plant,Forklift pallet handling,Electrical supply and process pressure isolation were not independently verified,Safe Mechanical Lifting,"Before/during Forklift pallet handling at Process plant, Electrical supply and process pressure isolation were not independently verified. The activity was delayed pending correction. The crew escalated the issue through the shift safety meeting and closed it before continuation.","Before/during Forklift pallet handling at Process plant, Electrical supply and process pressure isolation were not independently verified. The activity was delayed pending correction. The crew escalated the issue through the shift safety meeting and closed it before continuation.","[REPORT_TYPE] Near Miss [SITE] Process plant [ACTIVITY] Forklift pallet handling [BARRIER_FAILURE] Electrical supply and process pressure isolation were not independently verified [IOGP_RULE] Safe Mechanical Lifting [TEXT] Before/during Forklift pallet handling at Process plant, Electrical supply and process pressure isolation were not independently verified. The activity was delayed pending correction. The crew escalated the issue through the shift safety meeting and closed it before continuation.",Medium,0
NM_0541,Near Miss,Storage depot,Pressure vessel testing,Lockout-tagout missing,Confined Space,"During routine checks at Storage depot, Lockout-tagout missing was observed during Pressure vessel testing. The situation had credible potential for serious injury. The situation had credible potential for serious injury and was escalated immediately.","During routine checks at Storage depot, Lockout-tagout missing was observed during Pressure vessel testing. The situation had credible potential for serious injury. The situation had credible potential for serious injury and was escalated immediately.","[REPORT_TYPE] Near Miss [SITE] Storage depot [ACTIVITY] Pressure vessel testing [BARRIER_FAILURE] Lockout-tagout missing [IOGP_RULE] Confined Space [TEXT] During routine checks at Storage depot, Lockout-tagout missing was observed during Pressure vessel testing. The situation had credible potential for serious injury. The situation had credible potential for serious injury and was escalated immediately.",High,1
NM_0458,Near Miss,Drilling rig,Equipment maintenance,Atmosphere not tested,Confined Space,"During routine checks at Drilling rig, Atmosphere not tested was observed during Equipment maintenance. The job was halted due to high-risk exposure. The failed critical control created credible potential for serious injury; the task was stopped and reported to HSE.","During routine checks at Drilling rig, Atmosphere not tested was observed during Equipment maintenance. The job was halted due to high-risk exposure. The failed critical control created credible potential for serious injury; the task was stopped and reported to HSE.","[REPORT_TYPE] Near Miss [SITE] Drilling rig [ACTIVITY] Equipment maintenance [BARRIER_FAILURE] Atmosphere not tested [IOGP_RULE] Confined Space [TEXT] During routine checks at Drilling rig, Atmosphere not tested was observed during Equipment maintenance. The job was halted due to high-risk exposure. The failed critical control created credible potential for serious injury; the task was stopped and reported to HSE.",High,1
NM_0074,Near Miss,LPG bottling plant,Process unit startup/shutdown,Scaffold was altered without inspection tag and toe boards were missing,Bypassing Safety Controls,"Shift crew reported that during Process unit startup/shutdown in LPG bottling plant, Scaffold was altered without inspection tag and toe boards were missing. The area was corrected immediately. The issue was minor and was rectified before it affected the task.","Shift crew reported that during Process unit startup/shutdown in LPG bottling plant, Scaffold was altered without inspection tag and toe boards were missing. The area was corrected immediately. The issue was minor and was rectified before it affected the task.","[REPORT_TYPE] Near Miss [SITE] LPG bottling plant [ACTIVITY] Process unit startup/shutdown [BARRIER_FAILURE] Scaffold was altered without inspection tag and toe boards were missing [IOGP_RULE] Bypassing Safety Controls [TEXT] Shift crew reported that during Process unit startup/shutdown in LPG bottling plant, Scaffold was altered without inspection tag and toe boards were missing. The area was corrected immediately. The issue was minor and was rectified before it affected the task.",Low,0
NM_0031,Near Miss,Pipeline ROW,Crude transfer vehicle movement,Electrical supply and process pressure isolation were not independently verified,Energy Isolation,"Near-miss observation: while performing Crude transfer vehicle movement at Pipeline ROW, the team found that Electrical supply and process pressure isolation were not independently verified. The team corrected it without delay. The observation was logged and addressed during the same shift.","Near-miss observation: while performing Crude transfer vehicle movement at Pipeline ROW, the team found that Electrical supply and process pressure isolation were not independently verified. The team corrected it without delay. The observation was logged and addressed during the same shift.","[REPORT_TYPE] Near Miss [SITE] Pipeline ROW [ACTIVITY] Crude transfer vehicle movement [BARRIER_FAILURE] Electrical supply and process pressure isolation were not independently verified [IOGP_RULE] Energy Isolation [TEXT] Near-miss observation: while performing Crude transfer vehicle movement at Pipeline ROW, the team found that Electrical supply and process pressure isolation were not independently verified. The team corrected it without delay. The observation was logged and addressed during the same shift.",Low,0
NM_0638,Near Miss,Pump station,Crude transfer vehicle movement,Isolation not verified,Energy Isolation,"Before/during Crude transfer vehicle movement at Pump station, Isolation not verified. All personnel were evacuated. Personnel were moved to a safe location and the event was treated as a high-potential near miss.","Before/during Crude transfer vehicle movement at Pump station, Isolation not verified. All personnel were evacuated. Personnel were moved to a safe location and the event was treated as a high-potential near miss.","[REPORT_TYPE] Near Miss [SITE] Pump station [ACTIVITY] Crude transfer vehicle movement [BARRIER_FAILURE] Isolation not verified [IOGP_RULE] Energy Isolation [TEXT] Before/during Crude transfer vehicle movement at Pump station, Isolation not verified. All personnel were evacuated. Personnel were moved to a safe location and the event was treated as a high-potential near miss.",Critical,1
NM_0533,Near Miss,Refinery unit,Hydrostatic pressure test,Line was not depressurised and workers were positioned in the potential release path,Line of Fire,"During Hydrostatic pressure test at Refinery unit, Line was not depressurised and workers were positioned in the potential release path. Work was stopped due to potential serious injury risk. Work was halted due to high-risk exposure and corrective measures were implemented.","During Hydrostatic pressure test at Refinery unit, Line was not depressurised and workers were positioned in the potential release path. Work was stopped due to potential serious injury risk. Work was halted due to high-risk exposure and corrective measures were implemented.","[REPORT_TYPE] Near Miss [SITE] Refinery unit [ACTIVITY] Hydrostatic pressure test [BARRIER_FAILURE] Line was not depressurised and workers were positioned in the potential release path [IOGP_RULE] Line of Fire [TEXT] During Hydrostatic pressure test at Refinery unit, Line was not depressurised and workers were positioned in the potential release path. Work was stopped due to potential serious injury risk. Work was halted due to high-risk exposure and corrective measures were implemented.",High,1
NM_0298,Near Miss,Maintenance yard,Forklift pallet handling,Spill containment missing,Safe Mechanical Lifting,"During Forklift pallet handling at Maintenance yard, Spill containment missing. Work was paused until the issue was addressed. The supervisor reviewed the situation and approved continuation after correction.","During Forklift pallet handling at Maintenance yard, Spill containment missing. Work was paused until the issue was addressed. The supervisor reviewed the situation and approved continuation after correction.","[REPORT_TYPE] Near Miss [SITE] Maintenance yard [ACTIVITY] Forklift pallet handling [BARRIER_FAILURE] Spill containment missing [IOGP_RULE] Safe Mechanical Lifting [TEXT] During Forklift pallet handling at Maintenance yard, Spill containment missing. Work was paused until the issue was addressed. The supervisor reviewed the situation and approved continuation after correction.",Medium,0
NM_0004,Near Miss,Maintenance yard,Scaffolding work,Tool inspection missing,Working at Height,"During routine checks at Maintenance yard, Tool inspection missing was observed during Scaffolding work. The team corrected it without delay. The condition was corrected during the routine inspection, with no exposure to hazardous energy.","During routine checks at Maintenance yard, Tool inspection missing was observed during Scaffolding work. The team corrected it without delay. The condition was corrected during the routine inspection, with no exposure to hazardous energy.","[REPORT_TYPE] Near Miss [SITE] Maintenance yard [ACTIVITY] Scaffolding work [BARRIER_FAILURE] Tool inspection missing [IOGP_RULE] Working at Height [TEXT] During routine checks at Maintenance yard, Tool inspection missing was observed during Scaffolding work. The team corrected it without delay. The condition was corrected during the routine inspection, with no exposure to hazardous energy.",Low,0
NM_0704,Near Miss,Process plant,Housekeeping inspection,Gas test missing,Confined Space,A Gas test missing was identified during Housekeeping inspection at Process plant. Multiple workers were at risk of serious injury or fatality. All personnel were evacuated and the area was secured pending full investigation.,A Gas test missing was identified during Housekeeping inspection at Process plant. Multiple workers were at risk of serious injury or fatality. All personnel were evacuated and the area was secured pending full investigation.,[REPORT_TYPE] Near Miss [SITE] Process plant [ACTIVITY] Housekeeping inspection [BARRIER_FAILURE] Gas test missing [IOGP_RULE] Confined Space [TEXT] A Gas test missing was identified during Housekeeping inspection at Process plant. Multiple workers were at risk of serious injury or fatality. All personnel were evacuated and the area was secured pending full investigation.,Critical,1
NM_0304,Near Miss,Wellsite,Scaffolding work,Communication failure,Working at Height,"During routine checks at Wellsite, Communication failure was observed during Scaffolding work. The activity was delayed pending correction. No one was exposed, but the observation required a documented corrective action.","During routine checks at Wellsite, Communication failure was observed during Scaffolding work. The activity was delayed pending correction. No one was exposed, but the observation required a documented corrective action.","[REPORT_TYPE] Near Miss [SITE] Wellsite [ACTIVITY] Scaffolding work [BARRIER_FAILURE] Communication failure [IOGP_RULE] Working at Height [TEXT] During routine checks at Wellsite, Communication failure was observed during Scaffolding work. The activity was delayed pending correction. No one was exposed, but the observation required a documented corrective action.",Medium,0
NM_0215,Near Miss,Pipeline ROW,Scaffold modification,Communication failure,Working at Height,"Near-miss observation: while performing Scaffold modification at Pipeline ROW, the team found that Communication failure. The job proceeded only after corrective measures. The crew escalated the issue through the shift safety meeting and closed it before continuation.","Near-miss observation: while performing Scaffold modification at Pipeline ROW, the team found that Communication failure. The job proceeded only after corrective measures. The crew escalated the issue through the shift safety meeting and closed it before continuation.","[REPORT_TYPE] Near Miss [SITE] Pipeline ROW [ACTIVITY] Scaffold modification [BARRIER_FAILURE] Communication failure [IOGP_RULE] Working at Height [TEXT] Near-miss observation: while performing Scaffold modification at Pipeline ROW, the team found that Communication failure. The job proceeded only after corrective measures. The crew escalated the issue through the shift safety meeting and closed it before continuation.",Medium,0
NM_0720,Near Miss,Maintenance yard,Pipeline inspection,Fire watch missing,Hot Work,A Fire watch missing was identified during Pipeline inspection at Maintenance yard. Multiple workers were at risk of serious injury or fatality. Personnel were moved to a safe location and the event was treated as a high-potential near miss.,A Fire watch missing was identified during Pipeline inspection at Maintenance yard. Multiple workers were at risk of serious injury or fatality. Personnel were moved to a safe location and the event was treated as a high-potential near miss.,[REPORT_TYPE] Near Miss [SITE] Maintenance yard [ACTIVITY] Pipeline inspection [BARRIER_FAILURE] Fire watch missing [IOGP_RULE] Hot Work [TEXT] A Fire watch missing was identified during Pipeline inspection at Maintenance yard. Multiple workers were at risk of serious injury or fatality. Personnel were moved to a safe location and the event was treated as a high-potential near miss.,Critical,1
NM_0666,Near Miss,Wellsite,Lifting and rigging,Fall arrest missing,Safe Mechanical Lifting,"Near-miss observation: while performing Lifting and rigging at Wellsite, the team found that Fall arrest missing. Actual exposure to hazardous conditions occurred. The situation had imminent potential for fatality and was escalated immediately.","Near-miss observation: while performing Lifting and rigging at Wellsite, the team found that Fall arrest missing. Actual exposure to hazardous conditions occurred. The situation had imminent potential for fatality and was escalated immediately.","[REPORT_TYPE] Near Miss [SITE] Wellsite [ACTIVITY] Lifting and rigging [BARRIER_FAILURE] Fall arrest missing [IOGP_RULE] Safe Mechanical Lifting [TEXT] Near-miss observation: while performing Lifting and rigging at Wellsite, the team found that Fall arrest missing. Actual exposure to hazardous conditions occurred. The situation had imminent potential for fatality and was escalated immediately.",Critical,1
NM_0220,Near Miss,Truck loading bay,Manual handling of tubulars,Gas testing was overdue and no dedicated fire watch was assigned,Confined Space,"Near-miss observation: while performing Manual handling of tubulars at Truck loading bay, the team found that Gas testing was overdue and no dedicated fire watch was assigned. The job proceeded only after corrective measures. No one was exposed, but the observation required a documented corrective action.","Near-miss observation: while performing Manual handling of tubulars at Truck loading bay, the team found that Gas testing was overdue and no dedicated fire watch was assigned. The job proceeded only after corrective measures. No one was exposed, but the observation required a documented corrective action.","[REPORT_TYPE] Near Miss [SITE] Truck loading bay [ACTIVITY] Manual handling of tubulars [BARRIER_FAILURE] Gas testing was overdue and no dedicated fire watch was assigned [IOGP_RULE] Confined Space [TEXT] Near-miss observation: while performing Manual handling of tubulars at Truck loading bay, the team found that Gas testing was overdue and no dedicated fire watch was assigned. The job proceeded only after corrective measures. No one was exposed, but the observation required a documented corrective action.",Medium,0
NM_0333,Near Miss,Gas processing unit,Sampling and testing,Supervision absent,None/Not Applicable,"A Supervision absent was identified during Sampling and testing at Gas processing unit. Work was paused until the issue was addressed. No one was exposed, but the observation required a documented corrective action.","A Supervision absent was identified during Sampling and testing at Gas processing unit. Work was paused until the issue was addressed. No one was exposed, but the observation required a documented corrective action.","[REPORT_TYPE] Near Miss [SITE] Gas processing unit [ACTIVITY] Sampling and testing [BARRIER_FAILURE] Supervision absent [IOGP_RULE] None/Not Applicable [TEXT] A Supervision absent was identified during Sampling and testing at Gas processing unit. Work was paused until the issue was addressed. No one was exposed, but the observation required a documented corrective action.",Medium,0
NM_0685,Near Miss,Truck loading bay,Reversing vehicle operations,Supervision absent,Driving,"Shift crew reported that during Reversing vehicle operations in Truck loading bay, Supervision absent. Multiple workers were at risk of serious injury or fatality. Personnel were moved to a safe location and the event was treated as a high-potential near miss.","Shift crew reported that during Reversing vehicle operations in Truck loading bay, Supervision absent. Multiple workers were at risk of serious injury or fatality. Personnel were moved to a safe location and the event was treated as a high-potential near miss.","[REPORT_TYPE] Near Miss [SITE] Truck loading bay [ACTIVITY] Reversing vehicle operations [BARRIER_FAILURE] Supervision absent [IOGP_RULE] Driving [TEXT] Shift crew reported that during Reversing vehicle operations in Truck loading bay, Supervision absent. Multiple workers were at risk of serious injury or fatality. Personnel were moved to a safe location and the event was treated as a high-potential near miss.",Critical,1
NM_0019,Near Miss,Storage depot,Vehicle movement,Pneumatic energy isolation was not locked and residual pressure remained in the line,Energy Isolation,"Before/during Vehicle movement at Storage depot, Pneumatic energy isolation was not locked and residual pressure remained in the line. The area was corrected immediately. The team recorded the observation and completed immediate housekeeping correction.","Before/during Vehicle movement at Storage depot, Pneumatic energy isolation was not locked and residual pressure remained in the line. The area was corrected immediately. The team recorded the observation and completed immediate housekeeping correction.","[REPORT_TYPE] Near Miss [SITE] Storage depot [ACTIVITY] Vehicle movement [BARRIER_FAILURE] Pneumatic energy isolation was not locked and residual pressure remained in the line [IOGP_RULE] Energy Isolation [TEXT] Before/during Vehicle movement at Storage depot, Pneumatic energy isolation was not locked and residual pressure remained in the line. The area was corrected immediately. The team recorded the observation and completed immediate housekeeping correction.",Low,0
NM_0429,Near Miss,Storage depot,Hot work (welding/grinding),Permit missing,Hot Work,Inspection revealed Permit missing during Hot work (welding/grinding) at Storage depot. Critical control failure was corrected before resuming work. Work was halted due to high-risk exposure and corrective measures were implemented.,Inspection revealed Permit missing during Hot work (welding/grinding) at Storage depot. Critical control failure was corrected before resuming work. Work was halted due to high-risk exposure and corrective measures were implemented.,[REPORT_TYPE] Near Miss [SITE] Storage depot [ACTIVITY] Hot work (welding/grinding) [BARRIER_FAILURE] Permit missing [IOGP_RULE] Hot Work [TEXT] Inspection revealed Permit missing during Hot work (welding/grinding) at Storage depot. Critical control failure was corrected before resuming work. Work was halted due to high-risk exposure and corrective measures were implemented.,High,1
NM_0748,Near Miss,Truck loading bay,Night driving to remote site,Work scope had changed but the permit and job safety analysis were not revalidated,Confined Space,"During Night driving to remote site at Truck loading bay, Work scope had changed but the permit and job safety analysis were not revalidated. Multiple workers were at risk of serious injury or fatality. The situation had imminent potential for fatality and was escalated immediately.","During Night driving to remote site at Truck loading bay, Work scope had changed but the permit and job safety analysis were not revalidated. Multiple workers were at risk of serious injury or fatality. The situation had imminent potential for fatality and was escalated immediately.","[REPORT_TYPE] Near Miss [SITE] Truck loading bay [ACTIVITY] Night driving to remote site [BARRIER_FAILURE] Work scope had changed but the permit and job safety analysis were not revalidated [IOGP_RULE] Confined Space [TEXT] During Night driving to remote site at Truck loading bay, Work scope had changed but the permit and job safety analysis were not revalidated. Multiple workers were at risk of serious injury or fatality. The situation had imminent potential for fatality and was escalated immediately.",Critical,1
NM_0783,Near Miss,Wellsite,Hydrostatic pressure test,Open edge protection and full-body harness anchorage were unavailable,Working at Height,"During Hydrostatic pressure test at Wellsite, Open edge protection and full-body harness anchorage were unavailable. Multiple workers were at risk of serious injury or fatality. The condition presented immediate potentially fatal exposure; operations were stopped, the area was isolated, and emergency escalation began.","During Hydrostatic pressure test at Wellsite, Open edge protection and full-body harness anchorage were unavailable. Multiple workers were at risk of serious injury or fatality. The condition presented immediate potentially fatal exposure; operations were stopped, the area was isolated, and emergency escalation began.","[REPORT_TYPE] Near Miss [SITE] Wellsite [ACTIVITY] Hydrostatic pressure test [BARRIER_FAILURE] Open edge protection and full-body harness anchorage were unavailable [IOGP_RULE] Working at Height [TEXT] During Hydrostatic pressure test at Wellsite, Open edge protection and full-body harness anchorage were unavailable. Multiple workers were at risk of serious injury or fatality. The condition presented immediate potentially fatal exposure; operations were stopped, the area was isolated, and emergency escalation began.",Critical,1
NM_0193,Near Miss,Pump station,Sampling and testing,Fall arrest missing,Working at Height,"A Fall arrest missing was identified during Sampling and testing at Pump station. The team corrected it without delay. The condition was corrected during the routine inspection, with no exposure to hazardous energy.","A Fall arrest missing was identified during Sampling and testing at Pump station. The team corrected it without delay. The condition was corrected during the routine inspection, with no exposure to hazardous energy.","[REPORT_TYPE] Near Miss [SITE] Pump station [ACTIVITY] Sampling and testing [BARRIER_FAILURE] Fall arrest missing [IOGP_RULE] Working at Height [TEXT] A Fall arrest missing was identified during Sampling and testing at Pump station. The team corrected it without delay. The condition was corrected during the routine inspection, with no exposure to hazardous energy.",Low,0
NM_0245,Near Miss,Maintenance yard,Valve maintenance,Excavation edge was not barricaded and underground utility mark-out was incomplete,Working at Height,"During routine checks at Maintenance yard, Excavation edge was not barricaded and underground utility mark-out was incomplete was observed during Valve maintenance. The activity was delayed pending correction. The task was paused, the control was restored, and the supervisor verified readiness before work resumed.","During routine checks at Maintenance yard, Excavation edge was not barricaded and underground utility mark-out was incomplete was observed during Valve maintenance. The activity was delayed pending correction. The task was paused, the control was restored, and the supervisor verified readiness before work resumed.","[REPORT_TYPE] Near Miss [SITE] Maintenance yard [ACTIVITY] Valve maintenance [BARRIER_FAILURE] Excavation edge was not barricaded and underground utility mark-out was incomplete [IOGP_RULE] Working at Height [TEXT] During routine checks at Maintenance yard, Excavation edge was not barricaded and underground utility mark-out was incomplete was observed during Valve maintenance. The activity was delayed pending correction. The task was paused, the control was restored, and the supervisor verified readiness before work resumed.",Medium,0
NM_0248,Near Miss,Refinery unit,Wellhead valve maintenance,Warning sign missing,Safe Mechanical Lifting,Inspection revealed Warning sign missing during Wellhead valve maintenance at Refinery unit. The activity was delayed pending correction. The supervisor reviewed the situation and approved continuation after correction.,Inspection revealed Warning sign missing during Wellhead valve maintenance at Refinery unit. The activity was delayed pending correction. The supervisor reviewed the situation and approved continuation after correction.,[REPORT_TYPE] Near Miss [SITE] Refinery unit [ACTIVITY] Wellhead valve maintenance [BARRIER_FAILURE] Warning sign missing [IOGP_RULE] Safe Mechanical Lifting [TEXT] Inspection revealed Warning sign missing during Wellhead valve maintenance at Refinery unit. The activity was delayed pending correction. The supervisor reviewed the situation and approved continuation after correction.,Medium,0
NM_0422,Near Miss,Drilling rig,Manual handling of tubulars,Pneumatic energy isolation was not locked and residual pressure remained in the line,Energy Isolation,A Pneumatic energy isolation was not locked and residual pressure remained in the line was identified during Manual handling of tubulars at Drilling rig. The situation had credible potential for serious injury. The failed critical control created credible potential for serious injury; the task was stopped and reported to HSE.,A Pneumatic energy isolation was not locked and residual pressure remained in the line was identified during Manual handling of tubulars at Drilling rig. The situation had credible potential for serious injury. The failed critical control created credible potential for serious injury; the task was stopped and reported to HSE.,[REPORT_TYPE] Near Miss [SITE] Drilling rig [ACTIVITY] Manual handling of tubulars [BARRIER_FAILURE] Pneumatic energy isolation was not locked and residual pressure remained in the line [IOGP_RULE] Energy Isolation [TEXT] A Pneumatic energy isolation was not locked and residual pressure remained in the line was identified during Manual handling of tubulars at Drilling rig. The situation had credible potential for serious injury. The failed critical control created credible potential for serious injury; the task was stopped and reported to HSE.,High,1
NM_0137,Near Miss,Storage tank,Grinding near drain,Test manifold lacked verified restraint and pressure-release exclusion controls,Hot Work,A Test manifold lacked verified restraint and pressure-release exclusion controls was identified during Grinding near drain at Storage tank. The team corrected it without delay. No work stoppage was required as the risk was minimal.,A Test manifold lacked verified restraint and pressure-release exclusion controls was identified during Grinding near drain at Storage tank. The team corrected it without delay. No work stoppage was required as the risk was minimal.,[REPORT_TYPE] Near Miss [SITE] Storage tank [ACTIVITY] Grinding near drain [BARRIER_FAILURE] Test manifold lacked verified restraint and pressure-release exclusion controls [IOGP_RULE] Hot Work [TEXT] A Test manifold lacked verified restraint and pressure-release exclusion controls was identified during Grinding near drain at Storage tank. The team corrected it without delay. No work stoppage was required as the risk was minimal.,Low,0
NM_0389,Near Miss,Refinery unit,Confined space entry,Guard missing,Confined Space,A Guard missing was identified during Confined space entry at Refinery unit. Work was paused until the issue was addressed. The crew escalated the issue through the shift safety meeting and closed it before continuation.,A Guard missing was identified during Confined space entry at Refinery unit. Work was paused until the issue was addressed. The crew escalated the issue through the shift safety meeting and closed it before continuation.,[REPORT_TYPE] Near Miss [SITE] Refinery unit [ACTIVITY] Confined space entry [BARRIER_FAILURE] Guard missing [IOGP_RULE] Confined Space [TEXT] A Guard missing was identified during Confined space entry at Refinery unit. Work was paused until the issue was addressed. The crew escalated the issue through the shift safety meeting and closed it before continuation.,Medium,0
NM_0232,Near Miss,Maintenance yard,Breaking a pressurised flange,Sample bottle label was unclear and secondary containment was not positioned,Bypassing Safety Controls,Inspection revealed Sample bottle label was unclear and secondary containment was not positioned during Breaking a pressurised flange at Maintenance yard. The activity was delayed pending correction. The supervisor reviewed the situation and approved continuation after correction.,Inspection revealed Sample bottle label was unclear and secondary containment was not positioned during Breaking a pressurised flange at Maintenance yard. The activity was delayed pending correction. The supervisor reviewed the situation and approved continuation after correction.,[REPORT_TYPE] Near Miss [SITE] Maintenance yard [ACTIVITY] Breaking a pressurised flange [BARRIER_FAILURE] Sample bottle label was unclear and secondary containment was not positioned [IOGP_RULE] Bypassing Safety Controls [TEXT] Inspection revealed Sample bottle label was unclear and secondary containment was not positioned during Breaking a pressurised flange at Maintenance yard. The activity was delayed pending correction. The supervisor reviewed the situation and approved continuation after correction.,Medium,0
NM_0270,Near Miss,Wellsite,Hydrostatic pressure test,Open edge protection and full-body harness anchorage were unavailable,Working at Height,"Shift crew reported that during Hydrostatic pressure test in Wellsite, Open edge protection and full-body harness anchorage were unavailable. Work was stopped temporarily and resumed after verification. The crew escalated the issue through the shift safety meeting and closed it before continuation.","Shift crew reported that during Hydrostatic pressure test in Wellsite, Open edge protection and full-body harness anchorage were unavailable. Work was stopped temporarily and resumed after verification. The crew escalated the issue through the shift safety meeting and closed it before continuation.","[REPORT_TYPE] Near Miss [SITE] Wellsite [ACTIVITY] Hydrostatic pressure test [BARRIER_FAILURE] Open edge protection and full-body harness anchorage were unavailable [IOGP_RULE] Working at Height [TEXT] Shift crew reported that during Hydrostatic pressure test in Wellsite, Open edge protection and full-body harness anchorage were unavailable. Work was stopped temporarily and resumed after verification. The crew escalated the issue through the shift safety meeting and closed it before continuation.",Medium,0
NM_0344,Near Miss,Refinery unit,Pump maintenance,Permit missing,Work Authorization,"Before/during Pump maintenance at Refinery unit, Permit missing. The supervisor reviewed and approved continuation after correction. No one was exposed, but the observation required a documented corrective action.","Before/during Pump maintenance at Refinery unit, Permit missing. The supervisor reviewed and approved continuation after correction. No one was exposed, but the observation required a documented corrective action.","[REPORT_TYPE] Near Miss [SITE] Refinery unit [ACTIVITY] Pump maintenance [BARRIER_FAILURE] Permit missing [IOGP_RULE] Work Authorization [TEXT] Before/during Pump maintenance at Refinery unit, Permit missing. The supervisor reviewed and approved continuation after correction. No one was exposed, but the observation required a documented corrective action.",Medium,0
NM_0655,Near Miss,LPG bottling plant,Pipe-rack inspection,Emergency response delayed,Working at Height,"Before/during Pipe-rack inspection at LPG bottling plant, Emergency response delayed. The situation had imminent potential for fatality and was escalated immediately. The condition presented immediate potentially fatal exposure; operations were stopped, the area was isolated, and emergency escalation began.","Before/during Pipe-rack inspection at LPG bottling plant, Emergency response delayed. The situation had imminent potential for fatality and was escalated immediately. The condition presented immediate potentially fatal exposure; operations were stopped, the area was isolated, and emergency escalation began.","[REPORT_TYPE] Near Miss [SITE] LPG bottling plant [ACTIVITY] Pipe-rack inspection [BARRIER_FAILURE] Emergency response delayed [IOGP_RULE] Working at Height [TEXT] Before/during Pipe-rack inspection at LPG bottling plant, Emergency response delayed. The situation had imminent potential for fatality and was escalated immediately. The condition presented immediate potentially fatal exposure; operations were stopped, the area was isolated, and emergency escalation began.",Critical,1
NM_0405,Near Miss,Maintenance yard,LPG bottling operations,Damaged pallet and unstable load were being raised without a spotter,Confined Space,"During LPG bottling operations at Maintenance yard, Damaged pallet and unstable load were being raised without a spotter. The situation had credible potential for serious injury. The failed critical control created credible potential for serious injury; the task was stopped and reported to HSE.","During LPG bottling operations at Maintenance yard, Damaged pallet and unstable load were being raised without a spotter. The situation had credible potential for serious injury. The failed critical control created credible potential for serious injury; the task was stopped and reported to HSE.","[REPORT_TYPE] Near Miss [SITE] Maintenance yard [ACTIVITY] LPG bottling operations [BARRIER_FAILURE] Damaged pallet and unstable load were being raised without a spotter [IOGP_RULE] Confined Space [TEXT] During LPG bottling operations at Maintenance yard, Damaged pallet and unstable load were being raised without a spotter. The situation had credible potential for serious injury. The failed critical control created credible potential for serious injury; the task was stopped and reported to HSE.",High,1
NM_0716,Near Miss,Storage depot,Pipeline inspection,Hands were placed near pinch points and no designated signaler was present,Line of Fire,"During Pipeline inspection at Storage depot, Hands were placed near pinch points and no designated signaler was present. Multiple workers were at risk of serious injury or fatality. Personnel were moved to a safe location and the event was treated as a high-potential near miss.","During Pipeline inspection at Storage depot, Hands were placed near pinch points and no designated signaler was present. Multiple workers were at risk of serious injury or fatality. Personnel were moved to a safe location and the event was treated as a high-potential near miss.","[REPORT_TYPE] Near Miss [SITE] Storage depot [ACTIVITY] Pipeline inspection [BARRIER_FAILURE] Hands were placed near pinch points and no designated signaler was present [IOGP_RULE] Line of Fire [TEXT] During Pipeline inspection at Storage depot, Hands were placed near pinch points and no designated signaler was present. Multiple workers were at risk of serious injury or fatality. Personnel were moved to a safe location and the event was treated as a high-potential near miss.",Critical,1
NM_0238,Near Miss,Compressor station,Excavation work,Hands were placed near pinch points and no designated signaler was present,Line of Fire,"Shift crew reported that during Excavation work in Compressor station, Hands were placed near pinch points and no designated signaler was present. The activity was delayed pending correction. No one was exposed, but the observation required a documented corrective action.","Shift crew reported that during Excavation work in Compressor station, Hands were placed near pinch points and no designated signaler was present. The activity was delayed pending correction. No one was exposed, but the observation required a documented corrective action.","[REPORT_TYPE] Near Miss [SITE] Compressor station [ACTIVITY] Excavation work [BARRIER_FAILURE] Hands were placed near pinch points and no designated signaler was present [IOGP_RULE] Line of Fire [TEXT] Shift crew reported that during Excavation work in Compressor station, Hands were placed near pinch points and no designated signaler was present. The activity was delayed pending correction. No one was exposed, but the observation required a documented corrective action.",Medium,0
NM_0567,Near Miss,Field office area,Equipment maintenance,Fall arrest missing,Working at Height,"Near-miss observation: while performing Equipment maintenance at Field office area, the team found that Fall arrest missing. The situation had credible potential for serious injury. A supervisor issued a stop-work intervention and required a formal control verification.","Near-miss observation: while performing Equipment maintenance at Field office area, the team found that Fall arrest missing. The situation had credible potential for serious injury. A supervisor issued a stop-work intervention and required a formal control verification.","[REPORT_TYPE] Near Miss [SITE] Field office area [ACTIVITY] Equipment maintenance [BARRIER_FAILURE] Fall arrest missing [IOGP_RULE] Working at Height [TEXT] Near-miss observation: while performing Equipment maintenance at Field office area, the team found that Fall arrest missing. The situation had credible potential for serious injury. A supervisor issued a stop-work intervention and required a formal control verification.",High,1
NM_0570,Near Miss,Pipeline ROW,Loading/unloading operations,Excavation edge was not barricaded and underground utility mark-out was incomplete,Working at Height,A Excavation edge was not barricaded and underground utility mark-out was incomplete was identified during Loading/unloading operations at Pipeline ROW. The situation had credible potential for serious injury. A supervisor issued a stop-work intervention and required a formal control verification.,A Excavation edge was not barricaded and underground utility mark-out was incomplete was identified during Loading/unloading operations at Pipeline ROW. The situation had credible potential for serious injury. A supervisor issued a stop-work intervention and required a formal control verification.,[REPORT_TYPE] Near Miss [SITE] Pipeline ROW [ACTIVITY] Loading/unloading operations [BARRIER_FAILURE] Excavation edge was not barricaded and underground utility mark-out was incomplete [IOGP_RULE] Working at Height [TEXT] A Excavation edge was not barricaded and underground utility mark-out was incomplete was identified during Loading/unloading operations at Pipeline ROW. The situation had credible potential for serious injury. A supervisor issued a stop-work intervention and required a formal control verification.,High,1
NM_0709,Near Miss,Field office area,Excavation work,Line was not depressurised and workers were positioned in the potential release path,Line of Fire,A Line was not depressurised and workers were positioned in the potential release path was identified during Excavation work at Field office area. Multiple workers were at risk of serious injury or fatality. The situation had imminent potential for fatality and was escalated immediately.,A Line was not depressurised and workers were positioned in the potential release path was identified during Excavation work at Field office area. Multiple workers were at risk of serious injury or fatality. The situation had imminent potential for fatality and was escalated immediately.,[REPORT_TYPE] Near Miss [SITE] Field office area [ACTIVITY] Excavation work [BARRIER_FAILURE] Line was not depressurised and workers were positioned in the potential release path [IOGP_RULE] Line of Fire [TEXT] A Line was not depressurised and workers were positioned in the potential release path was identified during Excavation work at Field office area. Multiple workers were at risk of serious injury or fatality. The situation had imminent potential for fatality and was escalated immediately.,Critical,1
NM_0769,Near Miss,Field office area,Excavation work,Reversing was attempted without a banksman and pedestrian segregation,Driving,"Before/during Excavation work at Field office area, Reversing was attempted without a banksman and pedestrian segregation. All personnel were evacuated. Multiple critical barriers were ineffective, creating imminent serious-injury or fatality potential.","Before/during Excavation work at Field office area, Reversing was attempted without a banksman and pedestrian segregation. All personnel were evacuated. Multiple critical barriers were ineffective, creating imminent serious-injury or fatality potential.","[REPORT_TYPE] Near Miss [SITE] Field office area [ACTIVITY] Excavation work [BARRIER_FAILURE] Reversing was attempted without a banksman and pedestrian segregation [IOGP_RULE] Driving [TEXT] Before/during Excavation work at Field office area, Reversing was attempted without a banksman and pedestrian segregation. All personnel were evacuated. Multiple critical barriers were ineffective, creating imminent serious-injury or fatality potential.",Critical,1
NM_0764,Near Miss,Maintenance yard,Scaffolding work,Work scope had changed but the permit and job safety analysis were not revalidated,Working at Height,"Shift crew reported that during Scaffolding work in Maintenance yard, Work scope had changed but the permit and job safety analysis were not revalidated. All personnel were evacuated. The situation had imminent potential for fatality and was escalated immediately.","Shift crew reported that during Scaffolding work in Maintenance yard, Work scope had changed but the permit and job safety analysis were not revalidated. All personnel were evacuated. The situation had imminent potential for fatality and was escalated immediately.","[REPORT_TYPE] Near Miss [SITE] Maintenance yard [ACTIVITY] Scaffolding work [BARRIER_FAILURE] Work scope had changed but the permit and job safety analysis were not revalidated [IOGP_RULE] Working at Height [TEXT] Shift crew reported that during Scaffolding work in Maintenance yard, Work scope had changed but the permit and job safety analysis were not revalidated. All personnel were evacuated. The situation had imminent potential for fatality and was escalated immediately.",Critical,1
NM_0684,Near Miss,Pipeline ROW,Electrical maintenance,Emergency response delayed,Energy Isolation,"Before/during Electrical maintenance at Pipeline ROW, Emergency response delayed. Actual exposure to hazardous conditions occurred. Personnel were moved to a safe location and the event was treated as a high-potential near miss.","Before/during Electrical maintenance at Pipeline ROW, Emergency response delayed. Actual exposure to hazardous conditions occurred. Personnel were moved to a safe location and the event was treated as a high-potential near miss.","[REPORT_TYPE] Near Miss [SITE] Pipeline ROW [ACTIVITY] Electrical maintenance [BARRIER_FAILURE] Emergency response delayed [IOGP_RULE] Energy Isolation [TEXT] Before/during Electrical maintenance at Pipeline ROW, Emergency response delayed. Actual exposure to hazardous conditions occurred. Personnel were moved to a safe location and the event was treated as a high-potential near miss.",Critical,1
NM_0391,Near Miss,Storage tank,Loading/unloading operations,Fall arrest missing,Working at Height,"Near-miss observation: while performing Loading/unloading operations at Storage tank, the team found that Fall arrest missing. The activity was delayed pending correction. Work was temporarily halted pending verification of the control measure.","Near-miss observation: while performing Loading/unloading operations at Storage tank, the team found that Fall arrest missing. The activity was delayed pending correction. Work was temporarily halted pending verification of the control measure.","[REPORT_TYPE] Near Miss [SITE] Storage tank [ACTIVITY] Loading/unloading operations [BARRIER_FAILURE] Fall arrest missing [IOGP_RULE] Working at Height [TEXT] Near-miss observation: while performing Loading/unloading operations at Storage tank, the team found that Fall arrest missing. The activity was delayed pending correction. Work was temporarily halted pending verification of the control measure.",Medium,0
NM_0077,Near Miss,Pipeline ROW,Electrical maintenance,"No pre-entry gas test, attendant, rescue arrangement, or signed entry permit",Confined Space,"During routine checks at Pipeline ROW, No pre-entry gas test, attendant, rescue arrangement, or signed entry permit was observed during Electrical maintenance. The team corrected it without delay. The condition was corrected during the routine inspection, with no exposure to hazardous energy.","During routine checks at Pipeline ROW, No pre-entry gas test, attendant, rescue arrangement, or signed entry permit was observed during Electrical maintenance. The team corrected it without delay. The condition was corrected during the routine inspection, with no exposure to hazardous energy.","[REPORT_TYPE] Near Miss [SITE] Pipeline ROW [ACTIVITY] Electrical maintenance [BARRIER_FAILURE] No pre-entry gas test, attendant, rescue arrangement, or signed entry permit [IOGP_RULE] Confined Space [TEXT] During routine checks at Pipeline ROW, No pre-entry gas test, attendant, rescue arrangement, or signed entry permit was observed during Electrical maintenance. The team corrected it without delay. The condition was corrected during the routine inspection, with no exposure to hazardous energy.",Low,0
NM_0133,Near Miss,Wellsite,Pump maintenance,Exclusion zone missing,Line of Fire,A Exclusion zone missing was identified during Pump maintenance at Wellsite. The area was corrected immediately. The observation was logged and addressed during the same shift.,A Exclusion zone missing was identified during Pump maintenance at Wellsite. The area was corrected immediately. The observation was logged and addressed during the same shift.,[REPORT_TYPE] Near Miss [SITE] Wellsite [ACTIVITY] Pump maintenance [BARRIER_FAILURE] Exclusion zone missing [IOGP_RULE] Line of Fire [TEXT] A Exclusion zone missing was identified during Pump maintenance at Wellsite. The area was corrected immediately. The observation was logged and addressed during the same shift.,Low,0
NM_0732,Near Miss,Pump station,Reversing vehicle operations,Guard missing,Driving,"Shift crew reported that during Reversing vehicle operations in Pump station, Guard missing. The situation had imminent potential for fatality and was escalated immediately. Multiple critical barriers were ineffective, creating imminent serious-injury or fatality potential.","Shift crew reported that during Reversing vehicle operations in Pump station, Guard missing. The situation had imminent potential for fatality and was escalated immediately. Multiple critical barriers were ineffective, creating imminent serious-injury or fatality potential.","[REPORT_TYPE] Near Miss [SITE] Pump station [ACTIVITY] Reversing vehicle operations [BARRIER_FAILURE] Guard missing [IOGP_RULE] Driving [TEXT] Shift crew reported that during Reversing vehicle operations in Pump station, Guard missing. The situation had imminent potential for fatality and was escalated immediately. Multiple critical barriers were ineffective, creating imminent serious-injury or fatality potential.",Critical,1
NM_0049,Near Miss,Compressor station,Pipeline inspection,"No pre-entry gas test, attendant, rescue arrangement, or signed entry permit",Confined Space,"A No pre-entry gas test, attendant, rescue arrangement, or signed entry permit was identified during Pipeline inspection at Compressor station. No work stoppage was required. The issue was minor and was rectified before it affected the task.","A No pre-entry gas test, attendant, rescue arrangement, or signed entry permit was identified during Pipeline inspection at Compressor station. No work stoppage was required. The issue was minor and was rectified before it affected the task.","[REPORT_TYPE] Near Miss [SITE] Compressor station [ACTIVITY] Pipeline inspection [BARRIER_FAILURE] No pre-entry gas test, attendant, rescue arrangement, or signed entry permit [IOGP_RULE] Confined Space [TEXT] A No pre-entry gas test, attendant, rescue arrangement, or signed entry permit was identified during Pipeline inspection at Compressor station. No work stoppage was required. The issue was minor and was rectified before it affected the task.",Low,0
NM_0244,Near Miss,Drilling rig,Manual handling of tubulars,Lift plan missing,Safe Mechanical Lifting,"Inspection revealed Lift plan missing during Manual handling of tubulars at Drilling rig. The activity was delayed pending correction. The task was paused, the control was restored, and the supervisor verified readiness before work resumed.","Inspection revealed Lift plan missing during Manual handling of tubulars at Drilling rig. The activity was delayed pending correction. The task was paused, the control was restored, and the supervisor verified readiness before work resumed.","[REPORT_TYPE] Near Miss [SITE] Drilling rig [ACTIVITY] Manual handling of tubulars [BARRIER_FAILURE] Lift plan missing [IOGP_RULE] Safe Mechanical Lifting [TEXT] Inspection revealed Lift plan missing during Manual handling of tubulars at Drilling rig. The activity was delayed pending correction. The task was paused, the control was restored, and the supervisor verified readiness before work resumed.",Medium,0
NM_0756,Near Miss,Wellsite,Pipe-rack inspection,Fall arrest missing,Working at Height,"During Pipe-rack inspection at Wellsite, Fall arrest missing. Actual exposure to hazardous conditions occurred. Personnel were moved to a safe location and the event was treated as a high-potential near miss.","During Pipe-rack inspection at Wellsite, Fall arrest missing. Actual exposure to hazardous conditions occurred. Personnel were moved to a safe location and the event was treated as a high-potential near miss.","[REPORT_TYPE] Near Miss [SITE] Wellsite [ACTIVITY] Pipe-rack inspection [BARRIER_FAILURE] Fall arrest missing [IOGP_RULE] Working at Height [TEXT] During Pipe-rack inspection at Wellsite, Fall arrest missing. Actual exposure to hazardous conditions occurred. Personnel were moved to a safe location and the event was treated as a high-potential near miss.",Critical,1
NM_0330,Near Miss,Process plant,Vehicle movement,Sample bottle label was unclear and secondary containment was not positioned,Driving,"During Vehicle movement at Process plant, Sample bottle label was unclear and secondary containment was not positioned. The supervisor reviewed and approved continuation after correction. The supervisor reviewed the situation and approved continuation after correction.","During Vehicle movement at Process plant, Sample bottle label was unclear and secondary containment was not positioned. The supervisor reviewed and approved continuation after correction. The supervisor reviewed the situation and approved continuation after correction.","[REPORT_TYPE] Near Miss [SITE] Process plant [ACTIVITY] Vehicle movement [BARRIER_FAILURE] Sample bottle label was unclear and secondary containment was not positioned [IOGP_RULE] Driving [TEXT] During Vehicle movement at Process plant, Sample bottle label was unclear and secondary containment was not positioned. The supervisor reviewed and approved continuation after correction. The supervisor reviewed the situation and approved continuation after correction.",Medium,0
NM_0067,Near Miss,Gas processing unit,LPG bottling operations,Line was not depressurised and workers were positioned in the potential release path,Line of Fire,"Near-miss observation: while performing LPG bottling operations at Gas processing unit, the team found that Line was not depressurised and workers were positioned in the potential release path. No work stoppage was required. The team recorded the observation and completed immediate housekeeping correction.","Near-miss observation: while performing LPG bottling operations at Gas processing unit, the team found that Line was not depressurised and workers were positioned in the potential release path. No work stoppage was required. The team recorded the observation and completed immediate housekeeping correction.","[REPORT_TYPE] Near Miss [SITE] Gas processing unit [ACTIVITY] LPG bottling operations [BARRIER_FAILURE] Line was not depressurised and workers were positioned in the potential release path [IOGP_RULE] Line of Fire [TEXT] Near-miss observation: while performing LPG bottling operations at Gas processing unit, the team found that Line was not depressurised and workers were positioned in the potential release path. No work stoppage was required. The team recorded the observation and completed immediate housekeeping correction.",Low,0
NM_0109,Near Miss,Tank farm,Hydrostatic pressure test,Emergency access route was partly obstructed by temporary materials,None/Not Applicable,Inspection revealed Emergency access route was partly obstructed by temporary materials during Hydrostatic pressure test at Tank farm. Corrective action was taken on the spot. The team recorded the observation and completed immediate housekeeping correction.,Inspection revealed Emergency access route was partly obstructed by temporary materials during Hydrostatic pressure test at Tank farm. Corrective action was taken on the spot. The team recorded the observation and completed immediate housekeeping correction.,[REPORT_TYPE] Near Miss [SITE] Tank farm [ACTIVITY] Hydrostatic pressure test [BARRIER_FAILURE] Emergency access route was partly obstructed by temporary materials [IOGP_RULE] None/Not Applicable [TEXT] Inspection revealed Emergency access route was partly obstructed by temporary materials during Hydrostatic pressure test at Tank farm. Corrective action was taken on the spot. The team recorded the observation and completed immediate housekeeping correction.,Low,0
NM_0669,Near Miss,LPG bottling plant,Excavation work,Work scope had changed but the permit and job safety analysis were not revalidated,Line of Fire,"Shift crew reported that during Excavation work in LPG bottling plant, Work scope had changed but the permit and job safety analysis were not revalidated. Actual exposure to hazardous conditions occurred. Personnel were moved to a safe location and the event was treated as a high-potential near miss.","Shift crew reported that during Excavation work in LPG bottling plant, Work scope had changed but the permit and job safety analysis were not revalidated. Actual exposure to hazardous conditions occurred. Personnel were moved to a safe location and the event was treated as a high-potential near miss.","[REPORT_TYPE] Near Miss [SITE] LPG bottling plant [ACTIVITY] Excavation work [BARRIER_FAILURE] Work scope had changed but the permit and job safety analysis were not revalidated [IOGP_RULE] Line of Fire [TEXT] Shift crew reported that during Excavation work in LPG bottling plant, Work scope had changed but the permit and job safety analysis were not revalidated. Actual exposure to hazardous conditions occurred. Personnel were moved to a safe location and the event was treated as a high-potential near miss.",Critical,1
NM_0088,Near Miss,Compressor station,Pipe-rack inspection,Permit missing,Work Authorization,Inspection revealed Permit missing during Pipe-rack inspection at Compressor station. No work stoppage was required. The team recorded the observation and completed immediate housekeeping correction.,Inspection revealed Permit missing during Pipe-rack inspection at Compressor station. No work stoppage was required. The team recorded the observation and completed immediate housekeeping correction.,[REPORT_TYPE] Near Miss [SITE] Compressor station [ACTIVITY] Pipe-rack inspection [BARRIER_FAILURE] Permit missing [IOGP_RULE] Work Authorization [TEXT] Inspection revealed Permit missing during Pipe-rack inspection at Compressor station. No work stoppage was required. The team recorded the observation and completed immediate housekeeping correction.,Low,0
NM_0132,Near Miss,Wellsite,Electrical maintenance,Tool inspection missing,Energy Isolation,"Near-miss observation: while performing Electrical maintenance at Wellsite, the team found that Tool inspection missing. The team corrected it without delay. The condition was corrected during the routine inspection, with no exposure to hazardous energy.","Near-miss observation: while performing Electrical maintenance at Wellsite, the team found that Tool inspection missing. The team corrected it without delay. The condition was corrected during the routine inspection, with no exposure to hazardous energy.","[REPORT_TYPE] Near Miss [SITE] Wellsite [ACTIVITY] Electrical maintenance [BARRIER_FAILURE] Tool inspection missing [IOGP_RULE] Energy Isolation [TEXT] Near-miss observation: while performing Electrical maintenance at Wellsite, the team found that Tool inspection missing. The team corrected it without delay. The condition was corrected during the routine inspection, with no exposure to hazardous energy.",Low,0
NM_0577,Near Miss,Process plant,Scaffolding work,Gas test missing,Confined Space,"Shift crew reported that during Scaffolding work in Process plant, Gas test missing. The activity was stopped as it could have resulted in serious harm. The failed critical control created credible potential for serious injury; the task was stopped and reported to HSE.","Shift crew reported that during Scaffolding work in Process plant, Gas test missing. The activity was stopped as it could have resulted in serious harm. The failed critical control created credible potential for serious injury; the task was stopped and reported to HSE.","[REPORT_TYPE] Near Miss [SITE] Process plant [ACTIVITY] Scaffolding work [BARRIER_FAILURE] Gas test missing [IOGP_RULE] Confined Space [TEXT] Shift crew reported that during Scaffolding work in Process plant, Gas test missing. The activity was stopped as it could have resulted in serious harm. The failed critical control created credible potential for serious injury; the task was stopped and reported to HSE.",High,1
NM_0167,Near Miss,Storage depot,Pressure vessel testing,Pneumatic energy isolation was not locked and residual pressure remained in the line,Confined Space,"During routine checks at Storage depot, Pneumatic energy isolation was not locked and residual pressure remained in the line was observed during Pressure vessel testing. Corrective action was taken on the spot. The team recorded the observation and completed immediate housekeeping correction.","During routine checks at Storage depot, Pneumatic energy isolation was not locked and residual pressure remained in the line was observed during Pressure vessel testing. Corrective action was taken on the spot. The team recorded the observation and completed immediate housekeeping correction.","[REPORT_TYPE] Near Miss [SITE] Storage depot [ACTIVITY] Pressure vessel testing [BARRIER_FAILURE] Pneumatic energy isolation was not locked and residual pressure remained in the line [IOGP_RULE] Confined Space [TEXT] During routine checks at Storage depot, Pneumatic energy isolation was not locked and residual pressure remained in the line was observed during Pressure vessel testing. Corrective action was taken on the spot. The team recorded the observation and completed immediate housekeeping correction.",Low,0
NM_0645,Near Miss,Truck loading bay,LPG bottling operations,Equipment defect,Safe Mechanical Lifting,"During LPG bottling operations at Truck loading bay, Equipment defect. Work was stopped urgently and emergency response was initiated. The condition presented immediate potentially fatal exposure; operations were stopped, the area was isolated, and emergency escalation began.","During LPG bottling operations at Truck loading bay, Equipment defect. Work was stopped urgently and emergency response was initiated. The condition presented immediate potentially fatal exposure; operations were stopped, the area was isolated, and emergency escalation began.","[REPORT_TYPE] Near Miss [SITE] Truck loading bay [ACTIVITY] LPG bottling operations [BARRIER_FAILURE] Equipment defect [IOGP_RULE] Safe Mechanical Lifting [TEXT] During LPG bottling operations at Truck loading bay, Equipment defect. Work was stopped urgently and emergency response was initiated. The condition presented immediate potentially fatal exposure; operations were stopped, the area was isolated, and emergency escalation began.",Critical,1
NM_0517,Near Miss,Gas processing unit,Electrical maintenance,Test manifold lacked verified restraint and pressure-release exclusion controls,Energy Isolation,"During Electrical maintenance at Gas processing unit, Test manifold lacked verified restraint and pressure-release exclusion controls. The job was halted due to high-risk exposure. The situation had credible potential for serious injury and was escalated immediately.","During Electrical maintenance at Gas processing unit, Test manifold lacked verified restraint and pressure-release exclusion controls. The job was halted due to high-risk exposure. The situation had credible potential for serious injury and was escalated immediately.","[REPORT_TYPE] Near Miss [SITE] Gas processing unit [ACTIVITY] Electrical maintenance [BARRIER_FAILURE] Test manifold lacked verified restraint and pressure-release exclusion controls [IOGP_RULE] Energy Isolation [TEXT] During Electrical maintenance at Gas processing unit, Test manifold lacked verified restraint and pressure-release exclusion controls. The job was halted due to high-risk exposure. The situation had credible potential for serious injury and was escalated immediately.",High,1
NM_0018,Near Miss,Field office area,Internal tank inspection,Tool inspection missing,Confined Space,"Shift crew reported that during Internal tank inspection in Field office area, Tool inspection missing. The team corrected it without delay. The observation was logged and addressed during the same shift.","Shift crew reported that during Internal tank inspection in Field office area, Tool inspection missing. The team corrected it without delay. The observation was logged and addressed during the same shift.","[REPORT_TYPE] Near Miss [SITE] Field office area [ACTIVITY] Internal tank inspection [BARRIER_FAILURE] Tool inspection missing [IOGP_RULE] Confined Space [TEXT] Shift crew reported that during Internal tank inspection in Field office area, Tool inspection missing. The team corrected it without delay. The observation was logged and addressed during the same shift.",Low,0
NM_0396,Near Miss,Maintenance yard,Confined space entry,Guard missing,Confined Space,"Near-miss observation: while performing Confined space entry at Maintenance yard, the team found that Guard missing. The activity was delayed pending correction. No one was exposed, but the observation required a documented corrective action.","Near-miss observation: while performing Confined space entry at Maintenance yard, the team found that Guard missing. The activity was delayed pending correction. No one was exposed, but the observation required a documented corrective action.","[REPORT_TYPE] Near Miss [SITE] Maintenance yard [ACTIVITY] Confined space entry [BARRIER_FAILURE] Guard missing [IOGP_RULE] Confined Space [TEXT] Near-miss observation: while performing Confined space entry at Maintenance yard, the team found that Guard missing. The activity was delayed pending correction. No one was exposed, but the observation required a documented corrective action.",Medium,0
NM_0061,Near Miss,Refinery unit,Pump maintenance,Scaffold was altered without inspection tag and toe boards were missing,Confined Space,"Inspection revealed Scaffold was altered without inspection tag and toe boards were missing during Pump maintenance at Refinery unit. Corrective action was taken on the spot. The condition was corrected during the routine inspection, with no exposure to hazardous energy.","Inspection revealed Scaffold was altered without inspection tag and toe boards were missing during Pump maintenance at Refinery unit. Corrective action was taken on the spot. The condition was corrected during the routine inspection, with no exposure to hazardous energy.","[REPORT_TYPE] Near Miss [SITE] Refinery unit [ACTIVITY] Pump maintenance [BARRIER_FAILURE] Scaffold was altered without inspection tag and toe boards were missing [IOGP_RULE] Confined Space [TEXT] Inspection revealed Scaffold was altered without inspection tag and toe boards were missing during Pump maintenance at Refinery unit. Corrective action was taken on the spot. The condition was corrected during the routine inspection, with no exposure to hazardous energy.",Low,0
NM_0355,Near Miss,Offshore platform,Loading/unloading operations,Damaged pallet and unstable load were being raised without a spotter,Safe Mechanical Lifting,A Damaged pallet and unstable load were being raised without a spotter was identified during Loading/unloading operations at Offshore platform. Work was paused until the issue was addressed. The crew escalated the issue through the shift safety meeting and closed it before continuation.,A Damaged pallet and unstable load were being raised without a spotter was identified during Loading/unloading operations at Offshore platform. Work was paused until the issue was addressed. The crew escalated the issue through the shift safety meeting and closed it before continuation.,[REPORT_TYPE] Near Miss [SITE] Offshore platform [ACTIVITY] Loading/unloading operations [BARRIER_FAILURE] Damaged pallet and unstable load were being raised without a spotter [IOGP_RULE] Safe Mechanical Lifting [TEXT] A Damaged pallet and unstable load were being raised without a spotter was identified during Loading/unloading operations at Offshore platform. Work was paused until the issue was addressed. The crew escalated the issue through the shift safety meeting and closed it before continuation.,Medium,0
NM_0762,Near Miss,Pump station,Lifting and rigging,Tool inspection missing,Safe Mechanical Lifting,"During Lifting and rigging at Pump station, Tool inspection missing. All personnel were evacuated. Personnel were moved to a safe location and the event was treated as a high-potential near miss.","During Lifting and rigging at Pump station, Tool inspection missing. All personnel were evacuated. Personnel were moved to a safe location and the event was treated as a high-potential near miss.","[REPORT_TYPE] Near Miss [SITE] Pump station [ACTIVITY] Lifting and rigging [BARRIER_FAILURE] Tool inspection missing [IOGP_RULE] Safe Mechanical Lifting [TEXT] During Lifting and rigging at Pump station, Tool inspection missing. All personnel were evacuated. Personnel were moved to a safe location and the event was treated as a high-potential near miss.",Critical,1
NM_0283,Near Miss,Gas processing unit,Night driving to remote site,PPE not used,Confined Space,Inspection revealed PPE not used during Night driving to remote site at Gas processing unit. Work was stopped temporarily and resumed after verification. Work was temporarily halted pending verification of the control measure.,Inspection revealed PPE not used during Night driving to remote site at Gas processing unit. Work was stopped temporarily and resumed after verification. Work was temporarily halted pending verification of the control measure.,[REPORT_TYPE] Near Miss [SITE] Gas processing unit [ACTIVITY] Night driving to remote site [BARRIER_FAILURE] PPE not used [IOGP_RULE] Confined Space [TEXT] Inspection revealed PPE not used during Night driving to remote site at Gas processing unit. Work was stopped temporarily and resumed after verification. Work was temporarily halted pending verification of the control measure.,Medium,0
NM_0273,Near Miss,Field office area,Grinding near drain,Supervision absent,Hot Work,Inspection revealed Supervision absent during Grinding near drain at Field office area. The activity was delayed pending correction. The supervisor reviewed the situation and approved continuation after correction.,Inspection revealed Supervision absent during Grinding near drain at Field office area. The activity was delayed pending correction. The supervisor reviewed the situation and approved continuation after correction.,[REPORT_TYPE] Near Miss [SITE] Field office area [ACTIVITY] Grinding near drain [BARRIER_FAILURE] Supervision absent [IOGP_RULE] Hot Work [TEXT] Inspection revealed Supervision absent during Grinding near drain at Field office area. The activity was delayed pending correction. The supervisor reviewed the situation and approved continuation after correction.,Medium,0
NM_0555,Near Miss,Process plant,Process unit startup/shutdown,PPE not used,None/Not Applicable,"Near-miss observation: while performing Process unit startup/shutdown at Process plant, the team found that PPE not used. The activity was stopped as it could have resulted in serious harm. A supervisor issued a stop-work intervention and required a formal control verification.","Near-miss observation: while performing Process unit startup/shutdown at Process plant, the team found that PPE not used. The activity was stopped as it could have resulted in serious harm. A supervisor issued a stop-work intervention and required a formal control verification.","[REPORT_TYPE] Near Miss [SITE] Process plant [ACTIVITY] Process unit startup/shutdown [BARRIER_FAILURE] PPE not used [IOGP_RULE] None/Not Applicable [TEXT] Near-miss observation: while performing Process unit startup/shutdown at Process plant, the team found that PPE not used. The activity was stopped as it could have resulted in serious harm. A supervisor issued a stop-work intervention and required a formal control verification.",High,1
NM_0183,Near Miss,Drilling rig,Scaffold modification,Tool inspection missing,Working at Height,"Shift crew reported that during Scaffold modification in Drilling rig, Tool inspection missing. The team corrected it without delay. The issue was minor and was rectified before it affected the task.","Shift crew reported that during Scaffold modification in Drilling rig, Tool inspection missing. The team corrected it without delay. The issue was minor and was rectified before it affected the task.","[REPORT_TYPE] Near Miss [SITE] Drilling rig [ACTIVITY] Scaffold modification [BARRIER_FAILURE] Tool inspection missing [IOGP_RULE] Working at Height [TEXT] Shift crew reported that during Scaffold modification in Drilling rig, Tool inspection missing. The team corrected it without delay. The issue was minor and was rectified before it affected the task.",Low,0
NM_0123,Near Miss,Pipeline ROW,Process unit startup/shutdown,Training inadequate,Working at Height,"Near-miss observation: while performing Process unit startup/shutdown at Pipeline ROW, the team found that Training inadequate. Work was paused briefly and the issue was resolved. No work stoppage was required as the risk was minimal.","Near-miss observation: while performing Process unit startup/shutdown at Pipeline ROW, the team found that Training inadequate. Work was paused briefly and the issue was resolved. No work stoppage was required as the risk was minimal.","[REPORT_TYPE] Near Miss [SITE] Pipeline ROW [ACTIVITY] Process unit startup/shutdown [BARRIER_FAILURE] Training inadequate [IOGP_RULE] Working at Height [TEXT] Near-miss observation: while performing Process unit startup/shutdown at Pipeline ROW, the team found that Training inadequate. Work was paused briefly and the issue was resolved. No work stoppage was required as the risk was minimal.",Low,0
NM_0111,Near Miss,LPG bottling plant,Hot work (welding/grinding),Communication failure,Hot Work,"During Hot work (welding/grinding) at LPG bottling plant, Communication failure. Work was paused briefly and the issue was resolved. The observation was logged and addressed during the same shift.","During Hot work (welding/grinding) at LPG bottling plant, Communication failure. Work was paused briefly and the issue was resolved. The observation was logged and addressed during the same shift.","[REPORT_TYPE] Near Miss [SITE] LPG bottling plant [ACTIVITY] Hot work (welding/grinding) [BARRIER_FAILURE] Communication failure [IOGP_RULE] Hot Work [TEXT] During Hot work (welding/grinding) at LPG bottling plant, Communication failure. Work was paused briefly and the issue was resolved. The observation was logged and addressed during the same shift.",Low,0
NM_0414,Near Miss,Wellsite,Loading/unloading operations,Gas testing was overdue and no dedicated fire watch was assigned,Confined Space,A Gas testing was overdue and no dedicated fire watch was assigned was identified during Loading/unloading operations at Wellsite. Work was stopped due to potential serious injury risk. Work was halted due to high-risk exposure and corrective measures were implemented.,A Gas testing was overdue and no dedicated fire watch was assigned was identified during Loading/unloading operations at Wellsite. Work was stopped due to potential serious injury risk. Work was halted due to high-risk exposure and corrective measures were implemented.,[REPORT_TYPE] Near Miss [SITE] Wellsite [ACTIVITY] Loading/unloading operations [BARRIER_FAILURE] Gas testing was overdue and no dedicated fire watch was assigned [IOGP_RULE] Confined Space [TEXT] A Gas testing was overdue and no dedicated fire watch was assigned was identified during Loading/unloading operations at Wellsite. Work was stopped due to potential serious injury risk. Work was halted due to high-risk exposure and corrective measures were implemented.,High,1
NM_0705,Near Miss,Gas processing unit,Excavation work,Fall arrest missing,Working at Height,"Near-miss observation: while performing Excavation work at Gas processing unit, the team found that Fall arrest missing. All personnel were evacuated. The condition presented immediate potentially fatal exposure; operations were stopped, the area was isolated, and emergency escalation began.","Near-miss observation: while performing Excavation work at Gas processing unit, the team found that Fall arrest missing. All personnel were evacuated. The condition presented immediate potentially fatal exposure; operations were stopped, the area was isolated, and emergency escalation began.","[REPORT_TYPE] Near Miss [SITE] Gas processing unit [ACTIVITY] Excavation work [BARRIER_FAILURE] Fall arrest missing [IOGP_RULE] Working at Height [TEXT] Near-miss observation: while performing Excavation work at Gas processing unit, the team found that Fall arrest missing. All personnel were evacuated. The condition presented immediate potentially fatal exposure; operations were stopped, the area was isolated, and emergency escalation began.",Critical,1
NM_0134,Near Miss,Compressor station,Pump seal replacement,Communication failure,Work Authorization,"Near-miss observation: while performing Pump seal replacement at Compressor station, the team found that Communication failure. Corrective action was taken on the spot. No work stoppage was required as the risk was minimal.","Near-miss observation: while performing Pump seal replacement at Compressor station, the team found that Communication failure. Corrective action was taken on the spot. No work stoppage was required as the risk was minimal.","[REPORT_TYPE] Near Miss [SITE] Compressor station [ACTIVITY] Pump seal replacement [BARRIER_FAILURE] Communication failure [IOGP_RULE] Work Authorization [TEXT] Near-miss observation: while performing Pump seal replacement at Compressor station, the team found that Communication failure. Corrective action was taken on the spot. No work stoppage was required as the risk was minimal.",Low,0
NM_0442,Near Miss,Offshore platform,Loading/unloading operations,Open edge protection and full-body harness anchorage were unavailable,Working at Height,"During Loading/unloading operations at Offshore platform, Open edge protection and full-body harness anchorage were unavailable. Work was stopped due to potential serious injury risk. Work was halted due to high-risk exposure and corrective measures were implemented.","During Loading/unloading operations at Offshore platform, Open edge protection and full-body harness anchorage were unavailable. Work was stopped due to potential serious injury risk. Work was halted due to high-risk exposure and corrective measures were implemented.","[REPORT_TYPE] Near Miss [SITE] Offshore platform [ACTIVITY] Loading/unloading operations [BARRIER_FAILURE] Open edge protection and full-body harness anchorage were unavailable [IOGP_RULE] Working at Height [TEXT] During Loading/unloading operations at Offshore platform, Open edge protection and full-body harness anchorage were unavailable. Work was stopped due to potential serious injury risk. Work was halted due to high-risk exposure and corrective measures were implemented.",High,1
NM_0502,Near Miss,Storage tank,Forklift pallet handling,PPE not used,Safe Mechanical Lifting,"Shift crew reported that during Forklift pallet handling in Storage tank, PPE not used. The activity was stopped as it could have resulted in serious harm. A supervisor issued a stop-work intervention and required a formal control verification.","Shift crew reported that during Forklift pallet handling in Storage tank, PPE not used. The activity was stopped as it could have resulted in serious harm. A supervisor issued a stop-work intervention and required a formal control verification.","[REPORT_TYPE] Near Miss [SITE] Storage tank [ACTIVITY] Forklift pallet handling [BARRIER_FAILURE] PPE not used [IOGP_RULE] Safe Mechanical Lifting [TEXT] Shift crew reported that during Forklift pallet handling in Storage tank, PPE not used. The activity was stopped as it could have resulted in serious harm. A supervisor issued a stop-work intervention and required a formal control verification.",High,1
NM_0022,Near Miss,Pipeline ROW,Lifting and rigging,Exclusion zone missing,Safe Mechanical Lifting,Inspection revealed Exclusion zone missing during Lifting and rigging at Pipeline ROW. No work stoppage was required. The team recorded the observation and completed immediate housekeeping correction.,Inspection revealed Exclusion zone missing during Lifting and rigging at Pipeline ROW. No work stoppage was required. The team recorded the observation and completed immediate housekeeping correction.,[REPORT_TYPE] Near Miss [SITE] Pipeline ROW [ACTIVITY] Lifting and rigging [BARRIER_FAILURE] Exclusion zone missing [IOGP_RULE] Safe Mechanical Lifting [TEXT] Inspection revealed Exclusion zone missing during Lifting and rigging at Pipeline ROW. No work stoppage was required. The team recorded the observation and completed immediate housekeeping correction.,Low,0
NM_0383,Near Miss,Pipeline ROW,Electrical maintenance,Lockout-tagout missing,Energy Isolation,"Before/during Electrical maintenance at Pipeline ROW, Lockout-tagout missing. The job proceeded only after corrective measures. The crew escalated the issue through the shift safety meeting and closed it before continuation.","Before/during Electrical maintenance at Pipeline ROW, Lockout-tagout missing. The job proceeded only after corrective measures. The crew escalated the issue through the shift safety meeting and closed it before continuation.","[REPORT_TYPE] Near Miss [SITE] Pipeline ROW [ACTIVITY] Electrical maintenance [BARRIER_FAILURE] Lockout-tagout missing [IOGP_RULE] Energy Isolation [TEXT] Before/during Electrical maintenance at Pipeline ROW, Lockout-tagout missing. The job proceeded only after corrective measures. The crew escalated the issue through the shift safety meeting and closed it before continuation.",Medium,0
NM_0352,Near Miss,Process plant,Instrument calibration,Emergency response delayed,Line of Fire,"Before/during Instrument calibration at Process plant, Emergency response delayed. The job proceeded only after corrective measures. No one was exposed, but the observation required a documented corrective action.","Before/during Instrument calibration at Process plant, Emergency response delayed. The job proceeded only after corrective measures. No one was exposed, but the observation required a documented corrective action.","[REPORT_TYPE] Near Miss [SITE] Process plant [ACTIVITY] Instrument calibration [BARRIER_FAILURE] Emergency response delayed [IOGP_RULE] Line of Fire [TEXT] Before/during Instrument calibration at Process plant, Emergency response delayed. The job proceeded only after corrective measures. No one was exposed, but the observation required a documented corrective action.",Medium,0
NM_0336,Near Miss,Refinery unit,Process unit startup/shutdown,"Lift plan, tag lines, and barricaded drop zone were not available",Safe Mechanical Lifting,"A Lift plan, tag lines, and barricaded drop zone were not available was identified during Process unit startup/shutdown at Refinery unit. The activity was delayed pending correction. Work was temporarily halted pending verification of the control measure.","A Lift plan, tag lines, and barricaded drop zone were not available was identified during Process unit startup/shutdown at Refinery unit. The activity was delayed pending correction. Work was temporarily halted pending verification of the control measure.","[REPORT_TYPE] Near Miss [SITE] Refinery unit [ACTIVITY] Process unit startup/shutdown [BARRIER_FAILURE] Lift plan, tag lines, and barricaded drop zone were not available [IOGP_RULE] Safe Mechanical Lifting [TEXT] A Lift plan, tag lines, and barricaded drop zone were not available was identified during Process unit startup/shutdown at Refinery unit. The activity was delayed pending correction. Work was temporarily halted pending verification of the control measure.",Medium,0
NM_0718,Near Miss,Refinery unit,Tank farm operations,Permit missing,Confined Space,"During Tank farm operations at Refinery unit, Permit missing. Multiple workers were at risk of serious injury or fatality. The condition presented immediate potentially fatal exposure; operations were stopped, the area was isolated, and emergency escalation began.","During Tank farm operations at Refinery unit, Permit missing. Multiple workers were at risk of serious injury or fatality. The condition presented immediate potentially fatal exposure; operations were stopped, the area was isolated, and emergency escalation began.","[REPORT_TYPE] Near Miss [SITE] Refinery unit [ACTIVITY] Tank farm operations [BARRIER_FAILURE] Permit missing [IOGP_RULE] Confined Space [TEXT] During Tank farm operations at Refinery unit, Permit missing. Multiple workers were at risk of serious injury or fatality. The condition presented immediate potentially fatal exposure; operations were stopped, the area was isolated, and emergency escalation began.",Critical,1
NM_0457,Near Miss,LPG bottling plant,Lifting valve actuator,PPE not used,Safe Mechanical Lifting,Inspection revealed PPE not used during Lifting valve actuator at LPG bottling plant. Critical control failure was corrected before resuming work. A supervisor issued a stop-work intervention and required a formal control verification.,Inspection revealed PPE not used during Lifting valve actuator at LPG bottling plant. Critical control failure was corrected before resuming work. A supervisor issued a stop-work intervention and required a formal control verification.,[REPORT_TYPE] Near Miss [SITE] LPG bottling plant [ACTIVITY] Lifting valve actuator [BARRIER_FAILURE] PPE not used [IOGP_RULE] Safe Mechanical Lifting [TEXT] Inspection revealed PPE not used during Lifting valve actuator at LPG bottling plant. Critical control failure was corrected before resuming work. A supervisor issued a stop-work intervention and required a formal control verification.,High,1
NM_0436,Near Miss,Field office area,Forklift pallet handling,Guard missing,Safe Mechanical Lifting,Inspection revealed Guard missing during Forklift pallet handling at Field office area. The job was halted due to high-risk exposure. The situation had credible potential for serious injury and was escalated immediately.,Inspection revealed Guard missing during Forklift pallet handling at Field office area. The job was halted due to high-risk exposure. The situation had credible potential for serious injury and was escalated immediately.,[REPORT_TYPE] Near Miss [SITE] Field office area [ACTIVITY] Forklift pallet handling [BARRIER_FAILURE] Guard missing [IOGP_RULE] Safe Mechanical Lifting [TEXT] Inspection revealed Guard missing during Forklift pallet handling at Field office area. The job was halted due to high-risk exposure. The situation had credible potential for serious injury and was escalated immediately.,High,1
NM_0472,Near Miss,Storage depot,Compressor troubleshooting,Exclusion zone missing,Line of Fire,"Shift crew reported that during Compressor troubleshooting in Storage depot, Exclusion zone missing. Critical control failure was corrected before resuming work. Personnel were close to hazardous energy exposure, so the area was secured pending investigation.","Shift crew reported that during Compressor troubleshooting in Storage depot, Exclusion zone missing. Critical control failure was corrected before resuming work. Personnel were close to hazardous energy exposure, so the area was secured pending investigation.","[REPORT_TYPE] Near Miss [SITE] Storage depot [ACTIVITY] Compressor troubleshooting [BARRIER_FAILURE] Exclusion zone missing [IOGP_RULE] Line of Fire [TEXT] Shift crew reported that during Compressor troubleshooting in Storage depot, Exclusion zone missing. Critical control failure was corrected before resuming work. Personnel were close to hazardous energy exposure, so the area was secured pending investigation.",High,1
NM_0166,Near Miss,Offshore platform,Lifting valve actuator,Trip interlock was found bypassed during a production upset,Safe Mechanical Lifting,"Shift crew reported that during Lifting valve actuator in Offshore platform, Trip interlock was found bypassed during a production upset. The team corrected it without delay. The team recorded the observation and completed immediate housekeeping correction.","Shift crew reported that during Lifting valve actuator in Offshore platform, Trip interlock was found bypassed during a production upset. The team corrected it without delay. The team recorded the observation and completed immediate housekeeping correction.","[REPORT_TYPE] Near Miss [SITE] Offshore platform [ACTIVITY] Lifting valve actuator [BARRIER_FAILURE] Trip interlock was found bypassed during a production upset [IOGP_RULE] Safe Mechanical Lifting [TEXT] Shift crew reported that during Lifting valve actuator in Offshore platform, Trip interlock was found bypassed during a production upset. The team corrected it without delay. The team recorded the observation and completed immediate housekeeping correction.",Low,0
NM_0076,Near Miss,Gas processing unit,Breaking a pressurised flange,Equipment defect,None/Not Applicable,A Equipment defect was identified during Breaking a pressurised flange at Gas processing unit. No work stoppage was required. The issue was minor and was rectified before it affected the task.,A Equipment defect was identified during Breaking a pressurised flange at Gas processing unit. No work stoppage was required. The issue was minor and was rectified before it affected the task.,[REPORT_TYPE] Near Miss [SITE] Gas processing unit [ACTIVITY] Breaking a pressurised flange [BARRIER_FAILURE] Equipment defect [IOGP_RULE] None/Not Applicable [TEXT] A Equipment defect was identified during Breaking a pressurised flange at Gas processing unit. No work stoppage was required. The issue was minor and was rectified before it affected the task.,Low,0
NM_0002,Near Miss,Truck loading bay,Pressure vessel testing,Work scope had changed but the permit and job safety analysis were not revalidated,Confined Space,"During routine checks at Truck loading bay, Work scope had changed but the permit and job safety analysis were not revalidated was observed during Pressure vessel testing. No work stoppage was required. The observation was logged and addressed during the same shift.","During routine checks at Truck loading bay, Work scope had changed but the permit and job safety analysis were not revalidated was observed during Pressure vessel testing. No work stoppage was required. The observation was logged and addressed during the same shift.","[REPORT_TYPE] Near Miss [SITE] Truck loading bay [ACTIVITY] Pressure vessel testing [BARRIER_FAILURE] Work scope had changed but the permit and job safety analysis were not revalidated [IOGP_RULE] Confined Space [TEXT] During routine checks at Truck loading bay, Work scope had changed but the permit and job safety analysis were not revalidated was observed during Pressure vessel testing. No work stoppage was required. The observation was logged and addressed during the same shift.",Low,0
NM_0191,Near Miss,Pipeline ROW,Crude transfer vehicle movement,Gas testing was overdue and no dedicated fire watch was assigned,Confined Space,"During routine checks at Pipeline ROW, Gas testing was overdue and no dedicated fire watch was assigned was observed during Crude transfer vehicle movement. Work was paused briefly and the issue was resolved. The condition was corrected during the routine inspection, with no exposure to hazardous energy.","During routine checks at Pipeline ROW, Gas testing was overdue and no dedicated fire watch was assigned was observed during Crude transfer vehicle movement. Work was paused briefly and the issue was resolved. The condition was corrected during the routine inspection, with no exposure to hazardous energy.","[REPORT_TYPE] Near Miss [SITE] Pipeline ROW [ACTIVITY] Crude transfer vehicle movement [BARRIER_FAILURE] Gas testing was overdue and no dedicated fire watch was assigned [IOGP_RULE] Confined Space [TEXT] During routine checks at Pipeline ROW, Gas testing was overdue and no dedicated fire watch was assigned was observed during Crude transfer vehicle movement. Work was paused briefly and the issue was resolved. The condition was corrected during the routine inspection, with no exposure to hazardous energy.",Low,0
NM_0359,Near Miss,Process plant,Pipe-rack inspection,Equipment defect,Work Authorization,"During routine checks at Process plant, Equipment defect was observed during Pipe-rack inspection. The activity was delayed pending correction. Work was temporarily halted pending verification of the control measure.","During routine checks at Process plant, Equipment defect was observed during Pipe-rack inspection. The activity was delayed pending correction. Work was temporarily halted pending verification of the control measure.","[REPORT_TYPE] Near Miss [SITE] Process plant [ACTIVITY] Pipe-rack inspection [BARRIER_FAILURE] Equipment defect [IOGP_RULE] Work Authorization [TEXT] During routine checks at Process plant, Equipment defect was observed during Pipe-rack inspection. The activity was delayed pending correction. Work was temporarily halted pending verification of the control measure.",Medium,0
NM_0318,Near Miss,Field office area,Instrument calibration,Reversing was attempted without a banksman and pedestrian segregation,Driving,"During Instrument calibration at Field office area, Reversing was attempted without a banksman and pedestrian segregation. The job proceeded only after corrective measures. No one was exposed, but the observation required a documented corrective action.","During Instrument calibration at Field office area, Reversing was attempted without a banksman and pedestrian segregation. The job proceeded only after corrective measures. No one was exposed, but the observation required a documented corrective action.","[REPORT_TYPE] Near Miss [SITE] Field office area [ACTIVITY] Instrument calibration [BARRIER_FAILURE] Reversing was attempted without a banksman and pedestrian segregation [IOGP_RULE] Driving [TEXT] During Instrument calibration at Field office area, Reversing was attempted without a banksman and pedestrian segregation. The job proceeded only after corrective measures. No one was exposed, but the observation required a documented corrective action.",Medium,0
NM_0001,Near Miss,Refinery unit,Lifting and rigging,Damaged pallet and unstable load were being raised without a spotter,Safe Mechanical Lifting,"Near-miss observation: while performing Lifting and rigging at Refinery unit, the team found that Damaged pallet and unstable load were being raised without a spotter. No work stoppage was required. The condition was corrected during the routine inspection, with no exposure to hazardous energy.","Near-miss observation: while performing Lifting and rigging at Refinery unit, the team found that Damaged pallet and unstable load were being raised without a spotter. No work stoppage was required. The condition was corrected during the routine inspection, with no exposure to hazardous energy.","[REPORT_TYPE] Near Miss [SITE] Refinery unit [ACTIVITY] Lifting and rigging [BARRIER_FAILURE] Damaged pallet and unstable load were being raised without a spotter [IOGP_RULE] Safe Mechanical Lifting [TEXT] Near-miss observation: while performing Lifting and rigging at Refinery unit, the team found that Damaged pallet and unstable load were being raised without a spotter. No work stoppage was required. The condition was corrected during the routine inspection, with no exposure to hazardous energy.",Low,0
NM_0713,Near Miss,Storage depot,Valve maintenance,Damaged pallet and unstable load were being raised without a spotter,Hot Work,A Damaged pallet and unstable load were being raised without a spotter was identified during Valve maintenance at Storage depot. Actual exposure to hazardous conditions occurred. The situation had imminent potential for fatality and was escalated immediately.,A Damaged pallet and unstable load were being raised without a spotter was identified during Valve maintenance at Storage depot. Actual exposure to hazardous conditions occurred. The situation had imminent potential for fatality and was escalated immediately.,[REPORT_TYPE] Near Miss [SITE] Storage depot [ACTIVITY] Valve maintenance [BARRIER_FAILURE] Damaged pallet and unstable load were being raised without a spotter [IOGP_RULE] Hot Work [TEXT] A Damaged pallet and unstable load were being raised without a spotter was identified during Valve maintenance at Storage depot. Actual exposure to hazardous conditions occurred. The situation had imminent potential for fatality and was escalated immediately.,Critical,1
NM_0170,Near Miss,Pipeline ROW,Electrical maintenance,Electrical supply and process pressure isolation were not independently verified,Energy Isolation,"Near-miss observation: while performing Electrical maintenance at Pipeline ROW, the team found that Electrical supply and process pressure isolation were not independently verified. No work stoppage was required. No work stoppage was required as the risk was minimal.","Near-miss observation: while performing Electrical maintenance at Pipeline ROW, the team found that Electrical supply and process pressure isolation were not independently verified. No work stoppage was required. No work stoppage was required as the risk was minimal.","[REPORT_TYPE] Near Miss [SITE] Pipeline ROW [ACTIVITY] Electrical maintenance [BARRIER_FAILURE] Electrical supply and process pressure isolation were not independently verified [IOGP_RULE] Energy Isolation [TEXT] Near-miss observation: while performing Electrical maintenance at Pipeline ROW, the team found that Electrical supply and process pressure isolation were not independently verified. No work stoppage was required. No work stoppage was required as the risk was minimal.",Low,0
NM_0765,Near Miss,Storage tank,Confined space entry,Exclusion zone missing,Confined Space,"Before/during Confined space entry at Storage tank, Exclusion zone missing. The situation had imminent potential for fatality and was escalated immediately. The situation had imminent potential for fatality and was escalated immediately.","Before/during Confined space entry at Storage tank, Exclusion zone missing. The situation had imminent potential for fatality and was escalated immediately. The situation had imminent potential for fatality and was escalated immediately.","[REPORT_TYPE] Near Miss [SITE] Storage tank [ACTIVITY] Confined space entry [BARRIER_FAILURE] Exclusion zone missing [IOGP_RULE] Confined Space [TEXT] Before/during Confined space entry at Storage tank, Exclusion zone missing. The situation had imminent potential for fatality and was escalated immediately. The situation had imminent potential for fatality and was escalated immediately.",Critical,1
NM_0281,Near Miss,Truck loading bay,Manual handling of tubulars,Lockout-tagout missing,Energy Isolation,"Near-miss observation: while performing Manual handling of tubulars at Truck loading bay, the team found that Lockout-tagout missing. Work was paused until the issue was addressed. No one was exposed, but the observation required a documented corrective action.","Near-miss observation: while performing Manual handling of tubulars at Truck loading bay, the team found that Lockout-tagout missing. Work was paused until the issue was addressed. No one was exposed, but the observation required a documented corrective action.","[REPORT_TYPE] Near Miss [SITE] Truck loading bay [ACTIVITY] Manual handling of tubulars [BARRIER_FAILURE] Lockout-tagout missing [IOGP_RULE] Energy Isolation [TEXT] Near-miss observation: while performing Manual handling of tubulars at Truck loading bay, the team found that Lockout-tagout missing. Work was paused until the issue was addressed. No one was exposed, but the observation required a documented corrective action.",Medium,0
NM_0611,Near Miss,Field office area,Drilling operations,Work scope had changed but the permit and job safety analysis were not revalidated,Energy Isolation,"Near-miss observation: while performing Drilling operations at Field office area, the team found that Work scope had changed but the permit and job safety analysis were not revalidated. All personnel were evacuated. All personnel were evacuated and the area was secured pending full investigation.","Near-miss observation: while performing Drilling operations at Field office area, the team found that Work scope had changed but the permit and job safety analysis were not revalidated. All personnel were evacuated. All personnel were evacuated and the area was secured pending full investigation.","[REPORT_TYPE] Near Miss [SITE] Field office area [ACTIVITY] Drilling operations [BARRIER_FAILURE] Work scope had changed but the permit and job safety analysis were not revalidated [IOGP_RULE] Energy Isolation [TEXT] Near-miss observation: while performing Drilling operations at Field office area, the team found that Work scope had changed but the permit and job safety analysis were not revalidated. All personnel were evacuated. All personnel were evacuated and the area was secured pending full investigation.",Critical,1
NM_0178,Near Miss,Storage depot,Equipment maintenance,Scaffold was altered without inspection tag and toe boards were missing,Work Authorization,A Scaffold was altered without inspection tag and toe boards were missing was identified during Equipment maintenance at Storage depot. The team corrected it without delay. No work stoppage was required as the risk was minimal.,A Scaffold was altered without inspection tag and toe boards were missing was identified during Equipment maintenance at Storage depot. The team corrected it without delay. No work stoppage was required as the risk was minimal.,[REPORT_TYPE] Near Miss [SITE] Storage depot [ACTIVITY] Equipment maintenance [BARRIER_FAILURE] Scaffold was altered without inspection tag and toe boards were missing [IOGP_RULE] Work Authorization [TEXT] A Scaffold was altered without inspection tag and toe boards were missing was identified during Equipment maintenance at Storage depot. The team corrected it without delay. No work stoppage was required as the risk was minimal.,Low,0
NM_0324,Near Miss,Gas processing unit,Pump maintenance,Training inadequate,Confined Space,"Near-miss observation: while performing Pump maintenance at Gas processing unit, the team found that Training inadequate. Work was stopped temporarily and resumed after verification. The supervisor reviewed the situation and approved continuation after correction.","Near-miss observation: while performing Pump maintenance at Gas processing unit, the team found that Training inadequate. Work was stopped temporarily and resumed after verification. The supervisor reviewed the situation and approved continuation after correction.","[REPORT_TYPE] Near Miss [SITE] Gas processing unit [ACTIVITY] Pump maintenance [BARRIER_FAILURE] Training inadequate [IOGP_RULE] Confined Space [TEXT] Near-miss observation: while performing Pump maintenance at Gas processing unit, the team found that Training inadequate. Work was stopped temporarily and resumed after verification. The supervisor reviewed the situation and approved continuation after correction.",Medium,0
NM_0397,Near Miss,Process plant,Wellhead valve maintenance,Damaged pallet and unstable load were being raised without a spotter,Safe Mechanical Lifting,"During Wellhead valve maintenance at Process plant, Damaged pallet and unstable load were being raised without a spotter. The job proceeded only after corrective measures. The supervisor reviewed the situation and approved continuation after correction.","During Wellhead valve maintenance at Process plant, Damaged pallet and unstable load were being raised without a spotter. The job proceeded only after corrective measures. The supervisor reviewed the situation and approved continuation after correction.","[REPORT_TYPE] Near Miss [SITE] Process plant [ACTIVITY] Wellhead valve maintenance [BARRIER_FAILURE] Damaged pallet and unstable load were being raised without a spotter [IOGP_RULE] Safe Mechanical Lifting [TEXT] During Wellhead valve maintenance at Process plant, Damaged pallet and unstable load were being raised without a spotter. The job proceeded only after corrective measures. The supervisor reviewed the situation and approved continuation after correction.",Medium,0
NM_0551,Near Miss,Storage tank,Confined space entry,Communication failure,Confined Space,"During routine checks at Storage tank, Communication failure was observed during Confined space entry. The activity was stopped as it could have resulted in serious harm. The situation had credible potential for serious injury and was escalated immediately.","During routine checks at Storage tank, Communication failure was observed during Confined space entry. The activity was stopped as it could have resulted in serious harm. The situation had credible potential for serious injury and was escalated immediately.","[REPORT_TYPE] Near Miss [SITE] Storage tank [ACTIVITY] Confined space entry [BARRIER_FAILURE] Communication failure [IOGP_RULE] Confined Space [TEXT] During routine checks at Storage tank, Communication failure was observed during Confined space entry. The activity was stopped as it could have resulted in serious harm. The situation had credible potential for serious injury and was escalated immediately.",High,1
NM_0583,Near Miss,Wellsite,Scaffolding work,Line was not depressurised and workers were positioned in the potential release path,Working at Height,"Shift crew reported that during Scaffolding work in Wellsite, Line was not depressurised and workers were positioned in the potential release path. Critical control failure was corrected before resuming work. A supervisor issued a stop-work intervention and required a formal control verification.","Shift crew reported that during Scaffolding work in Wellsite, Line was not depressurised and workers were positioned in the potential release path. Critical control failure was corrected before resuming work. A supervisor issued a stop-work intervention and required a formal control verification.","[REPORT_TYPE] Near Miss [SITE] Wellsite [ACTIVITY] Scaffolding work [BARRIER_FAILURE] Line was not depressurised and workers were positioned in the potential release path [IOGP_RULE] Working at Height [TEXT] Shift crew reported that during Scaffolding work in Wellsite, Line was not depressurised and workers were positioned in the potential release path. Critical control failure was corrected before resuming work. A supervisor issued a stop-work intervention and required a formal control verification.",High,1
NM_0728,Near Miss,LPG bottling plant,Valve maintenance,Hands were placed near pinch points and no designated signaler was present,Line of Fire,"During routine checks at LPG bottling plant, Hands were placed near pinch points and no designated signaler was present was observed during Valve maintenance. All personnel were evacuated. Personnel were moved to a safe location and the event was treated as a high-potential near miss.","During routine checks at LPG bottling plant, Hands were placed near pinch points and no designated signaler was present was observed during Valve maintenance. All personnel were evacuated. Personnel were moved to a safe location and the event was treated as a high-potential near miss.","[REPORT_TYPE] Near Miss [SITE] LPG bottling plant [ACTIVITY] Valve maintenance [BARRIER_FAILURE] Hands were placed near pinch points and no designated signaler was present [IOGP_RULE] Line of Fire [TEXT] During routine checks at LPG bottling plant, Hands were placed near pinch points and no designated signaler was present was observed during Valve maintenance. All personnel were evacuated. Personnel were moved to a safe location and the event was treated as a high-potential near miss.",Critical,1
NM_0434,Near Miss,Pipeline ROW,Pipe-rack inspection,"Lift plan, tag lines, and barricaded drop zone were not available",Safe Mechanical Lifting,"Shift crew reported that during Pipe-rack inspection in Pipeline ROW, Lift plan, tag lines, and barricaded drop zone were not available. The job was halted due to high-risk exposure. The situation had credible potential for serious injury and was escalated immediately.","Shift crew reported that during Pipe-rack inspection in Pipeline ROW, Lift plan, tag lines, and barricaded drop zone were not available. The job was halted due to high-risk exposure. The situation had credible potential for serious injury and was escalated immediately.","[REPORT_TYPE] Near Miss [SITE] Pipeline ROW [ACTIVITY] Pipe-rack inspection [BARRIER_FAILURE] Lift plan, tag lines, and barricaded drop zone were not available [IOGP_RULE] Safe Mechanical Lifting [TEXT] Shift crew reported that during Pipe-rack inspection in Pipeline ROW, Lift plan, tag lines, and barricaded drop zone were not available. The job was halted due to high-risk exposure. The situation had credible potential for serious injury and was escalated immediately.",High,1
NM_0008,Near Miss,Pump station,Breaking a pressurised flange,Excavation edge was not barricaded and underground utility mark-out was incomplete,Working at Height,"Before/during Breaking a pressurised flange at Pump station, Excavation edge was not barricaded and underground utility mark-out was incomplete. The team corrected it without delay. The condition was corrected during the routine inspection, with no exposure to hazardous energy.","Before/during Breaking a pressurised flange at Pump station, Excavation edge was not barricaded and underground utility mark-out was incomplete. The team corrected it without delay. The condition was corrected during the routine inspection, with no exposure to hazardous energy.","[REPORT_TYPE] Near Miss [SITE] Pump station [ACTIVITY] Breaking a pressurised flange [BARRIER_FAILURE] Excavation edge was not barricaded and underground utility mark-out was incomplete [IOGP_RULE] Working at Height [TEXT] Before/during Breaking a pressurised flange at Pump station, Excavation edge was not barricaded and underground utility mark-out was incomplete. The team corrected it without delay. The condition was corrected during the routine inspection, with no exposure to hazardous energy.",Low,0
NM_0150,Near Miss,Truck loading bay,Grinding near drain,Isolation not verified,Energy Isolation,"A Isolation not verified was identified during Grinding near drain at Truck loading bay. The team corrected it without delay. The condition was corrected during the routine inspection, with no exposure to hazardous energy.","A Isolation not verified was identified during Grinding near drain at Truck loading bay. The team corrected it without delay. The condition was corrected during the routine inspection, with no exposure to hazardous energy.","[REPORT_TYPE] Near Miss [SITE] Truck loading bay [ACTIVITY] Grinding near drain [BARRIER_FAILURE] Isolation not verified [IOGP_RULE] Energy Isolation [TEXT] A Isolation not verified was identified during Grinding near drain at Truck loading bay. The team corrected it without delay. The condition was corrected during the routine inspection, with no exposure to hazardous energy.",Low,0
NM_0415,Near Miss,Pipeline ROW,Breaking a pressurised flange,Supervision absent,Bypassing Safety Controls,"A Supervision absent was identified during Breaking a pressurised flange at Pipeline ROW. The activity was stopped as it could have resulted in serious harm. Personnel were close to hazardous energy exposure, so the area was secured pending investigation.","A Supervision absent was identified during Breaking a pressurised flange at Pipeline ROW. The activity was stopped as it could have resulted in serious harm. Personnel were close to hazardous energy exposure, so the area was secured pending investigation.","[REPORT_TYPE] Near Miss [SITE] Pipeline ROW [ACTIVITY] Breaking a pressurised flange [BARRIER_FAILURE] Supervision absent [IOGP_RULE] Bypassing Safety Controls [TEXT] A Supervision absent was identified during Breaking a pressurised flange at Pipeline ROW. The activity was stopped as it could have resulted in serious harm. Personnel were close to hazardous energy exposure, so the area was secured pending investigation.",High,1
NM_0438,Near Miss,Compressor station,Emergency valve servicing,"Lift plan, tag lines, and barricaded drop zone were not available",Safe Mechanical Lifting,"Before/during Emergency valve servicing at Compressor station, Lift plan, tag lines, and barricaded drop zone were not available. Work was stopped due to potential serious injury risk. Personnel were close to hazardous energy exposure, so the area was secured pending investigation.","Before/during Emergency valve servicing at Compressor station, Lift plan, tag lines, and barricaded drop zone were not available. Work was stopped due to potential serious injury risk. Personnel were close to hazardous energy exposure, so the area was secured pending investigation.","[REPORT_TYPE] Near Miss [SITE] Compressor station [ACTIVITY] Emergency valve servicing [BARRIER_FAILURE] Lift plan, tag lines, and barricaded drop zone were not available [IOGP_RULE] Safe Mechanical Lifting [TEXT] Before/during Emergency valve servicing at Compressor station, Lift plan, tag lines, and barricaded drop zone were not available. Work was stopped due to potential serious injury risk. Personnel were close to hazardous energy exposure, so the area was secured pending investigation.",High,1
NM_0691,Near Miss,Process plant,Loading/unloading operations,Procedure not followed,Work Authorization,"Shift crew reported that during Loading/unloading operations in Process plant, Procedure not followed. The situation had imminent potential for fatality and was escalated immediately. All personnel were evacuated and the area was secured pending full investigation.","Shift crew reported that during Loading/unloading operations in Process plant, Procedure not followed. The situation had imminent potential for fatality and was escalated immediately. All personnel were evacuated and the area was secured pending full investigation.","[REPORT_TYPE] Near Miss [SITE] Process plant [ACTIVITY] Loading/unloading operations [BARRIER_FAILURE] Procedure not followed [IOGP_RULE] Work Authorization [TEXT] Shift crew reported that during Loading/unloading operations in Process plant, Procedure not followed. The situation had imminent potential for fatality and was escalated immediately. All personnel were evacuated and the area was secured pending full investigation.",Critical,1
NM_0537,Near Miss,Pump station,Vessel entry preparation,Guard missing,Confined Space,"A Guard missing was identified during Vessel entry preparation at Pump station. Critical control failure was corrected before resuming work. Personnel were close to hazardous energy exposure, so the area was secured pending investigation.","A Guard missing was identified during Vessel entry preparation at Pump station. Critical control failure was corrected before resuming work. Personnel were close to hazardous energy exposure, so the area was secured pending investigation.","[REPORT_TYPE] Near Miss [SITE] Pump station [ACTIVITY] Vessel entry preparation [BARRIER_FAILURE] Guard missing [IOGP_RULE] Confined Space [TEXT] A Guard missing was identified during Vessel entry preparation at Pump station. Critical control failure was corrected before resuming work. Personnel were close to hazardous energy exposure, so the area was secured pending investigation.",High,1
NM_0148,Near Miss,Wellsite,Confined space entry,Spill containment missing,Confined Space,"Before/during Confined space entry at Wellsite, Spill containment missing. No work stoppage was required. The condition was corrected during the routine inspection, with no exposure to hazardous energy.","Before/during Confined space entry at Wellsite, Spill containment missing. No work stoppage was required. The condition was corrected during the routine inspection, with no exposure to hazardous energy.","[REPORT_TYPE] Near Miss [SITE] Wellsite [ACTIVITY] Confined space entry [BARRIER_FAILURE] Spill containment missing [IOGP_RULE] Confined Space [TEXT] Before/during Confined space entry at Wellsite, Spill containment missing. No work stoppage was required. The condition was corrected during the routine inspection, with no exposure to hazardous energy.",Low,0
NM_0099,Near Miss,Storage tank,Sampling and testing,Electrical supply and process pressure isolation were not independently verified,None/Not Applicable,"Shift crew reported that during Sampling and testing in Storage tank, Electrical supply and process pressure isolation were not independently verified. Corrective action was taken on the spot. The team recorded the observation and completed immediate housekeeping correction.","Shift crew reported that during Sampling and testing in Storage tank, Electrical supply and process pressure isolation were not independently verified. Corrective action was taken on the spot. The team recorded the observation and completed immediate housekeeping correction.","[REPORT_TYPE] Near Miss [SITE] Storage tank [ACTIVITY] Sampling and testing [BARRIER_FAILURE] Electrical supply and process pressure isolation were not independently verified [IOGP_RULE] None/Not Applicable [TEXT] Shift crew reported that during Sampling and testing in Storage tank, Electrical supply and process pressure isolation were not independently verified. Corrective action was taken on the spot. The team recorded the observation and completed immediate housekeeping correction.",Low,0
NM_0798,Near Miss,Wellsite,Reversing vehicle operations,Lift plan missing,Safe Mechanical Lifting,"Inspection revealed Lift plan missing during Reversing vehicle operations at Wellsite. Work was stopped urgently and emergency response was initiated. The condition presented immediate potentially fatal exposure; operations were stopped, the area was isolated, and emergency escalation began.","Inspection revealed Lift plan missing during Reversing vehicle operations at Wellsite. Work was stopped urgently and emergency response was initiated. The condition presented immediate potentially fatal exposure; operations were stopped, the area was isolated, and emergency escalation began.","[REPORT_TYPE] Near Miss [SITE] Wellsite [ACTIVITY] Reversing vehicle operations [BARRIER_FAILURE] Lift plan missing [IOGP_RULE] Safe Mechanical Lifting [TEXT] Inspection revealed Lift plan missing during Reversing vehicle operations at Wellsite. Work was stopped urgently and emergency response was initiated. The condition presented immediate potentially fatal exposure; operations were stopped, the area was isolated, and emergency escalation began.",Critical,1
NM_0760,Near Miss,Truck loading bay,Lifting and rigging,Exclusion zone missing,Safe Mechanical Lifting,"Shift crew reported that during Lifting and rigging in Truck loading bay, Exclusion zone missing. Work was stopped urgently and emergency response was initiated. Multiple critical barriers were ineffective, creating imminent serious-injury or fatality potential.","Shift crew reported that during Lifting and rigging in Truck loading bay, Exclusion zone missing. Work was stopped urgently and emergency response was initiated. Multiple critical barriers were ineffective, creating imminent serious-injury or fatality potential.","[REPORT_TYPE] Near Miss [SITE] Truck loading bay [ACTIVITY] Lifting and rigging [BARRIER_FAILURE] Exclusion zone missing [IOGP_RULE] Safe Mechanical Lifting [TEXT] Shift crew reported that during Lifting and rigging in Truck loading bay, Exclusion zone missing. Work was stopped urgently and emergency response was initiated. Multiple critical barriers were ineffective, creating imminent serious-injury or fatality potential.",Critical,1
NM_0349,Near Miss,Wellsite,Well intervention,Procedure not followed,Work Authorization,A Procedure not followed was identified during Well intervention at Wellsite. The activity was delayed pending correction. The crew escalated the issue through the shift safety meeting and closed it before continuation.,A Procedure not followed was identified during Well intervention at Wellsite. The activity was delayed pending correction. The crew escalated the issue through the shift safety meeting and closed it before continuation.,[REPORT_TYPE] Near Miss [SITE] Wellsite [ACTIVITY] Well intervention [BARRIER_FAILURE] Procedure not followed [IOGP_RULE] Work Authorization [TEXT] A Procedure not followed was identified during Well intervention at Wellsite. The activity was delayed pending correction. The crew escalated the issue through the shift safety meeting and closed it before continuation.,Medium,0
NM_0475,Near Miss,LPG bottling plant,Crude transfer vehicle movement,Fall arrest missing,Working at Height,A Fall arrest missing was identified during Crude transfer vehicle movement at LPG bottling plant. Work was stopped due to potential serious injury risk. A supervisor issued a stop-work intervention and required a formal control verification.,A Fall arrest missing was identified during Crude transfer vehicle movement at LPG bottling plant. Work was stopped due to potential serious injury risk. A supervisor issued a stop-work intervention and required a formal control verification.,[REPORT_TYPE] Near Miss [SITE] LPG bottling plant [ACTIVITY] Crude transfer vehicle movement [BARRIER_FAILURE] Fall arrest missing [IOGP_RULE] Working at Height [TEXT] A Fall arrest missing was identified during Crude transfer vehicle movement at LPG bottling plant. Work was stopped due to potential serious injury risk. A supervisor issued a stop-work intervention and required a formal control verification.,High,1
NM_0211,Near Miss,Wellsite,Housekeeping inspection,Trip interlock was found bypassed during a production upset,Bypassing Safety Controls,"Before/during Housekeeping inspection at Wellsite, Trip interlock was found bypassed during a production upset. The job proceeded only after corrective measures. The task was paused, the control was restored, and the supervisor verified readiness before work resumed.","Before/during Housekeeping inspection at Wellsite, Trip interlock was found bypassed during a production upset. The job proceeded only after corrective measures. The task was paused, the control was restored, and the supervisor verified readiness before work resumed.","[REPORT_TYPE] Near Miss [SITE] Wellsite [ACTIVITY] Housekeeping inspection [BARRIER_FAILURE] Trip interlock was found bypassed during a production upset [IOGP_RULE] Bypassing Safety Controls [TEXT] Before/during Housekeeping inspection at Wellsite, Trip interlock was found bypassed during a production upset. The job proceeded only after corrective measures. The task was paused, the control was restored, and the supervisor verified readiness before work resumed.",Medium,0
NM_0276,Near Miss,Wellsite,Wellhead valve maintenance,Driver fatigue screening and journey-management check were incomplete,Driving,"A Driver fatigue screening and journey-management check were incomplete was identified during Wellhead valve maintenance at Wellsite. The job proceeded only after corrective measures. The task was paused, the control was restored, and the supervisor verified readiness before work resumed.","A Driver fatigue screening and journey-management check were incomplete was identified during Wellhead valve maintenance at Wellsite. The job proceeded only after corrective measures. The task was paused, the control was restored, and the supervisor verified readiness before work resumed.","[REPORT_TYPE] Near Miss [SITE] Wellsite [ACTIVITY] Wellhead valve maintenance [BARRIER_FAILURE] Driver fatigue screening and journey-management check were incomplete [IOGP_RULE] Driving [TEXT] A Driver fatigue screening and journey-management check were incomplete was identified during Wellhead valve maintenance at Wellsite. The job proceeded only after corrective measures. The task was paused, the control was restored, and the supervisor verified readiness before work resumed.",Medium,0
NM_0101,Near Miss,Wellsite,Electrical maintenance,Pneumatic energy isolation was not locked and residual pressure remained in the line,Energy Isolation,"During routine checks at Wellsite, Pneumatic energy isolation was not locked and residual pressure remained in the line was observed during Electrical maintenance. Corrective action was taken on the spot. The team recorded the observation and completed immediate housekeeping correction.","During routine checks at Wellsite, Pneumatic energy isolation was not locked and residual pressure remained in the line was observed during Electrical maintenance. Corrective action was taken on the spot. The team recorded the observation and completed immediate housekeeping correction.","[REPORT_TYPE] Near Miss [SITE] Wellsite [ACTIVITY] Electrical maintenance [BARRIER_FAILURE] Pneumatic energy isolation was not locked and residual pressure remained in the line [IOGP_RULE] Energy Isolation [TEXT] During routine checks at Wellsite, Pneumatic energy isolation was not locked and residual pressure remained in the line was observed during Electrical maintenance. Corrective action was taken on the spot. The team recorded the observation and completed immediate housekeeping correction.",Low,0
NM_0773,Near Miss,Gas processing unit,Well intervention,Supervision absent,Bypassing Safety Controls,"Before/during Well intervention at Gas processing unit, Supervision absent. Multiple workers were at risk of serious injury or fatality. Personnel were moved to a safe location and the event was treated as a high-potential near miss.","Before/during Well intervention at Gas processing unit, Supervision absent. Multiple workers were at risk of serious injury or fatality. Personnel were moved to a safe location and the event was treated as a high-potential near miss.","[REPORT_TYPE] Near Miss [SITE] Gas processing unit [ACTIVITY] Well intervention [BARRIER_FAILURE] Supervision absent [IOGP_RULE] Bypassing Safety Controls [TEXT] Before/during Well intervention at Gas processing unit, Supervision absent. Multiple workers were at risk of serious injury or fatality. Personnel were moved to a safe location and the event was treated as a high-potential near miss.",Critical,1
NM_0377,Near Miss,Wellsite,Crude transfer vehicle movement,Line was not depressurised and workers were positioned in the potential release path,Line of Fire,Inspection revealed Line was not depressurised and workers were positioned in the potential release path during Crude transfer vehicle movement at Wellsite. The activity was delayed pending correction. The crew escalated the issue through the shift safety meeting and closed it before continuation.,Inspection revealed Line was not depressurised and workers were positioned in the potential release path during Crude transfer vehicle movement at Wellsite. The activity was delayed pending correction. The crew escalated the issue through the shift safety meeting and closed it before continuation.,[REPORT_TYPE] Near Miss [SITE] Wellsite [ACTIVITY] Crude transfer vehicle movement [BARRIER_FAILURE] Line was not depressurised and workers were positioned in the potential release path [IOGP_RULE] Line of Fire [TEXT] Inspection revealed Line was not depressurised and workers were positioned in the potential release path during Crude transfer vehicle movement at Wellsite. The activity was delayed pending correction. The crew escalated the issue through the shift safety meeting and closed it before continuation.,Medium,0
NM_0371,Near Miss,Wellsite,Hot work (welding/grinding),Training inadequate,Hot Work,A Training inadequate was identified during Hot work (welding/grinding) at Wellsite. The supervisor reviewed and approved continuation after correction. The crew escalated the issue through the shift safety meeting and closed it before continuation.,A Training inadequate was identified during Hot work (welding/grinding) at Wellsite. The supervisor reviewed and approved continuation after correction. The crew escalated the issue through the shift safety meeting and closed it before continuation.,[REPORT_TYPE] Near Miss [SITE] Wellsite [ACTIVITY] Hot work (welding/grinding) [BARRIER_FAILURE] Training inadequate [IOGP_RULE] Hot Work [TEXT] A Training inadequate was identified during Hot work (welding/grinding) at Wellsite. The supervisor reviewed and approved continuation after correction. The crew escalated the issue through the shift safety meeting and closed it before continuation.,Medium,0
NM_0686,Near Miss,LPG bottling plant,Emergency valve servicing,Gas test missing,Confined Space,"During routine checks at LPG bottling plant, Gas test missing was observed during Emergency valve servicing. All personnel were evacuated. Multiple critical barriers were ineffective, creating imminent serious-injury or fatality potential.","During routine checks at LPG bottling plant, Gas test missing was observed during Emergency valve servicing. All personnel were evacuated. Multiple critical barriers were ineffective, creating imminent serious-injury or fatality potential.","[REPORT_TYPE] Near Miss [SITE] LPG bottling plant [ACTIVITY] Emergency valve servicing [BARRIER_FAILURE] Gas test missing [IOGP_RULE] Confined Space [TEXT] During routine checks at LPG bottling plant, Gas test missing was observed during Emergency valve servicing. All personnel were evacuated. Multiple critical barriers were ineffective, creating imminent serious-injury or fatality potential.",Critical,1
NM_0758,Near Miss,Offshore platform,Breaking a pressurised flange,Drain cover was open and combustible vapour testing was not documented,Hot Work,"Before/during Breaking a pressurised flange at Offshore platform, Drain cover was open and combustible vapour testing was not documented. Work was stopped urgently and emergency response was initiated. The situation had imminent potential for fatality and was escalated immediately.","Before/during Breaking a pressurised flange at Offshore platform, Drain cover was open and combustible vapour testing was not documented. Work was stopped urgently and emergency response was initiated. The situation had imminent potential for fatality and was escalated immediately.","[REPORT_TYPE] Near Miss [SITE] Offshore platform [ACTIVITY] Breaking a pressurised flange [BARRIER_FAILURE] Drain cover was open and combustible vapour testing was not documented [IOGP_RULE] Hot Work [TEXT] Before/during Breaking a pressurised flange at Offshore platform, Drain cover was open and combustible vapour testing was not documented. Work was stopped urgently and emergency response was initiated. The situation had imminent potential for fatality and was escalated immediately.",Critical,1
NM_0680,Near Miss,Refinery unit,Loading/unloading operations,Pneumatic energy isolation was not locked and residual pressure remained in the line,Energy Isolation,"Shift crew reported that during Loading/unloading operations in Refinery unit, Pneumatic energy isolation was not locked and residual pressure remained in the line. All personnel were evacuated. All personnel were evacuated and the area was secured pending full investigation.","Shift crew reported that during Loading/unloading operations in Refinery unit, Pneumatic energy isolation was not locked and residual pressure remained in the line. All personnel were evacuated. All personnel were evacuated and the area was secured pending full investigation.","[REPORT_TYPE] Near Miss [SITE] Refinery unit [ACTIVITY] Loading/unloading operations [BARRIER_FAILURE] Pneumatic energy isolation was not locked and residual pressure remained in the line [IOGP_RULE] Energy Isolation [TEXT] Shift crew reported that during Loading/unloading operations in Refinery unit, Pneumatic energy isolation was not locked and residual pressure remained in the line. All personnel were evacuated. All personnel were evacuated and the area was secured pending full investigation.",Critical,1
NM_0398,Near Miss,Process plant,Pump seal replacement,Pneumatic energy isolation was not locked and residual pressure remained in the line,Energy Isolation,"During Pump seal replacement at Process plant, Pneumatic energy isolation was not locked and residual pressure remained in the line. The activity was delayed pending correction. The crew escalated the issue through the shift safety meeting and closed it before continuation.","During Pump seal replacement at Process plant, Pneumatic energy isolation was not locked and residual pressure remained in the line. The activity was delayed pending correction. The crew escalated the issue through the shift safety meeting and closed it before continuation.","[REPORT_TYPE] Near Miss [SITE] Process plant [ACTIVITY] Pump seal replacement [BARRIER_FAILURE] Pneumatic energy isolation was not locked and residual pressure remained in the line [IOGP_RULE] Energy Isolation [TEXT] During Pump seal replacement at Process plant, Pneumatic energy isolation was not locked and residual pressure remained in the line. The activity was delayed pending correction. The crew escalated the issue through the shift safety meeting and closed it before continuation.",Medium,0
NM_0461,Near Miss,Pipeline ROW,Confined space entry,Drain cover was open and combustible vapour testing was not documented,Confined Space,"During Confined space entry at Pipeline ROW, Drain cover was open and combustible vapour testing was not documented. Critical control failure was corrected before resuming work. A supervisor issued a stop-work intervention and required a formal control verification.","During Confined space entry at Pipeline ROW, Drain cover was open and combustible vapour testing was not documented. Critical control failure was corrected before resuming work. A supervisor issued a stop-work intervention and required a formal control verification.","[REPORT_TYPE] Near Miss [SITE] Pipeline ROW [ACTIVITY] Confined space entry [BARRIER_FAILURE] Drain cover was open and combustible vapour testing was not documented [IOGP_RULE] Confined Space [TEXT] During Confined space entry at Pipeline ROW, Drain cover was open and combustible vapour testing was not documented. Critical control failure was corrected before resuming work. A supervisor issued a stop-work intervention and required a formal control verification.",High,1
NM_0761,Near Miss,Field office area,Wellhead valve maintenance,Reversing was attempted without a banksman and pedestrian segregation,Driving,"Before/during Wellhead valve maintenance at Field office area, Reversing was attempted without a banksman and pedestrian segregation. Actual exposure to hazardous conditions occurred. Personnel were moved to a safe location and the event was treated as a high-potential near miss.","Before/during Wellhead valve maintenance at Field office area, Reversing was attempted without a banksman and pedestrian segregation. Actual exposure to hazardous conditions occurred. Personnel were moved to a safe location and the event was treated as a high-potential near miss.","[REPORT_TYPE] Near Miss [SITE] Field office area [ACTIVITY] Wellhead valve maintenance [BARRIER_FAILURE] Reversing was attempted without a banksman and pedestrian segregation [IOGP_RULE] Driving [TEXT] Before/during Wellhead valve maintenance at Field office area, Reversing was attempted without a banksman and pedestrian segregation. Actual exposure to hazardous conditions occurred. Personnel were moved to a safe location and the event was treated as a high-potential near miss.",Critical,1
NM_0556,Near Miss,Gas processing unit,Grinding near drain,Driver fatigue screening and journey-management check were incomplete,Hot Work,"Near-miss observation: while performing Grinding near drain at Gas processing unit, the team found that Driver fatigue screening and journey-management check were incomplete. The situation had credible potential for serious injury. Personnel were close to hazardous energy exposure, so the area was secured pending investigation.","Near-miss observation: while performing Grinding near drain at Gas processing unit, the team found that Driver fatigue screening and journey-management check were incomplete. The situation had credible potential for serious injury. Personnel were close to hazardous energy exposure, so the area was secured pending investigation.","[REPORT_TYPE] Near Miss [SITE] Gas processing unit [ACTIVITY] Grinding near drain [BARRIER_FAILURE] Driver fatigue screening and journey-management check were incomplete [IOGP_RULE] Hot Work [TEXT] Near-miss observation: while performing Grinding near drain at Gas processing unit, the team found that Driver fatigue screening and journey-management check were incomplete. The situation had credible potential for serious injury. Personnel were close to hazardous energy exposure, so the area was secured pending investigation.",High,1
NM_0187,Near Miss,Field office area,Compressor troubleshooting,Tool inspection missing,Hot Work,"During routine checks at Field office area, Tool inspection missing was observed during Compressor troubleshooting. No work stoppage was required. No work stoppage was required as the risk was minimal.","During routine checks at Field office area, Tool inspection missing was observed during Compressor troubleshooting. No work stoppage was required. No work stoppage was required as the risk was minimal.","[REPORT_TYPE] Near Miss [SITE] Field office area [ACTIVITY] Compressor troubleshooting [BARRIER_FAILURE] Tool inspection missing [IOGP_RULE] Hot Work [TEXT] During routine checks at Field office area, Tool inspection missing was observed during Compressor troubleshooting. No work stoppage was required. No work stoppage was required as the risk was minimal.",Low,0
NM_0548,Near Miss,Storage tank,Excavation work,Reversing was attempted without a banksman and pedestrian segregation,Driving,"During routine checks at Storage tank, Reversing was attempted without a banksman and pedestrian segregation was observed during Excavation work. The activity was stopped as it could have resulted in serious harm. A supervisor issued a stop-work intervention and required a formal control verification.","During routine checks at Storage tank, Reversing was attempted without a banksman and pedestrian segregation was observed during Excavation work. The activity was stopped as it could have resulted in serious harm. A supervisor issued a stop-work intervention and required a formal control verification.","[REPORT_TYPE] Near Miss [SITE] Storage tank [ACTIVITY] Excavation work [BARRIER_FAILURE] Reversing was attempted without a banksman and pedestrian segregation [IOGP_RULE] Driving [TEXT] During routine checks at Storage tank, Reversing was attempted without a banksman and pedestrian segregation was observed during Excavation work. The activity was stopped as it could have resulted in serious harm. A supervisor issued a stop-work intervention and required a formal control verification.",High,1
NM_0619,Near Miss,LPG bottling plant,Drilling operations,Training inadequate,Driving,"Shift crew reported that during Drilling operations in LPG bottling plant, Training inadequate. The situation had imminent potential for fatality and was escalated immediately. Multiple critical barriers were ineffective, creating imminent serious-injury or fatality potential.","Shift crew reported that during Drilling operations in LPG bottling plant, Training inadequate. The situation had imminent potential for fatality and was escalated immediately. Multiple critical barriers were ineffective, creating imminent serious-injury or fatality potential.","[REPORT_TYPE] Near Miss [SITE] LPG bottling plant [ACTIVITY] Drilling operations [BARRIER_FAILURE] Training inadequate [IOGP_RULE] Driving [TEXT] Shift crew reported that during Drilling operations in LPG bottling plant, Training inadequate. The situation had imminent potential for fatality and was escalated immediately. Multiple critical barriers were ineffective, creating imminent serious-injury or fatality potential.",Critical,1
NM_0058,Near Miss,Compressor station,Housekeeping inspection,Atmosphere not tested,Confined Space,"During Housekeeping inspection at Compressor station, Atmosphere not tested. Work was paused briefly and the issue was resolved. The issue was minor and was rectified before it affected the task.","During Housekeeping inspection at Compressor station, Atmosphere not tested. Work was paused briefly and the issue was resolved. The issue was minor and was rectified before it affected the task.","[REPORT_TYPE] Near Miss [SITE] Compressor station [ACTIVITY] Housekeeping inspection [BARRIER_FAILURE] Atmosphere not tested [IOGP_RULE] Confined Space [TEXT] During Housekeeping inspection at Compressor station, Atmosphere not tested. Work was paused briefly and the issue was resolved. The issue was minor and was rectified before it affected the task.",Low,0
NM_0600,Near Miss,Offshore platform,Manual handling of tubulars,Isolation not verified,Energy Isolation,"During Manual handling of tubulars at Offshore platform, Isolation not verified. The activity was stopped as it could have resulted in serious harm. Work was halted due to high-risk exposure and corrective measures were implemented.","During Manual handling of tubulars at Offshore platform, Isolation not verified. The activity was stopped as it could have resulted in serious harm. Work was halted due to high-risk exposure and corrective measures were implemented.","[REPORT_TYPE] Near Miss [SITE] Offshore platform [ACTIVITY] Manual handling of tubulars [BARRIER_FAILURE] Isolation not verified [IOGP_RULE] Energy Isolation [TEXT] During Manual handling of tubulars at Offshore platform, Isolation not verified. The activity was stopped as it could have resulted in serious harm. Work was halted due to high-risk exposure and corrective measures were implemented.",High,1
NM_0322,Near Miss,Process plant,Forklift pallet handling,PPE not used,Safe Mechanical Lifting,"During routine checks at Process plant, PPE not used was observed during Forklift pallet handling. The job proceeded only after corrective measures. The task was paused, the control was restored, and the supervisor verified readiness before work resumed.","During routine checks at Process plant, PPE not used was observed during Forklift pallet handling. The job proceeded only after corrective measures. The task was paused, the control was restored, and the supervisor verified readiness before work resumed.","[REPORT_TYPE] Near Miss [SITE] Process plant [ACTIVITY] Forklift pallet handling [BARRIER_FAILURE] PPE not used [IOGP_RULE] Safe Mechanical Lifting [TEXT] During routine checks at Process plant, PPE not used was observed during Forklift pallet handling. The job proceeded only after corrective measures. The task was paused, the control was restored, and the supervisor verified readiness before work resumed.",Medium,0
NM_0673,Near Miss,Pipeline ROW,Hot work (welding/grinding),Exclusion zone missing,Hot Work,"During routine checks at Pipeline ROW, Exclusion zone missing was observed during Hot work (welding/grinding). Actual exposure to hazardous conditions occurred. Multiple critical barriers were ineffective, creating imminent serious-injury or fatality potential.","During routine checks at Pipeline ROW, Exclusion zone missing was observed during Hot work (welding/grinding). Actual exposure to hazardous conditions occurred. Multiple critical barriers were ineffective, creating imminent serious-injury or fatality potential.","[REPORT_TYPE] Near Miss [SITE] Pipeline ROW [ACTIVITY] Hot work (welding/grinding) [BARRIER_FAILURE] Exclusion zone missing [IOGP_RULE] Hot Work [TEXT] During routine checks at Pipeline ROW, Exclusion zone missing was observed during Hot work (welding/grinding). Actual exposure to hazardous conditions occurred. Multiple critical barriers were ineffective, creating imminent serious-injury or fatality potential.",Critical,1
NM_0409,Near Miss,Pipeline ROW,Pump maintenance,Exclusion zone missing,Line of Fire,A Exclusion zone missing was identified during Pump maintenance at Pipeline ROW. The activity was stopped as it could have resulted in serious harm. Work was halted due to high-risk exposure and corrective measures were implemented.,A Exclusion zone missing was identified during Pump maintenance at Pipeline ROW. The activity was stopped as it could have resulted in serious harm. Work was halted due to high-risk exposure and corrective measures were implemented.,[REPORT_TYPE] Near Miss [SITE] Pipeline ROW [ACTIVITY] Pump maintenance [BARRIER_FAILURE] Exclusion zone missing [IOGP_RULE] Line of Fire [TEXT] A Exclusion zone missing was identified during Pump maintenance at Pipeline ROW. The activity was stopped as it could have resulted in serious harm. Work was halted due to high-risk exposure and corrective measures were implemented.,High,1
NM_0046,Near Miss,Process plant,Pump maintenance,Gas test missing,Confined Space,"Before/during Pump maintenance at Process plant, Gas test missing. The team corrected it without delay. The team recorded the observation and completed immediate housekeeping correction.","Before/during Pump maintenance at Process plant, Gas test missing. The team corrected it without delay. The team recorded the observation and completed immediate housekeeping correction.","[REPORT_TYPE] Near Miss [SITE] Process plant [ACTIVITY] Pump maintenance [BARRIER_FAILURE] Gas test missing [IOGP_RULE] Confined Space [TEXT] Before/during Pump maintenance at Process plant, Gas test missing. The team corrected it without delay. The team recorded the observation and completed immediate housekeeping correction.",Low,0
NM_0080,Near Miss,Field office area,Manual handling of tubulars,Gas testing was overdue and no dedicated fire watch was assigned,Confined Space,"During routine checks at Field office area, Gas testing was overdue and no dedicated fire watch was assigned was observed during Manual handling of tubulars. The area was corrected immediately. The condition was corrected during the routine inspection, with no exposure to hazardous energy.","During routine checks at Field office area, Gas testing was overdue and no dedicated fire watch was assigned was observed during Manual handling of tubulars. The area was corrected immediately. The condition was corrected during the routine inspection, with no exposure to hazardous energy.","[REPORT_TYPE] Near Miss [SITE] Field office area [ACTIVITY] Manual handling of tubulars [BARRIER_FAILURE] Gas testing was overdue and no dedicated fire watch was assigned [IOGP_RULE] Confined Space [TEXT] During routine checks at Field office area, Gas testing was overdue and no dedicated fire watch was assigned was observed during Manual handling of tubulars. The area was corrected immediately. The condition was corrected during the routine inspection, with no exposure to hazardous energy.",Low,0
NM_0041,Near Miss,Maintenance yard,Chemical sampling,Guard missing,None/Not Applicable,A Guard missing was identified during Chemical sampling at Maintenance yard. No work stoppage was required. The team recorded the observation and completed immediate housekeeping correction.,A Guard missing was identified during Chemical sampling at Maintenance yard. No work stoppage was required. The team recorded the observation and completed immediate housekeeping correction.,[REPORT_TYPE] Near Miss [SITE] Maintenance yard [ACTIVITY] Chemical sampling [BARRIER_FAILURE] Guard missing [IOGP_RULE] None/Not Applicable [TEXT] A Guard missing was identified during Chemical sampling at Maintenance yard. No work stoppage was required. The team recorded the observation and completed immediate housekeeping correction.,Low,0
NM_0222,Near Miss,Maintenance yard,Breaking a pressurised flange,Supervision absent,Energy Isolation,"Before/during Breaking a pressurised flange at Maintenance yard, Supervision absent. The job proceeded only after corrective measures. The crew escalated the issue through the shift safety meeting and closed it before continuation.","Before/during Breaking a pressurised flange at Maintenance yard, Supervision absent. The job proceeded only after corrective measures. The crew escalated the issue through the shift safety meeting and closed it before continuation.","[REPORT_TYPE] Near Miss [SITE] Maintenance yard [ACTIVITY] Breaking a pressurised flange [BARRIER_FAILURE] Supervision absent [IOGP_RULE] Energy Isolation [TEXT] Before/during Breaking a pressurised flange at Maintenance yard, Supervision absent. The job proceeded only after corrective measures. The crew escalated the issue through the shift safety meeting and closed it before continuation.",Medium,0
NM_0644,Near Miss,Pipeline ROW,Lifting and rigging,Electrical supply and process pressure isolation were not independently verified,Safe Mechanical Lifting,"During Lifting and rigging at Pipeline ROW, Electrical supply and process pressure isolation were not independently verified. Work was stopped urgently and emergency response was initiated. The situation had imminent potential for fatality and was escalated immediately.","During Lifting and rigging at Pipeline ROW, Electrical supply and process pressure isolation were not independently verified. Work was stopped urgently and emergency response was initiated. The situation had imminent potential for fatality and was escalated immediately.","[REPORT_TYPE] Near Miss [SITE] Pipeline ROW [ACTIVITY] Lifting and rigging [BARRIER_FAILURE] Electrical supply and process pressure isolation were not independently verified [IOGP_RULE] Safe Mechanical Lifting [TEXT] During Lifting and rigging at Pipeline ROW, Electrical supply and process pressure isolation were not independently verified. Work was stopped urgently and emergency response was initiated. The situation had imminent potential for fatality and was escalated immediately.",Critical,1
NM_0297,Near Miss,Offshore platform,LPG bottling operations,Sample bottle label was unclear and secondary containment was not positioned,Safe Mechanical Lifting,Inspection revealed Sample bottle label was unclear and secondary containment was not positioned during LPG bottling operations at Offshore platform. The job proceeded only after corrective measures. The supervisor reviewed the situation and approved continuation after correction.,Inspection revealed Sample bottle label was unclear and secondary containment was not positioned during LPG bottling operations at Offshore platform. The job proceeded only after corrective measures. The supervisor reviewed the situation and approved continuation after correction.,[REPORT_TYPE] Near Miss [SITE] Offshore platform [ACTIVITY] LPG bottling operations [BARRIER_FAILURE] Sample bottle label was unclear and secondary containment was not positioned [IOGP_RULE] Safe Mechanical Lifting [TEXT] Inspection revealed Sample bottle label was unclear and secondary containment was not positioned during LPG bottling operations at Offshore platform. The job proceeded only after corrective measures. The supervisor reviewed the situation and approved continuation after correction.,Medium,0
NM_0661,Near Miss,Refinery unit,Pipe spool welding,Fall arrest missing,Hot Work,"Near-miss observation: while performing Pipe spool welding at Refinery unit, the team found that Fall arrest missing. The situation had imminent potential for fatality and was escalated immediately. The situation had imminent potential for fatality and was escalated immediately.","Near-miss observation: while performing Pipe spool welding at Refinery unit, the team found that Fall arrest missing. The situation had imminent potential for fatality and was escalated immediately. The situation had imminent potential for fatality and was escalated immediately.","[REPORT_TYPE] Near Miss [SITE] Refinery unit [ACTIVITY] Pipe spool welding [BARRIER_FAILURE] Fall arrest missing [IOGP_RULE] Hot Work [TEXT] Near-miss observation: while performing Pipe spool welding at Refinery unit, the team found that Fall arrest missing. The situation had imminent potential for fatality and was escalated immediately. The situation had imminent potential for fatality and was escalated immediately.",Critical,1
NM_0594,Near Miss,Truck loading bay,Pump seal replacement,Emergency response delayed,Work Authorization,A Emergency response delayed was identified during Pump seal replacement at Truck loading bay. The job was halted due to high-risk exposure. The failed critical control created credible potential for serious injury; the task was stopped and reported to HSE.,A Emergency response delayed was identified during Pump seal replacement at Truck loading bay. The job was halted due to high-risk exposure. The failed critical control created credible potential for serious injury; the task was stopped and reported to HSE.,[REPORT_TYPE] Near Miss [SITE] Truck loading bay [ACTIVITY] Pump seal replacement [BARRIER_FAILURE] Emergency response delayed [IOGP_RULE] Work Authorization [TEXT] A Emergency response delayed was identified during Pump seal replacement at Truck loading bay. The job was halted due to high-risk exposure. The failed critical control created credible potential for serious injury; the task was stopped and reported to HSE.,High,1
NM_0753,Near Miss,Field office area,Vessel entry preparation,Emergency access route was partly obstructed by temporary materials,Confined Space,"A Emergency access route was partly obstructed by temporary materials was identified during Vessel entry preparation at Field office area. All personnel were evacuated. Multiple critical barriers were ineffective, creating imminent serious-injury or fatality potential.","A Emergency access route was partly obstructed by temporary materials was identified during Vessel entry preparation at Field office area. All personnel were evacuated. Multiple critical barriers were ineffective, creating imminent serious-injury or fatality potential.","[REPORT_TYPE] Near Miss [SITE] Field office area [ACTIVITY] Vessel entry preparation [BARRIER_FAILURE] Emergency access route was partly obstructed by temporary materials [IOGP_RULE] Confined Space [TEXT] A Emergency access route was partly obstructed by temporary materials was identified during Vessel entry preparation at Field office area. All personnel were evacuated. Multiple critical barriers were ineffective, creating imminent serious-injury or fatality potential.",Critical,1
NM_0301,Near Miss,Compressor station,Confined space entry,Scaffold was altered without inspection tag and toe boards were missing,Confined Space,"Before/during Confined space entry at Compressor station, Scaffold was altered without inspection tag and toe boards were missing. Work was stopped temporarily and resumed after verification. No one was exposed, but the observation required a documented corrective action.","Before/during Confined space entry at Compressor station, Scaffold was altered without inspection tag and toe boards were missing. Work was stopped temporarily and resumed after verification. No one was exposed, but the observation required a documented corrective action.","[REPORT_TYPE] Near Miss [SITE] Compressor station [ACTIVITY] Confined space entry [BARRIER_FAILURE] Scaffold was altered without inspection tag and toe boards were missing [IOGP_RULE] Confined Space [TEXT] Before/during Confined space entry at Compressor station, Scaffold was altered without inspection tag and toe boards were missing. Work was stopped temporarily and resumed after verification. No one was exposed, but the observation required a documented corrective action.",Medium,0
NM_0554,Near Miss,Gas processing unit,Chemical sampling,Lift plan missing,Safe Mechanical Lifting,"Shift crew reported that during Chemical sampling in Gas processing unit, Lift plan missing. The job was halted due to high-risk exposure. Work was halted due to high-risk exposure and corrective measures were implemented.","Shift crew reported that during Chemical sampling in Gas processing unit, Lift plan missing. The job was halted due to high-risk exposure. Work was halted due to high-risk exposure and corrective measures were implemented.","[REPORT_TYPE] Near Miss [SITE] Gas processing unit [ACTIVITY] Chemical sampling [BARRIER_FAILURE] Lift plan missing [IOGP_RULE] Safe Mechanical Lifting [TEXT] Shift crew reported that during Chemical sampling in Gas processing unit, Lift plan missing. The job was halted due to high-risk exposure. Work was halted due to high-risk exposure and corrective measures were implemented.",High,1
NM_0020,Near Miss,Maintenance yard,Drilling operations,Work scope had changed but the permit and job safety analysis were not revalidated,Energy Isolation,"During Drilling operations at Maintenance yard, Work scope had changed but the permit and job safety analysis were not revalidated. Work was paused briefly and the issue was resolved. No work stoppage was required as the risk was minimal.","During Drilling operations at Maintenance yard, Work scope had changed but the permit and job safety analysis were not revalidated. Work was paused briefly and the issue was resolved. No work stoppage was required as the risk was minimal.","[REPORT_TYPE] Near Miss [SITE] Maintenance yard [ACTIVITY] Drilling operations [BARRIER_FAILURE] Work scope had changed but the permit and job safety analysis were not revalidated [IOGP_RULE] Energy Isolation [TEXT] During Drilling operations at Maintenance yard, Work scope had changed but the permit and job safety analysis were not revalidated. Work was paused briefly and the issue was resolved. No work stoppage was required as the risk was minimal.",Low,0
NM_0116,Near Miss,Refinery unit,Hot work (welding/grinding),Communication failure,Hot Work,"Before/during Hot work (welding/grinding) at Refinery unit, Communication failure. No work stoppage was required. The condition was corrected during the routine inspection, with no exposure to hazardous energy.","Before/during Hot work (welding/grinding) at Refinery unit, Communication failure. No work stoppage was required. The condition was corrected during the routine inspection, with no exposure to hazardous energy.","[REPORT_TYPE] Near Miss [SITE] Refinery unit [ACTIVITY] Hot work (welding/grinding) [BARRIER_FAILURE] Communication failure [IOGP_RULE] Hot Work [TEXT] Before/during Hot work (welding/grinding) at Refinery unit, Communication failure. No work stoppage was required. The condition was corrected during the routine inspection, with no exposure to hazardous energy.",Low,0
NM_0052,Near Miss,Gas processing unit,Pump seal replacement,Guard missing,None/Not Applicable,"Shift crew reported that during Pump seal replacement in Gas processing unit, Guard missing. Corrective action was taken on the spot. No work stoppage was required as the risk was minimal.","Shift crew reported that during Pump seal replacement in Gas processing unit, Guard missing. Corrective action was taken on the spot. No work stoppage was required as the risk was minimal.","[REPORT_TYPE] Near Miss [SITE] Gas processing unit [ACTIVITY] Pump seal replacement [BARRIER_FAILURE] Guard missing [IOGP_RULE] None/Not Applicable [TEXT] Shift crew reported that during Pump seal replacement in Gas processing unit, Guard missing. Corrective action was taken on the spot. No work stoppage was required as the risk was minimal.",Low,0
NM_0528,Near Miss,Drilling rig,Pump seal replacement,Equipment defect,Working at Height,"Before/during Pump seal replacement at Drilling rig, Equipment defect. The job was halted due to high-risk exposure. The failed critical control created credible potential for serious injury; the task was stopped and reported to HSE.","Before/during Pump seal replacement at Drilling rig, Equipment defect. The job was halted due to high-risk exposure. The failed critical control created credible potential for serious injury; the task was stopped and reported to HSE.","[REPORT_TYPE] Near Miss [SITE] Drilling rig [ACTIVITY] Pump seal replacement [BARRIER_FAILURE] Equipment defect [IOGP_RULE] Working at Height [TEXT] Before/during Pump seal replacement at Drilling rig, Equipment defect. The job was halted due to high-risk exposure. The failed critical control created credible potential for serious injury; the task was stopped and reported to HSE.",High,1
NM_0177,Near Miss,Gas processing unit,Pressure vessel testing,Gas testing was overdue and no dedicated fire watch was assigned,Confined Space,A Gas testing was overdue and no dedicated fire watch was assigned was identified during Pressure vessel testing at Gas processing unit. Corrective action was taken on the spot. No work stoppage was required as the risk was minimal.,A Gas testing was overdue and no dedicated fire watch was assigned was identified during Pressure vessel testing at Gas processing unit. Corrective action was taken on the spot. No work stoppage was required as the risk was minimal.,[REPORT_TYPE] Near Miss [SITE] Gas processing unit [ACTIVITY] Pressure vessel testing [BARRIER_FAILURE] Gas testing was overdue and no dedicated fire watch was assigned [IOGP_RULE] Confined Space [TEXT] A Gas testing was overdue and no dedicated fire watch was assigned was identified during Pressure vessel testing at Gas processing unit. Corrective action was taken on the spot. No work stoppage was required as the risk was minimal.,Low,0
NM_0468,Near Miss,Field office area,Scaffolding work,Training inadequate,Working at Height,"During routine checks at Field office area, Training inadequate was observed during Scaffolding work. Work was stopped due to potential serious injury risk. The situation had credible potential for serious injury and was escalated immediately.","During routine checks at Field office area, Training inadequate was observed during Scaffolding work. Work was stopped due to potential serious injury risk. The situation had credible potential for serious injury and was escalated immediately.","[REPORT_TYPE] Near Miss [SITE] Field office area [ACTIVITY] Scaffolding work [BARRIER_FAILURE] Training inadequate [IOGP_RULE] Working at Height [TEXT] During routine checks at Field office area, Training inadequate was observed during Scaffolding work. Work was stopped due to potential serious injury risk. The situation had credible potential for serious injury and was escalated immediately.",High,1
NM_0175,Near Miss,Gas processing unit,Pressure vessel testing,Exclusion zone missing,Confined Space,"Shift crew reported that during Pressure vessel testing in Gas processing unit, Exclusion zone missing. No work stoppage was required. The observation was logged and addressed during the same shift.","Shift crew reported that during Pressure vessel testing in Gas processing unit, Exclusion zone missing. No work stoppage was required. The observation was logged and addressed during the same shift.","[REPORT_TYPE] Near Miss [SITE] Gas processing unit [ACTIVITY] Pressure vessel testing [BARRIER_FAILURE] Exclusion zone missing [IOGP_RULE] Confined Space [TEXT] Shift crew reported that during Pressure vessel testing in Gas processing unit, Exclusion zone missing. No work stoppage was required. The observation was logged and addressed during the same shift.",Low,0
NM_0256,Near Miss,Pump station,Pipeline inspection,Trip interlock was found bypassed during a production upset,Bypassing Safety Controls,"During Pipeline inspection at Pump station, Trip interlock was found bypassed during a production upset. Work was paused until the issue was addressed. No one was exposed, but the observation required a documented corrective action.","During Pipeline inspection at Pump station, Trip interlock was found bypassed during a production upset. Work was paused until the issue was addressed. No one was exposed, but the observation required a documented corrective action.","[REPORT_TYPE] Near Miss [SITE] Pump station [ACTIVITY] Pipeline inspection [BARRIER_FAILURE] Trip interlock was found bypassed during a production upset [IOGP_RULE] Bypassing Safety Controls [TEXT] During Pipeline inspection at Pump station, Trip interlock was found bypassed during a production upset. Work was paused until the issue was addressed. No one was exposed, but the observation required a documented corrective action.",Medium,0
NM_0131,Near Miss,Pipeline ROW,Manual handling of tubulars,Pneumatic energy isolation was not locked and residual pressure remained in the line,Energy Isolation,"Near-miss observation: while performing Manual handling of tubulars at Pipeline ROW, the team found that Pneumatic energy isolation was not locked and residual pressure remained in the line. No work stoppage was required. The condition was corrected during the routine inspection, with no exposure to hazardous energy.","Near-miss observation: while performing Manual handling of tubulars at Pipeline ROW, the team found that Pneumatic energy isolation was not locked and residual pressure remained in the line. No work stoppage was required. The condition was corrected during the routine inspection, with no exposure to hazardous energy.","[REPORT_TYPE] Near Miss [SITE] Pipeline ROW [ACTIVITY] Manual handling of tubulars [BARRIER_FAILURE] Pneumatic energy isolation was not locked and residual pressure remained in the line [IOGP_RULE] Energy Isolation [TEXT] Near-miss observation: while performing Manual handling of tubulars at Pipeline ROW, the team found that Pneumatic energy isolation was not locked and residual pressure remained in the line. No work stoppage was required. The condition was corrected during the routine inspection, with no exposure to hazardous energy.",Low,0
NM_0057,Near Miss,Refinery unit,Sampling and testing,PPE not used,None/Not Applicable,"During Sampling and testing at Refinery unit, PPE not used. Work was paused briefly and the issue was resolved. The observation was logged and addressed during the same shift.","During Sampling and testing at Refinery unit, PPE not used. Work was paused briefly and the issue was resolved. The observation was logged and addressed during the same shift.","[REPORT_TYPE] Near Miss [SITE] Refinery unit [ACTIVITY] Sampling and testing [BARRIER_FAILURE] PPE not used [IOGP_RULE] None/Not Applicable [TEXT] During Sampling and testing at Refinery unit, PPE not used. Work was paused briefly and the issue was resolved. The observation was logged and addressed during the same shift.",Low,0
NM_0085,Near Miss,Storage depot,Electrical maintenance,Lift plan missing,Energy Isolation,"Shift crew reported that during Electrical maintenance in Storage depot, Lift plan missing. Corrective action was taken on the spot. The condition was corrected during the routine inspection, with no exposure to hazardous energy.","Shift crew reported that during Electrical maintenance in Storage depot, Lift plan missing. Corrective action was taken on the spot. The condition was corrected during the routine inspection, with no exposure to hazardous energy.","[REPORT_TYPE] Near Miss [SITE] Storage depot [ACTIVITY] Electrical maintenance [BARRIER_FAILURE] Lift plan missing [IOGP_RULE] Energy Isolation [TEXT] Shift crew reported that during Electrical maintenance in Storage depot, Lift plan missing. Corrective action was taken on the spot. The condition was corrected during the routine inspection, with no exposure to hazardous energy.",Low,0
NM_0557,Near Miss,Refinery unit,Pressure vessel testing,Equipment defect,Confined Space,A Equipment defect was identified during Pressure vessel testing at Refinery unit. Work was stopped due to potential serious injury risk. The failed critical control created credible potential for serious injury; the task was stopped and reported to HSE.,A Equipment defect was identified during Pressure vessel testing at Refinery unit. Work was stopped due to potential serious injury risk. The failed critical control created credible potential for serious injury; the task was stopped and reported to HSE.,[REPORT_TYPE] Near Miss [SITE] Refinery unit [ACTIVITY] Pressure vessel testing [BARRIER_FAILURE] Equipment defect [IOGP_RULE] Confined Space [TEXT] A Equipment defect was identified during Pressure vessel testing at Refinery unit. Work was stopped due to potential serious injury risk. The failed critical control created credible potential for serious injury; the task was stopped and reported to HSE.,High,1
NM_0253,Near Miss,Compressor station,Vessel entry preparation,Exclusion zone missing,Confined Space,"During Vessel entry preparation at Compressor station, Exclusion zone missing. The activity was delayed pending correction. No one was exposed, but the observation required a documented corrective action.","During Vessel entry preparation at Compressor station, Exclusion zone missing. The activity was delayed pending correction. No one was exposed, but the observation required a documented corrective action.","[REPORT_TYPE] Near Miss [SITE] Compressor station [ACTIVITY] Vessel entry preparation [BARRIER_FAILURE] Exclusion zone missing [IOGP_RULE] Confined Space [TEXT] During Vessel entry preparation at Compressor station, Exclusion zone missing. The activity was delayed pending correction. No one was exposed, but the observation required a documented corrective action.",Medium,0
NM_0184,Near Miss,Pipeline ROW,Equipment maintenance,Fall arrest missing,Working at Height,"Before/during Equipment maintenance at Pipeline ROW, Fall arrest missing. Corrective action was taken on the spot. The issue was minor and was rectified before it affected the task.","Before/during Equipment maintenance at Pipeline ROW, Fall arrest missing. Corrective action was taken on the spot. The issue was minor and was rectified before it affected the task.","[REPORT_TYPE] Near Miss [SITE] Pipeline ROW [ACTIVITY] Equipment maintenance [BARRIER_FAILURE] Fall arrest missing [IOGP_RULE] Working at Height [TEXT] Before/during Equipment maintenance at Pipeline ROW, Fall arrest missing. Corrective action was taken on the spot. The issue was minor and was rectified before it affected the task.",Low,0
NM_0151,Near Miss,Truck loading bay,Sampling and testing,Open edge protection and full-body harness anchorage were unavailable,Working at Height,"Near-miss observation: while performing Sampling and testing at Truck loading bay, the team found that Open edge protection and full-body harness anchorage were unavailable. The team corrected it without delay. The condition was corrected during the routine inspection, with no exposure to hazardous energy.","Near-miss observation: while performing Sampling and testing at Truck loading bay, the team found that Open edge protection and full-body harness anchorage were unavailable. The team corrected it without delay. The condition was corrected during the routine inspection, with no exposure to hazardous energy.","[REPORT_TYPE] Near Miss [SITE] Truck loading bay [ACTIVITY] Sampling and testing [BARRIER_FAILURE] Open edge protection and full-body harness anchorage were unavailable [IOGP_RULE] Working at Height [TEXT] Near-miss observation: while performing Sampling and testing at Truck loading bay, the team found that Open edge protection and full-body harness anchorage were unavailable. The team corrected it without delay. The condition was corrected during the routine inspection, with no exposure to hazardous energy.",Low,0
NM_0075,Near Miss,Wellsite,Process unit startup/shutdown,Guard missing,Work Authorization,"During routine checks at Wellsite, Guard missing was observed during Process unit startup/shutdown. No work stoppage was required. The condition was corrected during the routine inspection, with no exposure to hazardous energy.","During routine checks at Wellsite, Guard missing was observed during Process unit startup/shutdown. No work stoppage was required. The condition was corrected during the routine inspection, with no exposure to hazardous energy.","[REPORT_TYPE] Near Miss [SITE] Wellsite [ACTIVITY] Process unit startup/shutdown [BARRIER_FAILURE] Guard missing [IOGP_RULE] Work Authorization [TEXT] During routine checks at Wellsite, Guard missing was observed during Process unit startup/shutdown. No work stoppage was required. The condition was corrected during the routine inspection, with no exposure to hazardous energy.",Low,0
NM_0746,Near Miss,Field office area,Vehicle movement,Hands were placed near pinch points and no designated signaler was present,Driving,"During Vehicle movement at Field office area, Hands were placed near pinch points and no designated signaler was present. The situation had imminent potential for fatality and was escalated immediately. Multiple critical barriers were ineffective, creating imminent serious-injury or fatality potential.","During Vehicle movement at Field office area, Hands were placed near pinch points and no designated signaler was present. The situation had imminent potential for fatality and was escalated immediately. Multiple critical barriers were ineffective, creating imminent serious-injury or fatality potential.","[REPORT_TYPE] Near Miss [SITE] Field office area [ACTIVITY] Vehicle movement [BARRIER_FAILURE] Hands were placed near pinch points and no designated signaler was present [IOGP_RULE] Driving [TEXT] During Vehicle movement at Field office area, Hands were placed near pinch points and no designated signaler was present. The situation had imminent potential for fatality and was escalated immediately. Multiple critical barriers were ineffective, creating imminent serious-injury or fatality potential.",Critical,1
NM_0360,Near Miss,Field office area,Emergency valve servicing,Spill containment missing,Working at Height,Inspection revealed Spill containment missing during Emergency valve servicing at Field office area. The job proceeded only after corrective measures. Work was temporarily halted pending verification of the control measure.,Inspection revealed Spill containment missing during Emergency valve servicing at Field office area. The job proceeded only after corrective measures. Work was temporarily halted pending verification of the control measure.,[REPORT_TYPE] Near Miss [SITE] Field office area [ACTIVITY] Emergency valve servicing [BARRIER_FAILURE] Spill containment missing [IOGP_RULE] Working at Height [TEXT] Inspection revealed Spill containment missing during Emergency valve servicing at Field office area. The job proceeded only after corrective measures. Work was temporarily halted pending verification of the control measure.,Medium,0
NM_0068,Near Miss,Truck loading bay,Vessel entry preparation,Equipment defect,Confined Space,A Equipment defect was identified during Vessel entry preparation at Truck loading bay. No work stoppage was required. The team recorded the observation and completed immediate housekeeping correction.,A Equipment defect was identified during Vessel entry preparation at Truck loading bay. No work stoppage was required. The team recorded the observation and completed immediate housekeeping correction.,[REPORT_TYPE] Near Miss [SITE] Truck loading bay [ACTIVITY] Vessel entry preparation [BARRIER_FAILURE] Equipment defect [IOGP_RULE] Confined Space [TEXT] A Equipment defect was identified during Vessel entry preparation at Truck loading bay. No work stoppage was required. The team recorded the observation and completed immediate housekeeping correction.,Low,0
NM_0524,Near Miss,Storage depot,Wellhead valve maintenance,Lockout-tagout missing,Energy Isolation,"Near-miss observation: while performing Wellhead valve maintenance at Storage depot, the team found that Lockout-tagout missing. Critical control failure was corrected before resuming work. A supervisor issued a stop-work intervention and required a formal control verification.","Near-miss observation: while performing Wellhead valve maintenance at Storage depot, the team found that Lockout-tagout missing. Critical control failure was corrected before resuming work. A supervisor issued a stop-work intervention and required a formal control verification.","[REPORT_TYPE] Near Miss [SITE] Storage depot [ACTIVITY] Wellhead valve maintenance [BARRIER_FAILURE] Lockout-tagout missing [IOGP_RULE] Energy Isolation [TEXT] Near-miss observation: while performing Wellhead valve maintenance at Storage depot, the team found that Lockout-tagout missing. Critical control failure was corrected before resuming work. A supervisor issued a stop-work intervention and required a formal control verification.",High,1
NM_0634,Near Miss,Wellsite,Internal tank inspection,Lift plan missing,Confined Space,"During Internal tank inspection at Wellsite, Lift plan missing. All personnel were evacuated. All personnel were evacuated and the area was secured pending full investigation.","During Internal tank inspection at Wellsite, Lift plan missing. All personnel were evacuated. All personnel were evacuated and the area was secured pending full investigation.","[REPORT_TYPE] Near Miss [SITE] Wellsite [ACTIVITY] Internal tank inspection [BARRIER_FAILURE] Lift plan missing [IOGP_RULE] Confined Space [TEXT] During Internal tank inspection at Wellsite, Lift plan missing. All personnel were evacuated. All personnel were evacuated and the area was secured pending full investigation.",Critical,1
NM_0497,Near Miss,Offshore platform,Lifting and rigging,Isolation not verified,Energy Isolation,"Shift crew reported that during Lifting and rigging in Offshore platform, Isolation not verified. Work was stopped due to potential serious injury risk. Personnel were close to hazardous energy exposure, so the area was secured pending investigation.","Shift crew reported that during Lifting and rigging in Offshore platform, Isolation not verified. Work was stopped due to potential serious injury risk. Personnel were close to hazardous energy exposure, so the area was secured pending investigation.","[REPORT_TYPE] Near Miss [SITE] Offshore platform [ACTIVITY] Lifting and rigging [BARRIER_FAILURE] Isolation not verified [IOGP_RULE] Energy Isolation [TEXT] Shift crew reported that during Lifting and rigging in Offshore platform, Isolation not verified. Work was stopped due to potential serious injury risk. Personnel were close to hazardous energy exposure, so the area was secured pending investigation.",High,1
NM_0410,Near Miss,Truck loading bay,Sampling and testing,Damaged pallet and unstable load were being raised without a spotter,None/Not Applicable,"During Sampling and testing at Truck loading bay, Damaged pallet and unstable load were being raised without a spotter. Critical control failure was corrected before resuming work. Personnel were close to hazardous energy exposure, so the area was secured pending investigation.","During Sampling and testing at Truck loading bay, Damaged pallet and unstable load were being raised without a spotter. Critical control failure was corrected before resuming work. Personnel were close to hazardous energy exposure, so the area was secured pending investigation.","[REPORT_TYPE] Near Miss [SITE] Truck loading bay [ACTIVITY] Sampling and testing [BARRIER_FAILURE] Damaged pallet and unstable load were being raised without a spotter [IOGP_RULE] None/Not Applicable [TEXT] During Sampling and testing at Truck loading bay, Damaged pallet and unstable load were being raised without a spotter. Critical control failure was corrected before resuming work. Personnel were close to hazardous energy exposure, so the area was secured pending investigation.",High,1
NM_0143,Near Miss,Wellsite,Pipe-rack inspection,Isolation not verified,Energy Isolation,"Shift crew reported that during Pipe-rack inspection in Wellsite, Isolation not verified. Work was paused briefly and the issue was resolved. The condition was corrected during the routine inspection, with no exposure to hazardous energy.","Shift crew reported that during Pipe-rack inspection in Wellsite, Isolation not verified. Work was paused briefly and the issue was resolved. The condition was corrected during the routine inspection, with no exposure to hazardous energy.","[REPORT_TYPE] Near Miss [SITE] Wellsite [ACTIVITY] Pipe-rack inspection [BARRIER_FAILURE] Isolation not verified [IOGP_RULE] Energy Isolation [TEXT] Shift crew reported that during Pipe-rack inspection in Wellsite, Isolation not verified. Work was paused briefly and the issue was resolved. The condition was corrected during the routine inspection, with no exposure to hazardous energy.",Low,0
NM_0543,Near Miss,Gas processing unit,Emergency valve servicing,Electrical supply and process pressure isolation were not independently verified,Line of Fire,"During Emergency valve servicing at Gas processing unit, Electrical supply and process pressure isolation were not independently verified. The job was halted due to high-risk exposure. Personnel were close to hazardous energy exposure, so the area was secured pending investigation.","During Emergency valve servicing at Gas processing unit, Electrical supply and process pressure isolation were not independently verified. The job was halted due to high-risk exposure. Personnel were close to hazardous energy exposure, so the area was secured pending investigation.","[REPORT_TYPE] Near Miss [SITE] Gas processing unit [ACTIVITY] Emergency valve servicing [BARRIER_FAILURE] Electrical supply and process pressure isolation were not independently verified [IOGP_RULE] Line of Fire [TEXT] During Emergency valve servicing at Gas processing unit, Electrical supply and process pressure isolation were not independently verified. The job was halted due to high-risk exposure. Personnel were close to hazardous energy exposure, so the area was secured pending investigation.",High,1
NM_0169,Near Miss,Truck loading bay,Pipe-rack inspection,"No pre-entry gas test, attendant, rescue arrangement, or signed entry permit",Confined Space,"Near-miss observation: while performing Pipe-rack inspection at Truck loading bay, the team found that No pre-entry gas test, attendant, rescue arrangement, or signed entry permit. Work was paused briefly and the issue was resolved. The condition was corrected during the routine inspection, with no exposure to hazardous energy.","Near-miss observation: while performing Pipe-rack inspection at Truck loading bay, the team found that No pre-entry gas test, attendant, rescue arrangement, or signed entry permit. Work was paused briefly and the issue was resolved. The condition was corrected during the routine inspection, with no exposure to hazardous energy.","[REPORT_TYPE] Near Miss [SITE] Truck loading bay [ACTIVITY] Pipe-rack inspection [BARRIER_FAILURE] No pre-entry gas test, attendant, rescue arrangement, or signed entry permit [IOGP_RULE] Confined Space [TEXT] Near-miss observation: while performing Pipe-rack inspection at Truck loading bay, the team found that No pre-entry gas test, attendant, rescue arrangement, or signed entry permit. Work was paused briefly and the issue was resolved. The condition was corrected during the routine inspection, with no exposure to hazardous energy.",Low,0
NM_0697,Near Miss,Field office area,Manual handling of tubulars,Damaged pallet and unstable load were being raised without a spotter,Driving,"During routine checks at Field office area, Damaged pallet and unstable load were being raised without a spotter was observed during Manual handling of tubulars. Multiple workers were at risk of serious injury or fatality. All personnel were evacuated and the area was secured pending full investigation.","During routine checks at Field office area, Damaged pallet and unstable load were being raised without a spotter was observed during Manual handling of tubulars. Multiple workers were at risk of serious injury or fatality. All personnel were evacuated and the area was secured pending full investigation.","[REPORT_TYPE] Near Miss [SITE] Field office area [ACTIVITY] Manual handling of tubulars [BARRIER_FAILURE] Damaged pallet and unstable load were being raised without a spotter [IOGP_RULE] Driving [TEXT] During routine checks at Field office area, Damaged pallet and unstable load were being raised without a spotter was observed during Manual handling of tubulars. Multiple workers were at risk of serious injury or fatality. All personnel were evacuated and the area was secured pending full investigation.",Critical,1
NM_0790,Near Miss,Refinery unit,Pump maintenance,Lift plan missing,Safe Mechanical Lifting,"Inspection revealed Lift plan missing during Pump maintenance at Refinery unit. All personnel were evacuated. The condition presented immediate potentially fatal exposure; operations were stopped, the area was isolated, and emergency escalation began.","Inspection revealed Lift plan missing during Pump maintenance at Refinery unit. All personnel were evacuated. The condition presented immediate potentially fatal exposure; operations were stopped, the area was isolated, and emergency escalation began.","[REPORT_TYPE] Near Miss [SITE] Refinery unit [ACTIVITY] Pump maintenance [BARRIER_FAILURE] Lift plan missing [IOGP_RULE] Safe Mechanical Lifting [TEXT] Inspection revealed Lift plan missing during Pump maintenance at Refinery unit. All personnel were evacuated. The condition presented immediate potentially fatal exposure; operations were stopped, the area was isolated, and emergency escalation began.",Critical,1
NM_0682,Near Miss,LPG bottling plant,LPG bottling operations,Emergency access route was partly obstructed by temporary materials,None/Not Applicable,"During LPG bottling operations at LPG bottling plant, Emergency access route was partly obstructed by temporary materials. Work was stopped urgently and emergency response was initiated. All personnel were evacuated and the area was secured pending full investigation.","During LPG bottling operations at LPG bottling plant, Emergency access route was partly obstructed by temporary materials. Work was stopped urgently and emergency response was initiated. All personnel were evacuated and the area was secured pending full investigation.","[REPORT_TYPE] Near Miss [SITE] LPG bottling plant [ACTIVITY] LPG bottling operations [BARRIER_FAILURE] Emergency access route was partly obstructed by temporary materials [IOGP_RULE] None/Not Applicable [TEXT] During LPG bottling operations at LPG bottling plant, Emergency access route was partly obstructed by temporary materials. Work was stopped urgently and emergency response was initiated. All personnel were evacuated and the area was secured pending full investigation.",Critical,1
NM_0335,Near Miss,Tank farm,Breaking a pressurised flange,Driver fatigue screening and journey-management check were incomplete,Driving,"Before/during Breaking a pressurised flange at Tank farm, Driver fatigue screening and journey-management check were incomplete. The job proceeded only after corrective measures. The task was paused, the control was restored, and the supervisor verified readiness before work resumed.","Before/during Breaking a pressurised flange at Tank farm, Driver fatigue screening and journey-management check were incomplete. The job proceeded only after corrective measures. The task was paused, the control was restored, and the supervisor verified readiness before work resumed.","[REPORT_TYPE] Near Miss [SITE] Tank farm [ACTIVITY] Breaking a pressurised flange [BARRIER_FAILURE] Driver fatigue screening and journey-management check were incomplete [IOGP_RULE] Driving [TEXT] Before/during Breaking a pressurised flange at Tank farm, Driver fatigue screening and journey-management check were incomplete. The job proceeded only after corrective measures. The task was paused, the control was restored, and the supervisor verified readiness before work resumed.",Medium,0
NM_0617,Near Miss,LPG bottling plant,Crude transfer vehicle movement,Pneumatic energy isolation was not locked and residual pressure remained in the line,Energy Isolation,"During Crude transfer vehicle movement at LPG bottling plant, Pneumatic energy isolation was not locked and residual pressure remained in the line. Work was stopped urgently and emergency response was initiated. The condition presented immediate potentially fatal exposure; operations were stopped, the area was isolated, and emergency escalation began.","During Crude transfer vehicle movement at LPG bottling plant, Pneumatic energy isolation was not locked and residual pressure remained in the line. Work was stopped urgently and emergency response was initiated. The condition presented immediate potentially fatal exposure; operations were stopped, the area was isolated, and emergency escalation began.","[REPORT_TYPE] Near Miss [SITE] LPG bottling plant [ACTIVITY] Crude transfer vehicle movement [BARRIER_FAILURE] Pneumatic energy isolation was not locked and residual pressure remained in the line [IOGP_RULE] Energy Isolation [TEXT] During Crude transfer vehicle movement at LPG bottling plant, Pneumatic energy isolation was not locked and residual pressure remained in the line. Work was stopped urgently and emergency response was initiated. The condition presented immediate potentially fatal exposure; operations were stopped, the area was isolated, and emergency escalation began.",Critical,1
NM_0454,Near Miss,Storage depot,Tank farm operations,Lift plan missing,Confined Space,"During routine checks at Storage depot, Lift plan missing was observed during Tank farm operations. The activity was stopped as it could have resulted in serious harm. Work was halted due to high-risk exposure and corrective measures were implemented.","During routine checks at Storage depot, Lift plan missing was observed during Tank farm operations. The activity was stopped as it could have resulted in serious harm. Work was halted due to high-risk exposure and corrective measures were implemented.","[REPORT_TYPE] Near Miss [SITE] Storage depot [ACTIVITY] Tank farm operations [BARRIER_FAILURE] Lift plan missing [IOGP_RULE] Confined Space [TEXT] During routine checks at Storage depot, Lift plan missing was observed during Tank farm operations. The activity was stopped as it could have resulted in serious harm. Work was halted due to high-risk exposure and corrective measures were implemented.",High,1
NM_0416,Near Miss,Drilling rig,Manual handling of tubulars,Supervision absent,Line of Fire,Inspection revealed Supervision absent during Manual handling of tubulars at Drilling rig. The job was halted due to high-risk exposure. The failed critical control created credible potential for serious injury; the task was stopped and reported to HSE.,Inspection revealed Supervision absent during Manual handling of tubulars at Drilling rig. The job was halted due to high-risk exposure. The failed critical control created credible potential for serious injury; the task was stopped and reported to HSE.,[REPORT_TYPE] Near Miss [SITE] Drilling rig [ACTIVITY] Manual handling of tubulars [BARRIER_FAILURE] Supervision absent [IOGP_RULE] Line of Fire [TEXT] Inspection revealed Supervision absent during Manual handling of tubulars at Drilling rig. The job was halted due to high-risk exposure. The failed critical control created credible potential for serious injury; the task was stopped and reported to HSE.,High,1
NM_0779,Near Miss,Pipeline ROW,Instrument calibration,Emergency access route was partly obstructed by temporary materials,None/Not Applicable,A Emergency access route was partly obstructed by temporary materials was identified during Instrument calibration at Pipeline ROW. Work was stopped urgently and emergency response was initiated. The situation had imminent potential for fatality and was escalated immediately.,A Emergency access route was partly obstructed by temporary materials was identified during Instrument calibration at Pipeline ROW. Work was stopped urgently and emergency response was initiated. The situation had imminent potential for fatality and was escalated immediately.,[REPORT_TYPE] Near Miss [SITE] Pipeline ROW [ACTIVITY] Instrument calibration [BARRIER_FAILURE] Emergency access route was partly obstructed by temporary materials [IOGP_RULE] None/Not Applicable [TEXT] A Emergency access route was partly obstructed by temporary materials was identified during Instrument calibration at Pipeline ROW. Work was stopped urgently and emergency response was initiated. The situation had imminent potential for fatality and was escalated immediately.,Critical,1
NM_0695,Near Miss,Truck loading bay,Night driving to remote site,Fire watch missing,Hot Work,"Before/during Night driving to remote site at Truck loading bay, Fire watch missing. Multiple workers were at risk of serious injury or fatality. Personnel were moved to a safe location and the event was treated as a high-potential near miss.","Before/during Night driving to remote site at Truck loading bay, Fire watch missing. Multiple workers were at risk of serious injury or fatality. Personnel were moved to a safe location and the event was treated as a high-potential near miss.","[REPORT_TYPE] Near Miss [SITE] Truck loading bay [ACTIVITY] Night driving to remote site [BARRIER_FAILURE] Fire watch missing [IOGP_RULE] Hot Work [TEXT] Before/during Night driving to remote site at Truck loading bay, Fire watch missing. Multiple workers were at risk of serious injury or fatality. Personnel were moved to a safe location and the event was treated as a high-potential near miss.",Critical,1
NM_0495,Near Miss,Tank farm,Grinding near drain,Sample bottle label was unclear and secondary containment was not positioned,Hot Work,"During Grinding near drain at Tank farm, Sample bottle label was unclear and secondary containment was not positioned. Critical control failure was corrected before resuming work. The failed critical control created credible potential for serious injury; the task was stopped and reported to HSE.","During Grinding near drain at Tank farm, Sample bottle label was unclear and secondary containment was not positioned. Critical control failure was corrected before resuming work. The failed critical control created credible potential for serious injury; the task was stopped and reported to HSE.","[REPORT_TYPE] Near Miss [SITE] Tank farm [ACTIVITY] Grinding near drain [BARRIER_FAILURE] Sample bottle label was unclear and secondary containment was not positioned [IOGP_RULE] Hot Work [TEXT] During Grinding near drain at Tank farm, Sample bottle label was unclear and secondary containment was not positioned. Critical control failure was corrected before resuming work. The failed critical control created credible potential for serious injury; the task was stopped and reported to HSE.",High,1
NM_0639,Near Miss,Gas processing unit,Scaffolding work,Scaffold was altered without inspection tag and toe boards were missing,Working at Height,"During routine checks at Gas processing unit, Scaffold was altered without inspection tag and toe boards were missing was observed during Scaffolding work. The situation had imminent potential for fatality and was escalated immediately. The situation had imminent potential for fatality and was escalated immediately.","During routine checks at Gas processing unit, Scaffold was altered without inspection tag and toe boards were missing was observed during Scaffolding work. The situation had imminent potential for fatality and was escalated immediately. The situation had imminent potential for fatality and was escalated immediately.","[REPORT_TYPE] Near Miss [SITE] Gas processing unit [ACTIVITY] Scaffolding work [BARRIER_FAILURE] Scaffold was altered without inspection tag and toe boards were missing [IOGP_RULE] Working at Height [TEXT] During routine checks at Gas processing unit, Scaffold was altered without inspection tag and toe boards were missing was observed during Scaffolding work. The situation had imminent potential for fatality and was escalated immediately. The situation had imminent potential for fatality and was escalated immediately.",Critical,1
NM_0190,Near Miss,Storage depot,Vehicle movement,Fall arrest missing,Working at Height,A Fall arrest missing was identified during Vehicle movement at Storage depot. Corrective action was taken on the spot. The observation was logged and addressed during the same shift.,A Fall arrest missing was identified during Vehicle movement at Storage depot. Corrective action was taken on the spot. The observation was logged and addressed during the same shift.,[REPORT_TYPE] Near Miss [SITE] Storage depot [ACTIVITY] Vehicle movement [BARRIER_FAILURE] Fall arrest missing [IOGP_RULE] Working at Height [TEXT] A Fall arrest missing was identified during Vehicle movement at Storage depot. Corrective action was taken on the spot. The observation was logged and addressed during the same shift.,Low,0
NM_0182,Near Miss,Maintenance yard,Lifting and rigging,Open edge protection and full-body harness anchorage were unavailable,Safe Mechanical Lifting,A Open edge protection and full-body harness anchorage were unavailable was identified during Lifting and rigging at Maintenance yard. The area was corrected immediately. No work stoppage was required as the risk was minimal.,A Open edge protection and full-body harness anchorage were unavailable was identified during Lifting and rigging at Maintenance yard. The area was corrected immediately. No work stoppage was required as the risk was minimal.,[REPORT_TYPE] Near Miss [SITE] Maintenance yard [ACTIVITY] Lifting and rigging [BARRIER_FAILURE] Open edge protection and full-body harness anchorage were unavailable [IOGP_RULE] Safe Mechanical Lifting [TEXT] A Open edge protection and full-body harness anchorage were unavailable was identified during Lifting and rigging at Maintenance yard. The area was corrected immediately. No work stoppage was required as the risk was minimal.,Low,0
NM_0163,Near Miss,Gas processing unit,Pressure vessel testing,Emergency response delayed,Confined Space,"Shift crew reported that during Pressure vessel testing in Gas processing unit, Emergency response delayed. Work was paused briefly and the issue was resolved. No work stoppage was required as the risk was minimal.","Shift crew reported that during Pressure vessel testing in Gas processing unit, Emergency response delayed. Work was paused briefly and the issue was resolved. No work stoppage was required as the risk was minimal.","[REPORT_TYPE] Near Miss [SITE] Gas processing unit [ACTIVITY] Pressure vessel testing [BARRIER_FAILURE] Emergency response delayed [IOGP_RULE] Confined Space [TEXT] Shift crew reported that during Pressure vessel testing in Gas processing unit, Emergency response delayed. Work was paused briefly and the issue was resolved. No work stoppage was required as the risk was minimal.",Low,0
NM_0494,Near Miss,Drilling rig,Instrument calibration,PPE not used,Line of Fire,"Before/during Instrument calibration at Drilling rig, PPE not used. The job was halted due to high-risk exposure. The failed critical control created credible potential for serious injury; the task was stopped and reported to HSE.","Before/during Instrument calibration at Drilling rig, PPE not used. The job was halted due to high-risk exposure. The failed critical control created credible potential for serious injury; the task was stopped and reported to HSE.","[REPORT_TYPE] Near Miss [SITE] Drilling rig [ACTIVITY] Instrument calibration [BARRIER_FAILURE] PPE not used [IOGP_RULE] Line of Fire [TEXT] Before/during Instrument calibration at Drilling rig, PPE not used. The job was halted due to high-risk exposure. The failed critical control created credible potential for serious injury; the task was stopped and reported to HSE.",High,1
NM_0370,Near Miss,Compressor station,Valve maintenance,"Lift plan, tag lines, and barricaded drop zone were not available",Safe Mechanical Lifting,"During Valve maintenance at Compressor station, Lift plan, tag lines, and barricaded drop zone were not available. Work was stopped temporarily and resumed after verification. The crew escalated the issue through the shift safety meeting and closed it before continuation.","During Valve maintenance at Compressor station, Lift plan, tag lines, and barricaded drop zone were not available. Work was stopped temporarily and resumed after verification. The crew escalated the issue through the shift safety meeting and closed it before continuation.","[REPORT_TYPE] Near Miss [SITE] Compressor station [ACTIVITY] Valve maintenance [BARRIER_FAILURE] Lift plan, tag lines, and barricaded drop zone were not available [IOGP_RULE] Safe Mechanical Lifting [TEXT] During Valve maintenance at Compressor station, Lift plan, tag lines, and barricaded drop zone were not available. Work was stopped temporarily and resumed after verification. The crew escalated the issue through the shift safety meeting and closed it before continuation.",Medium,0
NM_0755,Near Miss,Maintenance yard,Hydrostatic pressure test,Isolation not verified,Energy Isolation,"During Hydrostatic pressure test at Maintenance yard, Isolation not verified. Work was stopped urgently and emergency response was initiated. Multiple critical barriers were ineffective, creating imminent serious-injury or fatality potential.","During Hydrostatic pressure test at Maintenance yard, Isolation not verified. Work was stopped urgently and emergency response was initiated. Multiple critical barriers were ineffective, creating imminent serious-injury or fatality potential.","[REPORT_TYPE] Near Miss [SITE] Maintenance yard [ACTIVITY] Hydrostatic pressure test [BARRIER_FAILURE] Isolation not verified [IOGP_RULE] Energy Isolation [TEXT] During Hydrostatic pressure test at Maintenance yard, Isolation not verified. Work was stopped urgently and emergency response was initiated. Multiple critical barriers were ineffective, creating imminent serious-injury or fatality potential.",Critical,1
NM_0329,Near Miss,Field office area,Loading/unloading operations,Hands were placed near pinch points and no designated signaler was present,Line of Fire,"Near-miss observation: while performing Loading/unloading operations at Field office area, the team found that Hands were placed near pinch points and no designated signaler was present. Work was stopped temporarily and resumed after verification. Work was temporarily halted pending verification of the control measure.","Near-miss observation: while performing Loading/unloading operations at Field office area, the team found that Hands were placed near pinch points and no designated signaler was present. Work was stopped temporarily and resumed after verification. Work was temporarily halted pending verification of the control measure.","[REPORT_TYPE] Near Miss [SITE] Field office area [ACTIVITY] Loading/unloading operations [BARRIER_FAILURE] Hands were placed near pinch points and no designated signaler was present [IOGP_RULE] Line of Fire [TEXT] Near-miss observation: while performing Loading/unloading operations at Field office area, the team found that Hands were placed near pinch points and no designated signaler was present. Work was stopped temporarily and resumed after verification. Work was temporarily halted pending verification of the control measure.",Medium,0
NM_0449,Near Miss,LPG bottling plant,Internal tank inspection,Reversing was attempted without a banksman and pedestrian segregation,Confined Space,"Before/during Internal tank inspection at LPG bottling plant, Reversing was attempted without a banksman and pedestrian segregation. Critical control failure was corrected before resuming work. The failed critical control created credible potential for serious injury; the task was stopped and reported to HSE.","Before/during Internal tank inspection at LPG bottling plant, Reversing was attempted without a banksman and pedestrian segregation. Critical control failure was corrected before resuming work. The failed critical control created credible potential for serious injury; the task was stopped and reported to HSE.","[REPORT_TYPE] Near Miss [SITE] LPG bottling plant [ACTIVITY] Internal tank inspection [BARRIER_FAILURE] Reversing was attempted without a banksman and pedestrian segregation [IOGP_RULE] Confined Space [TEXT] Before/during Internal tank inspection at LPG bottling plant, Reversing was attempted without a banksman and pedestrian segregation. Critical control failure was corrected before resuming work. The failed critical control created credible potential for serious injury; the task was stopped and reported to HSE.",High,1
NM_0445,Near Miss,Pipeline ROW,Wellhead valve maintenance,Line was not depressurised and workers were positioned in the potential release path,Line of Fire,"During Wellhead valve maintenance at Pipeline ROW, Line was not depressurised and workers were positioned in the potential release path. The situation had credible potential for serious injury. Personnel were close to hazardous energy exposure, so the area was secured pending investigation.","During Wellhead valve maintenance at Pipeline ROW, Line was not depressurised and workers were positioned in the potential release path. The situation had credible potential for serious injury. Personnel were close to hazardous energy exposure, so the area was secured pending investigation.","[REPORT_TYPE] Near Miss [SITE] Pipeline ROW [ACTIVITY] Wellhead valve maintenance [BARRIER_FAILURE] Line was not depressurised and workers were positioned in the potential release path [IOGP_RULE] Line of Fire [TEXT] During Wellhead valve maintenance at Pipeline ROW, Line was not depressurised and workers were positioned in the potential release path. The situation had credible potential for serious injury. Personnel were close to hazardous energy exposure, so the area was secured pending investigation.",High,1
NM_0692,Near Miss,Truck loading bay,Grinding near drain,Pneumatic energy isolation was not locked and residual pressure remained in the line,Energy Isolation,"A Pneumatic energy isolation was not locked and residual pressure remained in the line was identified during Grinding near drain at Truck loading bay. Actual exposure to hazardous conditions occurred. Multiple critical barriers were ineffective, creating imminent serious-injury or fatality potential.","A Pneumatic energy isolation was not locked and residual pressure remained in the line was identified during Grinding near drain at Truck loading bay. Actual exposure to hazardous conditions occurred. Multiple critical barriers were ineffective, creating imminent serious-injury or fatality potential.","[REPORT_TYPE] Near Miss [SITE] Truck loading bay [ACTIVITY] Grinding near drain [BARRIER_FAILURE] Pneumatic energy isolation was not locked and residual pressure remained in the line [IOGP_RULE] Energy Isolation [TEXT] A Pneumatic energy isolation was not locked and residual pressure remained in the line was identified during Grinding near drain at Truck loading bay. Actual exposure to hazardous conditions occurred. Multiple critical barriers were ineffective, creating imminent serious-injury or fatality potential.",Critical,1
NM_0483,Near Miss,LPG bottling plant,Crude transfer vehicle movement,Sample bottle label was unclear and secondary containment was not positioned,Safe Mechanical Lifting,"During Crude transfer vehicle movement at LPG bottling plant, Sample bottle label was unclear and secondary containment was not positioned. The job was halted due to high-risk exposure. Personnel were close to hazardous energy exposure, so the area was secured pending investigation.","During Crude transfer vehicle movement at LPG bottling plant, Sample bottle label was unclear and secondary containment was not positioned. The job was halted due to high-risk exposure. Personnel were close to hazardous energy exposure, so the area was secured pending investigation.","[REPORT_TYPE] Near Miss [SITE] LPG bottling plant [ACTIVITY] Crude transfer vehicle movement [BARRIER_FAILURE] Sample bottle label was unclear and secondary containment was not positioned [IOGP_RULE] Safe Mechanical Lifting [TEXT] During Crude transfer vehicle movement at LPG bottling plant, Sample bottle label was unclear and secondary containment was not positioned. The job was halted due to high-risk exposure. Personnel were close to hazardous energy exposure, so the area was secured pending investigation.",High,1
NM_0319,Near Miss,Field office area,Chemical sampling,Work scope had changed but the permit and job safety analysis were not revalidated,None/Not Applicable,"Near-miss observation: while performing Chemical sampling at Field office area, the team found that Work scope had changed but the permit and job safety analysis were not revalidated. The supervisor reviewed and approved continuation after correction. The crew escalated the issue through the shift safety meeting and closed it before continuation.","Near-miss observation: while performing Chemical sampling at Field office area, the team found that Work scope had changed but the permit and job safety analysis were not revalidated. The supervisor reviewed and approved continuation after correction. The crew escalated the issue through the shift safety meeting and closed it before continuation.","[REPORT_TYPE] Near Miss [SITE] Field office area [ACTIVITY] Chemical sampling [BARRIER_FAILURE] Work scope had changed but the permit and job safety analysis were not revalidated [IOGP_RULE] None/Not Applicable [TEXT] Near-miss observation: while performing Chemical sampling at Field office area, the team found that Work scope had changed but the permit and job safety analysis were not revalidated. The supervisor reviewed and approved continuation after correction. The crew escalated the issue through the shift safety meeting and closed it before continuation.",Medium,0
NM_0706,Near Miss,Storage depot,Confined space entry,Communication failure,Confined Space,"During routine checks at Storage depot, Communication failure was observed during Confined space entry. Multiple workers were at risk of serious injury or fatality. All personnel were evacuated and the area was secured pending full investigation.","During routine checks at Storage depot, Communication failure was observed during Confined space entry. Multiple workers were at risk of serious injury or fatality. All personnel were evacuated and the area was secured pending full investigation.","[REPORT_TYPE] Near Miss [SITE] Storage depot [ACTIVITY] Confined space entry [BARRIER_FAILURE] Communication failure [IOGP_RULE] Confined Space [TEXT] During routine checks at Storage depot, Communication failure was observed during Confined space entry. Multiple workers were at risk of serious injury or fatality. All personnel were evacuated and the area was secured pending full investigation.",Critical,1
NM_0375,Near Miss,Field office area,Wellhead valve maintenance,Open edge protection and full-body harness anchorage were unavailable,Working at Height,A Open edge protection and full-body harness anchorage were unavailable was identified during Wellhead valve maintenance at Field office area. Work was paused until the issue was addressed. Work was temporarily halted pending verification of the control measure.,A Open edge protection and full-body harness anchorage were unavailable was identified during Wellhead valve maintenance at Field office area. Work was paused until the issue was addressed. Work was temporarily halted pending verification of the control measure.,[REPORT_TYPE] Near Miss [SITE] Field office area [ACTIVITY] Wellhead valve maintenance [BARRIER_FAILURE] Open edge protection and full-body harness anchorage were unavailable [IOGP_RULE] Working at Height [TEXT] A Open edge protection and full-body harness anchorage were unavailable was identified during Wellhead valve maintenance at Field office area. Work was paused until the issue was addressed. Work was temporarily halted pending verification of the control measure.,Medium,0
NM_0470,Near Miss,Truck loading bay,Electrical maintenance,Atmosphere not tested,Confined Space,"Near-miss observation: while performing Electrical maintenance at Truck loading bay, the team found that Atmosphere not tested. Critical control failure was corrected before resuming work. Personnel were close to hazardous energy exposure, so the area was secured pending investigation.","Near-miss observation: while performing Electrical maintenance at Truck loading bay, the team found that Atmosphere not tested. Critical control failure was corrected before resuming work. Personnel were close to hazardous energy exposure, so the area was secured pending investigation.","[REPORT_TYPE] Near Miss [SITE] Truck loading bay [ACTIVITY] Electrical maintenance [BARRIER_FAILURE] Atmosphere not tested [IOGP_RULE] Confined Space [TEXT] Near-miss observation: while performing Electrical maintenance at Truck loading bay, the team found that Atmosphere not tested. Critical control failure was corrected before resuming work. Personnel were close to hazardous energy exposure, so the area was secured pending investigation.",High,1
NM_0711,Near Miss,Maintenance yard,LPG bottling operations,Communication failure,Safe Mechanical Lifting,"Near-miss observation: while performing LPG bottling operations at Maintenance yard, the team found that Communication failure. Multiple workers were at risk of serious injury or fatality. All personnel were evacuated and the area was secured pending full investigation.","Near-miss observation: while performing LPG bottling operations at Maintenance yard, the team found that Communication failure. Multiple workers were at risk of serious injury or fatality. All personnel were evacuated and the area was secured pending full investigation.","[REPORT_TYPE] Near Miss [SITE] Maintenance yard [ACTIVITY] LPG bottling operations [BARRIER_FAILURE] Communication failure [IOGP_RULE] Safe Mechanical Lifting [TEXT] Near-miss observation: while performing LPG bottling operations at Maintenance yard, the team found that Communication failure. Multiple workers were at risk of serious injury or fatality. All personnel were evacuated and the area was secured pending full investigation.",Critical,1
NM_0255,Near Miss,Refinery unit,Excavation work,Hands were placed near pinch points and no designated signaler was present,Line of Fire,"Near-miss observation: while performing Excavation work at Refinery unit, the team found that Hands were placed near pinch points and no designated signaler was present. The job proceeded only after corrective measures. Work was temporarily halted pending verification of the control measure.","Near-miss observation: while performing Excavation work at Refinery unit, the team found that Hands were placed near pinch points and no designated signaler was present. The job proceeded only after corrective measures. Work was temporarily halted pending verification of the control measure.","[REPORT_TYPE] Near Miss [SITE] Refinery unit [ACTIVITY] Excavation work [BARRIER_FAILURE] Hands were placed near pinch points and no designated signaler was present [IOGP_RULE] Line of Fire [TEXT] Near-miss observation: while performing Excavation work at Refinery unit, the team found that Hands were placed near pinch points and no designated signaler was present. The job proceeded only after corrective measures. Work was temporarily halted pending verification of the control measure.",Medium,0
NM_0294,Near Miss,Offshore platform,Internal tank inspection,Equipment defect,Confined Space,"During Internal tank inspection at Offshore platform, Equipment defect. Work was paused until the issue was addressed. Work was temporarily halted pending verification of the control measure.","During Internal tank inspection at Offshore platform, Equipment defect. Work was paused until the issue was addressed. Work was temporarily halted pending verification of the control measure.","[REPORT_TYPE] Near Miss [SITE] Offshore platform [ACTIVITY] Internal tank inspection [BARRIER_FAILURE] Equipment defect [IOGP_RULE] Confined Space [TEXT] During Internal tank inspection at Offshore platform, Equipment defect. Work was paused until the issue was addressed. Work was temporarily halted pending verification of the control measure.",Medium,0
NM_0035,Near Miss,Storage depot,Chemical sampling,Fire watch missing,Hot Work,"Near-miss observation: while performing Chemical sampling at Storage depot, the team found that Fire watch missing. The team corrected it without delay. The team recorded the observation and completed immediate housekeeping correction.","Near-miss observation: while performing Chemical sampling at Storage depot, the team found that Fire watch missing. The team corrected it without delay. The team recorded the observation and completed immediate housekeeping correction.","[REPORT_TYPE] Near Miss [SITE] Storage depot [ACTIVITY] Chemical sampling [BARRIER_FAILURE] Fire watch missing [IOGP_RULE] Hot Work [TEXT] Near-miss observation: while performing Chemical sampling at Storage depot, the team found that Fire watch missing. The team corrected it without delay. The team recorded the observation and completed immediate housekeeping correction.",Low,0
NM_0579,Near Miss,Wellsite,Lifting valve actuator,Drain cover was open and combustible vapour testing was not documented,Hot Work,"Before/during Lifting valve actuator at Wellsite, Drain cover was open and combustible vapour testing was not documented. Work was stopped due to potential serious injury risk. Work was halted due to high-risk exposure and corrective measures were implemented.","Before/during Lifting valve actuator at Wellsite, Drain cover was open and combustible vapour testing was not documented. Work was stopped due to potential serious injury risk. Work was halted due to high-risk exposure and corrective measures were implemented.","[REPORT_TYPE] Near Miss [SITE] Wellsite [ACTIVITY] Lifting valve actuator [BARRIER_FAILURE] Drain cover was open and combustible vapour testing was not documented [IOGP_RULE] Hot Work [TEXT] Before/during Lifting valve actuator at Wellsite, Drain cover was open and combustible vapour testing was not documented. Work was stopped due to potential serious injury risk. Work was halted due to high-risk exposure and corrective measures were implemented.",High,1
NM_0437,Near Miss,Maintenance yard,Well intervention,Spill containment missing,Work Authorization,"Before/during Well intervention at Maintenance yard, Spill containment missing. The situation had credible potential for serious injury. Personnel were close to hazardous energy exposure, so the area was secured pending investigation.","Before/during Well intervention at Maintenance yard, Spill containment missing. The situation had credible potential for serious injury. Personnel were close to hazardous energy exposure, so the area was secured pending investigation.","[REPORT_TYPE] Near Miss [SITE] Maintenance yard [ACTIVITY] Well intervention [BARRIER_FAILURE] Spill containment missing [IOGP_RULE] Work Authorization [TEXT] Before/during Well intervention at Maintenance yard, Spill containment missing. The situation had credible potential for serious injury. Personnel were close to hazardous energy exposure, so the area was secured pending investigation.",High,1
NM_0095,Near Miss,Truck loading bay,Excavation work,Gas test missing,Confined Space,"Shift crew reported that during Excavation work in Truck loading bay, Gas test missing. The area was corrected immediately. The issue was minor and was rectified before it affected the task.","Shift crew reported that during Excavation work in Truck loading bay, Gas test missing. The area was corrected immediately. The issue was minor and was rectified before it affected the task.","[REPORT_TYPE] Near Miss [SITE] Truck loading bay [ACTIVITY] Excavation work [BARRIER_FAILURE] Gas test missing [IOGP_RULE] Confined Space [TEXT] Shift crew reported that during Excavation work in Truck loading bay, Gas test missing. The area was corrected immediately. The issue was minor and was rectified before it affected the task.",Low,0
NM_0480,Near Miss,Gas processing unit,Equipment maintenance,Tool inspection missing,Hot Work,"Near-miss observation: while performing Equipment maintenance at Gas processing unit, the team found that Tool inspection missing. Work was stopped due to potential serious injury risk. Personnel were close to hazardous energy exposure, so the area was secured pending investigation.","Near-miss observation: while performing Equipment maintenance at Gas processing unit, the team found that Tool inspection missing. Work was stopped due to potential serious injury risk. Personnel were close to hazardous energy exposure, so the area was secured pending investigation.","[REPORT_TYPE] Near Miss [SITE] Gas processing unit [ACTIVITY] Equipment maintenance [BARRIER_FAILURE] Tool inspection missing [IOGP_RULE] Hot Work [TEXT] Near-miss observation: while performing Equipment maintenance at Gas processing unit, the team found that Tool inspection missing. Work was stopped due to potential serious injury risk. Personnel were close to hazardous energy exposure, so the area was secured pending investigation.",High,1
NM_0460,Near Miss,Storage depot,Process unit startup/shutdown,Hands were placed near pinch points and no designated signaler was present,Line of Fire,"During Process unit startup/shutdown at Storage depot, Hands were placed near pinch points and no designated signaler was present. Critical control failure was corrected before resuming work. A supervisor issued a stop-work intervention and required a formal control verification.","During Process unit startup/shutdown at Storage depot, Hands were placed near pinch points and no designated signaler was present. Critical control failure was corrected before resuming work. A supervisor issued a stop-work intervention and required a formal control verification.","[REPORT_TYPE] Near Miss [SITE] Storage depot [ACTIVITY] Process unit startup/shutdown [BARRIER_FAILURE] Hands were placed near pinch points and no designated signaler was present [IOGP_RULE] Line of Fire [TEXT] During Process unit startup/shutdown at Storage depot, Hands were placed near pinch points and no designated signaler was present. Critical control failure was corrected before resuming work. A supervisor issued a stop-work intervention and required a formal control verification.",High,1
NM_0016,Near Miss,Field office area,Reversing vehicle operations,Scaffold was altered without inspection tag and toe boards were missing,Driving,"Near-miss observation: while performing Reversing vehicle operations at Field office area, the team found that Scaffold was altered without inspection tag and toe boards were missing. The team corrected it without delay. The team recorded the observation and completed immediate housekeeping correction.","Near-miss observation: while performing Reversing vehicle operations at Field office area, the team found that Scaffold was altered without inspection tag and toe boards were missing. The team corrected it without delay. The team recorded the observation and completed immediate housekeeping correction.","[REPORT_TYPE] Near Miss [SITE] Field office area [ACTIVITY] Reversing vehicle operations [BARRIER_FAILURE] Scaffold was altered without inspection tag and toe boards were missing [IOGP_RULE] Driving [TEXT] Near-miss observation: while performing Reversing vehicle operations at Field office area, the team found that Scaffold was altered without inspection tag and toe boards were missing. The team corrected it without delay. The team recorded the observation and completed immediate housekeeping correction.",Low,0
NM_0635,Near Miss,Pump station,Loading/unloading operations,Atmosphere not tested,Confined Space,"A Atmosphere not tested was identified during Loading/unloading operations at Pump station. Actual exposure to hazardous conditions occurred. Multiple critical barriers were ineffective, creating imminent serious-injury or fatality potential.","A Atmosphere not tested was identified during Loading/unloading operations at Pump station. Actual exposure to hazardous conditions occurred. Multiple critical barriers were ineffective, creating imminent serious-injury or fatality potential.","[REPORT_TYPE] Near Miss [SITE] Pump station [ACTIVITY] Loading/unloading operations [BARRIER_FAILURE] Atmosphere not tested [IOGP_RULE] Confined Space [TEXT] A Atmosphere not tested was identified during Loading/unloading operations at Pump station. Actual exposure to hazardous conditions occurred. Multiple critical barriers were ineffective, creating imminent serious-injury or fatality potential.",Critical,1
NM_0354,Near Miss,Gas processing unit,Emergency valve servicing,"No pre-entry gas test, attendant, rescue arrangement, or signed entry permit",Confined Space,"Shift crew reported that during Emergency valve servicing in Gas processing unit, No pre-entry gas test, attendant, rescue arrangement, or signed entry permit. The activity was delayed pending correction. No one was exposed, but the observation required a documented corrective action.","Shift crew reported that during Emergency valve servicing in Gas processing unit, No pre-entry gas test, attendant, rescue arrangement, or signed entry permit. The activity was delayed pending correction. No one was exposed, but the observation required a documented corrective action.","[REPORT_TYPE] Near Miss [SITE] Gas processing unit [ACTIVITY] Emergency valve servicing [BARRIER_FAILURE] No pre-entry gas test, attendant, rescue arrangement, or signed entry permit [IOGP_RULE] Confined Space [TEXT] Shift crew reported that during Emergency valve servicing in Gas processing unit, No pre-entry gas test, attendant, rescue arrangement, or signed entry permit. The activity was delayed pending correction. No one was exposed, but the observation required a documented corrective action.",Medium,0
NM_0507,Near Miss,Refinery unit,Scaffold modification,Supervision absent,Working at Height,A Supervision absent was identified during Scaffold modification at Refinery unit. Critical control failure was corrected before resuming work. The failed critical control created credible potential for serious injury; the task was stopped and reported to HSE.,A Supervision absent was identified during Scaffold modification at Refinery unit. Critical control failure was corrected before resuming work. The failed critical control created credible potential for serious injury; the task was stopped and reported to HSE.,[REPORT_TYPE] Near Miss [SITE] Refinery unit [ACTIVITY] Scaffold modification [BARRIER_FAILURE] Supervision absent [IOGP_RULE] Working at Height [TEXT] A Supervision absent was identified during Scaffold modification at Refinery unit. Critical control failure was corrected before resuming work. The failed critical control created credible potential for serious injury; the task was stopped and reported to HSE.,High,1
NM_0664,Near Miss,Drilling rig,Instrument calibration,Atmosphere not tested,Confined Space,"During routine checks at Drilling rig, Atmosphere not tested was observed during Instrument calibration. The situation had imminent potential for fatality and was escalated immediately. Personnel were moved to a safe location and the event was treated as a high-potential near miss.","During routine checks at Drilling rig, Atmosphere not tested was observed during Instrument calibration. The situation had imminent potential for fatality and was escalated immediately. Personnel were moved to a safe location and the event was treated as a high-potential near miss.","[REPORT_TYPE] Near Miss [SITE] Drilling rig [ACTIVITY] Instrument calibration [BARRIER_FAILURE] Atmosphere not tested [IOGP_RULE] Confined Space [TEXT] During routine checks at Drilling rig, Atmosphere not tested was observed during Instrument calibration. The situation had imminent potential for fatality and was escalated immediately. Personnel were moved to a safe location and the event was treated as a high-potential near miss.",Critical,1
NM_0357,Near Miss,LPG bottling plant,Crude transfer vehicle movement,PPE not used,Safe Mechanical Lifting,"A PPE not used was identified during Crude transfer vehicle movement at LPG bottling plant. The activity was delayed pending correction. No one was exposed, but the observation required a documented corrective action.","A PPE not used was identified during Crude transfer vehicle movement at LPG bottling plant. The activity was delayed pending correction. No one was exposed, but the observation required a documented corrective action.","[REPORT_TYPE] Near Miss [SITE] LPG bottling plant [ACTIVITY] Crude transfer vehicle movement [BARRIER_FAILURE] PPE not used [IOGP_RULE] Safe Mechanical Lifting [TEXT] A PPE not used was identified during Crude transfer vehicle movement at LPG bottling plant. The activity was delayed pending correction. No one was exposed, but the observation required a documented corrective action.",Medium,0
NM_0627,Near Miss,LPG bottling plant,Confined space entry,Fire watch missing,Confined Space,"Shift crew reported that during Confined space entry in LPG bottling plant, Fire watch missing. Multiple workers were at risk of serious injury or fatality. Personnel were moved to a safe location and the event was treated as a high-potential near miss.","Shift crew reported that during Confined space entry in LPG bottling plant, Fire watch missing. Multiple workers were at risk of serious injury or fatality. Personnel were moved to a safe location and the event was treated as a high-potential near miss.","[REPORT_TYPE] Near Miss [SITE] LPG bottling plant [ACTIVITY] Confined space entry [BARRIER_FAILURE] Fire watch missing [IOGP_RULE] Confined Space [TEXT] Shift crew reported that during Confined space entry in LPG bottling plant, Fire watch missing. Multiple workers were at risk of serious injury or fatality. Personnel were moved to a safe location and the event was treated as a high-potential near miss.",Critical,1
NM_0403,Near Miss,Process plant,Night driving to remote site,Fall arrest missing,Working at Height,"Near-miss observation: while performing Night driving to remote site at Process plant, the team found that Fall arrest missing. Work was stopped due to potential serious injury risk. A supervisor issued a stop-work intervention and required a formal control verification.","Near-miss observation: while performing Night driving to remote site at Process plant, the team found that Fall arrest missing. Work was stopped due to potential serious injury risk. A supervisor issued a stop-work intervention and required a formal control verification.","[REPORT_TYPE] Near Miss [SITE] Process plant [ACTIVITY] Night driving to remote site [BARRIER_FAILURE] Fall arrest missing [IOGP_RULE] Working at Height [TEXT] Near-miss observation: while performing Night driving to remote site at Process plant, the team found that Fall arrest missing. Work was stopped due to potential serious injury risk. A supervisor issued a stop-work intervention and required a formal control verification.",High,1
NM_0640,Near Miss,Maintenance yard,Night driving to remote site,Emergency access route was partly obstructed by temporary materials,None/Not Applicable,"During routine checks at Maintenance yard, Emergency access route was partly obstructed by temporary materials was observed during Night driving to remote site. Multiple workers were at risk of serious injury or fatality. The condition presented immediate potentially fatal exposure; operations were stopped, the area was isolated, and emergency escalation began.","During routine checks at Maintenance yard, Emergency access route was partly obstructed by temporary materials was observed during Night driving to remote site. Multiple workers were at risk of serious injury or fatality. The condition presented immediate potentially fatal exposure; operations were stopped, the area was isolated, and emergency escalation began.","[REPORT_TYPE] Near Miss [SITE] Maintenance yard [ACTIVITY] Night driving to remote site [BARRIER_FAILURE] Emergency access route was partly obstructed by temporary materials [IOGP_RULE] None/Not Applicable [TEXT] During routine checks at Maintenance yard, Emergency access route was partly obstructed by temporary materials was observed during Night driving to remote site. Multiple workers were at risk of serious injury or fatality. The condition presented immediate potentially fatal exposure; operations were stopped, the area was isolated, and emergency escalation began.",Critical,1
NM_0795,Near Miss,Truck loading bay,Electrical maintenance,Fall arrest missing,Energy Isolation,"During routine checks at Truck loading bay, Fall arrest missing was observed during Electrical maintenance. The situation had imminent potential for fatality and was escalated immediately. The situation had imminent potential for fatality and was escalated immediately.","During routine checks at Truck loading bay, Fall arrest missing was observed during Electrical maintenance. The situation had imminent potential for fatality and was escalated immediately. The situation had imminent potential for fatality and was escalated immediately.","[REPORT_TYPE] Near Miss [SITE] Truck loading bay [ACTIVITY] Electrical maintenance [BARRIER_FAILURE] Fall arrest missing [IOGP_RULE] Energy Isolation [TEXT] During routine checks at Truck loading bay, Fall arrest missing was observed during Electrical maintenance. The situation had imminent potential for fatality and was escalated immediately. The situation had imminent potential for fatality and was escalated immediately.",Critical,1
NM_0633,Near Miss,Refinery unit,Pipeline inspection,Supervision absent,Bypassing Safety Controls,"During Pipeline inspection at Refinery unit, Supervision absent. Multiple workers were at risk of serious injury or fatality. All personnel were evacuated and the area was secured pending full investigation.","During Pipeline inspection at Refinery unit, Supervision absent. Multiple workers were at risk of serious injury or fatality. All personnel were evacuated and the area was secured pending full investigation.","[REPORT_TYPE] Near Miss [SITE] Refinery unit [ACTIVITY] Pipeline inspection [BARRIER_FAILURE] Supervision absent [IOGP_RULE] Bypassing Safety Controls [TEXT] During Pipeline inspection at Refinery unit, Supervision absent. Multiple workers were at risk of serious injury or fatality. All personnel were evacuated and the area was secured pending full investigation.",Critical,1
NM_0320,Near Miss,Process plant,Hydrostatic pressure test,Guard missing,None/Not Applicable,"During routine checks at Process plant, Guard missing was observed during Hydrostatic pressure test. Work was paused until the issue was addressed. The task was paused, the control was restored, and the supervisor verified readiness before work resumed.","During routine checks at Process plant, Guard missing was observed during Hydrostatic pressure test. Work was paused until the issue was addressed. The task was paused, the control was restored, and the supervisor verified readiness before work resumed.","[REPORT_TYPE] Near Miss [SITE] Process plant [ACTIVITY] Hydrostatic pressure test [BARRIER_FAILURE] Guard missing [IOGP_RULE] None/Not Applicable [TEXT] During routine checks at Process plant, Guard missing was observed during Hydrostatic pressure test. Work was paused until the issue was addressed. The task was paused, the control was restored, and the supervisor verified readiness before work resumed.",Medium,0
NM_0308,Near Miss,Wellsite,Pump seal replacement,Spill containment missing,Driving,"Shift crew reported that during Pump seal replacement in Wellsite, Spill containment missing. The supervisor reviewed and approved continuation after correction. Work was temporarily halted pending verification of the control measure.","Shift crew reported that during Pump seal replacement in Wellsite, Spill containment missing. The supervisor reviewed and approved continuation after correction. Work was temporarily halted pending verification of the control measure.","[REPORT_TYPE] Near Miss [SITE] Wellsite [ACTIVITY] Pump seal replacement [BARRIER_FAILURE] Spill containment missing [IOGP_RULE] Driving [TEXT] Shift crew reported that during Pump seal replacement in Wellsite, Spill containment missing. The supervisor reviewed and approved continuation after correction. Work was temporarily halted pending verification of the control measure.",Medium,0
NM_0752,Near Miss,Drilling rig,Night driving to remote site,Scaffold was altered without inspection tag and toe boards were missing,Driving,"During Night driving to remote site at Drilling rig, Scaffold was altered without inspection tag and toe boards were missing. All personnel were evacuated. Personnel were moved to a safe location and the event was treated as a high-potential near miss.","During Night driving to remote site at Drilling rig, Scaffold was altered without inspection tag and toe boards were missing. All personnel were evacuated. Personnel were moved to a safe location and the event was treated as a high-potential near miss.","[REPORT_TYPE] Near Miss [SITE] Drilling rig [ACTIVITY] Night driving to remote site [BARRIER_FAILURE] Scaffold was altered without inspection tag and toe boards were missing [IOGP_RULE] Driving [TEXT] During Night driving to remote site at Drilling rig, Scaffold was altered without inspection tag and toe boards were missing. All personnel were evacuated. Personnel were moved to a safe location and the event was treated as a high-potential near miss.",Critical,1
NM_0201,Near Miss,Field office area,Compressor troubleshooting,"No pre-entry gas test, attendant, rescue arrangement, or signed entry permit",Confined Space,"Shift crew reported that during Compressor troubleshooting in Field office area, No pre-entry gas test, attendant, rescue arrangement, or signed entry permit. The supervisor reviewed and approved continuation after correction. Work was temporarily halted pending verification of the control measure.","Shift crew reported that during Compressor troubleshooting in Field office area, No pre-entry gas test, attendant, rescue arrangement, or signed entry permit. The supervisor reviewed and approved continuation after correction. Work was temporarily halted pending verification of the control measure.","[REPORT_TYPE] Near Miss [SITE] Field office area [ACTIVITY] Compressor troubleshooting [BARRIER_FAILURE] No pre-entry gas test, attendant, rescue arrangement, or signed entry permit [IOGP_RULE] Confined Space [TEXT] Shift crew reported that during Compressor troubleshooting in Field office area, No pre-entry gas test, attendant, rescue arrangement, or signed entry permit. The supervisor reviewed and approved continuation after correction. Work was temporarily halted pending verification of the control measure.",Medium,0
NM_0432,Near Miss,Storage tank,Compressor troubleshooting,Exclusion zone missing,Line of Fire,"Near-miss observation: while performing Compressor troubleshooting at Storage tank, the team found that Exclusion zone missing. The activity was stopped as it could have resulted in serious harm. The failed critical control created credible potential for serious injury; the task was stopped and reported to HSE.","Near-miss observation: while performing Compressor troubleshooting at Storage tank, the team found that Exclusion zone missing. The activity was stopped as it could have resulted in serious harm. The failed critical control created credible potential for serious injury; the task was stopped and reported to HSE.","[REPORT_TYPE] Near Miss [SITE] Storage tank [ACTIVITY] Compressor troubleshooting [BARRIER_FAILURE] Exclusion zone missing [IOGP_RULE] Line of Fire [TEXT] Near-miss observation: while performing Compressor troubleshooting at Storage tank, the team found that Exclusion zone missing. The activity was stopped as it could have resulted in serious harm. The failed critical control created credible potential for serious injury; the task was stopped and reported to HSE.",High,1
NM_0788,Near Miss,LPG bottling plant,Night driving to remote site,Pneumatic energy isolation was not locked and residual pressure remained in the line,Energy Isolation,A Pneumatic energy isolation was not locked and residual pressure remained in the line was identified during Night driving to remote site at LPG bottling plant. Actual exposure to hazardous conditions occurred. All personnel were evacuated and the area was secured pending full investigation.,A Pneumatic energy isolation was not locked and residual pressure remained in the line was identified during Night driving to remote site at LPG bottling plant. Actual exposure to hazardous conditions occurred. All personnel were evacuated and the area was secured pending full investigation.,[REPORT_TYPE] Near Miss [SITE] LPG bottling plant [ACTIVITY] Night driving to remote site [BARRIER_FAILURE] Pneumatic energy isolation was not locked and residual pressure remained in the line [IOGP_RULE] Energy Isolation [TEXT] A Pneumatic energy isolation was not locked and residual pressure remained in the line was identified during Night driving to remote site at LPG bottling plant. Actual exposure to hazardous conditions occurred. All personnel were evacuated and the area was secured pending full investigation.,Critical,1
NM_0417,Near Miss,Maintenance yard,Compressor troubleshooting,Gas test missing,Confined Space,"Shift crew reported that during Compressor troubleshooting in Maintenance yard, Gas test missing. The situation had credible potential for serious injury. The situation had credible potential for serious injury and was escalated immediately.","Shift crew reported that during Compressor troubleshooting in Maintenance yard, Gas test missing. The situation had credible potential for serious injury. The situation had credible potential for serious injury and was escalated immediately.","[REPORT_TYPE] Near Miss [SITE] Maintenance yard [ACTIVITY] Compressor troubleshooting [BARRIER_FAILURE] Gas test missing [IOGP_RULE] Confined Space [TEXT] Shift crew reported that during Compressor troubleshooting in Maintenance yard, Gas test missing. The situation had credible potential for serious injury. The situation had credible potential for serious injury and was escalated immediately.",High,1
NM_0547,Near Miss,Pump station,Pipe-rack inspection,Supervision absent,Bypassing Safety Controls,"Shift crew reported that during Pipe-rack inspection in Pump station, Supervision absent. The activity was stopped as it could have resulted in serious harm. The situation had credible potential for serious injury and was escalated immediately.","Shift crew reported that during Pipe-rack inspection in Pump station, Supervision absent. The activity was stopped as it could have resulted in serious harm. The situation had credible potential for serious injury and was escalated immediately.","[REPORT_TYPE] Near Miss [SITE] Pump station [ACTIVITY] Pipe-rack inspection [BARRIER_FAILURE] Supervision absent [IOGP_RULE] Bypassing Safety Controls [TEXT] Shift crew reported that during Pipe-rack inspection in Pump station, Supervision absent. The activity was stopped as it could have resulted in serious harm. The situation had credible potential for serious injury and was escalated immediately.",High,1
NM_0005,Near Miss,Maintenance yard,Internal tank inspection,Open edge protection and full-body harness anchorage were unavailable,Confined Space,"Shift crew reported that during Internal tank inspection in Maintenance yard, Open edge protection and full-body harness anchorage were unavailable. Corrective action was taken on the spot. The team recorded the observation and completed immediate housekeeping correction.","Shift crew reported that during Internal tank inspection in Maintenance yard, Open edge protection and full-body harness anchorage were unavailable. Corrective action was taken on the spot. The team recorded the observation and completed immediate housekeeping correction.","[REPORT_TYPE] Near Miss [SITE] Maintenance yard [ACTIVITY] Internal tank inspection [BARRIER_FAILURE] Open edge protection and full-body harness anchorage were unavailable [IOGP_RULE] Confined Space [TEXT] Shift crew reported that during Internal tank inspection in Maintenance yard, Open edge protection and full-body harness anchorage were unavailable. Corrective action was taken on the spot. The team recorded the observation and completed immediate housekeeping correction.",Low,0
NM_0342,Near Miss,Refinery unit,Scaffold modification,Guard missing,Working at Height,"During Scaffold modification at Refinery unit, Guard missing. The activity was delayed pending correction. The supervisor reviewed the situation and approved continuation after correction.","During Scaffold modification at Refinery unit, Guard missing. The activity was delayed pending correction. The supervisor reviewed the situation and approved continuation after correction.","[REPORT_TYPE] Near Miss [SITE] Refinery unit [ACTIVITY] Scaffold modification [BARRIER_FAILURE] Guard missing [IOGP_RULE] Working at Height [TEXT] During Scaffold modification at Refinery unit, Guard missing. The activity was delayed pending correction. The supervisor reviewed the situation and approved continuation after correction.",Medium,0
NM_0596,Near Miss,Gas processing unit,Manual handling of tubulars,"No pre-entry gas test, attendant, rescue arrangement, or signed entry permit",Confined Space,"During Manual handling of tubulars at Gas processing unit, No pre-entry gas test, attendant, rescue arrangement, or signed entry permit. The situation had credible potential for serious injury. Work was halted due to high-risk exposure and corrective measures were implemented.","During Manual handling of tubulars at Gas processing unit, No pre-entry gas test, attendant, rescue arrangement, or signed entry permit. The situation had credible potential for serious injury. Work was halted due to high-risk exposure and corrective measures were implemented.","[REPORT_TYPE] Near Miss [SITE] Gas processing unit [ACTIVITY] Manual handling of tubulars [BARRIER_FAILURE] No pre-entry gas test, attendant, rescue arrangement, or signed entry permit [IOGP_RULE] Confined Space [TEXT] During Manual handling of tubulars at Gas processing unit, No pre-entry gas test, attendant, rescue arrangement, or signed entry permit. The situation had credible potential for serious injury. Work was halted due to high-risk exposure and corrective measures were implemented.",High,1
NM_0034,Near Miss,Tank farm,Scaffold modification,Procedure not followed,Working at Height,"Shift crew reported that during Scaffold modification in Tank farm, Procedure not followed. Work was paused briefly and the issue was resolved. No work stoppage was required as the risk was minimal.","Shift crew reported that during Scaffold modification in Tank farm, Procedure not followed. Work was paused briefly and the issue was resolved. No work stoppage was required as the risk was minimal.","[REPORT_TYPE] Near Miss [SITE] Tank farm [ACTIVITY] Scaffold modification [BARRIER_FAILURE] Procedure not followed [IOGP_RULE] Working at Height [TEXT] Shift crew reported that during Scaffold modification in Tank farm, Procedure not followed. Work was paused briefly and the issue was resolved. No work stoppage was required as the risk was minimal.",Low,0
NM_0165,Near Miss,Pipeline ROW,Grinding near drain,Tool inspection missing,Hot Work,"Before/during Grinding near drain at Pipeline ROW, Tool inspection missing. Work was paused briefly and the issue was resolved. The team recorded the observation and completed immediate housekeeping correction.","Before/during Grinding near drain at Pipeline ROW, Tool inspection missing. Work was paused briefly and the issue was resolved. The team recorded the observation and completed immediate housekeeping correction.","[REPORT_TYPE] Near Miss [SITE] Pipeline ROW [ACTIVITY] Grinding near drain [BARRIER_FAILURE] Tool inspection missing [IOGP_RULE] Hot Work [TEXT] Before/during Grinding near drain at Pipeline ROW, Tool inspection missing. Work was paused briefly and the issue was resolved. The team recorded the observation and completed immediate housekeeping correction.",Low,0
NM_0266,Near Miss,Pipeline ROW,Hydrostatic pressure test,Training inadequate,Line of Fire,"Near-miss observation: while performing Hydrostatic pressure test at Pipeline ROW, the team found that Training inadequate. The supervisor reviewed and approved continuation after correction. The supervisor reviewed the situation and approved continuation after correction.","Near-miss observation: while performing Hydrostatic pressure test at Pipeline ROW, the team found that Training inadequate. The supervisor reviewed and approved continuation after correction. The supervisor reviewed the situation and approved continuation after correction.","[REPORT_TYPE] Near Miss [SITE] Pipeline ROW [ACTIVITY] Hydrostatic pressure test [BARRIER_FAILURE] Training inadequate [IOGP_RULE] Line of Fire [TEXT] Near-miss observation: while performing Hydrostatic pressure test at Pipeline ROW, the team found that Training inadequate. The supervisor reviewed and approved continuation after correction. The supervisor reviewed the situation and approved continuation after correction.",Medium,0
NM_0282,Near Miss,Storage depot,Pump seal replacement,Training inadequate,Working at Height,"Shift crew reported that during Pump seal replacement in Storage depot, Training inadequate. Work was stopped temporarily and resumed after verification. The supervisor reviewed the situation and approved continuation after correction.","Shift crew reported that during Pump seal replacement in Storage depot, Training inadequate. Work was stopped temporarily and resumed after verification. The supervisor reviewed the situation and approved continuation after correction.","[REPORT_TYPE] Near Miss [SITE] Storage depot [ACTIVITY] Pump seal replacement [BARRIER_FAILURE] Training inadequate [IOGP_RULE] Working at Height [TEXT] Shift crew reported that during Pump seal replacement in Storage depot, Training inadequate. Work was stopped temporarily and resumed after verification. The supervisor reviewed the situation and approved continuation after correction.",Medium,0
NM_0154,Near Miss,Compressor station,Pump seal replacement,Lift plan missing,Safe Mechanical Lifting,"During Pump seal replacement at Compressor station, Lift plan missing. Work was paused briefly and the issue was resolved. No work stoppage was required as the risk was minimal.","During Pump seal replacement at Compressor station, Lift plan missing. Work was paused briefly and the issue was resolved. No work stoppage was required as the risk was minimal.","[REPORT_TYPE] Near Miss [SITE] Compressor station [ACTIVITY] Pump seal replacement [BARRIER_FAILURE] Lift plan missing [IOGP_RULE] Safe Mechanical Lifting [TEXT] During Pump seal replacement at Compressor station, Lift plan missing. Work was paused briefly and the issue was resolved. No work stoppage was required as the risk was minimal.",Low,0
NM_0743,Near Miss,Compressor station,Breaking a pressurised flange,"Lift plan, tag lines, and barricaded drop zone were not available",Safe Mechanical Lifting,"During Breaking a pressurised flange at Compressor station, Lift plan, tag lines, and barricaded drop zone were not available. Multiple workers were at risk of serious injury or fatality. The condition presented immediate potentially fatal exposure; operations were stopped, the area was isolated, and emergency escalation began.","During Breaking a pressurised flange at Compressor station, Lift plan, tag lines, and barricaded drop zone were not available. Multiple workers were at risk of serious injury or fatality. The condition presented immediate potentially fatal exposure; operations were stopped, the area was isolated, and emergency escalation began.","[REPORT_TYPE] Near Miss [SITE] Compressor station [ACTIVITY] Breaking a pressurised flange [BARRIER_FAILURE] Lift plan, tag lines, and barricaded drop zone were not available [IOGP_RULE] Safe Mechanical Lifting [TEXT] During Breaking a pressurised flange at Compressor station, Lift plan, tag lines, and barricaded drop zone were not available. Multiple workers were at risk of serious injury or fatality. The condition presented immediate potentially fatal exposure; operations were stopped, the area was isolated, and emergency escalation began.",Critical,1
NM_0446,Near Miss,Storage tank,Forklift pallet handling,Permit missing,Safe Mechanical Lifting,Inspection revealed Permit missing during Forklift pallet handling at Storage tank. The job was halted due to high-risk exposure. Work was halted due to high-risk exposure and corrective measures were implemented.,Inspection revealed Permit missing during Forklift pallet handling at Storage tank. The job was halted due to high-risk exposure. Work was halted due to high-risk exposure and corrective measures were implemented.,[REPORT_TYPE] Near Miss [SITE] Storage tank [ACTIVITY] Forklift pallet handling [BARRIER_FAILURE] Permit missing [IOGP_RULE] Safe Mechanical Lifting [TEXT] Inspection revealed Permit missing during Forklift pallet handling at Storage tank. The job was halted due to high-risk exposure. Work was halted due to high-risk exposure and corrective measures were implemented.,High,1
NM_0280,Near Miss,Field office area,Housekeeping inspection,Gas test missing,Confined Space,"Shift crew reported that during Housekeeping inspection in Field office area, Gas test missing. The activity was delayed pending correction. The task was paused, the control was restored, and the supervisor verified readiness before work resumed.","Shift crew reported that during Housekeeping inspection in Field office area, Gas test missing. The activity was delayed pending correction. The task was paused, the control was restored, and the supervisor verified readiness before work resumed.","[REPORT_TYPE] Near Miss [SITE] Field office area [ACTIVITY] Housekeeping inspection [BARRIER_FAILURE] Gas test missing [IOGP_RULE] Confined Space [TEXT] Shift crew reported that during Housekeeping inspection in Field office area, Gas test missing. The activity was delayed pending correction. The task was paused, the control was restored, and the supervisor verified readiness before work resumed.",Medium,0
NM_0174,Near Miss,Tank farm,Grinding near drain,Trip interlock was found bypassed during a production upset,Hot Work,Inspection revealed Trip interlock was found bypassed during a production upset during Grinding near drain at Tank farm. The team corrected it without delay. No work stoppage was required as the risk was minimal.,Inspection revealed Trip interlock was found bypassed during a production upset during Grinding near drain at Tank farm. The team corrected it without delay. No work stoppage was required as the risk was minimal.,[REPORT_TYPE] Near Miss [SITE] Tank farm [ACTIVITY] Grinding near drain [BARRIER_FAILURE] Trip interlock was found bypassed during a production upset [IOGP_RULE] Hot Work [TEXT] Inspection revealed Trip interlock was found bypassed during a production upset during Grinding near drain at Tank farm. The team corrected it without delay. No work stoppage was required as the risk was minimal.,Low,0
NM_0082,Near Miss,Truck loading bay,Forklift pallet handling,Electrical supply and process pressure isolation were not independently verified,Safe Mechanical Lifting,"Before/during Forklift pallet handling at Truck loading bay, Electrical supply and process pressure isolation were not independently verified. Corrective action was taken on the spot. No work stoppage was required as the risk was minimal.","Before/during Forklift pallet handling at Truck loading bay, Electrical supply and process pressure isolation were not independently verified. Corrective action was taken on the spot. No work stoppage was required as the risk was minimal.","[REPORT_TYPE] Near Miss [SITE] Truck loading bay [ACTIVITY] Forklift pallet handling [BARRIER_FAILURE] Electrical supply and process pressure isolation were not independently verified [IOGP_RULE] Safe Mechanical Lifting [TEXT] Before/during Forklift pallet handling at Truck loading bay, Electrical supply and process pressure isolation were not independently verified. Corrective action was taken on the spot. No work stoppage was required as the risk was minimal.",Low,0
NM_0597,Near Miss,Compressor station,Pressure vessel testing,Isolation not verified,Confined Space,"Before/during Pressure vessel testing at Compressor station, Isolation not verified. Critical control failure was corrected before resuming work. The situation had credible potential for serious injury and was escalated immediately.","Before/during Pressure vessel testing at Compressor station, Isolation not verified. Critical control failure was corrected before resuming work. The situation had credible potential for serious injury and was escalated immediately.","[REPORT_TYPE] Near Miss [SITE] Compressor station [ACTIVITY] Pressure vessel testing [BARRIER_FAILURE] Isolation not verified [IOGP_RULE] Confined Space [TEXT] Before/during Pressure vessel testing at Compressor station, Isolation not verified. Critical control failure was corrected before resuming work. The situation had credible potential for serious injury and was escalated immediately.",High,1
NM_0606,Near Miss,Pump station,Pipeline inspection,Drain cover was open and combustible vapour testing was not documented,Hot Work,"Shift crew reported that during Pipeline inspection in Pump station, Drain cover was open and combustible vapour testing was not documented. Multiple workers were at risk of serious injury or fatality. Personnel were moved to a safe location and the event was treated as a high-potential near miss.","Shift crew reported that during Pipeline inspection in Pump station, Drain cover was open and combustible vapour testing was not documented. Multiple workers were at risk of serious injury or fatality. Personnel were moved to a safe location and the event was treated as a high-potential near miss.","[REPORT_TYPE] Near Miss [SITE] Pump station [ACTIVITY] Pipeline inspection [BARRIER_FAILURE] Drain cover was open and combustible vapour testing was not documented [IOGP_RULE] Hot Work [TEXT] Shift crew reported that during Pipeline inspection in Pump station, Drain cover was open and combustible vapour testing was not documented. Multiple workers were at risk of serious injury or fatality. Personnel were moved to a safe location and the event was treated as a high-potential near miss.",Critical,1
NM_0658,Near Miss,Pump station,Forklift pallet handling,Lift plan missing,Safe Mechanical Lifting,Inspection revealed Lift plan missing during Forklift pallet handling at Pump station. All personnel were evacuated. The situation had imminent potential for fatality and was escalated immediately.,Inspection revealed Lift plan missing during Forklift pallet handling at Pump station. All personnel were evacuated. The situation had imminent potential for fatality and was escalated immediately.,[REPORT_TYPE] Near Miss [SITE] Pump station [ACTIVITY] Forklift pallet handling [BARRIER_FAILURE] Lift plan missing [IOGP_RULE] Safe Mechanical Lifting [TEXT] Inspection revealed Lift plan missing during Forklift pallet handling at Pump station. All personnel were evacuated. The situation had imminent potential for fatality and was escalated immediately.,Critical,1
NM_0053,Near Miss,Refinery unit,Chemical sampling,Supervision absent,None/Not Applicable,"Inspection revealed Supervision absent during Chemical sampling at Refinery unit. No work stoppage was required. The condition was corrected during the routine inspection, with no exposure to hazardous energy.","Inspection revealed Supervision absent during Chemical sampling at Refinery unit. No work stoppage was required. The condition was corrected during the routine inspection, with no exposure to hazardous energy.","[REPORT_TYPE] Near Miss [SITE] Refinery unit [ACTIVITY] Chemical sampling [BARRIER_FAILURE] Supervision absent [IOGP_RULE] None/Not Applicable [TEXT] Inspection revealed Supervision absent during Chemical sampling at Refinery unit. No work stoppage was required. The condition was corrected during the routine inspection, with no exposure to hazardous energy.",Low,0
NM_0240,Near Miss,Compressor station,Pipe-rack inspection,Line was not depressurised and workers were positioned in the potential release path,Line of Fire,A Line was not depressurised and workers were positioned in the potential release path was identified during Pipe-rack inspection at Compressor station. The job proceeded only after corrective measures. The supervisor reviewed the situation and approved continuation after correction.,A Line was not depressurised and workers were positioned in the potential release path was identified during Pipe-rack inspection at Compressor station. The job proceeded only after corrective measures. The supervisor reviewed the situation and approved continuation after correction.,[REPORT_TYPE] Near Miss [SITE] Compressor station [ACTIVITY] Pipe-rack inspection [BARRIER_FAILURE] Line was not depressurised and workers were positioned in the potential release path [IOGP_RULE] Line of Fire [TEXT] A Line was not depressurised and workers were positioned in the potential release path was identified during Pipe-rack inspection at Compressor station. The job proceeded only after corrective measures. The supervisor reviewed the situation and approved continuation after correction.,Medium,0
NM_0072,Near Miss,Pump station,Scaffolding work,PPE not used,Working at Height,Inspection revealed PPE not used during Scaffolding work at Pump station. The team corrected it without delay. The issue was minor and was rectified before it affected the task.,Inspection revealed PPE not used during Scaffolding work at Pump station. The team corrected it without delay. The issue was minor and was rectified before it affected the task.,[REPORT_TYPE] Near Miss [SITE] Pump station [ACTIVITY] Scaffolding work [BARRIER_FAILURE] PPE not used [IOGP_RULE] Working at Height [TEXT] Inspection revealed PPE not used during Scaffolding work at Pump station. The team corrected it without delay. The issue was minor and was rectified before it affected the task.,Low,0
NM_0618,Near Miss,Compressor station,Night driving to remote site,Lift plan missing,Safe Mechanical Lifting,"During routine checks at Compressor station, Lift plan missing was observed during Night driving to remote site. Multiple workers were at risk of serious injury or fatality. The situation had imminent potential for fatality and was escalated immediately.","During routine checks at Compressor station, Lift plan missing was observed during Night driving to remote site. Multiple workers were at risk of serious injury or fatality. The situation had imminent potential for fatality and was escalated immediately.","[REPORT_TYPE] Near Miss [SITE] Compressor station [ACTIVITY] Night driving to remote site [BARRIER_FAILURE] Lift plan missing [IOGP_RULE] Safe Mechanical Lifting [TEXT] During routine checks at Compressor station, Lift plan missing was observed during Night driving to remote site. Multiple workers were at risk of serious injury or fatality. The situation had imminent potential for fatality and was escalated immediately.",Critical,1
NM_0185,Near Miss,Drilling rig,Drilling operations,Tool inspection missing,Driving,"During routine checks at Drilling rig, Tool inspection missing was observed during Drilling operations. Work was paused briefly and the issue was resolved. The observation was logged and addressed during the same shift.","During routine checks at Drilling rig, Tool inspection missing was observed during Drilling operations. Work was paused briefly and the issue was resolved. The observation was logged and addressed during the same shift.","[REPORT_TYPE] Near Miss [SITE] Drilling rig [ACTIVITY] Drilling operations [BARRIER_FAILURE] Tool inspection missing [IOGP_RULE] Driving [TEXT] During routine checks at Drilling rig, Tool inspection missing was observed during Drilling operations. Work was paused briefly and the issue was resolved. The observation was logged and addressed during the same shift.",Low,0
NM_0117,Near Miss,Pipeline ROW,Well intervention,Gas testing was overdue and no dedicated fire watch was assigned,Confined Space,"Shift crew reported that during Well intervention in Pipeline ROW, Gas testing was overdue and no dedicated fire watch was assigned. No work stoppage was required. The team recorded the observation and completed immediate housekeeping correction.","Shift crew reported that during Well intervention in Pipeline ROW, Gas testing was overdue and no dedicated fire watch was assigned. No work stoppage was required. The team recorded the observation and completed immediate housekeeping correction.","[REPORT_TYPE] Near Miss [SITE] Pipeline ROW [ACTIVITY] Well intervention [BARRIER_FAILURE] Gas testing was overdue and no dedicated fire watch was assigned [IOGP_RULE] Confined Space [TEXT] Shift crew reported that during Well intervention in Pipeline ROW, Gas testing was overdue and no dedicated fire watch was assigned. No work stoppage was required. The team recorded the observation and completed immediate housekeeping correction.",Low,0
NM_0104,Near Miss,Storage tank,Loading/unloading operations,Driver fatigue screening and journey-management check were incomplete,Driving,A Driver fatigue screening and journey-management check were incomplete was identified during Loading/unloading operations at Storage tank. The area was corrected immediately. The observation was logged and addressed during the same shift.,A Driver fatigue screening and journey-management check were incomplete was identified during Loading/unloading operations at Storage tank. The area was corrected immediately. The observation was logged and addressed during the same shift.,[REPORT_TYPE] Near Miss [SITE] Storage tank [ACTIVITY] Loading/unloading operations [BARRIER_FAILURE] Driver fatigue screening and journey-management check were incomplete [IOGP_RULE] Driving [TEXT] A Driver fatigue screening and journey-management check were incomplete was identified during Loading/unloading operations at Storage tank. The area was corrected immediately. The observation was logged and addressed during the same shift.,Low,0
NM_0560,Near Miss,Offshore platform,LPG bottling operations,Atmosphere not tested,Confined Space,"Near-miss observation: while performing LPG bottling operations at Offshore platform, the team found that Atmosphere not tested. The job was halted due to high-risk exposure. The failed critical control created credible potential for serious injury; the task was stopped and reported to HSE.","Near-miss observation: while performing LPG bottling operations at Offshore platform, the team found that Atmosphere not tested. The job was halted due to high-risk exposure. The failed critical control created credible potential for serious injury; the task was stopped and reported to HSE.","[REPORT_TYPE] Near Miss [SITE] Offshore platform [ACTIVITY] LPG bottling operations [BARRIER_FAILURE] Atmosphere not tested [IOGP_RULE] Confined Space [TEXT] Near-miss observation: while performing LPG bottling operations at Offshore platform, the team found that Atmosphere not tested. The job was halted due to high-risk exposure. The failed critical control created credible potential for serious injury; the task was stopped and reported to HSE.",High,1
NM_0736,Near Miss,Tank farm,Electrical maintenance,Simultaneous operations were not recorded in the permit briefing,Energy Isolation,Inspection revealed Simultaneous operations were not recorded in the permit briefing during Electrical maintenance at Tank farm. All personnel were evacuated. The situation had imminent potential for fatality and was escalated immediately.,Inspection revealed Simultaneous operations were not recorded in the permit briefing during Electrical maintenance at Tank farm. All personnel were evacuated. The situation had imminent potential for fatality and was escalated immediately.,[REPORT_TYPE] Near Miss [SITE] Tank farm [ACTIVITY] Electrical maintenance [BARRIER_FAILURE] Simultaneous operations were not recorded in the permit briefing [IOGP_RULE] Energy Isolation [TEXT] Inspection revealed Simultaneous operations were not recorded in the permit briefing during Electrical maintenance at Tank farm. All personnel were evacuated. The situation had imminent potential for fatality and was escalated immediately.,Critical,1
NM_0641,Near Miss,Pipeline ROW,LPG bottling operations,Spill containment missing,Work Authorization,"Before/during LPG bottling operations at Pipeline ROW, Spill containment missing. All personnel were evacuated. The condition presented immediate potentially fatal exposure; operations were stopped, the area was isolated, and emergency escalation began.","Before/during LPG bottling operations at Pipeline ROW, Spill containment missing. All personnel were evacuated. The condition presented immediate potentially fatal exposure; operations were stopped, the area was isolated, and emergency escalation began.","[REPORT_TYPE] Near Miss [SITE] Pipeline ROW [ACTIVITY] LPG bottling operations [BARRIER_FAILURE] Spill containment missing [IOGP_RULE] Work Authorization [TEXT] Before/during LPG bottling operations at Pipeline ROW, Spill containment missing. All personnel were evacuated. The condition presented immediate potentially fatal exposure; operations were stopped, the area was isolated, and emergency escalation began.",Critical,1
NM_0293,Near Miss,Drilling rig,Housekeeping inspection,Work scope had changed but the permit and job safety analysis were not revalidated,None/Not Applicable,"During routine checks at Drilling rig, Work scope had changed but the permit and job safety analysis were not revalidated was observed during Housekeeping inspection. The supervisor reviewed and approved continuation after correction. The task was paused, the control was restored, and the supervisor verified readiness before work resumed.","During routine checks at Drilling rig, Work scope had changed but the permit and job safety analysis were not revalidated was observed during Housekeeping inspection. The supervisor reviewed and approved continuation after correction. The task was paused, the control was restored, and the supervisor verified readiness before work resumed.","[REPORT_TYPE] Near Miss [SITE] Drilling rig [ACTIVITY] Housekeeping inspection [BARRIER_FAILURE] Work scope had changed but the permit and job safety analysis were not revalidated [IOGP_RULE] None/Not Applicable [TEXT] During routine checks at Drilling rig, Work scope had changed but the permit and job safety analysis were not revalidated was observed during Housekeeping inspection. The supervisor reviewed and approved continuation after correction. The task was paused, the control was restored, and the supervisor verified readiness before work resumed.",Medium,0
NM_0373,Near Miss,Drilling rig,Breaking a pressurised flange,Excavation edge was not barricaded and underground utility mark-out was incomplete,Working at Height,A Excavation edge was not barricaded and underground utility mark-out was incomplete was identified during Breaking a pressurised flange at Drilling rig. The supervisor reviewed and approved continuation after correction. Work was temporarily halted pending verification of the control measure.,A Excavation edge was not barricaded and underground utility mark-out was incomplete was identified during Breaking a pressurised flange at Drilling rig. The supervisor reviewed and approved continuation after correction. Work was temporarily halted pending verification of the control measure.,[REPORT_TYPE] Near Miss [SITE] Drilling rig [ACTIVITY] Breaking a pressurised flange [BARRIER_FAILURE] Excavation edge was not barricaded and underground utility mark-out was incomplete [IOGP_RULE] Working at Height [TEXT] A Excavation edge was not barricaded and underground utility mark-out was incomplete was identified during Breaking a pressurised flange at Drilling rig. The supervisor reviewed and approved continuation after correction. Work was temporarily halted pending verification of the control measure.,Medium,0
NM_0433,Near Miss,Refinery unit,Compressor troubleshooting,Drain cover was open and combustible vapour testing was not documented,Hot Work,"During Compressor troubleshooting at Refinery unit, Drain cover was open and combustible vapour testing was not documented. Work was stopped due to potential serious injury risk. The situation had credible potential for serious injury and was escalated immediately.","During Compressor troubleshooting at Refinery unit, Drain cover was open and combustible vapour testing was not documented. Work was stopped due to potential serious injury risk. The situation had credible potential for serious injury and was escalated immediately.","[REPORT_TYPE] Near Miss [SITE] Refinery unit [ACTIVITY] Compressor troubleshooting [BARRIER_FAILURE] Drain cover was open and combustible vapour testing was not documented [IOGP_RULE] Hot Work [TEXT] During Compressor troubleshooting at Refinery unit, Drain cover was open and combustible vapour testing was not documented. Work was stopped due to potential serious injury risk. The situation had credible potential for serious injury and was escalated immediately.",High,1
NM_0574,Near Miss,Wellsite,Drilling operations,Gas test missing,Confined Space,"During routine checks at Wellsite, Gas test missing was observed during Drilling operations. Critical control failure was corrected before resuming work. Personnel were close to hazardous energy exposure, so the area was secured pending investigation.","During routine checks at Wellsite, Gas test missing was observed during Drilling operations. Critical control failure was corrected before resuming work. Personnel were close to hazardous energy exposure, so the area was secured pending investigation.","[REPORT_TYPE] Near Miss [SITE] Wellsite [ACTIVITY] Drilling operations [BARRIER_FAILURE] Gas test missing [IOGP_RULE] Confined Space [TEXT] During routine checks at Wellsite, Gas test missing was observed during Drilling operations. Critical control failure was corrected before resuming work. Personnel were close to hazardous energy exposure, so the area was secured pending investigation.",High,1
NM_0122,Near Miss,LPG bottling plant,Confined space entry,Supervision absent,Confined Space,"Shift crew reported that during Confined space entry in LPG bottling plant, Supervision absent. The area was corrected immediately. The condition was corrected during the routine inspection, with no exposure to hazardous energy.","Shift crew reported that during Confined space entry in LPG bottling plant, Supervision absent. The area was corrected immediately. The condition was corrected during the routine inspection, with no exposure to hazardous energy.","[REPORT_TYPE] Near Miss [SITE] LPG bottling plant [ACTIVITY] Confined space entry [BARRIER_FAILURE] Supervision absent [IOGP_RULE] Confined Space [TEXT] Shift crew reported that during Confined space entry in LPG bottling plant, Supervision absent. The area was corrected immediately. The condition was corrected during the routine inspection, with no exposure to hazardous energy.",Low,0
NM_0653,Near Miss,LPG bottling plant,Tank farm operations,Pneumatic energy isolation was not locked and residual pressure remained in the line,Confined Space,"Inspection revealed Pneumatic energy isolation was not locked and residual pressure remained in the line during Tank farm operations at LPG bottling plant. The situation had imminent potential for fatality and was escalated immediately. Multiple critical barriers were ineffective, creating imminent serious-injury or fatality potential.","Inspection revealed Pneumatic energy isolation was not locked and residual pressure remained in the line during Tank farm operations at LPG bottling plant. The situation had imminent potential for fatality and was escalated immediately. Multiple critical barriers were ineffective, creating imminent serious-injury or fatality potential.","[REPORT_TYPE] Near Miss [SITE] LPG bottling plant [ACTIVITY] Tank farm operations [BARRIER_FAILURE] Pneumatic energy isolation was not locked and residual pressure remained in the line [IOGP_RULE] Confined Space [TEXT] Inspection revealed Pneumatic energy isolation was not locked and residual pressure remained in the line during Tank farm operations at LPG bottling plant. The situation had imminent potential for fatality and was escalated immediately. Multiple critical barriers were ineffective, creating imminent serious-injury or fatality potential.",Critical,1
NM_0453,Near Miss,Process plant,Night driving to remote site,"Lift plan, tag lines, and barricaded drop zone were not available",Safe Mechanical Lifting,"During routine checks at Process plant, Lift plan, tag lines, and barricaded drop zone were not available was observed during Night driving to remote site. The activity was stopped as it could have resulted in serious harm. The situation had credible potential for serious injury and was escalated immediately.","During routine checks at Process plant, Lift plan, tag lines, and barricaded drop zone were not available was observed during Night driving to remote site. The activity was stopped as it could have resulted in serious harm. The situation had credible potential for serious injury and was escalated immediately.","[REPORT_TYPE] Near Miss [SITE] Process plant [ACTIVITY] Night driving to remote site [BARRIER_FAILURE] Lift plan, tag lines, and barricaded drop zone were not available [IOGP_RULE] Safe Mechanical Lifting [TEXT] During routine checks at Process plant, Lift plan, tag lines, and barricaded drop zone were not available was observed during Night driving to remote site. The activity was stopped as it could have resulted in serious harm. The situation had credible potential for serious injury and was escalated immediately.",High,1
NM_0585,Near Miss,Storage depot,Valve maintenance,Sample bottle label was unclear and secondary containment was not positioned,Confined Space,Inspection revealed Sample bottle label was unclear and secondary containment was not positioned during Valve maintenance at Storage depot. The job was halted due to high-risk exposure. Work was halted due to high-risk exposure and corrective measures were implemented.,Inspection revealed Sample bottle label was unclear and secondary containment was not positioned during Valve maintenance at Storage depot. The job was halted due to high-risk exposure. Work was halted due to high-risk exposure and corrective measures were implemented.,[REPORT_TYPE] Near Miss [SITE] Storage depot [ACTIVITY] Valve maintenance [BARRIER_FAILURE] Sample bottle label was unclear and secondary containment was not positioned [IOGP_RULE] Confined Space [TEXT] Inspection revealed Sample bottle label was unclear and secondary containment was not positioned during Valve maintenance at Storage depot. The job was halted due to high-risk exposure. Work was halted due to high-risk exposure and corrective measures were implemented.,High,1
NM_0426,Near Miss,Drilling rig,Lifting and rigging,Spill containment missing,Safe Mechanical Lifting,"Near-miss observation: while performing Lifting and rigging at Drilling rig, the team found that Spill containment missing. Work was stopped due to potential serious injury risk. The situation had credible potential for serious injury and was escalated immediately.","Near-miss observation: while performing Lifting and rigging at Drilling rig, the team found that Spill containment missing. Work was stopped due to potential serious injury risk. The situation had credible potential for serious injury and was escalated immediately.","[REPORT_TYPE] Near Miss [SITE] Drilling rig [ACTIVITY] Lifting and rigging [BARRIER_FAILURE] Spill containment missing [IOGP_RULE] Safe Mechanical Lifting [TEXT] Near-miss observation: while performing Lifting and rigging at Drilling rig, the team found that Spill containment missing. Work was stopped due to potential serious injury risk. The situation had credible potential for serious injury and was escalated immediately.",High,1
NM_0516,Near Miss,Refinery unit,Pipeline inspection,Excavation edge was not barricaded and underground utility mark-out was incomplete,Working at Height,"During Pipeline inspection at Refinery unit, Excavation edge was not barricaded and underground utility mark-out was incomplete. The job was halted due to high-risk exposure. A supervisor issued a stop-work intervention and required a formal control verification.","During Pipeline inspection at Refinery unit, Excavation edge was not barricaded and underground utility mark-out was incomplete. The job was halted due to high-risk exposure. A supervisor issued a stop-work intervention and required a formal control verification.","[REPORT_TYPE] Near Miss [SITE] Refinery unit [ACTIVITY] Pipeline inspection [BARRIER_FAILURE] Excavation edge was not barricaded and underground utility mark-out was incomplete [IOGP_RULE] Working at Height [TEXT] During Pipeline inspection at Refinery unit, Excavation edge was not barricaded and underground utility mark-out was incomplete. The job was halted due to high-risk exposure. A supervisor issued a stop-work intervention and required a formal control verification.",High,1
NM_0047,Near Miss,Pipeline ROW,Well intervention,Isolation not verified,Energy Isolation,"During Well intervention at Pipeline ROW, Isolation not verified. The area was corrected immediately. The team recorded the observation and completed immediate housekeeping correction.","During Well intervention at Pipeline ROW, Isolation not verified. The area was corrected immediately. The team recorded the observation and completed immediate housekeeping correction.","[REPORT_TYPE] Near Miss [SITE] Pipeline ROW [ACTIVITY] Well intervention [BARRIER_FAILURE] Isolation not verified [IOGP_RULE] Energy Isolation [TEXT] During Well intervention at Pipeline ROW, Isolation not verified. The area was corrected immediately. The team recorded the observation and completed immediate housekeeping correction.",Low,0
NM_0772,Near Miss,Pipeline ROW,Valve maintenance,Gas test missing,Confined Space,"During Valve maintenance at Pipeline ROW, Gas test missing. Actual exposure to hazardous conditions occurred. Personnel were moved to a safe location and the event was treated as a high-potential near miss.","During Valve maintenance at Pipeline ROW, Gas test missing. Actual exposure to hazardous conditions occurred. Personnel were moved to a safe location and the event was treated as a high-potential near miss.","[REPORT_TYPE] Near Miss [SITE] Pipeline ROW [ACTIVITY] Valve maintenance [BARRIER_FAILURE] Gas test missing [IOGP_RULE] Confined Space [TEXT] During Valve maintenance at Pipeline ROW, Gas test missing. Actual exposure to hazardous conditions occurred. Personnel were moved to a safe location and the event was treated as a high-potential near miss.",Critical,1
NM_0073,Near Miss,Drilling rig,Reversing vehicle operations,Pneumatic energy isolation was not locked and residual pressure remained in the line,Energy Isolation,"During routine checks at Drilling rig, Pneumatic energy isolation was not locked and residual pressure remained in the line was observed during Reversing vehicle operations. The team corrected it without delay. The team recorded the observation and completed immediate housekeeping correction.","During routine checks at Drilling rig, Pneumatic energy isolation was not locked and residual pressure remained in the line was observed during Reversing vehicle operations. The team corrected it without delay. The team recorded the observation and completed immediate housekeeping correction.","[REPORT_TYPE] Near Miss [SITE] Drilling rig [ACTIVITY] Reversing vehicle operations [BARRIER_FAILURE] Pneumatic energy isolation was not locked and residual pressure remained in the line [IOGP_RULE] Energy Isolation [TEXT] During routine checks at Drilling rig, Pneumatic energy isolation was not locked and residual pressure remained in the line was observed during Reversing vehicle operations. The team corrected it without delay. The team recorded the observation and completed immediate housekeeping correction.",Low,0
NM_0722,Near Miss,Storage depot,Lifting and rigging,Sample bottle label was unclear and secondary containment was not positioned,Safe Mechanical Lifting,"During Lifting and rigging at Storage depot, Sample bottle label was unclear and secondary containment was not positioned. Actual exposure to hazardous conditions occurred. The situation had imminent potential for fatality and was escalated immediately.","During Lifting and rigging at Storage depot, Sample bottle label was unclear and secondary containment was not positioned. Actual exposure to hazardous conditions occurred. The situation had imminent potential for fatality and was escalated immediately.","[REPORT_TYPE] Near Miss [SITE] Storage depot [ACTIVITY] Lifting and rigging [BARRIER_FAILURE] Sample bottle label was unclear and secondary containment was not positioned [IOGP_RULE] Safe Mechanical Lifting [TEXT] During Lifting and rigging at Storage depot, Sample bottle label was unclear and secondary containment was not positioned. Actual exposure to hazardous conditions occurred. The situation had imminent potential for fatality and was escalated immediately.",Critical,1
NM_0584,Near Miss,Tank farm,Grinding near drain,Gas test missing,Confined Space,"Inspection revealed Gas test missing during Grinding near drain at Tank farm. Critical control failure was corrected before resuming work. Personnel were close to hazardous energy exposure, so the area was secured pending investigation.","Inspection revealed Gas test missing during Grinding near drain at Tank farm. Critical control failure was corrected before resuming work. Personnel were close to hazardous energy exposure, so the area was secured pending investigation.","[REPORT_TYPE] Near Miss [SITE] Tank farm [ACTIVITY] Grinding near drain [BARRIER_FAILURE] Gas test missing [IOGP_RULE] Confined Space [TEXT] Inspection revealed Gas test missing during Grinding near drain at Tank farm. Critical control failure was corrected before resuming work. Personnel were close to hazardous energy exposure, so the area was secured pending investigation.",High,1
NM_0224,Near Miss,LPG bottling plant,Sampling and testing,Lift plan missing,Safe Mechanical Lifting,"Shift crew reported that during Sampling and testing in LPG bottling plant, Lift plan missing. Work was stopped temporarily and resumed after verification. The task was paused, the control was restored, and the supervisor verified readiness before work resumed.","Shift crew reported that during Sampling and testing in LPG bottling plant, Lift plan missing. Work was stopped temporarily and resumed after verification. The task was paused, the control was restored, and the supervisor verified readiness before work resumed.","[REPORT_TYPE] Near Miss [SITE] LPG bottling plant [ACTIVITY] Sampling and testing [BARRIER_FAILURE] Lift plan missing [IOGP_RULE] Safe Mechanical Lifting [TEXT] Shift crew reported that during Sampling and testing in LPG bottling plant, Lift plan missing. Work was stopped temporarily and resumed after verification. The task was paused, the control was restored, and the supervisor verified readiness before work resumed.",Medium,0
NM_0703,Near Miss,Storage tank,Sampling and testing,Spill containment missing,None/Not Applicable,"Shift crew reported that during Sampling and testing in Storage tank, Spill containment missing. The situation had imminent potential for fatality and was escalated immediately. Personnel were moved to a safe location and the event was treated as a high-potential near miss.","Shift crew reported that during Sampling and testing in Storage tank, Spill containment missing. The situation had imminent potential for fatality and was escalated immediately. Personnel were moved to a safe location and the event was treated as a high-potential near miss.","[REPORT_TYPE] Near Miss [SITE] Storage tank [ACTIVITY] Sampling and testing [BARRIER_FAILURE] Spill containment missing [IOGP_RULE] None/Not Applicable [TEXT] Shift crew reported that during Sampling and testing in Storage tank, Spill containment missing. The situation had imminent potential for fatality and was escalated immediately. Personnel were moved to a safe location and the event was treated as a high-potential near miss.",Critical,1
NM_0710,Near Miss,Wellsite,Night driving to remote site,Communication failure,Hot Work,Inspection revealed Communication failure during Night driving to remote site at Wellsite. The situation had imminent potential for fatality and was escalated immediately. Personnel were moved to a safe location and the event was treated as a high-potential near miss.,Inspection revealed Communication failure during Night driving to remote site at Wellsite. The situation had imminent potential for fatality and was escalated immediately. Personnel were moved to a safe location and the event was treated as a high-potential near miss.,[REPORT_TYPE] Near Miss [SITE] Wellsite [ACTIVITY] Night driving to remote site [BARRIER_FAILURE] Communication failure [IOGP_RULE] Hot Work [TEXT] Inspection revealed Communication failure during Night driving to remote site at Wellsite. The situation had imminent potential for fatality and was escalated immediately. Personnel were moved to a safe location and the event was treated as a high-potential near miss.,Critical,1
NM_0097,Near Miss,Compressor station,Emergency valve servicing,Scaffold was altered without inspection tag and toe boards were missing,Energy Isolation,"Near-miss observation: while performing Emergency valve servicing at Compressor station, the team found that Scaffold was altered without inspection tag and toe boards were missing. No work stoppage was required. The observation was logged and addressed during the same shift.","Near-miss observation: while performing Emergency valve servicing at Compressor station, the team found that Scaffold was altered without inspection tag and toe boards were missing. No work stoppage was required. The observation was logged and addressed during the same shift.","[REPORT_TYPE] Near Miss [SITE] Compressor station [ACTIVITY] Emergency valve servicing [BARRIER_FAILURE] Scaffold was altered without inspection tag and toe boards were missing [IOGP_RULE] Energy Isolation [TEXT] Near-miss observation: while performing Emergency valve servicing at Compressor station, the team found that Scaffold was altered without inspection tag and toe boards were missing. No work stoppage was required. The observation was logged and addressed during the same shift.",Low,0
NM_0164,Near Miss,Pipeline ROW,Compressor troubleshooting,Spill containment missing,Confined Space,Inspection revealed Spill containment missing during Compressor troubleshooting at Pipeline ROW. Work was paused briefly and the issue was resolved. No work stoppage was required as the risk was minimal.,Inspection revealed Spill containment missing during Compressor troubleshooting at Pipeline ROW. Work was paused briefly and the issue was resolved. No work stoppage was required as the risk was minimal.,[REPORT_TYPE] Near Miss [SITE] Pipeline ROW [ACTIVITY] Compressor troubleshooting [BARRIER_FAILURE] Spill containment missing [IOGP_RULE] Confined Space [TEXT] Inspection revealed Spill containment missing during Compressor troubleshooting at Pipeline ROW. Work was paused briefly and the issue was resolved. No work stoppage was required as the risk was minimal.,Low,0
NM_0628,Near Miss,Maintenance yard,Pump seal replacement,Supervision absent,Hot Work,"Near-miss observation: while performing Pump seal replacement at Maintenance yard, the team found that Supervision absent. The situation had imminent potential for fatality and was escalated immediately. Multiple critical barriers were ineffective, creating imminent serious-injury or fatality potential.","Near-miss observation: while performing Pump seal replacement at Maintenance yard, the team found that Supervision absent. The situation had imminent potential for fatality and was escalated immediately. Multiple critical barriers were ineffective, creating imminent serious-injury or fatality potential.","[REPORT_TYPE] Near Miss [SITE] Maintenance yard [ACTIVITY] Pump seal replacement [BARRIER_FAILURE] Supervision absent [IOGP_RULE] Hot Work [TEXT] Near-miss observation: while performing Pump seal replacement at Maintenance yard, the team found that Supervision absent. The situation had imminent potential for fatality and was escalated immediately. Multiple critical barriers were ineffective, creating imminent serious-injury or fatality potential.",Critical,1
NM_0168,Near Miss,Pipeline ROW,Drilling operations,Emergency access route was partly obstructed by temporary materials,None/Not Applicable,"Near-miss observation: while performing Drilling operations at Pipeline ROW, the team found that Emergency access route was partly obstructed by temporary materials. The area was corrected immediately. The issue was minor and was rectified before it affected the task.","Near-miss observation: while performing Drilling operations at Pipeline ROW, the team found that Emergency access route was partly obstructed by temporary materials. The area was corrected immediately. The issue was minor and was rectified before it affected the task.","[REPORT_TYPE] Near Miss [SITE] Pipeline ROW [ACTIVITY] Drilling operations [BARRIER_FAILURE] Emergency access route was partly obstructed by temporary materials [IOGP_RULE] None/Not Applicable [TEXT] Near-miss observation: while performing Drilling operations at Pipeline ROW, the team found that Emergency access route was partly obstructed by temporary materials. The area was corrected immediately. The issue was minor and was rectified before it affected the task.",Low,0
NM_0411,Near Miss,Compressor station,Grinding near drain,Gas test missing,Confined Space,A Gas test missing was identified during Grinding near drain at Compressor station. The job was halted due to high-risk exposure. The failed critical control created credible potential for serious injury; the task was stopped and reported to HSE.,A Gas test missing was identified during Grinding near drain at Compressor station. The job was halted due to high-risk exposure. The failed critical control created credible potential for serious injury; the task was stopped and reported to HSE.,[REPORT_TYPE] Near Miss [SITE] Compressor station [ACTIVITY] Grinding near drain [BARRIER_FAILURE] Gas test missing [IOGP_RULE] Confined Space [TEXT] A Gas test missing was identified during Grinding near drain at Compressor station. The job was halted due to high-risk exposure. The failed critical control created credible potential for serious injury; the task was stopped and reported to HSE.,High,1
NM_0261,Near Miss,Drilling rig,Equipment maintenance,Equipment defect,Hot Work,"Shift crew reported that during Equipment maintenance in Drilling rig, Equipment defect. Work was paused until the issue was addressed. The task was paused, the control was restored, and the supervisor verified readiness before work resumed.","Shift crew reported that during Equipment maintenance in Drilling rig, Equipment defect. Work was paused until the issue was addressed. The task was paused, the control was restored, and the supervisor verified readiness before work resumed.","[REPORT_TYPE] Near Miss [SITE] Drilling rig [ACTIVITY] Equipment maintenance [BARRIER_FAILURE] Equipment defect [IOGP_RULE] Hot Work [TEXT] Shift crew reported that during Equipment maintenance in Drilling rig, Equipment defect. Work was paused until the issue was addressed. The task was paused, the control was restored, and the supervisor verified readiness before work resumed.",Medium,0
NM_0063,Near Miss,Truck loading bay,Sampling and testing,Lift plan missing,Safe Mechanical Lifting,"Shift crew reported that during Sampling and testing in Truck loading bay, Lift plan missing. Corrective action was taken on the spot. The issue was minor and was rectified before it affected the task.","Shift crew reported that during Sampling and testing in Truck loading bay, Lift plan missing. Corrective action was taken on the spot. The issue was minor and was rectified before it affected the task.","[REPORT_TYPE] Near Miss [SITE] Truck loading bay [ACTIVITY] Sampling and testing [BARRIER_FAILURE] Lift plan missing [IOGP_RULE] Safe Mechanical Lifting [TEXT] Shift crew reported that during Sampling and testing in Truck loading bay, Lift plan missing. Corrective action was taken on the spot. The issue was minor and was rectified before it affected the task.",Low,0
NM_0441,Near Miss,Gas processing unit,Manual handling of tubulars,Warning sign missing,Line of Fire,Inspection revealed Warning sign missing during Manual handling of tubulars at Gas processing unit. The job was halted due to high-risk exposure. The situation had credible potential for serious injury and was escalated immediately.,Inspection revealed Warning sign missing during Manual handling of tubulars at Gas processing unit. The job was halted due to high-risk exposure. The situation had credible potential for serious injury and was escalated immediately.,[REPORT_TYPE] Near Miss [SITE] Gas processing unit [ACTIVITY] Manual handling of tubulars [BARRIER_FAILURE] Warning sign missing [IOGP_RULE] Line of Fire [TEXT] Inspection revealed Warning sign missing during Manual handling of tubulars at Gas processing unit. The job was halted due to high-risk exposure. The situation had credible potential for serious injury and was escalated immediately.,High,1
NM_0515,Near Miss,Gas processing unit,Pipe-rack inspection,Lift plan missing,Safe Mechanical Lifting,"Near-miss observation: while performing Pipe-rack inspection at Gas processing unit, the team found that Lift plan missing. The situation had credible potential for serious injury. The failed critical control created credible potential for serious injury; the task was stopped and reported to HSE.","Near-miss observation: while performing Pipe-rack inspection at Gas processing unit, the team found that Lift plan missing. The situation had credible potential for serious injury. The failed critical control created credible potential for serious injury; the task was stopped and reported to HSE.","[REPORT_TYPE] Near Miss [SITE] Gas processing unit [ACTIVITY] Pipe-rack inspection [BARRIER_FAILURE] Lift plan missing [IOGP_RULE] Safe Mechanical Lifting [TEXT] Near-miss observation: while performing Pipe-rack inspection at Gas processing unit, the team found that Lift plan missing. The situation had credible potential for serious injury. The failed critical control created credible potential for serious injury; the task was stopped and reported to HSE.",High,1
NM_0501,Near Miss,Tank farm,Breaking a pressurised flange,Guard missing,Energy Isolation,"During routine checks at Tank farm, Guard missing was observed during Breaking a pressurised flange. Work was stopped due to potential serious injury risk. The failed critical control created credible potential for serious injury; the task was stopped and reported to HSE.","During routine checks at Tank farm, Guard missing was observed during Breaking a pressurised flange. Work was stopped due to potential serious injury risk. The failed critical control created credible potential for serious injury; the task was stopped and reported to HSE.","[REPORT_TYPE] Near Miss [SITE] Tank farm [ACTIVITY] Breaking a pressurised flange [BARRIER_FAILURE] Guard missing [IOGP_RULE] Energy Isolation [TEXT] During routine checks at Tank farm, Guard missing was observed during Breaking a pressurised flange. Work was stopped due to potential serious injury risk. The failed critical control created credible potential for serious injury; the task was stopped and reported to HSE.",High,1
NM_0328,Near Miss,Process plant,Process unit startup/shutdown,Spill containment missing,Line of Fire,"During routine checks at Process plant, Spill containment missing was observed during Process unit startup/shutdown. Work was paused until the issue was addressed. The crew escalated the issue through the shift safety meeting and closed it before continuation.","During routine checks at Process plant, Spill containment missing was observed during Process unit startup/shutdown. Work was paused until the issue was addressed. The crew escalated the issue through the shift safety meeting and closed it before continuation.","[REPORT_TYPE] Near Miss [SITE] Process plant [ACTIVITY] Process unit startup/shutdown [BARRIER_FAILURE] Spill containment missing [IOGP_RULE] Line of Fire [TEXT] During routine checks at Process plant, Spill containment missing was observed during Process unit startup/shutdown. Work was paused until the issue was addressed. The crew escalated the issue through the shift safety meeting and closed it before continuation.",Medium,0
NM_0565,Near Miss,Truck loading bay,Electrical maintenance,Emergency access route was partly obstructed by temporary materials,Energy Isolation,"Before/during Electrical maintenance at Truck loading bay, Emergency access route was partly obstructed by temporary materials. The job was halted due to high-risk exposure. The failed critical control created credible potential for serious injury; the task was stopped and reported to HSE.","Before/during Electrical maintenance at Truck loading bay, Emergency access route was partly obstructed by temporary materials. The job was halted due to high-risk exposure. The failed critical control created credible potential for serious injury; the task was stopped and reported to HSE.","[REPORT_TYPE] Near Miss [SITE] Truck loading bay [ACTIVITY] Electrical maintenance [BARRIER_FAILURE] Emergency access route was partly obstructed by temporary materials [IOGP_RULE] Energy Isolation [TEXT] Before/during Electrical maintenance at Truck loading bay, Emergency access route was partly obstructed by temporary materials. The job was halted due to high-risk exposure. The failed critical control created credible potential for serious injury; the task was stopped and reported to HSE.",High,1
NM_0274,Near Miss,Offshore platform,Electrical maintenance,Guard missing,Energy Isolation,"Before/during Electrical maintenance at Offshore platform, Guard missing. Work was stopped temporarily and resumed after verification. No one was exposed, but the observation required a documented corrective action.","Before/during Electrical maintenance at Offshore platform, Guard missing. Work was stopped temporarily and resumed after verification. No one was exposed, but the observation required a documented corrective action.","[REPORT_TYPE] Near Miss [SITE] Offshore platform [ACTIVITY] Electrical maintenance [BARRIER_FAILURE] Guard missing [IOGP_RULE] Energy Isolation [TEXT] Before/during Electrical maintenance at Offshore platform, Guard missing. Work was stopped temporarily and resumed after verification. No one was exposed, but the observation required a documented corrective action.",Medium,0
NM_0489,Near Miss,Maintenance yard,Pump seal replacement,Permit missing,Work Authorization,"During Pump seal replacement at Maintenance yard, Permit missing. The job was halted due to high-risk exposure. The failed critical control created credible potential for serious injury; the task was stopped and reported to HSE.","During Pump seal replacement at Maintenance yard, Permit missing. The job was halted due to high-risk exposure. The failed critical control created credible potential for serious injury; the task was stopped and reported to HSE.","[REPORT_TYPE] Near Miss [SITE] Maintenance yard [ACTIVITY] Pump seal replacement [BARRIER_FAILURE] Permit missing [IOGP_RULE] Work Authorization [TEXT] During Pump seal replacement at Maintenance yard, Permit missing. The job was halted due to high-risk exposure. The failed critical control created credible potential for serious injury; the task was stopped and reported to HSE.",High,1
NM_0290,Near Miss,Maintenance yard,Crude transfer vehicle movement,Drain cover was open and combustible vapour testing was not documented,Hot Work,"During Crude transfer vehicle movement at Maintenance yard, Drain cover was open and combustible vapour testing was not documented. Work was paused until the issue was addressed. Work was temporarily halted pending verification of the control measure.","During Crude transfer vehicle movement at Maintenance yard, Drain cover was open and combustible vapour testing was not documented. Work was paused until the issue was addressed. Work was temporarily halted pending verification of the control measure.","[REPORT_TYPE] Near Miss [SITE] Maintenance yard [ACTIVITY] Crude transfer vehicle movement [BARRIER_FAILURE] Drain cover was open and combustible vapour testing was not documented [IOGP_RULE] Hot Work [TEXT] During Crude transfer vehicle movement at Maintenance yard, Drain cover was open and combustible vapour testing was not documented. Work was paused until the issue was addressed. Work was temporarily halted pending verification of the control measure.",Medium,0
NM_0662,Near Miss,Gas processing unit,Loading/unloading operations,Reversing was attempted without a banksman and pedestrian segregation,Driving,"During routine checks at Gas processing unit, Reversing was attempted without a banksman and pedestrian segregation was observed during Loading/unloading operations. Multiple workers were at risk of serious injury or fatality. Personnel were moved to a safe location and the event was treated as a high-potential near miss.","During routine checks at Gas processing unit, Reversing was attempted without a banksman and pedestrian segregation was observed during Loading/unloading operations. Multiple workers were at risk of serious injury or fatality. Personnel were moved to a safe location and the event was treated as a high-potential near miss.","[REPORT_TYPE] Near Miss [SITE] Gas processing unit [ACTIVITY] Loading/unloading operations [BARRIER_FAILURE] Reversing was attempted without a banksman and pedestrian segregation [IOGP_RULE] Driving [TEXT] During routine checks at Gas processing unit, Reversing was attempted without a banksman and pedestrian segregation was observed during Loading/unloading operations. Multiple workers were at risk of serious injury or fatality. Personnel were moved to a safe location and the event was treated as a high-potential near miss.",Critical,1
NM_0657,Near Miss,Offshore platform,Wellhead valve maintenance,Guard missing,Driving,"Shift crew reported that during Wellhead valve maintenance in Offshore platform, Guard missing. All personnel were evacuated. Personnel were moved to a safe location and the event was treated as a high-potential near miss.","Shift crew reported that during Wellhead valve maintenance in Offshore platform, Guard missing. All personnel were evacuated. Personnel were moved to a safe location and the event was treated as a high-potential near miss.","[REPORT_TYPE] Near Miss [SITE] Offshore platform [ACTIVITY] Wellhead valve maintenance [BARRIER_FAILURE] Guard missing [IOGP_RULE] Driving [TEXT] Shift crew reported that during Wellhead valve maintenance in Offshore platform, Guard missing. All personnel were evacuated. Personnel were moved to a safe location and the event was treated as a high-potential near miss.",Critical,1
NM_0241,Near Miss,Refinery unit,Wellhead valve maintenance,Drain cover was open and combustible vapour testing was not documented,Hot Work,Inspection revealed Drain cover was open and combustible vapour testing was not documented during Wellhead valve maintenance at Refinery unit. The activity was delayed pending correction. The crew escalated the issue through the shift safety meeting and closed it before continuation.,Inspection revealed Drain cover was open and combustible vapour testing was not documented during Wellhead valve maintenance at Refinery unit. The activity was delayed pending correction. The crew escalated the issue through the shift safety meeting and closed it before continuation.,[REPORT_TYPE] Near Miss [SITE] Refinery unit [ACTIVITY] Wellhead valve maintenance [BARRIER_FAILURE] Drain cover was open and combustible vapour testing was not documented [IOGP_RULE] Hot Work [TEXT] Inspection revealed Drain cover was open and combustible vapour testing was not documented during Wellhead valve maintenance at Refinery unit. The activity was delayed pending correction. The crew escalated the issue through the shift safety meeting and closed it before continuation.,Medium,0
NM_0580,Near Miss,Field office area,Pipe-rack inspection,Damaged pallet and unstable load were being raised without a spotter,Safe Mechanical Lifting,A Damaged pallet and unstable load were being raised without a spotter was identified during Pipe-rack inspection at Field office area. The situation had credible potential for serious injury. The failed critical control created credible potential for serious injury; the task was stopped and reported to HSE.,A Damaged pallet and unstable load were being raised without a spotter was identified during Pipe-rack inspection at Field office area. The situation had credible potential for serious injury. The failed critical control created credible potential for serious injury; the task was stopped and reported to HSE.,[REPORT_TYPE] Near Miss [SITE] Field office area [ACTIVITY] Pipe-rack inspection [BARRIER_FAILURE] Damaged pallet and unstable load were being raised without a spotter [IOGP_RULE] Safe Mechanical Lifting [TEXT] A Damaged pallet and unstable load were being raised without a spotter was identified during Pipe-rack inspection at Field office area. The situation had credible potential for serious injury. The failed critical control created credible potential for serious injury; the task was stopped and reported to HSE.,High,1
NM_0212,Near Miss,Offshore platform,Hot work (welding/grinding),Sample bottle label was unclear and secondary containment was not positioned,Hot Work,"Before/during Hot work (welding/grinding) at Offshore platform, Sample bottle label was unclear and secondary containment was not positioned. The job proceeded only after corrective measures. The supervisor reviewed the situation and approved continuation after correction.","Before/during Hot work (welding/grinding) at Offshore platform, Sample bottle label was unclear and secondary containment was not positioned. The job proceeded only after corrective measures. The supervisor reviewed the situation and approved continuation after correction.","[REPORT_TYPE] Near Miss [SITE] Offshore platform [ACTIVITY] Hot work (welding/grinding) [BARRIER_FAILURE] Sample bottle label was unclear and secondary containment was not positioned [IOGP_RULE] Hot Work [TEXT] Before/during Hot work (welding/grinding) at Offshore platform, Sample bottle label was unclear and secondary containment was not positioned. The job proceeded only after corrective measures. The supervisor reviewed the situation and approved continuation after correction.",Medium,0
NM_0690,Near Miss,Drilling rig,Chemical sampling,PPE not used,None/Not Applicable,"Shift crew reported that during Chemical sampling in Drilling rig, PPE not used. The situation had imminent potential for fatality and was escalated immediately. The situation had imminent potential for fatality and was escalated immediately.","Shift crew reported that during Chemical sampling in Drilling rig, PPE not used. The situation had imminent potential for fatality and was escalated immediately. The situation had imminent potential for fatality and was escalated immediately.","[REPORT_TYPE] Near Miss [SITE] Drilling rig [ACTIVITY] Chemical sampling [BARRIER_FAILURE] PPE not used [IOGP_RULE] None/Not Applicable [TEXT] Shift crew reported that during Chemical sampling in Drilling rig, PPE not used. The situation had imminent potential for fatality and was escalated immediately. The situation had imminent potential for fatality and was escalated immediately.",Critical,1
NM_0084,Near Miss,Maintenance yard,Emergency valve servicing,Test manifold lacked verified restraint and pressure-release exclusion controls,Driving,"Near-miss observation: while performing Emergency valve servicing at Maintenance yard, the team found that Test manifold lacked verified restraint and pressure-release exclusion controls. The team corrected it without delay. The issue was minor and was rectified before it affected the task.","Near-miss observation: while performing Emergency valve servicing at Maintenance yard, the team found that Test manifold lacked verified restraint and pressure-release exclusion controls. The team corrected it without delay. The issue was minor and was rectified before it affected the task.","[REPORT_TYPE] Near Miss [SITE] Maintenance yard [ACTIVITY] Emergency valve servicing [BARRIER_FAILURE] Test manifold lacked verified restraint and pressure-release exclusion controls [IOGP_RULE] Driving [TEXT] Near-miss observation: while performing Emergency valve servicing at Maintenance yard, the team found that Test manifold lacked verified restraint and pressure-release exclusion controls. The team corrected it without delay. The issue was minor and was rectified before it affected the task.",Low,0
NM_0466,Near Miss,Refinery unit,Pump maintenance,Hands were placed near pinch points and no designated signaler was present,Line of Fire,Inspection revealed Hands were placed near pinch points and no designated signaler was present during Pump maintenance at Refinery unit. The activity was stopped as it could have resulted in serious harm. The situation had credible potential for serious injury and was escalated immediately.,Inspection revealed Hands were placed near pinch points and no designated signaler was present during Pump maintenance at Refinery unit. The activity was stopped as it could have resulted in serious harm. The situation had credible potential for serious injury and was escalated immediately.,[REPORT_TYPE] Near Miss [SITE] Refinery unit [ACTIVITY] Pump maintenance [BARRIER_FAILURE] Hands were placed near pinch points and no designated signaler was present [IOGP_RULE] Line of Fire [TEXT] Inspection revealed Hands were placed near pinch points and no designated signaler was present during Pump maintenance at Refinery unit. The activity was stopped as it could have resulted in serious harm. The situation had credible potential for serious injury and was escalated immediately.,High,1
NM_0651,Near Miss,Storage depot,Hot work (welding/grinding),Gas test missing,Confined Space,"A Gas test missing was identified during Hot work (welding/grinding) at Storage depot. Work was stopped urgently and emergency response was initiated. Multiple critical barriers were ineffective, creating imminent serious-injury or fatality potential.","A Gas test missing was identified during Hot work (welding/grinding) at Storage depot. Work was stopped urgently and emergency response was initiated. Multiple critical barriers were ineffective, creating imminent serious-injury or fatality potential.","[REPORT_TYPE] Near Miss [SITE] Storage depot [ACTIVITY] Hot work (welding/grinding) [BARRIER_FAILURE] Gas test missing [IOGP_RULE] Confined Space [TEXT] A Gas test missing was identified during Hot work (welding/grinding) at Storage depot. Work was stopped urgently and emergency response was initiated. Multiple critical barriers were ineffective, creating imminent serious-injury or fatality potential.",Critical,1
NM_0609,Near Miss,Pipeline ROW,Lifting and rigging,Equipment defect,Safe Mechanical Lifting,"During routine checks at Pipeline ROW, Equipment defect was observed during Lifting and rigging. Work was stopped urgently and emergency response was initiated. The situation had imminent potential for fatality and was escalated immediately.","During routine checks at Pipeline ROW, Equipment defect was observed during Lifting and rigging. Work was stopped urgently and emergency response was initiated. The situation had imminent potential for fatality and was escalated immediately.","[REPORT_TYPE] Near Miss [SITE] Pipeline ROW [ACTIVITY] Lifting and rigging [BARRIER_FAILURE] Equipment defect [IOGP_RULE] Safe Mechanical Lifting [TEXT] During routine checks at Pipeline ROW, Equipment defect was observed during Lifting and rigging. Work was stopped urgently and emergency response was initiated. The situation had imminent potential for fatality and was escalated immediately.",Critical,1
NM_0602,Near Miss,Offshore platform,Sampling and testing,Guard missing,None/Not Applicable,"Near-miss observation: while performing Sampling and testing at Offshore platform, the team found that Guard missing. The situation had imminent potential for fatality and was escalated immediately. The condition presented immediate potentially fatal exposure; operations were stopped, the area was isolated, and emergency escalation began.","Near-miss observation: while performing Sampling and testing at Offshore platform, the team found that Guard missing. The situation had imminent potential for fatality and was escalated immediately. The condition presented immediate potentially fatal exposure; operations were stopped, the area was isolated, and emergency escalation began.","[REPORT_TYPE] Near Miss [SITE] Offshore platform [ACTIVITY] Sampling and testing [BARRIER_FAILURE] Guard missing [IOGP_RULE] None/Not Applicable [TEXT] Near-miss observation: while performing Sampling and testing at Offshore platform, the team found that Guard missing. The situation had imminent potential for fatality and was escalated immediately. The condition presented immediate potentially fatal exposure; operations were stopped, the area was isolated, and emergency escalation began.",Critical,1
NM_0128,Near Miss,Field office area,LPG bottling operations,Excavation edge was not barricaded and underground utility mark-out was incomplete,Working at Height,"During routine checks at Field office area, Excavation edge was not barricaded and underground utility mark-out was incomplete was observed during LPG bottling operations. Corrective action was taken on the spot. The observation was logged and addressed during the same shift.","During routine checks at Field office area, Excavation edge was not barricaded and underground utility mark-out was incomplete was observed during LPG bottling operations. Corrective action was taken on the spot. The observation was logged and addressed during the same shift.","[REPORT_TYPE] Near Miss [SITE] Field office area [ACTIVITY] LPG bottling operations [BARRIER_FAILURE] Excavation edge was not barricaded and underground utility mark-out was incomplete [IOGP_RULE] Working at Height [TEXT] During routine checks at Field office area, Excavation edge was not barricaded and underground utility mark-out was incomplete was observed during LPG bottling operations. Corrective action was taken on the spot. The observation was logged and addressed during the same shift.",Low,0
NM_0435,Near Miss,Pipeline ROW,Compressor troubleshooting,Trip interlock was found bypassed during a production upset,Bypassing Safety Controls,"Before/during Compressor troubleshooting at Pipeline ROW, Trip interlock was found bypassed during a production upset. The activity was stopped as it could have resulted in serious harm. Personnel were close to hazardous energy exposure, so the area was secured pending investigation.","Before/during Compressor troubleshooting at Pipeline ROW, Trip interlock was found bypassed during a production upset. The activity was stopped as it could have resulted in serious harm. Personnel were close to hazardous energy exposure, so the area was secured pending investigation.","[REPORT_TYPE] Near Miss [SITE] Pipeline ROW [ACTIVITY] Compressor troubleshooting [BARRIER_FAILURE] Trip interlock was found bypassed during a production upset [IOGP_RULE] Bypassing Safety Controls [TEXT] Before/during Compressor troubleshooting at Pipeline ROW, Trip interlock was found bypassed during a production upset. The activity was stopped as it could have resulted in serious harm. Personnel were close to hazardous energy exposure, so the area was secured pending investigation.",High,1
NM_0252,Near Miss,Compressor station,Housekeeping inspection,Gas test missing,Confined Space,"During Housekeeping inspection at Compressor station, Gas test missing. The supervisor reviewed and approved continuation after correction. The task was paused, the control was restored, and the supervisor verified readiness before work resumed.","During Housekeeping inspection at Compressor station, Gas test missing. The supervisor reviewed and approved continuation after correction. The task was paused, the control was restored, and the supervisor verified readiness before work resumed.","[REPORT_TYPE] Near Miss [SITE] Compressor station [ACTIVITY] Housekeeping inspection [BARRIER_FAILURE] Gas test missing [IOGP_RULE] Confined Space [TEXT] During Housekeeping inspection at Compressor station, Gas test missing. The supervisor reviewed and approved continuation after correction. The task was paused, the control was restored, and the supervisor verified readiness before work resumed.",Medium,0
NM_0138,Near Miss,Maintenance yard,Hydrostatic pressure test,"Lift plan, tag lines, and barricaded drop zone were not available",Safe Mechanical Lifting,"Before/during Hydrostatic pressure test at Maintenance yard, Lift plan, tag lines, and barricaded drop zone were not available. The area was corrected immediately. The observation was logged and addressed during the same shift.","Before/during Hydrostatic pressure test at Maintenance yard, Lift plan, tag lines, and barricaded drop zone were not available. The area was corrected immediately. The observation was logged and addressed during the same shift.","[REPORT_TYPE] Near Miss [SITE] Maintenance yard [ACTIVITY] Hydrostatic pressure test [BARRIER_FAILURE] Lift plan, tag lines, and barricaded drop zone were not available [IOGP_RULE] Safe Mechanical Lifting [TEXT] Before/during Hydrostatic pressure test at Maintenance yard, Lift plan, tag lines, and barricaded drop zone were not available. The area was corrected immediately. The observation was logged and addressed during the same shift.",Low,0
NM_0314,Near Miss,Storage depot,Internal tank inspection,Sample bottle label was unclear and secondary containment was not positioned,Confined Space,"During routine checks at Storage depot, Sample bottle label was unclear and secondary containment was not positioned was observed during Internal tank inspection. The job proceeded only after corrective measures. No one was exposed, but the observation required a documented corrective action.","During routine checks at Storage depot, Sample bottle label was unclear and secondary containment was not positioned was observed during Internal tank inspection. The job proceeded only after corrective measures. No one was exposed, but the observation required a documented corrective action.","[REPORT_TYPE] Near Miss [SITE] Storage depot [ACTIVITY] Internal tank inspection [BARRIER_FAILURE] Sample bottle label was unclear and secondary containment was not positioned [IOGP_RULE] Confined Space [TEXT] During routine checks at Storage depot, Sample bottle label was unclear and secondary containment was not positioned was observed during Internal tank inspection. The job proceeded only after corrective measures. No one was exposed, but the observation required a documented corrective action.",Medium,0
NM_0038,Near Miss,Process plant,Scaffold modification,Lift plan missing,Safe Mechanical Lifting,"Near-miss observation: while performing Scaffold modification at Process plant, the team found that Lift plan missing. The area was corrected immediately. The issue was minor and was rectified before it affected the task.","Near-miss observation: while performing Scaffold modification at Process plant, the team found that Lift plan missing. The area was corrected immediately. The issue was minor and was rectified before it affected the task.","[REPORT_TYPE] Near Miss [SITE] Process plant [ACTIVITY] Scaffold modification [BARRIER_FAILURE] Lift plan missing [IOGP_RULE] Safe Mechanical Lifting [TEXT] Near-miss observation: while performing Scaffold modification at Process plant, the team found that Lift plan missing. The area was corrected immediately. The issue was minor and was rectified before it affected the task.",Low,0
NM_0291,Near Miss,Refinery unit,Process unit startup/shutdown,Lift plan missing,Safe Mechanical Lifting,"Inspection revealed Lift plan missing during Process unit startup/shutdown at Refinery unit. The job proceeded only after corrective measures. No one was exposed, but the observation required a documented corrective action.","Inspection revealed Lift plan missing during Process unit startup/shutdown at Refinery unit. The job proceeded only after corrective measures. No one was exposed, but the observation required a documented corrective action.","[REPORT_TYPE] Near Miss [SITE] Refinery unit [ACTIVITY] Process unit startup/shutdown [BARRIER_FAILURE] Lift plan missing [IOGP_RULE] Safe Mechanical Lifting [TEXT] Inspection revealed Lift plan missing during Process unit startup/shutdown at Refinery unit. The job proceeded only after corrective measures. No one was exposed, but the observation required a documented corrective action.",Medium,0
NM_0650,Near Miss,Storage tank,Instrument calibration,Gas test missing,Confined Space,"During Instrument calibration at Storage tank, Gas test missing. Multiple workers were at risk of serious injury or fatality. The condition presented immediate potentially fatal exposure; operations were stopped, the area was isolated, and emergency escalation began.","During Instrument calibration at Storage tank, Gas test missing. Multiple workers were at risk of serious injury or fatality. The condition presented immediate potentially fatal exposure; operations were stopped, the area was isolated, and emergency escalation began.","[REPORT_TYPE] Near Miss [SITE] Storage tank [ACTIVITY] Instrument calibration [BARRIER_FAILURE] Gas test missing [IOGP_RULE] Confined Space [TEXT] During Instrument calibration at Storage tank, Gas test missing. Multiple workers were at risk of serious injury or fatality. The condition presented immediate potentially fatal exposure; operations were stopped, the area was isolated, and emergency escalation began.",Critical,1
NM_0616,Near Miss,Process plant,Tank farm operations,Communication failure,Confined Space,A Communication failure was identified during Tank farm operations at Process plant. All personnel were evacuated. The situation had imminent potential for fatality and was escalated immediately.,A Communication failure was identified during Tank farm operations at Process plant. All personnel were evacuated. The situation had imminent potential for fatality and was escalated immediately.,[REPORT_TYPE] Near Miss [SITE] Process plant [ACTIVITY] Tank farm operations [BARRIER_FAILURE] Communication failure [IOGP_RULE] Confined Space [TEXT] A Communication failure was identified during Tank farm operations at Process plant. All personnel were evacuated. The situation had imminent potential for fatality and was escalated immediately.,Critical,1
NM_0766,Near Miss,Tank farm,Housekeeping inspection,Exclusion zone missing,Line of Fire,"Near-miss observation: while performing Housekeeping inspection at Tank farm, the team found that Exclusion zone missing. Multiple workers were at risk of serious injury or fatality. The situation had imminent potential for fatality and was escalated immediately.","Near-miss observation: while performing Housekeeping inspection at Tank farm, the team found that Exclusion zone missing. Multiple workers were at risk of serious injury or fatality. The situation had imminent potential for fatality and was escalated immediately.","[REPORT_TYPE] Near Miss [SITE] Tank farm [ACTIVITY] Housekeeping inspection [BARRIER_FAILURE] Exclusion zone missing [IOGP_RULE] Line of Fire [TEXT] Near-miss observation: while performing Housekeeping inspection at Tank farm, the team found that Exclusion zone missing. Multiple workers were at risk of serious injury or fatality. The situation had imminent potential for fatality and was escalated immediately.",Critical,1
NM_0648,Near Miss,Wellsite,Sampling and testing,Emergency access route was partly obstructed by temporary materials,None/Not Applicable,"Shift crew reported that during Sampling and testing in Wellsite, Emergency access route was partly obstructed by temporary materials. All personnel were evacuated. All personnel were evacuated and the area was secured pending full investigation.","Shift crew reported that during Sampling and testing in Wellsite, Emergency access route was partly obstructed by temporary materials. All personnel were evacuated. All personnel were evacuated and the area was secured pending full investigation.","[REPORT_TYPE] Near Miss [SITE] Wellsite [ACTIVITY] Sampling and testing [BARRIER_FAILURE] Emergency access route was partly obstructed by temporary materials [IOGP_RULE] None/Not Applicable [TEXT] Shift crew reported that during Sampling and testing in Wellsite, Emergency access route was partly obstructed by temporary materials. All personnel were evacuated. All personnel were evacuated and the area was secured pending full investigation.",Critical,1
NM_0060,Near Miss,Process plant,Grinding near drain,Training inadequate,Hot Work,"Inspection revealed Training inadequate during Grinding near drain at Process plant. No work stoppage was required. The condition was corrected during the routine inspection, with no exposure to hazardous energy.","Inspection revealed Training inadequate during Grinding near drain at Process plant. No work stoppage was required. The condition was corrected during the routine inspection, with no exposure to hazardous energy.","[REPORT_TYPE] Near Miss [SITE] Process plant [ACTIVITY] Grinding near drain [BARRIER_FAILURE] Training inadequate [IOGP_RULE] Hot Work [TEXT] Inspection revealed Training inadequate during Grinding near drain at Process plant. No work stoppage was required. The condition was corrected during the routine inspection, with no exposure to hazardous energy.",Low,0
NM_0192,Near Miss,Pipeline ROW,Reversing vehicle operations,Emergency response delayed,Driving,"During routine checks at Pipeline ROW, Emergency response delayed was observed during Reversing vehicle operations. Corrective action was taken on the spot. No work stoppage was required as the risk was minimal.","During routine checks at Pipeline ROW, Emergency response delayed was observed during Reversing vehicle operations. Corrective action was taken on the spot. No work stoppage was required as the risk was minimal.","[REPORT_TYPE] Near Miss [SITE] Pipeline ROW [ACTIVITY] Reversing vehicle operations [BARRIER_FAILURE] Emergency response delayed [IOGP_RULE] Driving [TEXT] During routine checks at Pipeline ROW, Emergency response delayed was observed during Reversing vehicle operations. Corrective action was taken on the spot. No work stoppage was required as the risk was minimal.",Low,0
NM_0118,Near Miss,Gas processing unit,Process unit startup/shutdown,Supervision absent,Working at Height,Inspection revealed Supervision absent during Process unit startup/shutdown at Gas processing unit. The area was corrected immediately. No work stoppage was required as the risk was minimal.,Inspection revealed Supervision absent during Process unit startup/shutdown at Gas processing unit. The area was corrected immediately. No work stoppage was required as the risk was minimal.,[REPORT_TYPE] Near Miss [SITE] Gas processing unit [ACTIVITY] Process unit startup/shutdown [BARRIER_FAILURE] Supervision absent [IOGP_RULE] Working at Height [TEXT] Inspection revealed Supervision absent during Process unit startup/shutdown at Gas processing unit. The area was corrected immediately. No work stoppage was required as the risk was minimal.,Low,0
NM_0091,Near Miss,Offshore platform,Equipment maintenance,Emergency access route was partly obstructed by temporary materials,None/Not Applicable,"Shift crew reported that during Equipment maintenance in Offshore platform, Emergency access route was partly obstructed by temporary materials. Corrective action was taken on the spot. The issue was minor and was rectified before it affected the task.","Shift crew reported that during Equipment maintenance in Offshore platform, Emergency access route was partly obstructed by temporary materials. Corrective action was taken on the spot. The issue was minor and was rectified before it affected the task.","[REPORT_TYPE] Near Miss [SITE] Offshore platform [ACTIVITY] Equipment maintenance [BARRIER_FAILURE] Emergency access route was partly obstructed by temporary materials [IOGP_RULE] None/Not Applicable [TEXT] Shift crew reported that during Equipment maintenance in Offshore platform, Emergency access route was partly obstructed by temporary materials. Corrective action was taken on the spot. The issue was minor and was rectified before it affected the task.",Low,0
NM_0668,Near Miss,Storage depot,Crude transfer vehicle movement,Hands were placed near pinch points and no designated signaler was present,Line of Fire,"Shift crew reported that during Crude transfer vehicle movement in Storage depot, Hands were placed near pinch points and no designated signaler was present. Multiple workers were at risk of serious injury or fatality. The condition presented immediate potentially fatal exposure; operations were stopped, the area was isolated, and emergency escalation began.","Shift crew reported that during Crude transfer vehicle movement in Storage depot, Hands were placed near pinch points and no designated signaler was present. Multiple workers were at risk of serious injury or fatality. The condition presented immediate potentially fatal exposure; operations were stopped, the area was isolated, and emergency escalation began.","[REPORT_TYPE] Near Miss [SITE] Storage depot [ACTIVITY] Crude transfer vehicle movement [BARRIER_FAILURE] Hands were placed near pinch points and no designated signaler was present [IOGP_RULE] Line of Fire [TEXT] Shift crew reported that during Crude transfer vehicle movement in Storage depot, Hands were placed near pinch points and no designated signaler was present. Multiple workers were at risk of serious injury or fatality. The condition presented immediate potentially fatal exposure; operations were stopped, the area was isolated, and emergency escalation began.",Critical,1
NM_0521,Near Miss,Compressor station,Pipe spool welding,Equipment defect,Hot Work,"During routine checks at Compressor station, Equipment defect was observed during Pipe spool welding. The job was halted due to high-risk exposure. Work was halted due to high-risk exposure and corrective measures were implemented.","During routine checks at Compressor station, Equipment defect was observed during Pipe spool welding. The job was halted due to high-risk exposure. Work was halted due to high-risk exposure and corrective measures were implemented.","[REPORT_TYPE] Near Miss [SITE] Compressor station [ACTIVITY] Pipe spool welding [BARRIER_FAILURE] Equipment defect [IOGP_RULE] Hot Work [TEXT] During routine checks at Compressor station, Equipment defect was observed during Pipe spool welding. The job was halted due to high-risk exposure. Work was halted due to high-risk exposure and corrective measures were implemented.",High,1
NM_0112,Near Miss,Process plant,Valve maintenance,Emergency response delayed,Bypassing Safety Controls,"Shift crew reported that during Valve maintenance in Process plant, Emergency response delayed. Work was paused briefly and the issue was resolved. The issue was minor and was rectified before it affected the task.","Shift crew reported that during Valve maintenance in Process plant, Emergency response delayed. Work was paused briefly and the issue was resolved. The issue was minor and was rectified before it affected the task.","[REPORT_TYPE] Near Miss [SITE] Process plant [ACTIVITY] Valve maintenance [BARRIER_FAILURE] Emergency response delayed [IOGP_RULE] Bypassing Safety Controls [TEXT] Shift crew reported that during Valve maintenance in Process plant, Emergency response delayed. Work was paused briefly and the issue was resolved. The issue was minor and was rectified before it affected the task.",Low,0
NM_0481,Near Miss,LPG bottling plant,Pressure vessel testing,Equipment defect,Confined Space,"Shift crew reported that during Pressure vessel testing in LPG bottling plant, Equipment defect. Work was stopped due to potential serious injury risk. The situation had credible potential for serious injury and was escalated immediately.","Shift crew reported that during Pressure vessel testing in LPG bottling plant, Equipment defect. Work was stopped due to potential serious injury risk. The situation had credible potential for serious injury and was escalated immediately.","[REPORT_TYPE] Near Miss [SITE] LPG bottling plant [ACTIVITY] Pressure vessel testing [BARRIER_FAILURE] Equipment defect [IOGP_RULE] Confined Space [TEXT] Shift crew reported that during Pressure vessel testing in LPG bottling plant, Equipment defect. Work was stopped due to potential serious injury risk. The situation had credible potential for serious injury and was escalated immediately.",High,1
NM_0032,Near Miss,Drilling rig,Pipe-rack inspection,Supervision absent,Bypassing Safety Controls,"Inspection revealed Supervision absent during Pipe-rack inspection at Drilling rig. Work was paused briefly and the issue was resolved. The condition was corrected during the routine inspection, with no exposure to hazardous energy.","Inspection revealed Supervision absent during Pipe-rack inspection at Drilling rig. Work was paused briefly and the issue was resolved. The condition was corrected during the routine inspection, with no exposure to hazardous energy.","[REPORT_TYPE] Near Miss [SITE] Drilling rig [ACTIVITY] Pipe-rack inspection [BARRIER_FAILURE] Supervision absent [IOGP_RULE] Bypassing Safety Controls [TEXT] Inspection revealed Supervision absent during Pipe-rack inspection at Drilling rig. Work was paused briefly and the issue was resolved. The condition was corrected during the routine inspection, with no exposure to hazardous energy.",Low,0
NM_0287,Near Miss,Pipeline ROW,Pipe-rack inspection,Electrical supply and process pressure isolation were not independently verified,Hot Work,"Near-miss observation: while performing Pipe-rack inspection at Pipeline ROW, the team found that Electrical supply and process pressure isolation were not independently verified. The job proceeded only after corrective measures. The crew escalated the issue through the shift safety meeting and closed it before continuation.","Near-miss observation: while performing Pipe-rack inspection at Pipeline ROW, the team found that Electrical supply and process pressure isolation were not independently verified. The job proceeded only after corrective measures. The crew escalated the issue through the shift safety meeting and closed it before continuation.","[REPORT_TYPE] Near Miss [SITE] Pipeline ROW [ACTIVITY] Pipe-rack inspection [BARRIER_FAILURE] Electrical supply and process pressure isolation were not independently verified [IOGP_RULE] Hot Work [TEXT] Near-miss observation: while performing Pipe-rack inspection at Pipeline ROW, the team found that Electrical supply and process pressure isolation were not independently verified. The job proceeded only after corrective measures. The crew escalated the issue through the shift safety meeting and closed it before continuation.",Medium,0
NM_0493,Near Miss,Maintenance yard,Pipeline inspection,Procedure not followed,Work Authorization,"During routine checks at Maintenance yard, Procedure not followed was observed during Pipeline inspection. Critical control failure was corrected before resuming work. Work was halted due to high-risk exposure and corrective measures were implemented.","During routine checks at Maintenance yard, Procedure not followed was observed during Pipeline inspection. Critical control failure was corrected before resuming work. Work was halted due to high-risk exposure and corrective measures were implemented.","[REPORT_TYPE] Near Miss [SITE] Maintenance yard [ACTIVITY] Pipeline inspection [BARRIER_FAILURE] Procedure not followed [IOGP_RULE] Work Authorization [TEXT] During routine checks at Maintenance yard, Procedure not followed was observed during Pipeline inspection. Critical control failure was corrected before resuming work. Work was halted due to high-risk exposure and corrective measures were implemented.",High,1
NM_0275,Near Miss,Maintenance yard,Sampling and testing,Work scope had changed but the permit and job safety analysis were not revalidated,None/Not Applicable,"A Work scope had changed but the permit and job safety analysis were not revalidated was identified during Sampling and testing at Maintenance yard. Work was stopped temporarily and resumed after verification. No one was exposed, but the observation required a documented corrective action.","A Work scope had changed but the permit and job safety analysis were not revalidated was identified during Sampling and testing at Maintenance yard. Work was stopped temporarily and resumed after verification. No one was exposed, but the observation required a documented corrective action.","[REPORT_TYPE] Near Miss [SITE] Maintenance yard [ACTIVITY] Sampling and testing [BARRIER_FAILURE] Work scope had changed but the permit and job safety analysis were not revalidated [IOGP_RULE] None/Not Applicable [TEXT] A Work scope had changed but the permit and job safety analysis were not revalidated was identified during Sampling and testing at Maintenance yard. Work was stopped temporarily and resumed after verification. No one was exposed, but the observation required a documented corrective action.",Medium,0
NM_0787,Near Miss,Tank farm,Pipe spool welding,PPE not used,Hot Work,"Before/during Pipe spool welding at Tank farm, PPE not used. The situation had imminent potential for fatality and was escalated immediately. The condition presented immediate potentially fatal exposure; operations were stopped, the area was isolated, and emergency escalation began.","Before/during Pipe spool welding at Tank farm, PPE not used. The situation had imminent potential for fatality and was escalated immediately. The condition presented immediate potentially fatal exposure; operations were stopped, the area was isolated, and emergency escalation began.","[REPORT_TYPE] Near Miss [SITE] Tank farm [ACTIVITY] Pipe spool welding [BARRIER_FAILURE] PPE not used [IOGP_RULE] Hot Work [TEXT] Before/during Pipe spool welding at Tank farm, PPE not used. The situation had imminent potential for fatality and was escalated immediately. The condition presented immediate potentially fatal exposure; operations were stopped, the area was isolated, and emergency escalation began.",Critical,1
NM_0179,Near Miss,Field office area,Housekeeping inspection,"Lift plan, tag lines, and barricaded drop zone were not available",Safe Mechanical Lifting,"During Housekeeping inspection at Field office area, Lift plan, tag lines, and barricaded drop zone were not available. Corrective action was taken on the spot. The condition was corrected during the routine inspection, with no exposure to hazardous energy.","During Housekeeping inspection at Field office area, Lift plan, tag lines, and barricaded drop zone were not available. Corrective action was taken on the spot. The condition was corrected during the routine inspection, with no exposure to hazardous energy.","[REPORT_TYPE] Near Miss [SITE] Field office area [ACTIVITY] Housekeeping inspection [BARRIER_FAILURE] Lift plan, tag lines, and barricaded drop zone were not available [IOGP_RULE] Safe Mechanical Lifting [TEXT] During Housekeeping inspection at Field office area, Lift plan, tag lines, and barricaded drop zone were not available. Corrective action was taken on the spot. The condition was corrected during the routine inspection, with no exposure to hazardous energy.",Low,0
NM_0791,Near Miss,Drilling rig,Lifting and rigging,Fall arrest missing,Safe Mechanical Lifting,Inspection revealed Fall arrest missing during Lifting and rigging at Drilling rig. Actual exposure to hazardous conditions occurred. Personnel were moved to a safe location and the event was treated as a high-potential near miss.,Inspection revealed Fall arrest missing during Lifting and rigging at Drilling rig. Actual exposure to hazardous conditions occurred. Personnel were moved to a safe location and the event was treated as a high-potential near miss.,[REPORT_TYPE] Near Miss [SITE] Drilling rig [ACTIVITY] Lifting and rigging [BARRIER_FAILURE] Fall arrest missing [IOGP_RULE] Safe Mechanical Lifting [TEXT] Inspection revealed Fall arrest missing during Lifting and rigging at Drilling rig. Actual exposure to hazardous conditions occurred. Personnel were moved to a safe location and the event was treated as a high-potential near miss.,Critical,1
NM_0624,Near Miss,Refinery unit,Valve maintenance,Work scope had changed but the permit and job safety analysis were not revalidated,Safe Mechanical Lifting,"Shift crew reported that during Valve maintenance in Refinery unit, Work scope had changed but the permit and job safety analysis were not revalidated. Multiple workers were at risk of serious injury or fatality. The condition presented immediate potentially fatal exposure; operations were stopped, the area was isolated, and emergency escalation began.","Shift crew reported that during Valve maintenance in Refinery unit, Work scope had changed but the permit and job safety analysis were not revalidated. Multiple workers were at risk of serious injury or fatality. The condition presented immediate potentially fatal exposure; operations were stopped, the area was isolated, and emergency escalation began.","[REPORT_TYPE] Near Miss [SITE] Refinery unit [ACTIVITY] Valve maintenance [BARRIER_FAILURE] Work scope had changed but the permit and job safety analysis were not revalidated [IOGP_RULE] Safe Mechanical Lifting [TEXT] Shift crew reported that during Valve maintenance in Refinery unit, Work scope had changed but the permit and job safety analysis were not revalidated. Multiple workers were at risk of serious injury or fatality. The condition presented immediate potentially fatal exposure; operations were stopped, the area was isolated, and emergency escalation began.",Critical,1
NM_0448,Near Miss,Process plant,Pipe spool welding,Training inadequate,Hot Work,"Shift crew reported that during Pipe spool welding in Process plant, Training inadequate. The job was halted due to high-risk exposure. Personnel were close to hazardous energy exposure, so the area was secured pending investigation.","Shift crew reported that during Pipe spool welding in Process plant, Training inadequate. The job was halted due to high-risk exposure. Personnel were close to hazardous energy exposure, so the area was secured pending investigation.","[REPORT_TYPE] Near Miss [SITE] Process plant [ACTIVITY] Pipe spool welding [BARRIER_FAILURE] Training inadequate [IOGP_RULE] Hot Work [TEXT] Shift crew reported that during Pipe spool welding in Process plant, Training inadequate. The job was halted due to high-risk exposure. Personnel were close to hazardous energy exposure, so the area was secured pending investigation.",High,1
NM_0347,Near Miss,Gas processing unit,Pump maintenance,"Lift plan, tag lines, and barricaded drop zone were not available",Safe Mechanical Lifting,"During Pump maintenance at Gas processing unit, Lift plan, tag lines, and barricaded drop zone were not available. Work was paused until the issue was addressed. The crew escalated the issue through the shift safety meeting and closed it before continuation.","During Pump maintenance at Gas processing unit, Lift plan, tag lines, and barricaded drop zone were not available. Work was paused until the issue was addressed. The crew escalated the issue through the shift safety meeting and closed it before continuation.","[REPORT_TYPE] Near Miss [SITE] Gas processing unit [ACTIVITY] Pump maintenance [BARRIER_FAILURE] Lift plan, tag lines, and barricaded drop zone were not available [IOGP_RULE] Safe Mechanical Lifting [TEXT] During Pump maintenance at Gas processing unit, Lift plan, tag lines, and barricaded drop zone were not available. Work was paused until the issue was addressed. The crew escalated the issue through the shift safety meeting and closed it before continuation.",Medium,0
NM_0498,Near Miss,Tank farm,Night driving to remote site,Tool inspection missing,Line of Fire,"During routine checks at Tank farm, Tool inspection missing was observed during Night driving to remote site. Work was stopped due to potential serious injury risk. Work was halted due to high-risk exposure and corrective measures were implemented.","During routine checks at Tank farm, Tool inspection missing was observed during Night driving to remote site. Work was stopped due to potential serious injury risk. Work was halted due to high-risk exposure and corrective measures were implemented.","[REPORT_TYPE] Near Miss [SITE] Tank farm [ACTIVITY] Night driving to remote site [BARRIER_FAILURE] Tool inspection missing [IOGP_RULE] Line of Fire [TEXT] During routine checks at Tank farm, Tool inspection missing was observed during Night driving to remote site. Work was stopped due to potential serious injury risk. Work was halted due to high-risk exposure and corrective measures were implemented.",High,1
NM_0719,Near Miss,Gas processing unit,Tank farm operations,Tool inspection missing,Confined Space,"Shift crew reported that during Tank farm operations in Gas processing unit, Tool inspection missing. All personnel were evacuated. The situation had imminent potential for fatality and was escalated immediately.","Shift crew reported that during Tank farm operations in Gas processing unit, Tool inspection missing. All personnel were evacuated. The situation had imminent potential for fatality and was escalated immediately.","[REPORT_TYPE] Near Miss [SITE] Gas processing unit [ACTIVITY] Tank farm operations [BARRIER_FAILURE] Tool inspection missing [IOGP_RULE] Confined Space [TEXT] Shift crew reported that during Tank farm operations in Gas processing unit, Tool inspection missing. All personnel were evacuated. The situation had imminent potential for fatality and was escalated immediately.",Critical,1
NM_0569,Near Miss,LPG bottling plant,Pipe-rack inspection,Excavation edge was not barricaded and underground utility mark-out was incomplete,Working at Height,"During Pipe-rack inspection at LPG bottling plant, Excavation edge was not barricaded and underground utility mark-out was incomplete. The activity was stopped as it could have resulted in serious harm. The failed critical control created credible potential for serious injury; the task was stopped and reported to HSE.","During Pipe-rack inspection at LPG bottling plant, Excavation edge was not barricaded and underground utility mark-out was incomplete. The activity was stopped as it could have resulted in serious harm. The failed critical control created credible potential for serious injury; the task was stopped and reported to HSE.","[REPORT_TYPE] Near Miss [SITE] LPG bottling plant [ACTIVITY] Pipe-rack inspection [BARRIER_FAILURE] Excavation edge was not barricaded and underground utility mark-out was incomplete [IOGP_RULE] Working at Height [TEXT] During Pipe-rack inspection at LPG bottling plant, Excavation edge was not barricaded and underground utility mark-out was incomplete. The activity was stopped as it could have resulted in serious harm. The failed critical control created credible potential for serious injury; the task was stopped and reported to HSE.",High,1
NM_0678,Near Miss,Wellsite,Emergency valve servicing,Line was not depressurised and workers were positioned in the potential release path,Line of Fire,A Line was not depressurised and workers were positioned in the potential release path was identified during Emergency valve servicing at Wellsite. Actual exposure to hazardous conditions occurred. Personnel were moved to a safe location and the event was treated as a high-potential near miss.,A Line was not depressurised and workers were positioned in the potential release path was identified during Emergency valve servicing at Wellsite. Actual exposure to hazardous conditions occurred. Personnel were moved to a safe location and the event was treated as a high-potential near miss.,[REPORT_TYPE] Near Miss [SITE] Wellsite [ACTIVITY] Emergency valve servicing [BARRIER_FAILURE] Line was not depressurised and workers were positioned in the potential release path [IOGP_RULE] Line of Fire [TEXT] A Line was not depressurised and workers were positioned in the potential release path was identified during Emergency valve servicing at Wellsite. Actual exposure to hazardous conditions occurred. Personnel were moved to a safe location and the event was treated as a high-potential near miss.,Critical,1
NM_0079,Near Miss,Pipeline ROW,Hydrostatic pressure test,Emergency access route was partly obstructed by temporary materials,None/Not Applicable,"During routine checks at Pipeline ROW, Emergency access route was partly obstructed by temporary materials was observed during Hydrostatic pressure test. No work stoppage was required. The issue was minor and was rectified before it affected the task.","During routine checks at Pipeline ROW, Emergency access route was partly obstructed by temporary materials was observed during Hydrostatic pressure test. No work stoppage was required. The issue was minor and was rectified before it affected the task.","[REPORT_TYPE] Near Miss [SITE] Pipeline ROW [ACTIVITY] Hydrostatic pressure test [BARRIER_FAILURE] Emergency access route was partly obstructed by temporary materials [IOGP_RULE] None/Not Applicable [TEXT] During routine checks at Pipeline ROW, Emergency access route was partly obstructed by temporary materials was observed during Hydrostatic pressure test. No work stoppage was required. The issue was minor and was rectified before it affected the task.",Low,0
NM_0740,Near Miss,Drilling rig,Scaffold modification,Drain cover was open and combustible vapour testing was not documented,Hot Work,"Near-miss observation: while performing Scaffold modification at Drilling rig, the team found that Drain cover was open and combustible vapour testing was not documented. Work was stopped urgently and emergency response was initiated. The condition presented immediate potentially fatal exposure; operations were stopped, the area was isolated, and emergency escalation began.","Near-miss observation: while performing Scaffold modification at Drilling rig, the team found that Drain cover was open and combustible vapour testing was not documented. Work was stopped urgently and emergency response was initiated. The condition presented immediate potentially fatal exposure; operations were stopped, the area was isolated, and emergency escalation began.","[REPORT_TYPE] Near Miss [SITE] Drilling rig [ACTIVITY] Scaffold modification [BARRIER_FAILURE] Drain cover was open and combustible vapour testing was not documented [IOGP_RULE] Hot Work [TEXT] Near-miss observation: while performing Scaffold modification at Drilling rig, the team found that Drain cover was open and combustible vapour testing was not documented. Work was stopped urgently and emergency response was initiated. The condition presented immediate potentially fatal exposure; operations were stopped, the area was isolated, and emergency escalation began.",Critical,1
NM_0523,Near Miss,Tank farm,Process unit startup/shutdown,Emergency response delayed,None/Not Applicable,"During routine checks at Tank farm, Emergency response delayed was observed during Process unit startup/shutdown. Critical control failure was corrected before resuming work. Work was halted due to high-risk exposure and corrective measures were implemented.","During routine checks at Tank farm, Emergency response delayed was observed during Process unit startup/shutdown. Critical control failure was corrected before resuming work. Work was halted due to high-risk exposure and corrective measures were implemented.","[REPORT_TYPE] Near Miss [SITE] Tank farm [ACTIVITY] Process unit startup/shutdown [BARRIER_FAILURE] Emergency response delayed [IOGP_RULE] None/Not Applicable [TEXT] During routine checks at Tank farm, Emergency response delayed was observed during Process unit startup/shutdown. Critical control failure was corrected before resuming work. Work was halted due to high-risk exposure and corrective measures were implemented.",High,1
NM_0337,Near Miss,Storage tank,Excavation work,Tool inspection missing,Line of Fire,"Near-miss observation: while performing Excavation work at Storage tank, the team found that Tool inspection missing. Work was stopped temporarily and resumed after verification. Work was temporarily halted pending verification of the control measure.","Near-miss observation: while performing Excavation work at Storage tank, the team found that Tool inspection missing. Work was stopped temporarily and resumed after verification. Work was temporarily halted pending verification of the control measure.","[REPORT_TYPE] Near Miss [SITE] Storage tank [ACTIVITY] Excavation work [BARRIER_FAILURE] Tool inspection missing [IOGP_RULE] Line of Fire [TEXT] Near-miss observation: while performing Excavation work at Storage tank, the team found that Tool inspection missing. Work was stopped temporarily and resumed after verification. Work was temporarily halted pending verification of the control measure.",Medium,0
NM_0683,Near Miss,Wellsite,Sampling and testing,Drain cover was open and combustible vapour testing was not documented,Hot Work,"During Sampling and testing at Wellsite, Drain cover was open and combustible vapour testing was not documented. All personnel were evacuated. The condition presented immediate potentially fatal exposure; operations were stopped, the area was isolated, and emergency escalation began.","During Sampling and testing at Wellsite, Drain cover was open and combustible vapour testing was not documented. All personnel were evacuated. The condition presented immediate potentially fatal exposure; operations were stopped, the area was isolated, and emergency escalation began.","[REPORT_TYPE] Near Miss [SITE] Wellsite [ACTIVITY] Sampling and testing [BARRIER_FAILURE] Drain cover was open and combustible vapour testing was not documented [IOGP_RULE] Hot Work [TEXT] During Sampling and testing at Wellsite, Drain cover was open and combustible vapour testing was not documented. All personnel were evacuated. The condition presented immediate potentially fatal exposure; operations were stopped, the area was isolated, and emergency escalation began.",Critical,1
NM_0582,Near Miss,Gas processing unit,Pump seal replacement,Emergency response delayed,Energy Isolation,"During Pump seal replacement at Gas processing unit, Emergency response delayed. Work was stopped due to potential serious injury risk. Personnel were close to hazardous energy exposure, so the area was secured pending investigation.","During Pump seal replacement at Gas processing unit, Emergency response delayed. Work was stopped due to potential serious injury risk. Personnel were close to hazardous energy exposure, so the area was secured pending investigation.","[REPORT_TYPE] Near Miss [SITE] Gas processing unit [ACTIVITY] Pump seal replacement [BARRIER_FAILURE] Emergency response delayed [IOGP_RULE] Energy Isolation [TEXT] During Pump seal replacement at Gas processing unit, Emergency response delayed. Work was stopped due to potential serious injury risk. Personnel were close to hazardous energy exposure, so the area was secured pending investigation.",High,1
NM_0723,Near Miss,Field office area,Instrument calibration,Reversing was attempted without a banksman and pedestrian segregation,Driving,Inspection revealed Reversing was attempted without a banksman and pedestrian segregation during Instrument calibration at Field office area. Multiple workers were at risk of serious injury or fatality. All personnel were evacuated and the area was secured pending full investigation.,Inspection revealed Reversing was attempted without a banksman and pedestrian segregation during Instrument calibration at Field office area. Multiple workers were at risk of serious injury or fatality. All personnel were evacuated and the area was secured pending full investigation.,[REPORT_TYPE] Near Miss [SITE] Field office area [ACTIVITY] Instrument calibration [BARRIER_FAILURE] Reversing was attempted without a banksman and pedestrian segregation [IOGP_RULE] Driving [TEXT] Inspection revealed Reversing was attempted without a banksman and pedestrian segregation during Instrument calibration at Field office area. Multiple workers were at risk of serious injury or fatality. All personnel were evacuated and the area was secured pending full investigation.,Critical,1
NM_0595,Near Miss,Process plant,Excavation work,Atmosphere not tested,Confined Space,"Near-miss observation: while performing Excavation work at Process plant, the team found that Atmosphere not tested. The activity was stopped as it could have resulted in serious harm. The failed critical control created credible potential for serious injury; the task was stopped and reported to HSE.","Near-miss observation: while performing Excavation work at Process plant, the team found that Atmosphere not tested. The activity was stopped as it could have resulted in serious harm. The failed critical control created credible potential for serious injury; the task was stopped and reported to HSE.","[REPORT_TYPE] Near Miss [SITE] Process plant [ACTIVITY] Excavation work [BARRIER_FAILURE] Atmosphere not tested [IOGP_RULE] Confined Space [TEXT] Near-miss observation: while performing Excavation work at Process plant, the team found that Atmosphere not tested. The activity was stopped as it could have resulted in serious harm. The failed critical control created credible potential for serious injury; the task was stopped and reported to HSE.",High,1
NM_0313,Near Miss,Process plant,Loading/unloading operations,Exclusion zone missing,Line of Fire,"Near-miss observation: while performing Loading/unloading operations at Process plant, the team found that Exclusion zone missing. The job proceeded only after corrective measures. Work was temporarily halted pending verification of the control measure.","Near-miss observation: while performing Loading/unloading operations at Process plant, the team found that Exclusion zone missing. The job proceeded only after corrective measures. Work was temporarily halted pending verification of the control measure.","[REPORT_TYPE] Near Miss [SITE] Process plant [ACTIVITY] Loading/unloading operations [BARRIER_FAILURE] Exclusion zone missing [IOGP_RULE] Line of Fire [TEXT] Near-miss observation: while performing Loading/unloading operations at Process plant, the team found that Exclusion zone missing. The job proceeded only after corrective measures. Work was temporarily halted pending verification of the control measure.",Medium,0
NM_0738,Near Miss,Gas processing unit,Breaking a pressurised flange,Excavation edge was not barricaded and underground utility mark-out was incomplete,Working at Height,"Inspection revealed Excavation edge was not barricaded and underground utility mark-out was incomplete during Breaking a pressurised flange at Gas processing unit. Actual exposure to hazardous conditions occurred. Multiple critical barriers were ineffective, creating imminent serious-injury or fatality potential.","Inspection revealed Excavation edge was not barricaded and underground utility mark-out was incomplete during Breaking a pressurised flange at Gas processing unit. Actual exposure to hazardous conditions occurred. Multiple critical barriers were ineffective, creating imminent serious-injury or fatality potential.","[REPORT_TYPE] Near Miss [SITE] Gas processing unit [ACTIVITY] Breaking a pressurised flange [BARRIER_FAILURE] Excavation edge was not barricaded and underground utility mark-out was incomplete [IOGP_RULE] Working at Height [TEXT] Inspection revealed Excavation edge was not barricaded and underground utility mark-out was incomplete during Breaking a pressurised flange at Gas processing unit. Actual exposure to hazardous conditions occurred. Multiple critical barriers were ineffective, creating imminent serious-injury or fatality potential.",Critical,1
NM_0394,Near Miss,Storage depot,Pump maintenance,Gas test missing,Confined Space,"During routine checks at Storage depot, Gas test missing was observed during Pump maintenance. The activity was delayed pending correction. No one was exposed, but the observation required a documented corrective action.","During routine checks at Storage depot, Gas test missing was observed during Pump maintenance. The activity was delayed pending correction. No one was exposed, but the observation required a documented corrective action.","[REPORT_TYPE] Near Miss [SITE] Storage depot [ACTIVITY] Pump maintenance [BARRIER_FAILURE] Gas test missing [IOGP_RULE] Confined Space [TEXT] During routine checks at Storage depot, Gas test missing was observed during Pump maintenance. The activity was delayed pending correction. No one was exposed, but the observation required a documented corrective action.",Medium,0
NM_0363,Near Miss,Offshore platform,Hydrostatic pressure test,Excavation edge was not barricaded and underground utility mark-out was incomplete,Working at Height,"Before/during Hydrostatic pressure test at Offshore platform, Excavation edge was not barricaded and underground utility mark-out was incomplete. Work was stopped temporarily and resumed after verification. Work was temporarily halted pending verification of the control measure.","Before/during Hydrostatic pressure test at Offshore platform, Excavation edge was not barricaded and underground utility mark-out was incomplete. Work was stopped temporarily and resumed after verification. Work was temporarily halted pending verification of the control measure.","[REPORT_TYPE] Near Miss [SITE] Offshore platform [ACTIVITY] Hydrostatic pressure test [BARRIER_FAILURE] Excavation edge was not barricaded and underground utility mark-out was incomplete [IOGP_RULE] Working at Height [TEXT] Before/during Hydrostatic pressure test at Offshore platform, Excavation edge was not barricaded and underground utility mark-out was incomplete. Work was stopped temporarily and resumed after verification. Work was temporarily halted pending verification of the control measure.",Medium,0
NM_0632,Near Miss,Offshore platform,Vessel entry preparation,Reversing was attempted without a banksman and pedestrian segregation,Confined Space,"Near-miss observation: while performing Vessel entry preparation at Offshore platform, the team found that Reversing was attempted without a banksman and pedestrian segregation. Multiple workers were at risk of serious injury or fatality. Multiple critical barriers were ineffective, creating imminent serious-injury or fatality potential.","Near-miss observation: while performing Vessel entry preparation at Offshore platform, the team found that Reversing was attempted without a banksman and pedestrian segregation. Multiple workers were at risk of serious injury or fatality. Multiple critical barriers were ineffective, creating imminent serious-injury or fatality potential.","[REPORT_TYPE] Near Miss [SITE] Offshore platform [ACTIVITY] Vessel entry preparation [BARRIER_FAILURE] Reversing was attempted without a banksman and pedestrian segregation [IOGP_RULE] Confined Space [TEXT] Near-miss observation: while performing Vessel entry preparation at Offshore platform, the team found that Reversing was attempted without a banksman and pedestrian segregation. Multiple workers were at risk of serious injury or fatality. Multiple critical barriers were ineffective, creating imminent serious-injury or fatality potential.",Critical,1
NM_0040,Near Miss,Storage depot,Pipe spool welding,Procedure not followed,Hot Work,Inspection revealed Procedure not followed during Pipe spool welding at Storage depot. Corrective action was taken on the spot. The observation was logged and addressed during the same shift.,Inspection revealed Procedure not followed during Pipe spool welding at Storage depot. Corrective action was taken on the spot. The observation was logged and addressed during the same shift.,[REPORT_TYPE] Near Miss [SITE] Storage depot [ACTIVITY] Pipe spool welding [BARRIER_FAILURE] Procedure not followed [IOGP_RULE] Hot Work [TEXT] Inspection revealed Procedure not followed during Pipe spool welding at Storage depot. Corrective action was taken on the spot. The observation was logged and addressed during the same shift.,Low,0
NM_0499,Near Miss,LPG bottling plant,Compressor troubleshooting,Simultaneous operations were not recorded in the permit briefing,Working at Height,"During routine checks at LPG bottling plant, Simultaneous operations were not recorded in the permit briefing was observed during Compressor troubleshooting. The activity was stopped as it could have resulted in serious harm. Work was halted due to high-risk exposure and corrective measures were implemented.","During routine checks at LPG bottling plant, Simultaneous operations were not recorded in the permit briefing was observed during Compressor troubleshooting. The activity was stopped as it could have resulted in serious harm. Work was halted due to high-risk exposure and corrective measures were implemented.","[REPORT_TYPE] Near Miss [SITE] LPG bottling plant [ACTIVITY] Compressor troubleshooting [BARRIER_FAILURE] Simultaneous operations were not recorded in the permit briefing [IOGP_RULE] Working at Height [TEXT] During routine checks at LPG bottling plant, Simultaneous operations were not recorded in the permit briefing was observed during Compressor troubleshooting. The activity was stopped as it could have resulted in serious harm. Work was halted due to high-risk exposure and corrective measures were implemented.",High,1
NM_0127,Near Miss,Drilling rig,Reversing vehicle operations,Test manifold lacked verified restraint and pressure-release exclusion controls,Driving,"Shift crew reported that during Reversing vehicle operations in Drilling rig, Test manifold lacked verified restraint and pressure-release exclusion controls. The area was corrected immediately. The observation was logged and addressed during the same shift.","Shift crew reported that during Reversing vehicle operations in Drilling rig, Test manifold lacked verified restraint and pressure-release exclusion controls. The area was corrected immediately. The observation was logged and addressed during the same shift.","[REPORT_TYPE] Near Miss [SITE] Drilling rig [ACTIVITY] Reversing vehicle operations [BARRIER_FAILURE] Test manifold lacked verified restraint and pressure-release exclusion controls [IOGP_RULE] Driving [TEXT] Shift crew reported that during Reversing vehicle operations in Drilling rig, Test manifold lacked verified restraint and pressure-release exclusion controls. The area was corrected immediately. The observation was logged and addressed during the same shift.",Low,0
NM_0159,Near Miss,Truck loading bay,Pump maintenance,Guard missing,None/Not Applicable,"Shift crew reported that during Pump maintenance in Truck loading bay, Guard missing. The team corrected it without delay. The issue was minor and was rectified before it affected the task.","Shift crew reported that during Pump maintenance in Truck loading bay, Guard missing. The team corrected it without delay. The issue was minor and was rectified before it affected the task.","[REPORT_TYPE] Near Miss [SITE] Truck loading bay [ACTIVITY] Pump maintenance [BARRIER_FAILURE] Guard missing [IOGP_RULE] None/Not Applicable [TEXT] Shift crew reported that during Pump maintenance in Truck loading bay, Guard missing. The team corrected it without delay. The issue was minor and was rectified before it affected the task.",Low,0
NM_0781,Near Miss,Compressor station,Pipeline inspection,Tool inspection missing,Driving,"Before/during Pipeline inspection at Compressor station, Tool inspection missing. All personnel were evacuated. The situation had imminent potential for fatality and was escalated immediately.","Before/during Pipeline inspection at Compressor station, Tool inspection missing. All personnel were evacuated. The situation had imminent potential for fatality and was escalated immediately.","[REPORT_TYPE] Near Miss [SITE] Compressor station [ACTIVITY] Pipeline inspection [BARRIER_FAILURE] Tool inspection missing [IOGP_RULE] Driving [TEXT] Before/during Pipeline inspection at Compressor station, Tool inspection missing. All personnel were evacuated. The situation had imminent potential for fatality and was escalated immediately.",Critical,1
NM_0219,Near Miss,Truck loading bay,Chemical sampling,Guard missing,None/Not Applicable,"Inspection revealed Guard missing during Chemical sampling at Truck loading bay. The supervisor reviewed and approved continuation after correction. The task was paused, the control was restored, and the supervisor verified readiness before work resumed.","Inspection revealed Guard missing during Chemical sampling at Truck loading bay. The supervisor reviewed and approved continuation after correction. The task was paused, the control was restored, and the supervisor verified readiness before work resumed.","[REPORT_TYPE] Near Miss [SITE] Truck loading bay [ACTIVITY] Chemical sampling [BARRIER_FAILURE] Guard missing [IOGP_RULE] None/Not Applicable [TEXT] Inspection revealed Guard missing during Chemical sampling at Truck loading bay. The supervisor reviewed and approved continuation after correction. The task was paused, the control was restored, and the supervisor verified readiness before work resumed.",Medium,0
NM_0140,Near Miss,Wellsite,Grinding near drain,Gas testing was overdue and no dedicated fire watch was assigned,Confined Space,"Near-miss observation: while performing Grinding near drain at Wellsite, the team found that Gas testing was overdue and no dedicated fire watch was assigned. No work stoppage was required. The observation was logged and addressed during the same shift.","Near-miss observation: while performing Grinding near drain at Wellsite, the team found that Gas testing was overdue and no dedicated fire watch was assigned. No work stoppage was required. The observation was logged and addressed during the same shift.","[REPORT_TYPE] Near Miss [SITE] Wellsite [ACTIVITY] Grinding near drain [BARRIER_FAILURE] Gas testing was overdue and no dedicated fire watch was assigned [IOGP_RULE] Confined Space [TEXT] Near-miss observation: while performing Grinding near drain at Wellsite, the team found that Gas testing was overdue and no dedicated fire watch was assigned. No work stoppage was required. The observation was logged and addressed during the same shift.",Low,0
NM_0120,Near Miss,LPG bottling plant,Crude transfer vehicle movement,Reversing was attempted without a banksman and pedestrian segregation,Driving,Inspection revealed Reversing was attempted without a banksman and pedestrian segregation during Crude transfer vehicle movement at LPG bottling plant. The team corrected it without delay. The team recorded the observation and completed immediate housekeeping correction.,Inspection revealed Reversing was attempted without a banksman and pedestrian segregation during Crude transfer vehicle movement at LPG bottling plant. The team corrected it without delay. The team recorded the observation and completed immediate housekeeping correction.,[REPORT_TYPE] Near Miss [SITE] LPG bottling plant [ACTIVITY] Crude transfer vehicle movement [BARRIER_FAILURE] Reversing was attempted without a banksman and pedestrian segregation [IOGP_RULE] Driving [TEXT] Inspection revealed Reversing was attempted without a banksman and pedestrian segregation during Crude transfer vehicle movement at LPG bottling plant. The team corrected it without delay. The team recorded the observation and completed immediate housekeeping correction.,Low,0
NM_0115,Near Miss,Gas processing unit,Sampling and testing,Line was not depressurised and workers were positioned in the potential release path,Line of Fire,"Before/during Sampling and testing at Gas processing unit, Line was not depressurised and workers were positioned in the potential release path. No work stoppage was required. The condition was corrected during the routine inspection, with no exposure to hazardous energy.","Before/during Sampling and testing at Gas processing unit, Line was not depressurised and workers were positioned in the potential release path. No work stoppage was required. The condition was corrected during the routine inspection, with no exposure to hazardous energy.","[REPORT_TYPE] Near Miss [SITE] Gas processing unit [ACTIVITY] Sampling and testing [BARRIER_FAILURE] Line was not depressurised and workers were positioned in the potential release path [IOGP_RULE] Line of Fire [TEXT] Before/during Sampling and testing at Gas processing unit, Line was not depressurised and workers were positioned in the potential release path. No work stoppage was required. The condition was corrected during the routine inspection, with no exposure to hazardous energy.",Low,0
NM_0730,Near Miss,Compressor station,Night driving to remote site,Lift plan missing,Safe Mechanical Lifting,"Before/during Night driving to remote site at Compressor station, Lift plan missing. All personnel were evacuated. Multiple critical barriers were ineffective, creating imminent serious-injury or fatality potential.","Before/during Night driving to remote site at Compressor station, Lift plan missing. All personnel were evacuated. Multiple critical barriers were ineffective, creating imminent serious-injury or fatality potential.","[REPORT_TYPE] Near Miss [SITE] Compressor station [ACTIVITY] Night driving to remote site [BARRIER_FAILURE] Lift plan missing [IOGP_RULE] Safe Mechanical Lifting [TEXT] Before/during Night driving to remote site at Compressor station, Lift plan missing. All personnel were evacuated. Multiple critical barriers were ineffective, creating imminent serious-injury or fatality potential.",Critical,1
NM_0698,Near Miss,Compressor station,Grinding near drain,Communication failure,Hot Work,"During Grinding near drain at Compressor station, Communication failure. All personnel were evacuated. The condition presented immediate potentially fatal exposure; operations were stopped, the area was isolated, and emergency escalation began.","During Grinding near drain at Compressor station, Communication failure. All personnel were evacuated. The condition presented immediate potentially fatal exposure; operations were stopped, the area was isolated, and emergency escalation began.","[REPORT_TYPE] Near Miss [SITE] Compressor station [ACTIVITY] Grinding near drain [BARRIER_FAILURE] Communication failure [IOGP_RULE] Hot Work [TEXT] During Grinding near drain at Compressor station, Communication failure. All personnel were evacuated. The condition presented immediate potentially fatal exposure; operations were stopped, the area was isolated, and emergency escalation began.",Critical,1
NM_0246,Near Miss,Gas processing unit,Scaffold modification,Reversing was attempted without a banksman and pedestrian segregation,Working at Height,"During Scaffold modification at Gas processing unit, Reversing was attempted without a banksman and pedestrian segregation. The activity was delayed pending correction. Work was temporarily halted pending verification of the control measure.","During Scaffold modification at Gas processing unit, Reversing was attempted without a banksman and pedestrian segregation. The activity was delayed pending correction. Work was temporarily halted pending verification of the control measure.","[REPORT_TYPE] Near Miss [SITE] Gas processing unit [ACTIVITY] Scaffold modification [BARRIER_FAILURE] Reversing was attempted without a banksman and pedestrian segregation [IOGP_RULE] Working at Height [TEXT] During Scaffold modification at Gas processing unit, Reversing was attempted without a banksman and pedestrian segregation. The activity was delayed pending correction. Work was temporarily halted pending verification of the control measure.",Medium,0
NM_0512,Near Miss,LPG bottling plant,Scaffolding work,Test manifold lacked verified restraint and pressure-release exclusion controls,Working at Height,"During Scaffolding work at LPG bottling plant, Test manifold lacked verified restraint and pressure-release exclusion controls. Work was stopped due to potential serious injury risk. Work was halted due to high-risk exposure and corrective measures were implemented.","During Scaffolding work at LPG bottling plant, Test manifold lacked verified restraint and pressure-release exclusion controls. Work was stopped due to potential serious injury risk. Work was halted due to high-risk exposure and corrective measures were implemented.","[REPORT_TYPE] Near Miss [SITE] LPG bottling plant [ACTIVITY] Scaffolding work [BARRIER_FAILURE] Test manifold lacked verified restraint and pressure-release exclusion controls [IOGP_RULE] Working at Height [TEXT] During Scaffolding work at LPG bottling plant, Test manifold lacked verified restraint and pressure-release exclusion controls. Work was stopped due to potential serious injury risk. Work was halted due to high-risk exposure and corrective measures were implemented.",High,1
NM_0612,Near Miss,Drilling rig,Grinding near drain,Emergency access route was partly obstructed by temporary materials,Hot Work,"A Emergency access route was partly obstructed by temporary materials was identified during Grinding near drain at Drilling rig. Multiple workers were at risk of serious injury or fatality. The condition presented immediate potentially fatal exposure; operations were stopped, the area was isolated, and emergency escalation began.","A Emergency access route was partly obstructed by temporary materials was identified during Grinding near drain at Drilling rig. Multiple workers were at risk of serious injury or fatality. The condition presented immediate potentially fatal exposure; operations were stopped, the area was isolated, and emergency escalation began.","[REPORT_TYPE] Near Miss [SITE] Drilling rig [ACTIVITY] Grinding near drain [BARRIER_FAILURE] Emergency access route was partly obstructed by temporary materials [IOGP_RULE] Hot Work [TEXT] A Emergency access route was partly obstructed by temporary materials was identified during Grinding near drain at Drilling rig. Multiple workers were at risk of serious injury or fatality. The condition presented immediate potentially fatal exposure; operations were stopped, the area was isolated, and emergency escalation began.",Critical,1
NM_0477,Near Miss,Pump station,Compressor troubleshooting,Supervision absent,Confined Space,"Shift crew reported that during Compressor troubleshooting in Pump station, Supervision absent. Work was stopped due to potential serious injury risk. The failed critical control created credible potential for serious injury; the task was stopped and reported to HSE.","Shift crew reported that during Compressor troubleshooting in Pump station, Supervision absent. Work was stopped due to potential serious injury risk. The failed critical control created credible potential for serious injury; the task was stopped and reported to HSE.","[REPORT_TYPE] Near Miss [SITE] Pump station [ACTIVITY] Compressor troubleshooting [BARRIER_FAILURE] Supervision absent [IOGP_RULE] Confined Space [TEXT] Shift crew reported that during Compressor troubleshooting in Pump station, Supervision absent. Work was stopped due to potential serious injury risk. The failed critical control created credible potential for serious injury; the task was stopped and reported to HSE.",High,1
NM_0381,Near Miss,Maintenance yard,Scaffold modification,Work scope had changed but the permit and job safety analysis were not revalidated,Working at Height,"During routine checks at Maintenance yard, Work scope had changed but the permit and job safety analysis were not revalidated was observed during Scaffold modification. The activity was delayed pending correction. The task was paused, the control was restored, and the supervisor verified readiness before work resumed.","During routine checks at Maintenance yard, Work scope had changed but the permit and job safety analysis were not revalidated was observed during Scaffold modification. The activity was delayed pending correction. The task was paused, the control was restored, and the supervisor verified readiness before work resumed.","[REPORT_TYPE] Near Miss [SITE] Maintenance yard [ACTIVITY] Scaffold modification [BARRIER_FAILURE] Work scope had changed but the permit and job safety analysis were not revalidated [IOGP_RULE] Working at Height [TEXT] During routine checks at Maintenance yard, Work scope had changed but the permit and job safety analysis were not revalidated was observed during Scaffold modification. The activity was delayed pending correction. The task was paused, the control was restored, and the supervisor verified readiness before work resumed.",Medium,0
NM_0459,Near Miss,Drilling rig,Loading/unloading operations,Emergency access route was partly obstructed by temporary materials,None/Not Applicable,"During routine checks at Drilling rig, Emergency access route was partly obstructed by temporary materials was observed during Loading/unloading operations. Work was stopped due to potential serious injury risk. The situation had credible potential for serious injury and was escalated immediately.","During routine checks at Drilling rig, Emergency access route was partly obstructed by temporary materials was observed during Loading/unloading operations. Work was stopped due to potential serious injury risk. The situation had credible potential for serious injury and was escalated immediately.","[REPORT_TYPE] Near Miss [SITE] Drilling rig [ACTIVITY] Loading/unloading operations [BARRIER_FAILURE] Emergency access route was partly obstructed by temporary materials [IOGP_RULE] None/Not Applicable [TEXT] During routine checks at Drilling rig, Emergency access route was partly obstructed by temporary materials was observed during Loading/unloading operations. Work was stopped due to potential serious injury risk. The situation had credible potential for serious injury and was escalated immediately.",High,1
NM_0407,Near Miss,Compressor station,Vehicle movement,Procedure not followed,Driving,A Procedure not followed was identified during Vehicle movement at Compressor station. The situation had credible potential for serious injury. A supervisor issued a stop-work intervention and required a formal control verification.,A Procedure not followed was identified during Vehicle movement at Compressor station. The situation had credible potential for serious injury. A supervisor issued a stop-work intervention and required a formal control verification.,[REPORT_TYPE] Near Miss [SITE] Compressor station [ACTIVITY] Vehicle movement [BARRIER_FAILURE] Procedure not followed [IOGP_RULE] Driving [TEXT] A Procedure not followed was identified during Vehicle movement at Compressor station. The situation had credible potential for serious injury. A supervisor issued a stop-work intervention and required a formal control verification.,High,1
NM_0447,Near Miss,Compressor station,Pump maintenance,Supervision absent,Working at Height,"Near-miss observation: while performing Pump maintenance at Compressor station, the team found that Supervision absent. Work was stopped due to potential serious injury risk. The situation had credible potential for serious injury and was escalated immediately.","Near-miss observation: while performing Pump maintenance at Compressor station, the team found that Supervision absent. Work was stopped due to potential serious injury risk. The situation had credible potential for serious injury and was escalated immediately.","[REPORT_TYPE] Near Miss [SITE] Compressor station [ACTIVITY] Pump maintenance [BARRIER_FAILURE] Supervision absent [IOGP_RULE] Working at Height [TEXT] Near-miss observation: while performing Pump maintenance at Compressor station, the team found that Supervision absent. Work was stopped due to potential serious injury risk. The situation had credible potential for serious injury and was escalated immediately.",High,1
NM_0181,Near Miss,Gas processing unit,Crude transfer vehicle movement,Supervision absent,Energy Isolation,"A Supervision absent was identified during Crude transfer vehicle movement at Gas processing unit. Corrective action was taken on the spot. The condition was corrected during the routine inspection, with no exposure to hazardous energy.","A Supervision absent was identified during Crude transfer vehicle movement at Gas processing unit. Corrective action was taken on the spot. The condition was corrected during the routine inspection, with no exposure to hazardous energy.","[REPORT_TYPE] Near Miss [SITE] Gas processing unit [ACTIVITY] Crude transfer vehicle movement [BARRIER_FAILURE] Supervision absent [IOGP_RULE] Energy Isolation [TEXT] A Supervision absent was identified during Crude transfer vehicle movement at Gas processing unit. Corrective action was taken on the spot. The condition was corrected during the routine inspection, with no exposure to hazardous energy.",Low,0
NM_0213,Near Miss,Field office area,Tank farm operations,Simultaneous operations were not recorded in the permit briefing,Confined Space,"Before/during Tank farm operations at Field office area, Simultaneous operations were not recorded in the permit briefing. Work was stopped temporarily and resumed after verification. Work was temporarily halted pending verification of the control measure.","Before/during Tank farm operations at Field office area, Simultaneous operations were not recorded in the permit briefing. Work was stopped temporarily and resumed after verification. Work was temporarily halted pending verification of the control measure.","[REPORT_TYPE] Near Miss [SITE] Field office area [ACTIVITY] Tank farm operations [BARRIER_FAILURE] Simultaneous operations were not recorded in the permit briefing [IOGP_RULE] Confined Space [TEXT] Before/during Tank farm operations at Field office area, Simultaneous operations were not recorded in the permit briefing. Work was stopped temporarily and resumed after verification. Work was temporarily halted pending verification of the control measure.",Medium,0
NM_0525,Near Miss,Drilling rig,Instrument calibration,Fire watch missing,Hot Work,"Near-miss observation: while performing Instrument calibration at Drilling rig, the team found that Fire watch missing. The situation had credible potential for serious injury. The failed critical control created credible potential for serious injury; the task was stopped and reported to HSE.","Near-miss observation: while performing Instrument calibration at Drilling rig, the team found that Fire watch missing. The situation had credible potential for serious injury. The failed critical control created credible potential for serious injury; the task was stopped and reported to HSE.","[REPORT_TYPE] Near Miss [SITE] Drilling rig [ACTIVITY] Instrument calibration [BARRIER_FAILURE] Fire watch missing [IOGP_RULE] Hot Work [TEXT] Near-miss observation: while performing Instrument calibration at Drilling rig, the team found that Fire watch missing. The situation had credible potential for serious injury. The failed critical control created credible potential for serious injury; the task was stopped and reported to HSE.",High,1
NM_0161,Near Miss,Field office area,Manual handling of tubulars,Tool inspection missing,Hot Work,"During routine checks at Field office area, Tool inspection missing was observed during Manual handling of tubulars. Work was paused briefly and the issue was resolved. No work stoppage was required as the risk was minimal.","During routine checks at Field office area, Tool inspection missing was observed during Manual handling of tubulars. Work was paused briefly and the issue was resolved. No work stoppage was required as the risk was minimal.","[REPORT_TYPE] Near Miss [SITE] Field office area [ACTIVITY] Manual handling of tubulars [BARRIER_FAILURE] Tool inspection missing [IOGP_RULE] Hot Work [TEXT] During routine checks at Field office area, Tool inspection missing was observed during Manual handling of tubulars. Work was paused briefly and the issue was resolved. No work stoppage was required as the risk was minimal.",Low,0
NM_0200,Near Miss,Field office area,Pressure vessel testing,Hands were placed near pinch points and no designated signaler was present,Confined Space,"Shift crew reported that during Pressure vessel testing in Field office area, Hands were placed near pinch points and no designated signaler was present. The team corrected it without delay. The condition was corrected during the routine inspection, with no exposure to hazardous energy.","Shift crew reported that during Pressure vessel testing in Field office area, Hands were placed near pinch points and no designated signaler was present. The team corrected it without delay. The condition was corrected during the routine inspection, with no exposure to hazardous energy.","[REPORT_TYPE] Near Miss [SITE] Field office area [ACTIVITY] Pressure vessel testing [BARRIER_FAILURE] Hands were placed near pinch points and no designated signaler was present [IOGP_RULE] Confined Space [TEXT] Shift crew reported that during Pressure vessel testing in Field office area, Hands were placed near pinch points and no designated signaler was present. The team corrected it without delay. The condition was corrected during the routine inspection, with no exposure to hazardous energy.",Low,0
NM_0028,Near Miss,Refinery unit,Pipe spool welding,Permit missing,Hot Work,"Before/during Pipe spool welding at Refinery unit, Permit missing. The area was corrected immediately. The observation was logged and addressed during the same shift.","Before/during Pipe spool welding at Refinery unit, Permit missing. The area was corrected immediately. The observation was logged and addressed during the same shift.","[REPORT_TYPE] Near Miss [SITE] Refinery unit [ACTIVITY] Pipe spool welding [BARRIER_FAILURE] Permit missing [IOGP_RULE] Hot Work [TEXT] Before/during Pipe spool welding at Refinery unit, Permit missing. The area was corrected immediately. The observation was logged and addressed during the same shift.",Low,0
NM_0197,Near Miss,Maintenance yard,Pump maintenance,Test manifold lacked verified restraint and pressure-release exclusion controls,Bypassing Safety Controls,"Shift crew reported that during Pump maintenance in Maintenance yard, Test manifold lacked verified restraint and pressure-release exclusion controls. The team corrected it without delay. The issue was minor and was rectified before it affected the task.","Shift crew reported that during Pump maintenance in Maintenance yard, Test manifold lacked verified restraint and pressure-release exclusion controls. The team corrected it without delay. The issue was minor and was rectified before it affected the task.","[REPORT_TYPE] Near Miss [SITE] Maintenance yard [ACTIVITY] Pump maintenance [BARRIER_FAILURE] Test manifold lacked verified restraint and pressure-release exclusion controls [IOGP_RULE] Bypassing Safety Controls [TEXT] Shift crew reported that during Pump maintenance in Maintenance yard, Test manifold lacked verified restraint and pressure-release exclusion controls. The team corrected it without delay. The issue was minor and was rectified before it affected the task.",Low,0
NM_0254,Near Miss,Drilling rig,Hydrostatic pressure test,Permit missing,Work Authorization,"Before/during Hydrostatic pressure test at Drilling rig, Permit missing. The supervisor reviewed and approved continuation after correction. The task was paused, the control was restored, and the supervisor verified readiness before work resumed.","Before/during Hydrostatic pressure test at Drilling rig, Permit missing. The supervisor reviewed and approved continuation after correction. The task was paused, the control was restored, and the supervisor verified readiness before work resumed.","[REPORT_TYPE] Near Miss [SITE] Drilling rig [ACTIVITY] Hydrostatic pressure test [BARRIER_FAILURE] Permit missing [IOGP_RULE] Work Authorization [TEXT] Before/during Hydrostatic pressure test at Drilling rig, Permit missing. The supervisor reviewed and approved continuation after correction. The task was paused, the control was restored, and the supervisor verified readiness before work resumed.",Medium,0
NM_0056,Near Miss,Storage depot,Pipe spool welding,"Lift plan, tag lines, and barricaded drop zone were not available",Hot Work,"During routine checks at Storage depot, Lift plan, tag lines, and barricaded drop zone were not available was observed during Pipe spool welding. The team corrected it without delay. The issue was minor and was rectified before it affected the task.","During routine checks at Storage depot, Lift plan, tag lines, and barricaded drop zone were not available was observed during Pipe spool welding. The team corrected it without delay. The issue was minor and was rectified before it affected the task.","[REPORT_TYPE] Near Miss [SITE] Storage depot [ACTIVITY] Pipe spool welding [BARRIER_FAILURE] Lift plan, tag lines, and barricaded drop zone were not available [IOGP_RULE] Hot Work [TEXT] During routine checks at Storage depot, Lift plan, tag lines, and barricaded drop zone were not available was observed during Pipe spool welding. The team corrected it without delay. The issue was minor and was rectified before it affected the task.",Low,0
NM_0221,Near Miss,Offshore platform,Housekeeping inspection,Guard missing,None/Not Applicable,A Guard missing was identified during Housekeeping inspection at Offshore platform. Work was stopped temporarily and resumed after verification. The crew escalated the issue through the shift safety meeting and closed it before continuation.,A Guard missing was identified during Housekeeping inspection at Offshore platform. Work was stopped temporarily and resumed after verification. The crew escalated the issue through the shift safety meeting and closed it before continuation.,[REPORT_TYPE] Near Miss [SITE] Offshore platform [ACTIVITY] Housekeeping inspection [BARRIER_FAILURE] Guard missing [IOGP_RULE] None/Not Applicable [TEXT] A Guard missing was identified during Housekeeping inspection at Offshore platform. Work was stopped temporarily and resumed after verification. The crew escalated the issue through the shift safety meeting and closed it before continuation.,Medium,0
NM_0605,Near Miss,Drilling rig,Night driving to remote site,Isolation not verified,Energy Isolation,"Near-miss observation: while performing Night driving to remote site at Drilling rig, the team found that Isolation not verified. All personnel were evacuated. Personnel were moved to a safe location and the event was treated as a high-potential near miss.","Near-miss observation: while performing Night driving to remote site at Drilling rig, the team found that Isolation not verified. All personnel were evacuated. Personnel were moved to a safe location and the event was treated as a high-potential near miss.","[REPORT_TYPE] Near Miss [SITE] Drilling rig [ACTIVITY] Night driving to remote site [BARRIER_FAILURE] Isolation not verified [IOGP_RULE] Energy Isolation [TEXT] Near-miss observation: while performing Night driving to remote site at Drilling rig, the team found that Isolation not verified. All personnel were evacuated. Personnel were moved to a safe location and the event was treated as a high-potential near miss.",Critical,1
NM_0262,Near Miss,Refinery unit,Excavation work,Trip interlock was found bypassed during a production upset,Bypassing Safety Controls,"Before/during Excavation work at Refinery unit, Trip interlock was found bypassed during a production upset. Work was paused until the issue was addressed. Work was temporarily halted pending verification of the control measure.","Before/during Excavation work at Refinery unit, Trip interlock was found bypassed during a production upset. Work was paused until the issue was addressed. Work was temporarily halted pending verification of the control measure.","[REPORT_TYPE] Near Miss [SITE] Refinery unit [ACTIVITY] Excavation work [BARRIER_FAILURE] Trip interlock was found bypassed during a production upset [IOGP_RULE] Bypassing Safety Controls [TEXT] Before/during Excavation work at Refinery unit, Trip interlock was found bypassed during a production upset. Work was paused until the issue was addressed. Work was temporarily halted pending verification of the control measure.",Medium,0
NM_0345,Near Miss,Pipeline ROW,Tank farm operations,Electrical supply and process pressure isolation were not independently verified,Confined Space,"During Tank farm operations at Pipeline ROW, Electrical supply and process pressure isolation were not independently verified. The supervisor reviewed and approved continuation after correction. Work was temporarily halted pending verification of the control measure.","During Tank farm operations at Pipeline ROW, Electrical supply and process pressure isolation were not independently verified. The supervisor reviewed and approved continuation after correction. Work was temporarily halted pending verification of the control measure.","[REPORT_TYPE] Near Miss [SITE] Pipeline ROW [ACTIVITY] Tank farm operations [BARRIER_FAILURE] Electrical supply and process pressure isolation were not independently verified [IOGP_RULE] Confined Space [TEXT] During Tank farm operations at Pipeline ROW, Electrical supply and process pressure isolation were not independently verified. The supervisor reviewed and approved continuation after correction. Work was temporarily halted pending verification of the control measure.",Medium,0
NM_0006,Near Miss,Drilling rig,Forklift pallet handling,Fall arrest missing,Safe Mechanical Lifting,"A Fall arrest missing was identified during Forklift pallet handling at Drilling rig. Corrective action was taken on the spot. The condition was corrected during the routine inspection, with no exposure to hazardous energy.","A Fall arrest missing was identified during Forklift pallet handling at Drilling rig. Corrective action was taken on the spot. The condition was corrected during the routine inspection, with no exposure to hazardous energy.","[REPORT_TYPE] Near Miss [SITE] Drilling rig [ACTIVITY] Forklift pallet handling [BARRIER_FAILURE] Fall arrest missing [IOGP_RULE] Safe Mechanical Lifting [TEXT] A Fall arrest missing was identified during Forklift pallet handling at Drilling rig. Corrective action was taken on the spot. The condition was corrected during the routine inspection, with no exposure to hazardous energy.",Low,0
NM_0362,Near Miss,Pipeline ROW,Manual handling of tubulars,Fire watch missing,Hot Work,"Inspection revealed Fire watch missing during Manual handling of tubulars at Pipeline ROW. The activity was delayed pending correction. No one was exposed, but the observation required a documented corrective action.","Inspection revealed Fire watch missing during Manual handling of tubulars at Pipeline ROW. The activity was delayed pending correction. No one was exposed, but the observation required a documented corrective action.","[REPORT_TYPE] Near Miss [SITE] Pipeline ROW [ACTIVITY] Manual handling of tubulars [BARRIER_FAILURE] Fire watch missing [IOGP_RULE] Hot Work [TEXT] Inspection revealed Fire watch missing during Manual handling of tubulars at Pipeline ROW. The activity was delayed pending correction. No one was exposed, but the observation required a documented corrective action.",Medium,0
NM_0593,Near Miss,Storage depot,Valve maintenance,"No pre-entry gas test, attendant, rescue arrangement, or signed entry permit",Confined Space,"During routine checks at Storage depot, No pre-entry gas test, attendant, rescue arrangement, or signed entry permit was observed during Valve maintenance. The activity was stopped as it could have resulted in serious harm. Work was halted due to high-risk exposure and corrective measures were implemented.","During routine checks at Storage depot, No pre-entry gas test, attendant, rescue arrangement, or signed entry permit was observed during Valve maintenance. The activity was stopped as it could have resulted in serious harm. Work was halted due to high-risk exposure and corrective measures were implemented.","[REPORT_TYPE] Near Miss [SITE] Storage depot [ACTIVITY] Valve maintenance [BARRIER_FAILURE] No pre-entry gas test, attendant, rescue arrangement, or signed entry permit [IOGP_RULE] Confined Space [TEXT] During routine checks at Storage depot, No pre-entry gas test, attendant, rescue arrangement, or signed entry permit was observed during Valve maintenance. The activity was stopped as it could have resulted in serious harm. Work was halted due to high-risk exposure and corrective measures were implemented.",High,1
NM_0307,Near Miss,Process plant,Manual handling of tubulars,Warning sign missing,Confined Space,"Before/during Manual handling of tubulars at Process plant, Warning sign missing. The supervisor reviewed and approved continuation after correction. No one was exposed, but the observation required a documented corrective action.","Before/during Manual handling of tubulars at Process plant, Warning sign missing. The supervisor reviewed and approved continuation after correction. No one was exposed, but the observation required a documented corrective action.","[REPORT_TYPE] Near Miss [SITE] Process plant [ACTIVITY] Manual handling of tubulars [BARRIER_FAILURE] Warning sign missing [IOGP_RULE] Confined Space [TEXT] Before/during Manual handling of tubulars at Process plant, Warning sign missing. The supervisor reviewed and approved continuation after correction. No one was exposed, but the observation required a documented corrective action.",Medium,0
NM_0114,Near Miss,Storage depot,Hot work (welding/grinding),Driver fatigue screening and journey-management check were incomplete,Hot Work,"During Hot work (welding/grinding) at Storage depot, Driver fatigue screening and journey-management check were incomplete. The team corrected it without delay. The observation was logged and addressed during the same shift.","During Hot work (welding/grinding) at Storage depot, Driver fatigue screening and journey-management check were incomplete. The team corrected it without delay. The observation was logged and addressed during the same shift.","[REPORT_TYPE] Near Miss [SITE] Storage depot [ACTIVITY] Hot work (welding/grinding) [BARRIER_FAILURE] Driver fatigue screening and journey-management check were incomplete [IOGP_RULE] Hot Work [TEXT] During Hot work (welding/grinding) at Storage depot, Driver fatigue screening and journey-management check were incomplete. The team corrected it without delay. The observation was logged and addressed during the same shift.",Low,0
NM_0767,Near Miss,Field office area,Tank farm operations,Drain cover was open and combustible vapour testing was not documented,Confined Space,"Near-miss observation: while performing Tank farm operations at Field office area, the team found that Drain cover was open and combustible vapour testing was not documented. All personnel were evacuated. The condition presented immediate potentially fatal exposure; operations were stopped, the area was isolated, and emergency escalation began.","Near-miss observation: while performing Tank farm operations at Field office area, the team found that Drain cover was open and combustible vapour testing was not documented. All personnel were evacuated. The condition presented immediate potentially fatal exposure; operations were stopped, the area was isolated, and emergency escalation began.","[REPORT_TYPE] Near Miss [SITE] Field office area [ACTIVITY] Tank farm operations [BARRIER_FAILURE] Drain cover was open and combustible vapour testing was not documented [IOGP_RULE] Confined Space [TEXT] Near-miss observation: while performing Tank farm operations at Field office area, the team found that Drain cover was open and combustible vapour testing was not documented. All personnel were evacuated. The condition presented immediate potentially fatal exposure; operations were stopped, the area was isolated, and emergency escalation began.",Critical,1
NM_0672,Near Miss,Drilling rig,Electrical maintenance,Drain cover was open and combustible vapour testing was not documented,Energy Isolation,"During routine checks at Drilling rig, Drain cover was open and combustible vapour testing was not documented was observed during Electrical maintenance. Multiple workers were at risk of serious injury or fatality. The situation had imminent potential for fatality and was escalated immediately.","During routine checks at Drilling rig, Drain cover was open and combustible vapour testing was not documented was observed during Electrical maintenance. Multiple workers were at risk of serious injury or fatality. The situation had imminent potential for fatality and was escalated immediately.","[REPORT_TYPE] Near Miss [SITE] Drilling rig [ACTIVITY] Electrical maintenance [BARRIER_FAILURE] Drain cover was open and combustible vapour testing was not documented [IOGP_RULE] Energy Isolation [TEXT] During routine checks at Drilling rig, Drain cover was open and combustible vapour testing was not documented was observed during Electrical maintenance. Multiple workers were at risk of serious injury or fatality. The situation had imminent potential for fatality and was escalated immediately.",Critical,1
NM_0620,Near Miss,Gas processing unit,Well intervention,Fire watch missing,Hot Work,"During routine checks at Gas processing unit, Fire watch missing was observed during Well intervention. All personnel were evacuated. Multiple critical barriers were ineffective, creating imminent serious-injury or fatality potential.","During routine checks at Gas processing unit, Fire watch missing was observed during Well intervention. All personnel were evacuated. Multiple critical barriers were ineffective, creating imminent serious-injury or fatality potential.","[REPORT_TYPE] Near Miss [SITE] Gas processing unit [ACTIVITY] Well intervention [BARRIER_FAILURE] Fire watch missing [IOGP_RULE] Hot Work [TEXT] During routine checks at Gas processing unit, Fire watch missing was observed during Well intervention. All personnel were evacuated. Multiple critical barriers were ineffective, creating imminent serious-injury or fatality potential.",Critical,1
NM_0264,Near Miss,Field office area,Emergency valve servicing,Exclusion zone missing,Line of Fire,"During routine checks at Field office area, Exclusion zone missing was observed during Emergency valve servicing. The supervisor reviewed and approved continuation after correction. The task was paused, the control was restored, and the supervisor verified readiness before work resumed.","During routine checks at Field office area, Exclusion zone missing was observed during Emergency valve servicing. The supervisor reviewed and approved continuation after correction. The task was paused, the control was restored, and the supervisor verified readiness before work resumed.","[REPORT_TYPE] Near Miss [SITE] Field office area [ACTIVITY] Emergency valve servicing [BARRIER_FAILURE] Exclusion zone missing [IOGP_RULE] Line of Fire [TEXT] During routine checks at Field office area, Exclusion zone missing was observed during Emergency valve servicing. The supervisor reviewed and approved continuation after correction. The task was paused, the control was restored, and the supervisor verified readiness before work resumed.",Medium,0
NM_0737,Near Miss,Field office area,Grinding near drain,"Lift plan, tag lines, and barricaded drop zone were not available",Hot Work,"During routine checks at Field office area, Lift plan, tag lines, and barricaded drop zone were not available was observed during Grinding near drain. Multiple workers were at risk of serious injury or fatality. The situation had imminent potential for fatality and was escalated immediately.","During routine checks at Field office area, Lift plan, tag lines, and barricaded drop zone were not available was observed during Grinding near drain. Multiple workers were at risk of serious injury or fatality. The situation had imminent potential for fatality and was escalated immediately.","[REPORT_TYPE] Near Miss [SITE] Field office area [ACTIVITY] Grinding near drain [BARRIER_FAILURE] Lift plan, tag lines, and barricaded drop zone were not available [IOGP_RULE] Hot Work [TEXT] During routine checks at Field office area, Lift plan, tag lines, and barricaded drop zone were not available was observed during Grinding near drain. Multiple workers were at risk of serious injury or fatality. The situation had imminent potential for fatality and was escalated immediately.",Critical,1
NM_0418,Near Miss,Gas processing unit,Emergency valve servicing,Gas test missing,Confined Space,A Gas test missing was identified during Emergency valve servicing at Gas processing unit. Critical control failure was corrected before resuming work. The situation had credible potential for serious injury and was escalated immediately.,A Gas test missing was identified during Emergency valve servicing at Gas processing unit. Critical control failure was corrected before resuming work. The situation had credible potential for serious injury and was escalated immediately.,[REPORT_TYPE] Near Miss [SITE] Gas processing unit [ACTIVITY] Emergency valve servicing [BARRIER_FAILURE] Gas test missing [IOGP_RULE] Confined Space [TEXT] A Gas test missing was identified during Emergency valve servicing at Gas processing unit. Critical control failure was corrected before resuming work. The situation had credible potential for serious injury and was escalated immediately.,High,1
NM_0157,Near Miss,Wellsite,Electrical maintenance,"Lift plan, tag lines, and barricaded drop zone were not available",Energy Isolation,"Inspection revealed Lift plan, tag lines, and barricaded drop zone were not available during Electrical maintenance at Wellsite. The area was corrected immediately. No work stoppage was required as the risk was minimal.","Inspection revealed Lift plan, tag lines, and barricaded drop zone were not available during Electrical maintenance at Wellsite. The area was corrected immediately. No work stoppage was required as the risk was minimal.","[REPORT_TYPE] Near Miss [SITE] Wellsite [ACTIVITY] Electrical maintenance [BARRIER_FAILURE] Lift plan, tag lines, and barricaded drop zone were not available [IOGP_RULE] Energy Isolation [TEXT] Inspection revealed Lift plan, tag lines, and barricaded drop zone were not available during Electrical maintenance at Wellsite. The area was corrected immediately. No work stoppage was required as the risk was minimal.",Low,0
NM_0751,Near Miss,Maintenance yard,Pipeline inspection,Permit missing,Work Authorization,"Near-miss observation: while performing Pipeline inspection at Maintenance yard, the team found that Permit missing. Actual exposure to hazardous conditions occurred. Multiple critical barriers were ineffective, creating imminent serious-injury or fatality potential.","Near-miss observation: while performing Pipeline inspection at Maintenance yard, the team found that Permit missing. Actual exposure to hazardous conditions occurred. Multiple critical barriers were ineffective, creating imminent serious-injury or fatality potential.","[REPORT_TYPE] Near Miss [SITE] Maintenance yard [ACTIVITY] Pipeline inspection [BARRIER_FAILURE] Permit missing [IOGP_RULE] Work Authorization [TEXT] Near-miss observation: while performing Pipeline inspection at Maintenance yard, the team found that Permit missing. Actual exposure to hazardous conditions occurred. Multiple critical barriers were ineffective, creating imminent serious-injury or fatality potential.",Critical,1
NM_0265,Near Miss,Storage depot,Reversing vehicle operations,Trip interlock was found bypassed during a production upset,Driving,"During routine checks at Storage depot, Trip interlock was found bypassed during a production upset was observed during Reversing vehicle operations. Work was stopped temporarily and resumed after verification. The task was paused, the control was restored, and the supervisor verified readiness before work resumed.","During routine checks at Storage depot, Trip interlock was found bypassed during a production upset was observed during Reversing vehicle operations. Work was stopped temporarily and resumed after verification. The task was paused, the control was restored, and the supervisor verified readiness before work resumed.","[REPORT_TYPE] Near Miss [SITE] Storage depot [ACTIVITY] Reversing vehicle operations [BARRIER_FAILURE] Trip interlock was found bypassed during a production upset [IOGP_RULE] Driving [TEXT] During routine checks at Storage depot, Trip interlock was found bypassed during a production upset was observed during Reversing vehicle operations. Work was stopped temporarily and resumed after verification. The task was paused, the control was restored, and the supervisor verified readiness before work resumed.",Medium,0
NM_0045,Near Miss,Field office area,Valve maintenance,Fall arrest missing,Working at Height,"Near-miss observation: while performing Valve maintenance at Field office area, the team found that Fall arrest missing. Corrective action was taken on the spot. The team recorded the observation and completed immediate housekeeping correction.","Near-miss observation: while performing Valve maintenance at Field office area, the team found that Fall arrest missing. Corrective action was taken on the spot. The team recorded the observation and completed immediate housekeeping correction.","[REPORT_TYPE] Near Miss [SITE] Field office area [ACTIVITY] Valve maintenance [BARRIER_FAILURE] Fall arrest missing [IOGP_RULE] Working at Height [TEXT] Near-miss observation: while performing Valve maintenance at Field office area, the team found that Fall arrest missing. Corrective action was taken on the spot. The team recorded the observation and completed immediate housekeeping correction.",Low,0
NM_0649,Near Miss,Field office area,Process unit startup/shutdown,Damaged pallet and unstable load were being raised without a spotter,Working at Height,"Shift crew reported that during Process unit startup/shutdown in Field office area, Damaged pallet and unstable load were being raised without a spotter. Multiple workers were at risk of serious injury or fatality. Personnel were moved to a safe location and the event was treated as a high-potential near miss.","Shift crew reported that during Process unit startup/shutdown in Field office area, Damaged pallet and unstable load were being raised without a spotter. Multiple workers were at risk of serious injury or fatality. Personnel were moved to a safe location and the event was treated as a high-potential near miss.","[REPORT_TYPE] Near Miss [SITE] Field office area [ACTIVITY] Process unit startup/shutdown [BARRIER_FAILURE] Damaged pallet and unstable load were being raised without a spotter [IOGP_RULE] Working at Height [TEXT] Shift crew reported that during Process unit startup/shutdown in Field office area, Damaged pallet and unstable load were being raised without a spotter. Multiple workers were at risk of serious injury or fatality. Personnel were moved to a safe location and the event was treated as a high-potential near miss.",Critical,1
NM_0478,Near Miss,Storage tank,Pressure vessel testing,Excavation edge was not barricaded and underground utility mark-out was incomplete,Confined Space,"Shift crew reported that during Pressure vessel testing in Storage tank, Excavation edge was not barricaded and underground utility mark-out was incomplete. Critical control failure was corrected before resuming work. The situation had credible potential for serious injury and was escalated immediately.","Shift crew reported that during Pressure vessel testing in Storage tank, Excavation edge was not barricaded and underground utility mark-out was incomplete. Critical control failure was corrected before resuming work. The situation had credible potential for serious injury and was escalated immediately.","[REPORT_TYPE] Near Miss [SITE] Storage tank [ACTIVITY] Pressure vessel testing [BARRIER_FAILURE] Excavation edge was not barricaded and underground utility mark-out was incomplete [IOGP_RULE] Confined Space [TEXT] Shift crew reported that during Pressure vessel testing in Storage tank, Excavation edge was not barricaded and underground utility mark-out was incomplete. Critical control failure was corrected before resuming work. The situation had credible potential for serious injury and was escalated immediately.",High,1
NM_0139,Near Miss,Truck loading bay,Scaffolding work,Scaffold was altered without inspection tag and toe boards were missing,Working at Height,"During routine checks at Truck loading bay, Scaffold was altered without inspection tag and toe boards were missing was observed during Scaffolding work. Corrective action was taken on the spot. The team recorded the observation and completed immediate housekeeping correction.","During routine checks at Truck loading bay, Scaffold was altered without inspection tag and toe boards were missing was observed during Scaffolding work. Corrective action was taken on the spot. The team recorded the observation and completed immediate housekeeping correction.","[REPORT_TYPE] Near Miss [SITE] Truck loading bay [ACTIVITY] Scaffolding work [BARRIER_FAILURE] Scaffold was altered without inspection tag and toe boards were missing [IOGP_RULE] Working at Height [TEXT] During routine checks at Truck loading bay, Scaffold was altered without inspection tag and toe boards were missing was observed during Scaffolding work. Corrective action was taken on the spot. The team recorded the observation and completed immediate housekeeping correction.",Low,0
NM_0369,Near Miss,Compressor station,Pipe spool welding,Trip interlock was found bypassed during a production upset,Hot Work,"Before/during Pipe spool welding at Compressor station, Trip interlock was found bypassed during a production upset. The supervisor reviewed and approved continuation after correction. The task was paused, the control was restored, and the supervisor verified readiness before work resumed.","Before/during Pipe spool welding at Compressor station, Trip interlock was found bypassed during a production upset. The supervisor reviewed and approved continuation after correction. The task was paused, the control was restored, and the supervisor verified readiness before work resumed.","[REPORT_TYPE] Near Miss [SITE] Compressor station [ACTIVITY] Pipe spool welding [BARRIER_FAILURE] Trip interlock was found bypassed during a production upset [IOGP_RULE] Hot Work [TEXT] Before/during Pipe spool welding at Compressor station, Trip interlock was found bypassed during a production upset. The supervisor reviewed and approved continuation after correction. The task was paused, the control was restored, and the supervisor verified readiness before work resumed.",Medium,0
NM_0153,Near Miss,LPG bottling plant,Vehicle movement,Isolation not verified,Energy Isolation,"Near-miss observation: while performing Vehicle movement at LPG bottling plant, the team found that Isolation not verified. Work was paused briefly and the issue was resolved. The observation was logged and addressed during the same shift.","Near-miss observation: while performing Vehicle movement at LPG bottling plant, the team found that Isolation not verified. Work was paused briefly and the issue was resolved. The observation was logged and addressed during the same shift.","[REPORT_TYPE] Near Miss [SITE] LPG bottling plant [ACTIVITY] Vehicle movement [BARRIER_FAILURE] Isolation not verified [IOGP_RULE] Energy Isolation [TEXT] Near-miss observation: while performing Vehicle movement at LPG bottling plant, the team found that Isolation not verified. Work was paused briefly and the issue was resolved. The observation was logged and addressed during the same shift.",Low,0
NM_0735,Near Miss,Tank farm,Lifting and rigging,Gas testing was overdue and no dedicated fire watch was assigned,Confined Space,"During Lifting and rigging at Tank farm, Gas testing was overdue and no dedicated fire watch was assigned. Multiple workers were at risk of serious injury or fatality. All personnel were evacuated and the area was secured pending full investigation.","During Lifting and rigging at Tank farm, Gas testing was overdue and no dedicated fire watch was assigned. Multiple workers were at risk of serious injury or fatality. All personnel were evacuated and the area was secured pending full investigation.","[REPORT_TYPE] Near Miss [SITE] Tank farm [ACTIVITY] Lifting and rigging [BARRIER_FAILURE] Gas testing was overdue and no dedicated fire watch was assigned [IOGP_RULE] Confined Space [TEXT] During Lifting and rigging at Tank farm, Gas testing was overdue and no dedicated fire watch was assigned. Multiple workers were at risk of serious injury or fatality. All personnel were evacuated and the area was secured pending full investigation.",Critical,1
NM_0368,Near Miss,LPG bottling plant,Valve maintenance,Open edge protection and full-body harness anchorage were unavailable,Working at Height,"During Valve maintenance at LPG bottling plant, Open edge protection and full-body harness anchorage were unavailable. Work was paused until the issue was addressed. The supervisor reviewed the situation and approved continuation after correction.","During Valve maintenance at LPG bottling plant, Open edge protection and full-body harness anchorage were unavailable. Work was paused until the issue was addressed. The supervisor reviewed the situation and approved continuation after correction.","[REPORT_TYPE] Near Miss [SITE] LPG bottling plant [ACTIVITY] Valve maintenance [BARRIER_FAILURE] Open edge protection and full-body harness anchorage were unavailable [IOGP_RULE] Working at Height [TEXT] During Valve maintenance at LPG bottling plant, Open edge protection and full-body harness anchorage were unavailable. Work was paused until the issue was addressed. The supervisor reviewed the situation and approved continuation after correction.",Medium,0
NM_0044,Near Miss,Refinery unit,Well intervention,Gas testing was overdue and no dedicated fire watch was assigned,Confined Space,"A Gas testing was overdue and no dedicated fire watch was assigned was identified during Well intervention at Refinery unit. Work was paused briefly and the issue was resolved. The condition was corrected during the routine inspection, with no exposure to hazardous energy.","A Gas testing was overdue and no dedicated fire watch was assigned was identified during Well intervention at Refinery unit. Work was paused briefly and the issue was resolved. The condition was corrected during the routine inspection, with no exposure to hazardous energy.","[REPORT_TYPE] Near Miss [SITE] Refinery unit [ACTIVITY] Well intervention [BARRIER_FAILURE] Gas testing was overdue and no dedicated fire watch was assigned [IOGP_RULE] Confined Space [TEXT] A Gas testing was overdue and no dedicated fire watch was assigned was identified during Well intervention at Refinery unit. Work was paused briefly and the issue was resolved. The condition was corrected during the routine inspection, with no exposure to hazardous energy.",Low,0
NM_0419,Near Miss,Refinery unit,Well intervention,Guard missing,Driving,"During routine checks at Refinery unit, Guard missing was observed during Well intervention. The activity was stopped as it could have resulted in serious harm. Personnel were close to hazardous energy exposure, so the area was secured pending investigation.","During routine checks at Refinery unit, Guard missing was observed during Well intervention. The activity was stopped as it could have resulted in serious harm. Personnel were close to hazardous energy exposure, so the area was secured pending investigation.","[REPORT_TYPE] Near Miss [SITE] Refinery unit [ACTIVITY] Well intervention [BARRIER_FAILURE] Guard missing [IOGP_RULE] Driving [TEXT] During routine checks at Refinery unit, Guard missing was observed during Well intervention. The activity was stopped as it could have resulted in serious harm. Personnel were close to hazardous energy exposure, so the area was secured pending investigation.",High,1
NM_0374,Near Miss,Compressor station,Hydrostatic pressure test,Scaffold was altered without inspection tag and toe boards were missing,Safe Mechanical Lifting,A Scaffold was altered without inspection tag and toe boards were missing was identified during Hydrostatic pressure test at Compressor station. The supervisor reviewed and approved continuation after correction. Work was temporarily halted pending verification of the control measure.,A Scaffold was altered without inspection tag and toe boards were missing was identified during Hydrostatic pressure test at Compressor station. The supervisor reviewed and approved continuation after correction. Work was temporarily halted pending verification of the control measure.,[REPORT_TYPE] Near Miss [SITE] Compressor station [ACTIVITY] Hydrostatic pressure test [BARRIER_FAILURE] Scaffold was altered without inspection tag and toe boards were missing [IOGP_RULE] Safe Mechanical Lifting [TEXT] A Scaffold was altered without inspection tag and toe boards were missing was identified during Hydrostatic pressure test at Compressor station. The supervisor reviewed and approved continuation after correction. Work was temporarily halted pending verification of the control measure.,Medium,0
NM_0542,Near Miss,Maintenance yard,Scaffolding work,Line was not depressurised and workers were positioned in the potential release path,Working at Height,"During routine checks at Maintenance yard, Line was not depressurised and workers were positioned in the potential release path was observed during Scaffolding work. Critical control failure was corrected before resuming work. The situation had credible potential for serious injury and was escalated immediately.","During routine checks at Maintenance yard, Line was not depressurised and workers were positioned in the potential release path was observed during Scaffolding work. Critical control failure was corrected before resuming work. The situation had credible potential for serious injury and was escalated immediately.","[REPORT_TYPE] Near Miss [SITE] Maintenance yard [ACTIVITY] Scaffolding work [BARRIER_FAILURE] Line was not depressurised and workers were positioned in the potential release path [IOGP_RULE] Working at Height [TEXT] During routine checks at Maintenance yard, Line was not depressurised and workers were positioned in the potential release path was observed during Scaffolding work. Critical control failure was corrected before resuming work. The situation had credible potential for serious injury and was escalated immediately.",High,1
NM_0339,Near Miss,Wellsite,Internal tank inspection,Fall arrest missing,Confined Space,"Shift crew reported that during Internal tank inspection in Wellsite, Fall arrest missing. Work was paused until the issue was addressed. The crew escalated the issue through the shift safety meeting and closed it before continuation.","Shift crew reported that during Internal tank inspection in Wellsite, Fall arrest missing. Work was paused until the issue was addressed. The crew escalated the issue through the shift safety meeting and closed it before continuation.","[REPORT_TYPE] Near Miss [SITE] Wellsite [ACTIVITY] Internal tank inspection [BARRIER_FAILURE] Fall arrest missing [IOGP_RULE] Confined Space [TEXT] Shift crew reported that during Internal tank inspection in Wellsite, Fall arrest missing. Work was paused until the issue was addressed. The crew escalated the issue through the shift safety meeting and closed it before continuation.",Medium,0
NM_0742,Near Miss,Field office area,Drilling operations,Pneumatic energy isolation was not locked and residual pressure remained in the line,Energy Isolation,"Before/during Drilling operations at Field office area, Pneumatic energy isolation was not locked and residual pressure remained in the line. All personnel were evacuated. All personnel were evacuated and the area was secured pending full investigation.","Before/during Drilling operations at Field office area, Pneumatic energy isolation was not locked and residual pressure remained in the line. All personnel were evacuated. All personnel were evacuated and the area was secured pending full investigation.","[REPORT_TYPE] Near Miss [SITE] Field office area [ACTIVITY] Drilling operations [BARRIER_FAILURE] Pneumatic energy isolation was not locked and residual pressure remained in the line [IOGP_RULE] Energy Isolation [TEXT] Before/during Drilling operations at Field office area, Pneumatic energy isolation was not locked and residual pressure remained in the line. All personnel were evacuated. All personnel were evacuated and the area was secured pending full investigation.",Critical,1
NM_0119,Near Miss,Truck loading bay,Process unit startup/shutdown,Warning sign missing,Hot Work,"Shift crew reported that during Process unit startup/shutdown in Truck loading bay, Warning sign missing. The team corrected it without delay. The issue was minor and was rectified before it affected the task.","Shift crew reported that during Process unit startup/shutdown in Truck loading bay, Warning sign missing. The team corrected it without delay. The issue was minor and was rectified before it affected the task.","[REPORT_TYPE] Near Miss [SITE] Truck loading bay [ACTIVITY] Process unit startup/shutdown [BARRIER_FAILURE] Warning sign missing [IOGP_RULE] Hot Work [TEXT] Shift crew reported that during Process unit startup/shutdown in Truck loading bay, Warning sign missing. The team corrected it without delay. The issue was minor and was rectified before it affected the task.",Low,0
NM_0544,Near Miss,Pipeline ROW,Breaking a pressurised flange,Reversing was attempted without a banksman and pedestrian segregation,Driving,"Before/during Breaking a pressurised flange at Pipeline ROW, Reversing was attempted without a banksman and pedestrian segregation. Work was stopped due to potential serious injury risk. The situation had credible potential for serious injury and was escalated immediately.","Before/during Breaking a pressurised flange at Pipeline ROW, Reversing was attempted without a banksman and pedestrian segregation. Work was stopped due to potential serious injury risk. The situation had credible potential for serious injury and was escalated immediately.","[REPORT_TYPE] Near Miss [SITE] Pipeline ROW [ACTIVITY] Breaking a pressurised flange [BARRIER_FAILURE] Reversing was attempted without a banksman and pedestrian segregation [IOGP_RULE] Driving [TEXT] Before/during Breaking a pressurised flange at Pipeline ROW, Reversing was attempted without a banksman and pedestrian segregation. Work was stopped due to potential serious injury risk. The situation had credible potential for serious injury and was escalated immediately.",High,1
NM_0508,Near Miss,LPG bottling plant,Sampling and testing,Test manifold lacked verified restraint and pressure-release exclusion controls,None/Not Applicable,"Inspection revealed Test manifold lacked verified restraint and pressure-release exclusion controls during Sampling and testing at LPG bottling plant. Critical control failure was corrected before resuming work. Personnel were close to hazardous energy exposure, so the area was secured pending investigation.","Inspection revealed Test manifold lacked verified restraint and pressure-release exclusion controls during Sampling and testing at LPG bottling plant. Critical control failure was corrected before resuming work. Personnel were close to hazardous energy exposure, so the area was secured pending investigation.","[REPORT_TYPE] Near Miss [SITE] LPG bottling plant [ACTIVITY] Sampling and testing [BARRIER_FAILURE] Test manifold lacked verified restraint and pressure-release exclusion controls [IOGP_RULE] None/Not Applicable [TEXT] Inspection revealed Test manifold lacked verified restraint and pressure-release exclusion controls during Sampling and testing at LPG bottling plant. Critical control failure was corrected before resuming work. Personnel were close to hazardous energy exposure, so the area was secured pending investigation.",High,1
NM_0519,Near Miss,Pipeline ROW,Well intervention,Tool inspection missing,Driving,"During routine checks at Pipeline ROW, Tool inspection missing was observed during Well intervention. Work was stopped due to potential serious injury risk. Work was halted due to high-risk exposure and corrective measures were implemented.","During routine checks at Pipeline ROW, Tool inspection missing was observed during Well intervention. Work was stopped due to potential serious injury risk. Work was halted due to high-risk exposure and corrective measures were implemented.","[REPORT_TYPE] Near Miss [SITE] Pipeline ROW [ACTIVITY] Well intervention [BARRIER_FAILURE] Tool inspection missing [IOGP_RULE] Driving [TEXT] During routine checks at Pipeline ROW, Tool inspection missing was observed during Well intervention. Work was stopped due to potential serious injury risk. Work was halted due to high-risk exposure and corrective measures were implemented.",High,1
NM_0326,Near Miss,Offshore platform,Compressor troubleshooting,Reversing was attempted without a banksman and pedestrian segregation,Driving,"Near-miss observation: while performing Compressor troubleshooting at Offshore platform, the team found that Reversing was attempted without a banksman and pedestrian segregation. Work was stopped temporarily and resumed after verification. The crew escalated the issue through the shift safety meeting and closed it before continuation.","Near-miss observation: while performing Compressor troubleshooting at Offshore platform, the team found that Reversing was attempted without a banksman and pedestrian segregation. Work was stopped temporarily and resumed after verification. The crew escalated the issue through the shift safety meeting and closed it before continuation.","[REPORT_TYPE] Near Miss [SITE] Offshore platform [ACTIVITY] Compressor troubleshooting [BARRIER_FAILURE] Reversing was attempted without a banksman and pedestrian segregation [IOGP_RULE] Driving [TEXT] Near-miss observation: while performing Compressor troubleshooting at Offshore platform, the team found that Reversing was attempted without a banksman and pedestrian segregation. Work was stopped temporarily and resumed after verification. The crew escalated the issue through the shift safety meeting and closed it before continuation.",Medium,0
NM_0598,Near Miss,Compressor station,Chemical sampling,Permit missing,Work Authorization,Inspection revealed Permit missing during Chemical sampling at Compressor station. Critical control failure was corrected before resuming work. The failed critical control created credible potential for serious injury; the task was stopped and reported to HSE.,Inspection revealed Permit missing during Chemical sampling at Compressor station. Critical control failure was corrected before resuming work. The failed critical control created credible potential for serious injury; the task was stopped and reported to HSE.,[REPORT_TYPE] Near Miss [SITE] Compressor station [ACTIVITY] Chemical sampling [BARRIER_FAILURE] Permit missing [IOGP_RULE] Work Authorization [TEXT] Inspection revealed Permit missing during Chemical sampling at Compressor station. Critical control failure was corrected before resuming work. The failed critical control created credible potential for serious injury; the task was stopped and reported to HSE.,High,1
NM_0527,Near Miss,Drilling rig,Pipeline inspection,Emergency access route was partly obstructed by temporary materials,None/Not Applicable,"Before/during Pipeline inspection at Drilling rig, Emergency access route was partly obstructed by temporary materials. Work was stopped due to potential serious injury risk. Work was halted due to high-risk exposure and corrective measures were implemented.","Before/during Pipeline inspection at Drilling rig, Emergency access route was partly obstructed by temporary materials. Work was stopped due to potential serious injury risk. Work was halted due to high-risk exposure and corrective measures were implemented.","[REPORT_TYPE] Near Miss [SITE] Drilling rig [ACTIVITY] Pipeline inspection [BARRIER_FAILURE] Emergency access route was partly obstructed by temporary materials [IOGP_RULE] None/Not Applicable [TEXT] Before/during Pipeline inspection at Drilling rig, Emergency access route was partly obstructed by temporary materials. Work was stopped due to potential serious injury risk. Work was halted due to high-risk exposure and corrective measures were implemented.",High,1
NM_0647,Near Miss,Truck loading bay,Drilling operations,Fall arrest missing,Working at Height,"Before/during Drilling operations at Truck loading bay, Fall arrest missing. All personnel were evacuated. Personnel were moved to a safe location and the event was treated as a high-potential near miss.","Before/during Drilling operations at Truck loading bay, Fall arrest missing. All personnel were evacuated. Personnel were moved to a safe location and the event was treated as a high-potential near miss.","[REPORT_TYPE] Near Miss [SITE] Truck loading bay [ACTIVITY] Drilling operations [BARRIER_FAILURE] Fall arrest missing [IOGP_RULE] Working at Height [TEXT] Before/during Drilling operations at Truck loading bay, Fall arrest missing. All personnel were evacuated. Personnel were moved to a safe location and the event was treated as a high-potential near miss.",Critical,1
NM_0745,Near Miss,Truck loading bay,Reversing vehicle operations,Fire watch missing,Hot Work,"During Reversing vehicle operations at Truck loading bay, Fire watch missing. Work was stopped urgently and emergency response was initiated. All personnel were evacuated and the area was secured pending full investigation.","During Reversing vehicle operations at Truck loading bay, Fire watch missing. Work was stopped urgently and emergency response was initiated. All personnel were evacuated and the area was secured pending full investigation.","[REPORT_TYPE] Near Miss [SITE] Truck loading bay [ACTIVITY] Reversing vehicle operations [BARRIER_FAILURE] Fire watch missing [IOGP_RULE] Hot Work [TEXT] During Reversing vehicle operations at Truck loading bay, Fire watch missing. Work was stopped urgently and emergency response was initiated. All personnel were evacuated and the area was secured pending full investigation.",Critical,1
NM_0108,Near Miss,Storage depot,Forklift pallet handling,Scaffold was altered without inspection tag and toe boards were missing,Safe Mechanical Lifting,"Near-miss observation: while performing Forklift pallet handling at Storage depot, the team found that Scaffold was altered without inspection tag and toe boards were missing. Work was paused briefly and the issue was resolved. The observation was logged and addressed during the same shift.","Near-miss observation: while performing Forklift pallet handling at Storage depot, the team found that Scaffold was altered without inspection tag and toe boards were missing. Work was paused briefly and the issue was resolved. The observation was logged and addressed during the same shift.","[REPORT_TYPE] Near Miss [SITE] Storage depot [ACTIVITY] Forklift pallet handling [BARRIER_FAILURE] Scaffold was altered without inspection tag and toe boards were missing [IOGP_RULE] Safe Mechanical Lifting [TEXT] Near-miss observation: while performing Forklift pallet handling at Storage depot, the team found that Scaffold was altered without inspection tag and toe boards were missing. Work was paused briefly and the issue was resolved. The observation was logged and addressed during the same shift.",Low,0
NM_0413,Near Miss,Truck loading bay,Loading/unloading operations,Isolation not verified,Energy Isolation,"Before/during Loading/unloading operations at Truck loading bay, Isolation not verified. Critical control failure was corrected before resuming work. A supervisor issued a stop-work intervention and required a formal control verification.","Before/during Loading/unloading operations at Truck loading bay, Isolation not verified. Critical control failure was corrected before resuming work. A supervisor issued a stop-work intervention and required a formal control verification.","[REPORT_TYPE] Near Miss [SITE] Truck loading bay [ACTIVITY] Loading/unloading operations [BARRIER_FAILURE] Isolation not verified [IOGP_RULE] Energy Isolation [TEXT] Before/during Loading/unloading operations at Truck loading bay, Isolation not verified. Critical control failure was corrected before resuming work. A supervisor issued a stop-work intervention and required a formal control verification.",High,1
NM_0065,Near Miss,Maintenance yard,Loading/unloading operations,Procedure not followed,Work Authorization,"Before/during Loading/unloading operations at Maintenance yard, Procedure not followed. The team corrected it without delay. The issue was minor and was rectified before it affected the task.","Before/during Loading/unloading operations at Maintenance yard, Procedure not followed. The team corrected it without delay. The issue was minor and was rectified before it affected the task.","[REPORT_TYPE] Near Miss [SITE] Maintenance yard [ACTIVITY] Loading/unloading operations [BARRIER_FAILURE] Procedure not followed [IOGP_RULE] Work Authorization [TEXT] Before/during Loading/unloading operations at Maintenance yard, Procedure not followed. The team corrected it without delay. The issue was minor and was rectified before it affected the task.",Low,0
NM_0353,Near Miss,Drilling rig,Lifting valve actuator,Simultaneous operations were not recorded in the permit briefing,Safe Mechanical Lifting,"Shift crew reported that during Lifting valve actuator in Drilling rig, Simultaneous operations were not recorded in the permit briefing. Work was stopped temporarily and resumed after verification. The supervisor reviewed the situation and approved continuation after correction.","Shift crew reported that during Lifting valve actuator in Drilling rig, Simultaneous operations were not recorded in the permit briefing. Work was stopped temporarily and resumed after verification. The supervisor reviewed the situation and approved continuation after correction.","[REPORT_TYPE] Near Miss [SITE] Drilling rig [ACTIVITY] Lifting valve actuator [BARRIER_FAILURE] Simultaneous operations were not recorded in the permit briefing [IOGP_RULE] Safe Mechanical Lifting [TEXT] Shift crew reported that during Lifting valve actuator in Drilling rig, Simultaneous operations were not recorded in the permit briefing. Work was stopped temporarily and resumed after verification. The supervisor reviewed the situation and approved continuation after correction.",Medium,0
NM_0214,Near Miss,Gas processing unit,Equipment maintenance,Tool inspection missing,Safe Mechanical Lifting,"Near-miss observation: while performing Equipment maintenance at Gas processing unit, the team found that Tool inspection missing. The job proceeded only after corrective measures. Work was temporarily halted pending verification of the control measure.","Near-miss observation: while performing Equipment maintenance at Gas processing unit, the team found that Tool inspection missing. The job proceeded only after corrective measures. Work was temporarily halted pending verification of the control measure.","[REPORT_TYPE] Near Miss [SITE] Gas processing unit [ACTIVITY] Equipment maintenance [BARRIER_FAILURE] Tool inspection missing [IOGP_RULE] Safe Mechanical Lifting [TEXT] Near-miss observation: while performing Equipment maintenance at Gas processing unit, the team found that Tool inspection missing. The job proceeded only after corrective measures. Work was temporarily halted pending verification of the control measure.",Medium,0
NM_0675,Near Miss,Process plant,Pipe spool welding,Permit missing,Hot Work,"Near-miss observation: while performing Pipe spool welding at Process plant, the team found that Permit missing. The situation had imminent potential for fatality and was escalated immediately. All personnel were evacuated and the area was secured pending full investigation.","Near-miss observation: while performing Pipe spool welding at Process plant, the team found that Permit missing. The situation had imminent potential for fatality and was escalated immediately. All personnel were evacuated and the area was secured pending full investigation.","[REPORT_TYPE] Near Miss [SITE] Process plant [ACTIVITY] Pipe spool welding [BARRIER_FAILURE] Permit missing [IOGP_RULE] Hot Work [TEXT] Near-miss observation: while performing Pipe spool welding at Process plant, the team found that Permit missing. The situation had imminent potential for fatality and was escalated immediately. All personnel were evacuated and the area was secured pending full investigation.",Critical,1
NM_0048,Near Miss,Field office area,Housekeeping inspection,Gas testing was overdue and no dedicated fire watch was assigned,Confined Space,A Gas testing was overdue and no dedicated fire watch was assigned was identified during Housekeeping inspection at Field office area. Corrective action was taken on the spot. No work stoppage was required as the risk was minimal.,A Gas testing was overdue and no dedicated fire watch was assigned was identified during Housekeeping inspection at Field office area. Corrective action was taken on the spot. No work stoppage was required as the risk was minimal.,[REPORT_TYPE] Near Miss [SITE] Field office area [ACTIVITY] Housekeeping inspection [BARRIER_FAILURE] Gas testing was overdue and no dedicated fire watch was assigned [IOGP_RULE] Confined Space [TEXT] A Gas testing was overdue and no dedicated fire watch was assigned was identified during Housekeeping inspection at Field office area. Corrective action was taken on the spot. No work stoppage was required as the risk was minimal.,Low,0
NM_0351,Near Miss,Maintenance yard,Pressure vessel testing,Lockout-tagout missing,Confined Space,A Lockout-tagout missing was identified during Pressure vessel testing at Maintenance yard. The activity was delayed pending correction. The supervisor reviewed the situation and approved continuation after correction.,A Lockout-tagout missing was identified during Pressure vessel testing at Maintenance yard. The activity was delayed pending correction. The supervisor reviewed the situation and approved continuation after correction.,[REPORT_TYPE] Near Miss [SITE] Maintenance yard [ACTIVITY] Pressure vessel testing [BARRIER_FAILURE] Lockout-tagout missing [IOGP_RULE] Confined Space [TEXT] A Lockout-tagout missing was identified during Pressure vessel testing at Maintenance yard. The activity was delayed pending correction. The supervisor reviewed the situation and approved continuation after correction.,Medium,0
NM_0689,Near Miss,Storage depot,Chemical sampling,Electrical supply and process pressure isolation were not independently verified,None/Not Applicable,"Near-miss observation: while performing Chemical sampling at Storage depot, the team found that Electrical supply and process pressure isolation were not independently verified. Work was stopped urgently and emergency response was initiated. Personnel were moved to a safe location and the event was treated as a high-potential near miss.","Near-miss observation: while performing Chemical sampling at Storage depot, the team found that Electrical supply and process pressure isolation were not independently verified. Work was stopped urgently and emergency response was initiated. Personnel were moved to a safe location and the event was treated as a high-potential near miss.","[REPORT_TYPE] Near Miss [SITE] Storage depot [ACTIVITY] Chemical sampling [BARRIER_FAILURE] Electrical supply and process pressure isolation were not independently verified [IOGP_RULE] None/Not Applicable [TEXT] Near-miss observation: while performing Chemical sampling at Storage depot, the team found that Electrical supply and process pressure isolation were not independently verified. Work was stopped urgently and emergency response was initiated. Personnel were moved to a safe location and the event was treated as a high-potential near miss.",Critical,1
NM_0218,Near Miss,Truck loading bay,Valve maintenance,Warning sign missing,Energy Isolation,"Shift crew reported that during Valve maintenance in Truck loading bay, Warning sign missing. The job proceeded only after corrective measures. The crew escalated the issue through the shift safety meeting and closed it before continuation.","Shift crew reported that during Valve maintenance in Truck loading bay, Warning sign missing. The job proceeded only after corrective measures. The crew escalated the issue through the shift safety meeting and closed it before continuation.","[REPORT_TYPE] Near Miss [SITE] Truck loading bay [ACTIVITY] Valve maintenance [BARRIER_FAILURE] Warning sign missing [IOGP_RULE] Energy Isolation [TEXT] Shift crew reported that during Valve maintenance in Truck loading bay, Warning sign missing. The job proceeded only after corrective measures. The crew escalated the issue through the shift safety meeting and closed it before continuation.",Medium,0
NM_0630,Near Miss,LPG bottling plant,LPG bottling operations,Training inadequate,Hot Work,"Near-miss observation: while performing LPG bottling operations at LPG bottling plant, the team found that Training inadequate. The situation had imminent potential for fatality and was escalated immediately. Multiple critical barriers were ineffective, creating imminent serious-injury or fatality potential.","Near-miss observation: while performing LPG bottling operations at LPG bottling plant, the team found that Training inadequate. The situation had imminent potential for fatality and was escalated immediately. Multiple critical barriers were ineffective, creating imminent serious-injury or fatality potential.","[REPORT_TYPE] Near Miss [SITE] LPG bottling plant [ACTIVITY] LPG bottling operations [BARRIER_FAILURE] Training inadequate [IOGP_RULE] Hot Work [TEXT] Near-miss observation: while performing LPG bottling operations at LPG bottling plant, the team found that Training inadequate. The situation had imminent potential for fatality and was escalated immediately. Multiple critical barriers were ineffective, creating imminent serious-injury or fatality potential.",Critical,1
NM_0380,Near Miss,Gas processing unit,Loading/unloading operations,Excavation edge was not barricaded and underground utility mark-out was incomplete,Working at Height,"Before/during Loading/unloading operations at Gas processing unit, Excavation edge was not barricaded and underground utility mark-out was incomplete. Work was paused until the issue was addressed. Work was temporarily halted pending verification of the control measure.","Before/during Loading/unloading operations at Gas processing unit, Excavation edge was not barricaded and underground utility mark-out was incomplete. Work was paused until the issue was addressed. Work was temporarily halted pending verification of the control measure.","[REPORT_TYPE] Near Miss [SITE] Gas processing unit [ACTIVITY] Loading/unloading operations [BARRIER_FAILURE] Excavation edge was not barricaded and underground utility mark-out was incomplete [IOGP_RULE] Working at Height [TEXT] Before/during Loading/unloading operations at Gas processing unit, Excavation edge was not barricaded and underground utility mark-out was incomplete. Work was paused until the issue was addressed. Work was temporarily halted pending verification of the control measure.",Medium,0
NM_0588,Near Miss,LPG bottling plant,Well intervention,Open edge protection and full-body harness anchorage were unavailable,Working at Height,A Open edge protection and full-body harness anchorage were unavailable was identified during Well intervention at LPG bottling plant. The job was halted due to high-risk exposure. The failed critical control created credible potential for serious injury; the task was stopped and reported to HSE.,A Open edge protection and full-body harness anchorage were unavailable was identified during Well intervention at LPG bottling plant. The job was halted due to high-risk exposure. The failed critical control created credible potential for serious injury; the task was stopped and reported to HSE.,[REPORT_TYPE] Near Miss [SITE] LPG bottling plant [ACTIVITY] Well intervention [BARRIER_FAILURE] Open edge protection and full-body harness anchorage were unavailable [IOGP_RULE] Working at Height [TEXT] A Open edge protection and full-body harness anchorage were unavailable was identified during Well intervention at LPG bottling plant. The job was halted due to high-risk exposure. The failed critical control created credible potential for serious injury; the task was stopped and reported to HSE.,High,1
NM_0392,Near Miss,Process plant,Sampling and testing,Procedure not followed,Work Authorization,"Near-miss observation: while performing Sampling and testing at Process plant, the team found that Procedure not followed. The activity was delayed pending correction. The crew escalated the issue through the shift safety meeting and closed it before continuation.","Near-miss observation: while performing Sampling and testing at Process plant, the team found that Procedure not followed. The activity was delayed pending correction. The crew escalated the issue through the shift safety meeting and closed it before continuation.","[REPORT_TYPE] Near Miss [SITE] Process plant [ACTIVITY] Sampling and testing [BARRIER_FAILURE] Procedure not followed [IOGP_RULE] Work Authorization [TEXT] Near-miss observation: while performing Sampling and testing at Process plant, the team found that Procedure not followed. The activity was delayed pending correction. The crew escalated the issue through the shift safety meeting and closed it before continuation.",Medium,0
NM_0450,Near Miss,Tank farm,Hydrostatic pressure test,Work scope had changed but the permit and job safety analysis were not revalidated,Hot Work,"During Hydrostatic pressure test at Tank farm, Work scope had changed but the permit and job safety analysis were not revalidated. Work was stopped due to potential serious injury risk. The failed critical control created credible potential for serious injury; the task was stopped and reported to HSE.","During Hydrostatic pressure test at Tank farm, Work scope had changed but the permit and job safety analysis were not revalidated. Work was stopped due to potential serious injury risk. The failed critical control created credible potential for serious injury; the task was stopped and reported to HSE.","[REPORT_TYPE] Near Miss [SITE] Tank farm [ACTIVITY] Hydrostatic pressure test [BARRIER_FAILURE] Work scope had changed but the permit and job safety analysis were not revalidated [IOGP_RULE] Hot Work [TEXT] During Hydrostatic pressure test at Tank farm, Work scope had changed but the permit and job safety analysis were not revalidated. Work was stopped due to potential serious injury risk. The failed critical control created credible potential for serious injury; the task was stopped and reported to HSE.",High,1
NM_0759,Near Miss,Wellsite,Forklift pallet handling,Gas testing was overdue and no dedicated fire watch was assigned,Confined Space,Inspection revealed Gas testing was overdue and no dedicated fire watch was assigned during Forklift pallet handling at Wellsite. All personnel were evacuated. The situation had imminent potential for fatality and was escalated immediately.,Inspection revealed Gas testing was overdue and no dedicated fire watch was assigned during Forklift pallet handling at Wellsite. All personnel were evacuated. The situation had imminent potential for fatality and was escalated immediately.,[REPORT_TYPE] Near Miss [SITE] Wellsite [ACTIVITY] Forklift pallet handling [BARRIER_FAILURE] Gas testing was overdue and no dedicated fire watch was assigned [IOGP_RULE] Confined Space [TEXT] Inspection revealed Gas testing was overdue and no dedicated fire watch was assigned during Forklift pallet handling at Wellsite. All personnel were evacuated. The situation had imminent potential for fatality and was escalated immediately.,Critical,1
NM_0727,Near Miss,Refinery unit,Pump maintenance,Tool inspection missing,Working at Height,"Before/during Pump maintenance at Refinery unit, Tool inspection missing. Multiple workers were at risk of serious injury or fatality. Personnel were moved to a safe location and the event was treated as a high-potential near miss.","Before/during Pump maintenance at Refinery unit, Tool inspection missing. Multiple workers were at risk of serious injury or fatality. Personnel were moved to a safe location and the event was treated as a high-potential near miss.","[REPORT_TYPE] Near Miss [SITE] Refinery unit [ACTIVITY] Pump maintenance [BARRIER_FAILURE] Tool inspection missing [IOGP_RULE] Working at Height [TEXT] Before/during Pump maintenance at Refinery unit, Tool inspection missing. Multiple workers were at risk of serious injury or fatality. Personnel were moved to a safe location and the event was treated as a high-potential near miss.",Critical,1
NM_0670,Near Miss,Storage depot,Vehicle movement,Emergency response delayed,Driving,A Emergency response delayed was identified during Vehicle movement at Storage depot. Work was stopped urgently and emergency response was initiated. All personnel were evacuated and the area was secured pending full investigation.,A Emergency response delayed was identified during Vehicle movement at Storage depot. Work was stopped urgently and emergency response was initiated. All personnel were evacuated and the area was secured pending full investigation.,[REPORT_TYPE] Near Miss [SITE] Storage depot [ACTIVITY] Vehicle movement [BARRIER_FAILURE] Emergency response delayed [IOGP_RULE] Driving [TEXT] A Emergency response delayed was identified during Vehicle movement at Storage depot. Work was stopped urgently and emergency response was initiated. All personnel were evacuated and the area was secured pending full investigation.,Critical,1
NM_0358,Near Miss,Process plant,Crude transfer vehicle movement,Scaffold was altered without inspection tag and toe boards were missing,Confined Space,"Shift crew reported that during Crude transfer vehicle movement in Process plant, Scaffold was altered without inspection tag and toe boards were missing. Work was stopped temporarily and resumed after verification. No one was exposed, but the observation required a documented corrective action.","Shift crew reported that during Crude transfer vehicle movement in Process plant, Scaffold was altered without inspection tag and toe boards were missing. Work was stopped temporarily and resumed after verification. No one was exposed, but the observation required a documented corrective action.","[REPORT_TYPE] Near Miss [SITE] Process plant [ACTIVITY] Crude transfer vehicle movement [BARRIER_FAILURE] Scaffold was altered without inspection tag and toe boards were missing [IOGP_RULE] Confined Space [TEXT] Shift crew reported that during Crude transfer vehicle movement in Process plant, Scaffold was altered without inspection tag and toe boards were missing. Work was stopped temporarily and resumed after verification. No one was exposed, but the observation required a documented corrective action.",Medium,0
NM_0146,Near Miss,Compressor station,Pipe spool welding,Excavation edge was not barricaded and underground utility mark-out was incomplete,Hot Work,"During routine checks at Compressor station, Excavation edge was not barricaded and underground utility mark-out was incomplete was observed during Pipe spool welding. No work stoppage was required. The condition was corrected during the routine inspection, with no exposure to hazardous energy.","During routine checks at Compressor station, Excavation edge was not barricaded and underground utility mark-out was incomplete was observed during Pipe spool welding. No work stoppage was required. The condition was corrected during the routine inspection, with no exposure to hazardous energy.","[REPORT_TYPE] Near Miss [SITE] Compressor station [ACTIVITY] Pipe spool welding [BARRIER_FAILURE] Excavation edge was not barricaded and underground utility mark-out was incomplete [IOGP_RULE] Hot Work [TEXT] During routine checks at Compressor station, Excavation edge was not barricaded and underground utility mark-out was incomplete was observed during Pipe spool welding. No work stoppage was required. The condition was corrected during the routine inspection, with no exposure to hazardous energy.",Low,0
NM_0303,Near Miss,Gas processing unit,Breaking a pressurised flange,Procedure not followed,Work Authorization,A Procedure not followed was identified during Breaking a pressurised flange at Gas processing unit. The activity was delayed pending correction. Work was temporarily halted pending verification of the control measure.,A Procedure not followed was identified during Breaking a pressurised flange at Gas processing unit. The activity was delayed pending correction. Work was temporarily halted pending verification of the control measure.,[REPORT_TYPE] Near Miss [SITE] Gas processing unit [ACTIVITY] Breaking a pressurised flange [BARRIER_FAILURE] Procedure not followed [IOGP_RULE] Work Authorization [TEXT] A Procedure not followed was identified during Breaking a pressurised flange at Gas processing unit. The activity was delayed pending correction. Work was temporarily halted pending verification of the control measure.,Medium,0
NM_0637,Near Miss,Process plant,Loading/unloading operations,Emergency response delayed,Confined Space,"Near-miss observation: while performing Loading/unloading operations at Process plant, the team found that Emergency response delayed. Work was stopped urgently and emergency response was initiated. Multiple critical barriers were ineffective, creating imminent serious-injury or fatality potential.","Near-miss observation: while performing Loading/unloading operations at Process plant, the team found that Emergency response delayed. Work was stopped urgently and emergency response was initiated. Multiple critical barriers were ineffective, creating imminent serious-injury or fatality potential.","[REPORT_TYPE] Near Miss [SITE] Process plant [ACTIVITY] Loading/unloading operations [BARRIER_FAILURE] Emergency response delayed [IOGP_RULE] Confined Space [TEXT] Near-miss observation: while performing Loading/unloading operations at Process plant, the team found that Emergency response delayed. Work was stopped urgently and emergency response was initiated. Multiple critical barriers were ineffective, creating imminent serious-injury or fatality potential.",Critical,1
NM_0239,Near Miss,Storage depot,Scaffolding work,Reversing was attempted without a banksman and pedestrian segregation,Working at Height,"Near-miss observation: while performing Scaffolding work at Storage depot, the team found that Reversing was attempted without a banksman and pedestrian segregation. The supervisor reviewed and approved continuation after correction. Work was temporarily halted pending verification of the control measure.","Near-miss observation: while performing Scaffolding work at Storage depot, the team found that Reversing was attempted without a banksman and pedestrian segregation. The supervisor reviewed and approved continuation after correction. Work was temporarily halted pending verification of the control measure.","[REPORT_TYPE] Near Miss [SITE] Storage depot [ACTIVITY] Scaffolding work [BARRIER_FAILURE] Reversing was attempted without a banksman and pedestrian segregation [IOGP_RULE] Working at Height [TEXT] Near-miss observation: while performing Scaffolding work at Storage depot, the team found that Reversing was attempted without a banksman and pedestrian segregation. The supervisor reviewed and approved continuation after correction. Work was temporarily halted pending verification of the control measure.",Medium,0
NM_0786,Near Miss,Storage depot,Pump maintenance,Electrical supply and process pressure isolation were not independently verified,Driving,"A Electrical supply and process pressure isolation were not independently verified was identified during Pump maintenance at Storage depot. Actual exposure to hazardous conditions occurred. Multiple critical barriers were ineffective, creating imminent serious-injury or fatality potential.","A Electrical supply and process pressure isolation were not independently verified was identified during Pump maintenance at Storage depot. Actual exposure to hazardous conditions occurred. Multiple critical barriers were ineffective, creating imminent serious-injury or fatality potential.","[REPORT_TYPE] Near Miss [SITE] Storage depot [ACTIVITY] Pump maintenance [BARRIER_FAILURE] Electrical supply and process pressure isolation were not independently verified [IOGP_RULE] Driving [TEXT] A Electrical supply and process pressure isolation were not independently verified was identified during Pump maintenance at Storage depot. Actual exposure to hazardous conditions occurred. Multiple critical barriers were ineffective, creating imminent serious-injury or fatality potential.",Critical,1
NM_0484,Near Miss,Maintenance yard,Instrument calibration,Fall arrest missing,Working at Height,A Fall arrest missing was identified during Instrument calibration at Maintenance yard. The job was halted due to high-risk exposure. The failed critical control created credible potential for serious injury; the task was stopped and reported to HSE.,A Fall arrest missing was identified during Instrument calibration at Maintenance yard. The job was halted due to high-risk exposure. The failed critical control created credible potential for serious injury; the task was stopped and reported to HSE.,[REPORT_TYPE] Near Miss [SITE] Maintenance yard [ACTIVITY] Instrument calibration [BARRIER_FAILURE] Fall arrest missing [IOGP_RULE] Working at Height [TEXT] A Fall arrest missing was identified during Instrument calibration at Maintenance yard. The job was halted due to high-risk exposure. The failed critical control created credible potential for serious injury; the task was stopped and reported to HSE.,High,1
NM_0739,Near Miss,Compressor station,Crude transfer vehicle movement,Excavation edge was not barricaded and underground utility mark-out was incomplete,Working at Height,"A Excavation edge was not barricaded and underground utility mark-out was incomplete was identified during Crude transfer vehicle movement at Compressor station. Actual exposure to hazardous conditions occurred. The condition presented immediate potentially fatal exposure; operations were stopped, the area was isolated, and emergency escalation began.","A Excavation edge was not barricaded and underground utility mark-out was incomplete was identified during Crude transfer vehicle movement at Compressor station. Actual exposure to hazardous conditions occurred. The condition presented immediate potentially fatal exposure; operations were stopped, the area was isolated, and emergency escalation began.","[REPORT_TYPE] Near Miss [SITE] Compressor station [ACTIVITY] Crude transfer vehicle movement [BARRIER_FAILURE] Excavation edge was not barricaded and underground utility mark-out was incomplete [IOGP_RULE] Working at Height [TEXT] A Excavation edge was not barricaded and underground utility mark-out was incomplete was identified during Crude transfer vehicle movement at Compressor station. Actual exposure to hazardous conditions occurred. The condition presented immediate potentially fatal exposure; operations were stopped, the area was isolated, and emergency escalation began.",Critical,1
NM_0093,Near Miss,Drilling rig,Sampling and testing,Guard missing,None/Not Applicable,"During Sampling and testing at Drilling rig, Guard missing. Corrective action was taken on the spot. The team recorded the observation and completed immediate housekeeping correction.","During Sampling and testing at Drilling rig, Guard missing. Corrective action was taken on the spot. The team recorded the observation and completed immediate housekeeping correction.","[REPORT_TYPE] Near Miss [SITE] Drilling rig [ACTIVITY] Sampling and testing [BARRIER_FAILURE] Guard missing [IOGP_RULE] None/Not Applicable [TEXT] During Sampling and testing at Drilling rig, Guard missing. Corrective action was taken on the spot. The team recorded the observation and completed immediate housekeeping correction.",Low,0
NM_0531,Near Miss,Field office area,Manual handling of tubulars,Lift plan missing,Safe Mechanical Lifting,"Near-miss observation: while performing Manual handling of tubulars at Field office area, the team found that Lift plan missing. The job was halted due to high-risk exposure. A supervisor issued a stop-work intervention and required a formal control verification.","Near-miss observation: while performing Manual handling of tubulars at Field office area, the team found that Lift plan missing. The job was halted due to high-risk exposure. A supervisor issued a stop-work intervention and required a formal control verification.","[REPORT_TYPE] Near Miss [SITE] Field office area [ACTIVITY] Manual handling of tubulars [BARRIER_FAILURE] Lift plan missing [IOGP_RULE] Safe Mechanical Lifting [TEXT] Near-miss observation: while performing Manual handling of tubulars at Field office area, the team found that Lift plan missing. The job was halted due to high-risk exposure. A supervisor issued a stop-work intervention and required a formal control verification.",High,1
NM_0331,Near Miss,LPG bottling plant,Confined space entry,Fall arrest missing,Confined Space,Inspection revealed Fall arrest missing during Confined space entry at LPG bottling plant. The job proceeded only after corrective measures. Work was temporarily halted pending verification of the control measure.,Inspection revealed Fall arrest missing during Confined space entry at LPG bottling plant. The job proceeded only after corrective measures. Work was temporarily halted pending verification of the control measure.,[REPORT_TYPE] Near Miss [SITE] LPG bottling plant [ACTIVITY] Confined space entry [BARRIER_FAILURE] Fall arrest missing [IOGP_RULE] Confined Space [TEXT] Inspection revealed Fall arrest missing during Confined space entry at LPG bottling plant. The job proceeded only after corrective measures. Work was temporarily halted pending verification of the control measure.,Medium,0
NM_0509,Near Miss,Pipeline ROW,Loading/unloading operations,Fall arrest missing,Working at Height,"During Loading/unloading operations at Pipeline ROW, Fall arrest missing. Work was stopped due to potential serious injury risk. Work was halted due to high-risk exposure and corrective measures were implemented.","During Loading/unloading operations at Pipeline ROW, Fall arrest missing. Work was stopped due to potential serious injury risk. Work was halted due to high-risk exposure and corrective measures were implemented.","[REPORT_TYPE] Near Miss [SITE] Pipeline ROW [ACTIVITY] Loading/unloading operations [BARRIER_FAILURE] Fall arrest missing [IOGP_RULE] Working at Height [TEXT] During Loading/unloading operations at Pipeline ROW, Fall arrest missing. Work was stopped due to potential serious injury risk. Work was halted due to high-risk exposure and corrective measures were implemented.",High,1
NM_0142,Near Miss,Field office area,Process unit startup/shutdown,Open edge protection and full-body harness anchorage were unavailable,Working at Height,"During routine checks at Field office area, Open edge protection and full-body harness anchorage were unavailable was observed during Process unit startup/shutdown. The area was corrected immediately. The condition was corrected during the routine inspection, with no exposure to hazardous energy.","During routine checks at Field office area, Open edge protection and full-body harness anchorage were unavailable was observed during Process unit startup/shutdown. The area was corrected immediately. The condition was corrected during the routine inspection, with no exposure to hazardous energy.","[REPORT_TYPE] Near Miss [SITE] Field office area [ACTIVITY] Process unit startup/shutdown [BARRIER_FAILURE] Open edge protection and full-body harness anchorage were unavailable [IOGP_RULE] Working at Height [TEXT] During routine checks at Field office area, Open edge protection and full-body harness anchorage were unavailable was observed during Process unit startup/shutdown. The area was corrected immediately. The condition was corrected during the routine inspection, with no exposure to hazardous energy.",Low,0
NM_0536,Near Miss,Field office area,Hydrostatic pressure test,Trip interlock was found bypassed during a production upset,Bypassing Safety Controls,"Shift crew reported that during Hydrostatic pressure test in Field office area, Trip interlock was found bypassed during a production upset. The situation had credible potential for serious injury. Work was halted due to high-risk exposure and corrective measures were implemented.","Shift crew reported that during Hydrostatic pressure test in Field office area, Trip interlock was found bypassed during a production upset. The situation had credible potential for serious injury. Work was halted due to high-risk exposure and corrective measures were implemented.","[REPORT_TYPE] Near Miss [SITE] Field office area [ACTIVITY] Hydrostatic pressure test [BARRIER_FAILURE] Trip interlock was found bypassed during a production upset [IOGP_RULE] Bypassing Safety Controls [TEXT] Shift crew reported that during Hydrostatic pressure test in Field office area, Trip interlock was found bypassed during a production upset. The situation had credible potential for serious injury. Work was halted due to high-risk exposure and corrective measures were implemented.",High,1
NM_0325,Near Miss,Offshore platform,Hot work (welding/grinding),Lift plan missing,Hot Work,"During routine checks at Offshore platform, Lift plan missing was observed during Hot work (welding/grinding). The job proceeded only after corrective measures. The task was paused, the control was restored, and the supervisor verified readiness before work resumed.","During routine checks at Offshore platform, Lift plan missing was observed during Hot work (welding/grinding). The job proceeded only after corrective measures. The task was paused, the control was restored, and the supervisor verified readiness before work resumed.","[REPORT_TYPE] Near Miss [SITE] Offshore platform [ACTIVITY] Hot work (welding/grinding) [BARRIER_FAILURE] Lift plan missing [IOGP_RULE] Hot Work [TEXT] During routine checks at Offshore platform, Lift plan missing was observed during Hot work (welding/grinding). The job proceeded only after corrective measures. The task was paused, the control was restored, and the supervisor verified readiness before work resumed.",Medium,0
NM_0136,Near Miss,Truck loading bay,Hydrostatic pressure test,Hands were placed near pinch points and no designated signaler was present,Line of Fire,"Near-miss observation: while performing Hydrostatic pressure test at Truck loading bay, the team found that Hands were placed near pinch points and no designated signaler was present. Work was paused briefly and the issue was resolved. No work stoppage was required as the risk was minimal.","Near-miss observation: while performing Hydrostatic pressure test at Truck loading bay, the team found that Hands were placed near pinch points and no designated signaler was present. Work was paused briefly and the issue was resolved. No work stoppage was required as the risk was minimal.","[REPORT_TYPE] Near Miss [SITE] Truck loading bay [ACTIVITY] Hydrostatic pressure test [BARRIER_FAILURE] Hands were placed near pinch points and no designated signaler was present [IOGP_RULE] Line of Fire [TEXT] Near-miss observation: while performing Hydrostatic pressure test at Truck loading bay, the team found that Hands were placed near pinch points and no designated signaler was present. Work was paused briefly and the issue was resolved. No work stoppage was required as the risk was minimal.",Low,0
NM_0234,Near Miss,Drilling rig,Reversing vehicle operations,Pneumatic energy isolation was not locked and residual pressure remained in the line,Energy Isolation,"Before/during Reversing vehicle operations at Drilling rig, Pneumatic energy isolation was not locked and residual pressure remained in the line. The job proceeded only after corrective measures. Work was temporarily halted pending verification of the control measure.","Before/during Reversing vehicle operations at Drilling rig, Pneumatic energy isolation was not locked and residual pressure remained in the line. The job proceeded only after corrective measures. Work was temporarily halted pending verification of the control measure.","[REPORT_TYPE] Near Miss [SITE] Drilling rig [ACTIVITY] Reversing vehicle operations [BARRIER_FAILURE] Pneumatic energy isolation was not locked and residual pressure remained in the line [IOGP_RULE] Energy Isolation [TEXT] Before/during Reversing vehicle operations at Drilling rig, Pneumatic energy isolation was not locked and residual pressure remained in the line. The job proceeded only after corrective measures. Work was temporarily halted pending verification of the control measure.",Medium,0
NM_0589,Near Miss,Offshore platform,Housekeeping inspection,Fire watch missing,Hot Work,"During routine checks at Offshore platform, Fire watch missing was observed during Housekeeping inspection. The job was halted due to high-risk exposure. Work was halted due to high-risk exposure and corrective measures were implemented.","During routine checks at Offshore platform, Fire watch missing was observed during Housekeeping inspection. The job was halted due to high-risk exposure. Work was halted due to high-risk exposure and corrective measures were implemented.","[REPORT_TYPE] Near Miss [SITE] Offshore platform [ACTIVITY] Housekeeping inspection [BARRIER_FAILURE] Fire watch missing [IOGP_RULE] Hot Work [TEXT] During routine checks at Offshore platform, Fire watch missing was observed during Housekeeping inspection. The job was halted due to high-risk exposure. Work was halted due to high-risk exposure and corrective measures were implemented.",High,1
NM_0642,Near Miss,Storage depot,Electrical maintenance,Damaged pallet and unstable load were being raised without a spotter,Energy Isolation,"Near-miss observation: while performing Electrical maintenance at Storage depot, the team found that Damaged pallet and unstable load were being raised without a spotter. Work was stopped urgently and emergency response was initiated. The situation had imminent potential for fatality and was escalated immediately.","Near-miss observation: while performing Electrical maintenance at Storage depot, the team found that Damaged pallet and unstable load were being raised without a spotter. Work was stopped urgently and emergency response was initiated. The situation had imminent potential for fatality and was escalated immediately.","[REPORT_TYPE] Near Miss [SITE] Storage depot [ACTIVITY] Electrical maintenance [BARRIER_FAILURE] Damaged pallet and unstable load were being raised without a spotter [IOGP_RULE] Energy Isolation [TEXT] Near-miss observation: while performing Electrical maintenance at Storage depot, the team found that Damaged pallet and unstable load were being raised without a spotter. Work was stopped urgently and emergency response was initiated. The situation had imminent potential for fatality and was escalated immediately.",Critical,1
NM_0066,Near Miss,Maintenance yard,Pipe spool welding,Scaffold was altered without inspection tag and toe boards were missing,Hot Work,"Inspection revealed Scaffold was altered without inspection tag and toe boards were missing during Pipe spool welding at Maintenance yard. The team corrected it without delay. The condition was corrected during the routine inspection, with no exposure to hazardous energy.","Inspection revealed Scaffold was altered without inspection tag and toe boards were missing during Pipe spool welding at Maintenance yard. The team corrected it without delay. The condition was corrected during the routine inspection, with no exposure to hazardous energy.","[REPORT_TYPE] Near Miss [SITE] Maintenance yard [ACTIVITY] Pipe spool welding [BARRIER_FAILURE] Scaffold was altered without inspection tag and toe boards were missing [IOGP_RULE] Hot Work [TEXT] Inspection revealed Scaffold was altered without inspection tag and toe boards were missing during Pipe spool welding at Maintenance yard. The team corrected it without delay. The condition was corrected during the routine inspection, with no exposure to hazardous energy.",Low,0
NM_0659,Near Miss,Field office area,Hydrostatic pressure test,"Lift plan, tag lines, and barricaded drop zone were not available",Safe Mechanical Lifting,"Shift crew reported that during Hydrostatic pressure test in Field office area, Lift plan, tag lines, and barricaded drop zone were not available. Actual exposure to hazardous conditions occurred. Personnel were moved to a safe location and the event was treated as a high-potential near miss.","Shift crew reported that during Hydrostatic pressure test in Field office area, Lift plan, tag lines, and barricaded drop zone were not available. Actual exposure to hazardous conditions occurred. Personnel were moved to a safe location and the event was treated as a high-potential near miss.","[REPORT_TYPE] Near Miss [SITE] Field office area [ACTIVITY] Hydrostatic pressure test [BARRIER_FAILURE] Lift plan, tag lines, and barricaded drop zone were not available [IOGP_RULE] Safe Mechanical Lifting [TEXT] Shift crew reported that during Hydrostatic pressure test in Field office area, Lift plan, tag lines, and barricaded drop zone were not available. Actual exposure to hazardous conditions occurred. Personnel were moved to a safe location and the event was treated as a high-potential near miss.",Critical,1
NM_0656,Near Miss,Gas processing unit,Instrument calibration,Procedure not followed,Work Authorization,"During routine checks at Gas processing unit, Procedure not followed was observed during Instrument calibration. Work was stopped urgently and emergency response was initiated. The situation had imminent potential for fatality and was escalated immediately.","During routine checks at Gas processing unit, Procedure not followed was observed during Instrument calibration. Work was stopped urgently and emergency response was initiated. The situation had imminent potential for fatality and was escalated immediately.","[REPORT_TYPE] Near Miss [SITE] Gas processing unit [ACTIVITY] Instrument calibration [BARRIER_FAILURE] Procedure not followed [IOGP_RULE] Work Authorization [TEXT] During routine checks at Gas processing unit, Procedure not followed was observed during Instrument calibration. Work was stopped urgently and emergency response was initiated. The situation had imminent potential for fatality and was escalated immediately.",Critical,1
NM_0258,Near Miss,Compressor station,Emergency valve servicing,Open edge protection and full-body harness anchorage were unavailable,Working at Height,"Shift crew reported that during Emergency valve servicing in Compressor station, Open edge protection and full-body harness anchorage were unavailable. Work was paused until the issue was addressed. The task was paused, the control was restored, and the supervisor verified readiness before work resumed.","Shift crew reported that during Emergency valve servicing in Compressor station, Open edge protection and full-body harness anchorage were unavailable. Work was paused until the issue was addressed. The task was paused, the control was restored, and the supervisor verified readiness before work resumed.","[REPORT_TYPE] Near Miss [SITE] Compressor station [ACTIVITY] Emergency valve servicing [BARRIER_FAILURE] Open edge protection and full-body harness anchorage were unavailable [IOGP_RULE] Working at Height [TEXT] Shift crew reported that during Emergency valve servicing in Compressor station, Open edge protection and full-body harness anchorage were unavailable. Work was paused until the issue was addressed. The task was paused, the control was restored, and the supervisor verified readiness before work resumed.",Medium,0
NM_0013,Near Miss,Truck loading bay,Night driving to remote site,Guard missing,Bypassing Safety Controls,Inspection revealed Guard missing during Night driving to remote site at Truck loading bay. The team corrected it without delay. No work stoppage was required as the risk was minimal.,Inspection revealed Guard missing during Night driving to remote site at Truck loading bay. The team corrected it without delay. No work stoppage was required as the risk was minimal.,[REPORT_TYPE] Near Miss [SITE] Truck loading bay [ACTIVITY] Night driving to remote site [BARRIER_FAILURE] Guard missing [IOGP_RULE] Bypassing Safety Controls [TEXT] Inspection revealed Guard missing during Night driving to remote site at Truck loading bay. The team corrected it without delay. No work stoppage was required as the risk was minimal.,Low,0
NM_0549,Near Miss,Gas processing unit,Confined space entry,PPE not used,Confined Space,"During routine checks at Gas processing unit, PPE not used was observed during Confined space entry. The job was halted due to high-risk exposure. A supervisor issued a stop-work intervention and required a formal control verification.","During routine checks at Gas processing unit, PPE not used was observed during Confined space entry. The job was halted due to high-risk exposure. A supervisor issued a stop-work intervention and required a formal control verification.","[REPORT_TYPE] Near Miss [SITE] Gas processing unit [ACTIVITY] Confined space entry [BARRIER_FAILURE] PPE not used [IOGP_RULE] Confined Space [TEXT] During routine checks at Gas processing unit, PPE not used was observed during Confined space entry. The job was halted due to high-risk exposure. A supervisor issued a stop-work intervention and required a formal control verification.",High,1
NM_0774,Near Miss,Refinery unit,Forklift pallet handling,PPE not used,Safe Mechanical Lifting,"During Forklift pallet handling at Refinery unit, PPE not used. Work was stopped urgently and emergency response was initiated. All personnel were evacuated and the area was secured pending full investigation.","During Forklift pallet handling at Refinery unit, PPE not used. Work was stopped urgently and emergency response was initiated. All personnel were evacuated and the area was secured pending full investigation.","[REPORT_TYPE] Near Miss [SITE] Refinery unit [ACTIVITY] Forklift pallet handling [BARRIER_FAILURE] PPE not used [IOGP_RULE] Safe Mechanical Lifting [TEXT] During Forklift pallet handling at Refinery unit, PPE not used. Work was stopped urgently and emergency response was initiated. All personnel were evacuated and the area was secured pending full investigation.",Critical,1
NM_0390,Near Miss,Drilling rig,Hydrostatic pressure test,Damaged pallet and unstable load were being raised without a spotter,Working at Height,"Before/during Hydrostatic pressure test at Drilling rig, Damaged pallet and unstable load were being raised without a spotter. Work was stopped temporarily and resumed after verification. No one was exposed, but the observation required a documented corrective action.","Before/during Hydrostatic pressure test at Drilling rig, Damaged pallet and unstable load were being raised without a spotter. Work was stopped temporarily and resumed after verification. No one was exposed, but the observation required a documented corrective action.","[REPORT_TYPE] Near Miss [SITE] Drilling rig [ACTIVITY] Hydrostatic pressure test [BARRIER_FAILURE] Damaged pallet and unstable load were being raised without a spotter [IOGP_RULE] Working at Height [TEXT] Before/during Hydrostatic pressure test at Drilling rig, Damaged pallet and unstable load were being raised without a spotter. Work was stopped temporarily and resumed after verification. No one was exposed, but the observation required a documented corrective action.",Medium,0
NM_0796,Near Miss,Storage tank,Pipeline inspection,Lift plan missing,Safe Mechanical Lifting,"During Pipeline inspection at Storage tank, Lift plan missing. Multiple workers were at risk of serious injury or fatality. The condition presented immediate potentially fatal exposure; operations were stopped, the area was isolated, and emergency escalation began.","During Pipeline inspection at Storage tank, Lift plan missing. Multiple workers were at risk of serious injury or fatality. The condition presented immediate potentially fatal exposure; operations were stopped, the area was isolated, and emergency escalation began.","[REPORT_TYPE] Near Miss [SITE] Storage tank [ACTIVITY] Pipeline inspection [BARRIER_FAILURE] Lift plan missing [IOGP_RULE] Safe Mechanical Lifting [TEXT] During Pipeline inspection at Storage tank, Lift plan missing. Multiple workers were at risk of serious injury or fatality. The condition presented immediate potentially fatal exposure; operations were stopped, the area was isolated, and emergency escalation began.",Critical,1
NM_0292,Near Miss,Storage depot,Tank farm operations,Electrical supply and process pressure isolation were not independently verified,Confined Space,"During Tank farm operations at Storage depot, Electrical supply and process pressure isolation were not independently verified. The supervisor reviewed and approved continuation after correction. The crew escalated the issue through the shift safety meeting and closed it before continuation.","During Tank farm operations at Storage depot, Electrical supply and process pressure isolation were not independently verified. The supervisor reviewed and approved continuation after correction. The crew escalated the issue through the shift safety meeting and closed it before continuation.","[REPORT_TYPE] Near Miss [SITE] Storage depot [ACTIVITY] Tank farm operations [BARRIER_FAILURE] Electrical supply and process pressure isolation were not independently verified [IOGP_RULE] Confined Space [TEXT] During Tank farm operations at Storage depot, Electrical supply and process pressure isolation were not independently verified. The supervisor reviewed and approved continuation after correction. The crew escalated the issue through the shift safety meeting and closed it before continuation.",Medium,0
NM_0615,Near Miss,LPG bottling plant,Chemical sampling,Spill containment missing,None/Not Applicable,"During Chemical sampling at LPG bottling plant, Spill containment missing. All personnel were evacuated. Multiple critical barriers were ineffective, creating imminent serious-injury or fatality potential.","During Chemical sampling at LPG bottling plant, Spill containment missing. All personnel were evacuated. Multiple critical barriers were ineffective, creating imminent serious-injury or fatality potential.","[REPORT_TYPE] Near Miss [SITE] LPG bottling plant [ACTIVITY] Chemical sampling [BARRIER_FAILURE] Spill containment missing [IOGP_RULE] None/Not Applicable [TEXT] During Chemical sampling at LPG bottling plant, Spill containment missing. All personnel were evacuated. Multiple critical barriers were ineffective, creating imminent serious-injury or fatality potential.",Critical,1
NM_0208,Near Miss,Gas processing unit,Well intervention,PPE not used,Energy Isolation,"Near-miss observation: while performing Well intervention at Gas processing unit, the team found that PPE not used. Work was paused until the issue was addressed. Work was temporarily halted pending verification of the control measure.","Near-miss observation: while performing Well intervention at Gas processing unit, the team found that PPE not used. Work was paused until the issue was addressed. Work was temporarily halted pending verification of the control measure.","[REPORT_TYPE] Near Miss [SITE] Gas processing unit [ACTIVITY] Well intervention [BARRIER_FAILURE] PPE not used [IOGP_RULE] Energy Isolation [TEXT] Near-miss observation: while performing Well intervention at Gas processing unit, the team found that PPE not used. Work was paused until the issue was addressed. Work was temporarily halted pending verification of the control measure.",Medium,0
NM_0030,Near Miss,Process plant,Pressure vessel testing,Procedure not followed,Confined Space,A Procedure not followed was identified during Pressure vessel testing at Process plant. Work was paused briefly and the issue was resolved. The observation was logged and addressed during the same shift.,A Procedure not followed was identified during Pressure vessel testing at Process plant. Work was paused briefly and the issue was resolved. The observation was logged and addressed during the same shift.,[REPORT_TYPE] Near Miss [SITE] Process plant [ACTIVITY] Pressure vessel testing [BARRIER_FAILURE] Procedure not followed [IOGP_RULE] Confined Space [TEXT] A Procedure not followed was identified during Pressure vessel testing at Process plant. Work was paused briefly and the issue was resolved. The observation was logged and addressed during the same shift.,Low,0
NM_0444,Near Miss,Drilling rig,Vehicle movement,"No pre-entry gas test, attendant, rescue arrangement, or signed entry permit",Confined Space,"Inspection revealed No pre-entry gas test, attendant, rescue arrangement, or signed entry permit during Vehicle movement at Drilling rig. Critical control failure was corrected before resuming work. The failed critical control created credible potential for serious injury; the task was stopped and reported to HSE.","Inspection revealed No pre-entry gas test, attendant, rescue arrangement, or signed entry permit during Vehicle movement at Drilling rig. Critical control failure was corrected before resuming work. The failed critical control created credible potential for serious injury; the task was stopped and reported to HSE.","[REPORT_TYPE] Near Miss [SITE] Drilling rig [ACTIVITY] Vehicle movement [BARRIER_FAILURE] No pre-entry gas test, attendant, rescue arrangement, or signed entry permit [IOGP_RULE] Confined Space [TEXT] Inspection revealed No pre-entry gas test, attendant, rescue arrangement, or signed entry permit during Vehicle movement at Drilling rig. Critical control failure was corrected before resuming work. The failed critical control created credible potential for serious injury; the task was stopped and reported to HSE.",High,1
NM_0440,Near Miss,Storage tank,Scaffolding work,Pneumatic energy isolation was not locked and residual pressure remained in the line,Energy Isolation,"Inspection revealed Pneumatic energy isolation was not locked and residual pressure remained in the line during Scaffolding work at Storage tank. The situation had credible potential for serious injury. Personnel were close to hazardous energy exposure, so the area was secured pending investigation.","Inspection revealed Pneumatic energy isolation was not locked and residual pressure remained in the line during Scaffolding work at Storage tank. The situation had credible potential for serious injury. Personnel were close to hazardous energy exposure, so the area was secured pending investigation.","[REPORT_TYPE] Near Miss [SITE] Storage tank [ACTIVITY] Scaffolding work [BARRIER_FAILURE] Pneumatic energy isolation was not locked and residual pressure remained in the line [IOGP_RULE] Energy Isolation [TEXT] Inspection revealed Pneumatic energy isolation was not locked and residual pressure remained in the line during Scaffolding work at Storage tank. The situation had credible potential for serious injury. Personnel were close to hazardous energy exposure, so the area was secured pending investigation.",High,1
NM_0180,Near Miss,LPG bottling plant,Confined space entry,Drain cover was open and combustible vapour testing was not documented,Confined Space,"Before/during Confined space entry at LPG bottling plant, Drain cover was open and combustible vapour testing was not documented. No work stoppage was required. No work stoppage was required as the risk was minimal.","Before/during Confined space entry at LPG bottling plant, Drain cover was open and combustible vapour testing was not documented. No work stoppage was required. No work stoppage was required as the risk was minimal.","[REPORT_TYPE] Near Miss [SITE] LPG bottling plant [ACTIVITY] Confined space entry [BARRIER_FAILURE] Drain cover was open and combustible vapour testing was not documented [IOGP_RULE] Confined Space [TEXT] Before/during Confined space entry at LPG bottling plant, Drain cover was open and combustible vapour testing was not documented. No work stoppage was required. No work stoppage was required as the risk was minimal.",Low,0
NM_0473,Near Miss,Process plant,Housekeeping inspection,Trip interlock was found bypassed during a production upset,Bypassing Safety Controls,"Before/during Housekeeping inspection at Process plant, Trip interlock was found bypassed during a production upset. The situation had credible potential for serious injury. The failed critical control created credible potential for serious injury; the task was stopped and reported to HSE.","Before/during Housekeeping inspection at Process plant, Trip interlock was found bypassed during a production upset. The situation had credible potential for serious injury. The failed critical control created credible potential for serious injury; the task was stopped and reported to HSE.","[REPORT_TYPE] Near Miss [SITE] Process plant [ACTIVITY] Housekeeping inspection [BARRIER_FAILURE] Trip interlock was found bypassed during a production upset [IOGP_RULE] Bypassing Safety Controls [TEXT] Before/during Housekeeping inspection at Process plant, Trip interlock was found bypassed during a production upset. The situation had credible potential for serious injury. The failed critical control created credible potential for serious injury; the task was stopped and reported to HSE.",High,1
NM_0267,Near Miss,Process plant,Forklift pallet handling,Supervision absent,Safe Mechanical Lifting,"During Forklift pallet handling at Process plant, Supervision absent. The job proceeded only after corrective measures. Work was temporarily halted pending verification of the control measure.","During Forklift pallet handling at Process plant, Supervision absent. The job proceeded only after corrective measures. Work was temporarily halted pending verification of the control measure.","[REPORT_TYPE] Near Miss [SITE] Process plant [ACTIVITY] Forklift pallet handling [BARRIER_FAILURE] Supervision absent [IOGP_RULE] Safe Mechanical Lifting [TEXT] During Forklift pallet handling at Process plant, Supervision absent. The job proceeded only after corrective measures. Work was temporarily halted pending verification of the control measure.",Medium,0
NM_0654,Near Miss,Drilling rig,Lifting valve actuator,Isolation not verified,Energy Isolation,A Isolation not verified was identified during Lifting valve actuator at Drilling rig. Actual exposure to hazardous conditions occurred. The situation had imminent potential for fatality and was escalated immediately.,A Isolation not verified was identified during Lifting valve actuator at Drilling rig. Actual exposure to hazardous conditions occurred. The situation had imminent potential for fatality and was escalated immediately.,[REPORT_TYPE] Near Miss [SITE] Drilling rig [ACTIVITY] Lifting valve actuator [BARRIER_FAILURE] Isolation not verified [IOGP_RULE] Energy Isolation [TEXT] A Isolation not verified was identified during Lifting valve actuator at Drilling rig. Actual exposure to hazardous conditions occurred. The situation had imminent potential for fatality and was escalated immediately.,Critical,1
NM_0259,Near Miss,Pump station,Instrument calibration,Fire watch missing,Hot Work,"Near-miss observation: while performing Instrument calibration at Pump station, the team found that Fire watch missing. Work was paused until the issue was addressed. The task was paused, the control was restored, and the supervisor verified readiness before work resumed.","Near-miss observation: while performing Instrument calibration at Pump station, the team found that Fire watch missing. Work was paused until the issue was addressed. The task was paused, the control was restored, and the supervisor verified readiness before work resumed.","[REPORT_TYPE] Near Miss [SITE] Pump station [ACTIVITY] Instrument calibration [BARRIER_FAILURE] Fire watch missing [IOGP_RULE] Hot Work [TEXT] Near-miss observation: while performing Instrument calibration at Pump station, the team found that Fire watch missing. Work was paused until the issue was addressed. The task was paused, the control was restored, and the supervisor verified readiness before work resumed.",Medium,0
NM_0402,Near Miss,Truck loading bay,Pump seal replacement,Isolation not verified,Energy Isolation,"During Pump seal replacement at Truck loading bay, Isolation not verified. Critical control failure was corrected before resuming work. Work was halted due to high-risk exposure and corrective measures were implemented.","During Pump seal replacement at Truck loading bay, Isolation not verified. Critical control failure was corrected before resuming work. Work was halted due to high-risk exposure and corrective measures were implemented.","[REPORT_TYPE] Near Miss [SITE] Truck loading bay [ACTIVITY] Pump seal replacement [BARRIER_FAILURE] Isolation not verified [IOGP_RULE] Energy Isolation [TEXT] During Pump seal replacement at Truck loading bay, Isolation not verified. Critical control failure was corrected before resuming work. Work was halted due to high-risk exposure and corrective measures were implemented.",High,1
NM_0777,Near Miss,Gas processing unit,Forklift pallet handling,"Lift plan, tag lines, and barricaded drop zone were not available",Safe Mechanical Lifting,"During Forklift pallet handling at Gas processing unit, Lift plan, tag lines, and barricaded drop zone were not available. Multiple workers were at risk of serious injury or fatality. Multiple critical barriers were ineffective, creating imminent serious-injury or fatality potential.","During Forklift pallet handling at Gas processing unit, Lift plan, tag lines, and barricaded drop zone were not available. Multiple workers were at risk of serious injury or fatality. Multiple critical barriers were ineffective, creating imminent serious-injury or fatality potential.","[REPORT_TYPE] Near Miss [SITE] Gas processing unit [ACTIVITY] Forklift pallet handling [BARRIER_FAILURE] Lift plan, tag lines, and barricaded drop zone were not available [IOGP_RULE] Safe Mechanical Lifting [TEXT] During Forklift pallet handling at Gas processing unit, Lift plan, tag lines, and barricaded drop zone were not available. Multiple workers were at risk of serious injury or fatality. Multiple critical barriers were ineffective, creating imminent serious-injury or fatality potential.",Critical,1
NM_0106,Near Miss,Storage depot,Housekeeping inspection,Training inadequate,None/Not Applicable,A Training inadequate was identified during Housekeeping inspection at Storage depot. Corrective action was taken on the spot. The observation was logged and addressed during the same shift.,A Training inadequate was identified during Housekeeping inspection at Storage depot. Corrective action was taken on the spot. The observation was logged and addressed during the same shift.,[REPORT_TYPE] Near Miss [SITE] Storage depot [ACTIVITY] Housekeeping inspection [BARRIER_FAILURE] Training inadequate [IOGP_RULE] None/Not Applicable [TEXT] A Training inadequate was identified during Housekeeping inspection at Storage depot. Corrective action was taken on the spot. The observation was logged and addressed during the same shift.,Low,0
NM_0126,Near Miss,Process plant,Drilling operations,Communication failure,Driving,"Shift crew reported that during Drilling operations in Process plant, Communication failure. No work stoppage was required. The issue was minor and was rectified before it affected the task.","Shift crew reported that during Drilling operations in Process plant, Communication failure. No work stoppage was required. The issue was minor and was rectified before it affected the task.","[REPORT_TYPE] Near Miss [SITE] Process plant [ACTIVITY] Drilling operations [BARRIER_FAILURE] Communication failure [IOGP_RULE] Driving [TEXT] Shift crew reported that during Drilling operations in Process plant, Communication failure. No work stoppage was required. The issue was minor and was rectified before it affected the task.",Low,0
NM_0510,Near Miss,Process plant,Vessel entry preparation,Atmosphere not tested,Confined Space,"Shift crew reported that during Vessel entry preparation in Process plant, Atmosphere not tested. The job was halted due to high-risk exposure. Work was halted due to high-risk exposure and corrective measures were implemented.","Shift crew reported that during Vessel entry preparation in Process plant, Atmosphere not tested. The job was halted due to high-risk exposure. Work was halted due to high-risk exposure and corrective measures were implemented.","[REPORT_TYPE] Near Miss [SITE] Process plant [ACTIVITY] Vessel entry preparation [BARRIER_FAILURE] Atmosphere not tested [IOGP_RULE] Confined Space [TEXT] Shift crew reported that during Vessel entry preparation in Process plant, Atmosphere not tested. The job was halted due to high-risk exposure. Work was halted due to high-risk exposure and corrective measures were implemented.",High,1
NM_0026,Near Miss,Gas processing unit,Loading/unloading operations,Work scope had changed but the permit and job safety analysis were not revalidated,Line of Fire,A Work scope had changed but the permit and job safety analysis were not revalidated was identified during Loading/unloading operations at Gas processing unit. The team corrected it without delay. The issue was minor and was rectified before it affected the task.,A Work scope had changed but the permit and job safety analysis were not revalidated was identified during Loading/unloading operations at Gas processing unit. The team corrected it without delay. The issue was minor and was rectified before it affected the task.,[REPORT_TYPE] Near Miss [SITE] Gas processing unit [ACTIVITY] Loading/unloading operations [BARRIER_FAILURE] Work scope had changed but the permit and job safety analysis were not revalidated [IOGP_RULE] Line of Fire [TEXT] A Work scope had changed but the permit and job safety analysis were not revalidated was identified during Loading/unloading operations at Gas processing unit. The team corrected it without delay. The issue was minor and was rectified before it affected the task.,Low,0
NM_0188,Near Miss,Wellsite,Vessel entry preparation,Excavation edge was not barricaded and underground utility mark-out was incomplete,Confined Space,"Before/during Vessel entry preparation at Wellsite, Excavation edge was not barricaded and underground utility mark-out was incomplete. The team corrected it without delay. The condition was corrected during the routine inspection, with no exposure to hazardous energy.","Before/during Vessel entry preparation at Wellsite, Excavation edge was not barricaded and underground utility mark-out was incomplete. The team corrected it without delay. The condition was corrected during the routine inspection, with no exposure to hazardous energy.","[REPORT_TYPE] Near Miss [SITE] Wellsite [ACTIVITY] Vessel entry preparation [BARRIER_FAILURE] Excavation edge was not barricaded and underground utility mark-out was incomplete [IOGP_RULE] Confined Space [TEXT] Before/during Vessel entry preparation at Wellsite, Excavation edge was not barricaded and underground utility mark-out was incomplete. The team corrected it without delay. The condition was corrected during the routine inspection, with no exposure to hazardous energy.",Low,0
NM_0242,Near Miss,Truck loading bay,Pump seal replacement,Fire watch missing,Hot Work,"Near-miss observation: while performing Pump seal replacement at Truck loading bay, the team found that Fire watch missing. The job proceeded only after corrective measures. The crew escalated the issue through the shift safety meeting and closed it before continuation.","Near-miss observation: while performing Pump seal replacement at Truck loading bay, the team found that Fire watch missing. The job proceeded only after corrective measures. The crew escalated the issue through the shift safety meeting and closed it before continuation.","[REPORT_TYPE] Near Miss [SITE] Truck loading bay [ACTIVITY] Pump seal replacement [BARRIER_FAILURE] Fire watch missing [IOGP_RULE] Hot Work [TEXT] Near-miss observation: while performing Pump seal replacement at Truck loading bay, the team found that Fire watch missing. The job proceeded only after corrective measures. The crew escalated the issue through the shift safety meeting and closed it before continuation.",Medium,0
NM_0625,Near Miss,Gas processing unit,Pump maintenance,Communication failure,Hot Work,"During Pump maintenance at Gas processing unit, Communication failure. Multiple workers were at risk of serious injury or fatality. Multiple critical barriers were ineffective, creating imminent serious-injury or fatality potential.","During Pump maintenance at Gas processing unit, Communication failure. Multiple workers were at risk of serious injury or fatality. Multiple critical barriers were ineffective, creating imminent serious-injury or fatality potential.","[REPORT_TYPE] Near Miss [SITE] Gas processing unit [ACTIVITY] Pump maintenance [BARRIER_FAILURE] Communication failure [IOGP_RULE] Hot Work [TEXT] During Pump maintenance at Gas processing unit, Communication failure. Multiple workers were at risk of serious injury or fatality. Multiple critical barriers were ineffective, creating imminent serious-injury or fatality potential.",Critical,1
NM_0754,Near Miss,Process plant,Housekeeping inspection,"No pre-entry gas test, attendant, rescue arrangement, or signed entry permit",Confined Space,"Near-miss observation: while performing Housekeeping inspection at Process plant, the team found that No pre-entry gas test, attendant, rescue arrangement, or signed entry permit. All personnel were evacuated. Multiple critical barriers were ineffective, creating imminent serious-injury or fatality potential.","Near-miss observation: while performing Housekeeping inspection at Process plant, the team found that No pre-entry gas test, attendant, rescue arrangement, or signed entry permit. All personnel were evacuated. Multiple critical barriers were ineffective, creating imminent serious-injury or fatality potential.","[REPORT_TYPE] Near Miss [SITE] Process plant [ACTIVITY] Housekeeping inspection [BARRIER_FAILURE] No pre-entry gas test, attendant, rescue arrangement, or signed entry permit [IOGP_RULE] Confined Space [TEXT] Near-miss observation: while performing Housekeeping inspection at Process plant, the team found that No pre-entry gas test, attendant, rescue arrangement, or signed entry permit. All personnel were evacuated. Multiple critical barriers were ineffective, creating imminent serious-injury or fatality potential.",Critical,1
NM_0186,Near Miss,LPG bottling plant,Reversing vehicle operations,Guard missing,Driving,"Near-miss observation: while performing Reversing vehicle operations at LPG bottling plant, the team found that Guard missing. The area was corrected immediately. The team recorded the observation and completed immediate housekeeping correction.","Near-miss observation: while performing Reversing vehicle operations at LPG bottling plant, the team found that Guard missing. The area was corrected immediately. The team recorded the observation and completed immediate housekeeping correction.","[REPORT_TYPE] Near Miss [SITE] LPG bottling plant [ACTIVITY] Reversing vehicle operations [BARRIER_FAILURE] Guard missing [IOGP_RULE] Driving [TEXT] Near-miss observation: while performing Reversing vehicle operations at LPG bottling plant, the team found that Guard missing. The area was corrected immediately. The team recorded the observation and completed immediate housekeeping correction.",Low,0
NM_0036,Near Miss,Offshore platform,Vehicle movement,Excavation edge was not barricaded and underground utility mark-out was incomplete,Working at Height,"Shift crew reported that during Vehicle movement in Offshore platform, Excavation edge was not barricaded and underground utility mark-out was incomplete. The team corrected it without delay. No work stoppage was required as the risk was minimal.","Shift crew reported that during Vehicle movement in Offshore platform, Excavation edge was not barricaded and underground utility mark-out was incomplete. The team corrected it without delay. No work stoppage was required as the risk was minimal.","[REPORT_TYPE] Near Miss [SITE] Offshore platform [ACTIVITY] Vehicle movement [BARRIER_FAILURE] Excavation edge was not barricaded and underground utility mark-out was incomplete [IOGP_RULE] Working at Height [TEXT] Shift crew reported that during Vehicle movement in Offshore platform, Excavation edge was not barricaded and underground utility mark-out was incomplete. The team corrected it without delay. No work stoppage was required as the risk was minimal.",Low,0
NM_0083,Near Miss,Maintenance yard,Vehicle movement,Excavation edge was not barricaded and underground utility mark-out was incomplete,Working at Height,"During routine checks at Maintenance yard, Excavation edge was not barricaded and underground utility mark-out was incomplete was observed during Vehicle movement. Work was paused briefly and the issue was resolved. The team recorded the observation and completed immediate housekeeping correction.","During routine checks at Maintenance yard, Excavation edge was not barricaded and underground utility mark-out was incomplete was observed during Vehicle movement. Work was paused briefly and the issue was resolved. The team recorded the observation and completed immediate housekeeping correction.","[REPORT_TYPE] Near Miss [SITE] Maintenance yard [ACTIVITY] Vehicle movement [BARRIER_FAILURE] Excavation edge was not barricaded and underground utility mark-out was incomplete [IOGP_RULE] Working at Height [TEXT] During routine checks at Maintenance yard, Excavation edge was not barricaded and underground utility mark-out was incomplete was observed during Vehicle movement. Work was paused briefly and the issue was resolved. The team recorded the observation and completed immediate housekeeping correction.",Low,0
NM_0486,Near Miss,Process plant,Pipeline inspection,Procedure not followed,Work Authorization,"Inspection revealed Procedure not followed during Pipeline inspection at Process plant. Work was stopped due to potential serious injury risk. Personnel were close to hazardous energy exposure, so the area was secured pending investigation.","Inspection revealed Procedure not followed during Pipeline inspection at Process plant. Work was stopped due to potential serious injury risk. Personnel were close to hazardous energy exposure, so the area was secured pending investigation.","[REPORT_TYPE] Near Miss [SITE] Process plant [ACTIVITY] Pipeline inspection [BARRIER_FAILURE] Procedure not followed [IOGP_RULE] Work Authorization [TEXT] Inspection revealed Procedure not followed during Pipeline inspection at Process plant. Work was stopped due to potential serious injury risk. Personnel were close to hazardous energy exposure, so the area was secured pending investigation.",High,1
NM_0250,Near Miss,Refinery unit,Scaffold modification,Fall arrest missing,Working at Height,"Shift crew reported that during Scaffold modification in Refinery unit, Fall arrest missing. The supervisor reviewed and approved continuation after correction. No one was exposed, but the observation required a documented corrective action.","Shift crew reported that during Scaffold modification in Refinery unit, Fall arrest missing. The supervisor reviewed and approved continuation after correction. No one was exposed, but the observation required a documented corrective action.","[REPORT_TYPE] Near Miss [SITE] Refinery unit [ACTIVITY] Scaffold modification [BARRIER_FAILURE] Fall arrest missing [IOGP_RULE] Working at Height [TEXT] Shift crew reported that during Scaffold modification in Refinery unit, Fall arrest missing. The supervisor reviewed and approved continuation after correction. No one was exposed, but the observation required a documented corrective action.",Medium,0
NM_0674,Near Miss,Storage depot,Forklift pallet handling,Electrical supply and process pressure isolation were not independently verified,Safe Mechanical Lifting,A Electrical supply and process pressure isolation were not independently verified was identified during Forklift pallet handling at Storage depot. The situation had imminent potential for fatality and was escalated immediately. All personnel were evacuated and the area was secured pending full investigation.,A Electrical supply and process pressure isolation were not independently verified was identified during Forklift pallet handling at Storage depot. The situation had imminent potential for fatality and was escalated immediately. All personnel were evacuated and the area was secured pending full investigation.,[REPORT_TYPE] Near Miss [SITE] Storage depot [ACTIVITY] Forklift pallet handling [BARRIER_FAILURE] Electrical supply and process pressure isolation were not independently verified [IOGP_RULE] Safe Mechanical Lifting [TEXT] A Electrical supply and process pressure isolation were not independently verified was identified during Forklift pallet handling at Storage depot. The situation had imminent potential for fatality and was escalated immediately. All personnel were evacuated and the area was secured pending full investigation.,Critical,1
NM_0562,Near Miss,Compressor station,Internal tank inspection,Simultaneous operations were not recorded in the permit briefing,Confined Space,"Shift crew reported that during Internal tank inspection in Compressor station, Simultaneous operations were not recorded in the permit briefing. The job was halted due to high-risk exposure. A supervisor issued a stop-work intervention and required a formal control verification.","Shift crew reported that during Internal tank inspection in Compressor station, Simultaneous operations were not recorded in the permit briefing. The job was halted due to high-risk exposure. A supervisor issued a stop-work intervention and required a formal control verification.","[REPORT_TYPE] Near Miss [SITE] Compressor station [ACTIVITY] Internal tank inspection [BARRIER_FAILURE] Simultaneous operations were not recorded in the permit briefing [IOGP_RULE] Confined Space [TEXT] Shift crew reported that during Internal tank inspection in Compressor station, Simultaneous operations were not recorded in the permit briefing. The job was halted due to high-risk exposure. A supervisor issued a stop-work intervention and required a formal control verification.",High,1
NM_0069,Near Miss,Compressor station,Pipe-rack inspection,Sample bottle label was unclear and secondary containment was not positioned,Energy Isolation,A Sample bottle label was unclear and secondary containment was not positioned was identified during Pipe-rack inspection at Compressor station. No work stoppage was required. The issue was minor and was rectified before it affected the task.,A Sample bottle label was unclear and secondary containment was not positioned was identified during Pipe-rack inspection at Compressor station. No work stoppage was required. The issue was minor and was rectified before it affected the task.,[REPORT_TYPE] Near Miss [SITE] Compressor station [ACTIVITY] Pipe-rack inspection [BARRIER_FAILURE] Sample bottle label was unclear and secondary containment was not positioned [IOGP_RULE] Energy Isolation [TEXT] A Sample bottle label was unclear and secondary containment was not positioned was identified during Pipe-rack inspection at Compressor station. No work stoppage was required. The issue was minor and was rectified before it affected the task.,Low,0
NM_0269,Near Miss,Tank farm,Lifting and rigging,Test manifold lacked verified restraint and pressure-release exclusion controls,Safe Mechanical Lifting,"During Lifting and rigging at Tank farm, Test manifold lacked verified restraint and pressure-release exclusion controls. The supervisor reviewed and approved continuation after correction. The supervisor reviewed the situation and approved continuation after correction.","During Lifting and rigging at Tank farm, Test manifold lacked verified restraint and pressure-release exclusion controls. The supervisor reviewed and approved continuation after correction. The supervisor reviewed the situation and approved continuation after correction.","[REPORT_TYPE] Near Miss [SITE] Tank farm [ACTIVITY] Lifting and rigging [BARRIER_FAILURE] Test manifold lacked verified restraint and pressure-release exclusion controls [IOGP_RULE] Safe Mechanical Lifting [TEXT] During Lifting and rigging at Tank farm, Test manifold lacked verified restraint and pressure-release exclusion controls. The supervisor reviewed and approved continuation after correction. The supervisor reviewed the situation and approved continuation after correction.",Medium,0
NM_0465,Near Miss,Maintenance yard,Emergency valve servicing,Fire watch missing,Hot Work,"Shift crew reported that during Emergency valve servicing in Maintenance yard, Fire watch missing. The situation had credible potential for serious injury. The situation had credible potential for serious injury and was escalated immediately.","Shift crew reported that during Emergency valve servicing in Maintenance yard, Fire watch missing. The situation had credible potential for serious injury. The situation had credible potential for serious injury and was escalated immediately.","[REPORT_TYPE] Near Miss [SITE] Maintenance yard [ACTIVITY] Emergency valve servicing [BARRIER_FAILURE] Fire watch missing [IOGP_RULE] Hot Work [TEXT] Shift crew reported that during Emergency valve servicing in Maintenance yard, Fire watch missing. The situation had credible potential for serious injury. The situation had credible potential for serious injury and was escalated immediately.",High,1
NM_0663,Near Miss,LPG bottling plant,Excavation work,Test manifold lacked verified restraint and pressure-release exclusion controls,Line of Fire,"Inspection revealed Test manifold lacked verified restraint and pressure-release exclusion controls during Excavation work at LPG bottling plant. Multiple workers were at risk of serious injury or fatality. Multiple critical barriers were ineffective, creating imminent serious-injury or fatality potential.","Inspection revealed Test manifold lacked verified restraint and pressure-release exclusion controls during Excavation work at LPG bottling plant. Multiple workers were at risk of serious injury or fatality. Multiple critical barriers were ineffective, creating imminent serious-injury or fatality potential.","[REPORT_TYPE] Near Miss [SITE] LPG bottling plant [ACTIVITY] Excavation work [BARRIER_FAILURE] Test manifold lacked verified restraint and pressure-release exclusion controls [IOGP_RULE] Line of Fire [TEXT] Inspection revealed Test manifold lacked verified restraint and pressure-release exclusion controls during Excavation work at LPG bottling plant. Multiple workers were at risk of serious injury or fatality. Multiple critical barriers were ineffective, creating imminent serious-injury or fatality potential.",Critical,1
NM_0216,Near Miss,Pipeline ROW,Vessel entry preparation,Supervision absent,Confined Space,"During Vessel entry preparation at Pipeline ROW, Supervision absent. Work was stopped temporarily and resumed after verification. Work was temporarily halted pending verification of the control measure.","During Vessel entry preparation at Pipeline ROW, Supervision absent. Work was stopped temporarily and resumed after verification. Work was temporarily halted pending verification of the control measure.","[REPORT_TYPE] Near Miss [SITE] Pipeline ROW [ACTIVITY] Vessel entry preparation [BARRIER_FAILURE] Supervision absent [IOGP_RULE] Confined Space [TEXT] During Vessel entry preparation at Pipeline ROW, Supervision absent. Work was stopped temporarily and resumed after verification. Work was temporarily halted pending verification of the control measure.",Medium,0
NM_0341,Near Miss,Refinery unit,Scaffolding work,Exclusion zone missing,Working at Height,Inspection revealed Exclusion zone missing during Scaffolding work at Refinery unit. Work was paused until the issue was addressed. Work was temporarily halted pending verification of the control measure.,Inspection revealed Exclusion zone missing during Scaffolding work at Refinery unit. Work was paused until the issue was addressed. Work was temporarily halted pending verification of the control measure.,[REPORT_TYPE] Near Miss [SITE] Refinery unit [ACTIVITY] Scaffolding work [BARRIER_FAILURE] Exclusion zone missing [IOGP_RULE] Working at Height [TEXT] Inspection revealed Exclusion zone missing during Scaffolding work at Refinery unit. Work was paused until the issue was addressed. Work was temporarily halted pending verification of the control measure.,Medium,0
NM_0721,Near Miss,Refinery unit,Process unit startup/shutdown,Gas testing was overdue and no dedicated fire watch was assigned,Confined Space,A Gas testing was overdue and no dedicated fire watch was assigned was identified during Process unit startup/shutdown at Refinery unit. Actual exposure to hazardous conditions occurred. The situation had imminent potential for fatality and was escalated immediately.,A Gas testing was overdue and no dedicated fire watch was assigned was identified during Process unit startup/shutdown at Refinery unit. Actual exposure to hazardous conditions occurred. The situation had imminent potential for fatality and was escalated immediately.,[REPORT_TYPE] Near Miss [SITE] Refinery unit [ACTIVITY] Process unit startup/shutdown [BARRIER_FAILURE] Gas testing was overdue and no dedicated fire watch was assigned [IOGP_RULE] Confined Space [TEXT] A Gas testing was overdue and no dedicated fire watch was assigned was identified during Process unit startup/shutdown at Refinery unit. Actual exposure to hazardous conditions occurred. The situation had imminent potential for fatality and was escalated immediately.,Critical,1
NM_0724,Near Miss,Truck loading bay,Hot work (welding/grinding),"No pre-entry gas test, attendant, rescue arrangement, or signed entry permit",Confined Space,"Inspection revealed No pre-entry gas test, attendant, rescue arrangement, or signed entry permit during Hot work (welding/grinding) at Truck loading bay. All personnel were evacuated. Multiple critical barriers were ineffective, creating imminent serious-injury or fatality potential.","Inspection revealed No pre-entry gas test, attendant, rescue arrangement, or signed entry permit during Hot work (welding/grinding) at Truck loading bay. All personnel were evacuated. Multiple critical barriers were ineffective, creating imminent serious-injury or fatality potential.","[REPORT_TYPE] Near Miss [SITE] Truck loading bay [ACTIVITY] Hot work (welding/grinding) [BARRIER_FAILURE] No pre-entry gas test, attendant, rescue arrangement, or signed entry permit [IOGP_RULE] Confined Space [TEXT] Inspection revealed No pre-entry gas test, attendant, rescue arrangement, or signed entry permit during Hot work (welding/grinding) at Truck loading bay. All personnel were evacuated. Multiple critical barriers were ineffective, creating imminent serious-injury or fatality potential.",Critical,1
NM_0124,Near Miss,Tank farm,Housekeeping inspection,Lift plan missing,Safe Mechanical Lifting,"Before/during Housekeeping inspection at Tank farm, Lift plan missing. Corrective action was taken on the spot. The team recorded the observation and completed immediate housekeeping correction.","Before/during Housekeeping inspection at Tank farm, Lift plan missing. Corrective action was taken on the spot. The team recorded the observation and completed immediate housekeeping correction.","[REPORT_TYPE] Near Miss [SITE] Tank farm [ACTIVITY] Housekeeping inspection [BARRIER_FAILURE] Lift plan missing [IOGP_RULE] Safe Mechanical Lifting [TEXT] Before/during Housekeeping inspection at Tank farm, Lift plan missing. Corrective action was taken on the spot. The team recorded the observation and completed immediate housekeeping correction.",Low,0
NM_0747,Near Miss,Pipeline ROW,Instrument calibration,Guard missing,Driving,"Shift crew reported that during Instrument calibration in Pipeline ROW, Guard missing. Actual exposure to hazardous conditions occurred. The condition presented immediate potentially fatal exposure; operations were stopped, the area was isolated, and emergency escalation began.","Shift crew reported that during Instrument calibration in Pipeline ROW, Guard missing. Actual exposure to hazardous conditions occurred. The condition presented immediate potentially fatal exposure; operations were stopped, the area was isolated, and emergency escalation began.","[REPORT_TYPE] Near Miss [SITE] Pipeline ROW [ACTIVITY] Instrument calibration [BARRIER_FAILURE] Guard missing [IOGP_RULE] Driving [TEXT] Shift crew reported that during Instrument calibration in Pipeline ROW, Guard missing. Actual exposure to hazardous conditions occurred. The condition presented immediate potentially fatal exposure; operations were stopped, the area was isolated, and emergency escalation began.",Critical,1
NM_0311,Near Miss,Storage depot,Chemical sampling,Pneumatic energy isolation was not locked and residual pressure remained in the line,Energy Isolation,"During Chemical sampling at Storage depot, Pneumatic energy isolation was not locked and residual pressure remained in the line. Work was stopped temporarily and resumed after verification. The task was paused, the control was restored, and the supervisor verified readiness before work resumed.","During Chemical sampling at Storage depot, Pneumatic energy isolation was not locked and residual pressure remained in the line. Work was stopped temporarily and resumed after verification. The task was paused, the control was restored, and the supervisor verified readiness before work resumed.","[REPORT_TYPE] Near Miss [SITE] Storage depot [ACTIVITY] Chemical sampling [BARRIER_FAILURE] Pneumatic energy isolation was not locked and residual pressure remained in the line [IOGP_RULE] Energy Isolation [TEXT] During Chemical sampling at Storage depot, Pneumatic energy isolation was not locked and residual pressure remained in the line. Work was stopped temporarily and resumed after verification. The task was paused, the control was restored, and the supervisor verified readiness before work resumed.",Medium,0
NM_0768,Near Miss,Wellsite,Reversing vehicle operations,Drain cover was open and combustible vapour testing was not documented,Hot Work,Inspection revealed Drain cover was open and combustible vapour testing was not documented during Reversing vehicle operations at Wellsite. Actual exposure to hazardous conditions occurred. Personnel were moved to a safe location and the event was treated as a high-potential near miss.,Inspection revealed Drain cover was open and combustible vapour testing was not documented during Reversing vehicle operations at Wellsite. Actual exposure to hazardous conditions occurred. Personnel were moved to a safe location and the event was treated as a high-potential near miss.,[REPORT_TYPE] Near Miss [SITE] Wellsite [ACTIVITY] Reversing vehicle operations [BARRIER_FAILURE] Drain cover was open and combustible vapour testing was not documented [IOGP_RULE] Hot Work [TEXT] Inspection revealed Drain cover was open and combustible vapour testing was not documented during Reversing vehicle operations at Wellsite. Actual exposure to hazardous conditions occurred. Personnel were moved to a safe location and the event was treated as a high-potential near miss.,Critical,1
NM_0338,Near Miss,Tank farm,Internal tank inspection,Reversing was attempted without a banksman and pedestrian segregation,Confined Space,Inspection revealed Reversing was attempted without a banksman and pedestrian segregation during Internal tank inspection at Tank farm. Work was paused until the issue was addressed. Work was temporarily halted pending verification of the control measure.,Inspection revealed Reversing was attempted without a banksman and pedestrian segregation during Internal tank inspection at Tank farm. Work was paused until the issue was addressed. Work was temporarily halted pending verification of the control measure.,[REPORT_TYPE] Near Miss [SITE] Tank farm [ACTIVITY] Internal tank inspection [BARRIER_FAILURE] Reversing was attempted without a banksman and pedestrian segregation [IOGP_RULE] Confined Space [TEXT] Inspection revealed Reversing was attempted without a banksman and pedestrian segregation during Internal tank inspection at Tank farm. Work was paused until the issue was addressed. Work was temporarily halted pending verification of the control measure.,Medium,0
NM_0604,Near Miss,Pipeline ROW,Process unit startup/shutdown,Scaffold was altered without inspection tag and toe boards were missing,Bypassing Safety Controls,"During routine checks at Pipeline ROW, Scaffold was altered without inspection tag and toe boards were missing was observed during Process unit startup/shutdown. The situation had imminent potential for fatality and was escalated immediately. The situation had imminent potential for fatality and was escalated immediately.","During routine checks at Pipeline ROW, Scaffold was altered without inspection tag and toe boards were missing was observed during Process unit startup/shutdown. The situation had imminent potential for fatality and was escalated immediately. The situation had imminent potential for fatality and was escalated immediately.","[REPORT_TYPE] Near Miss [SITE] Pipeline ROW [ACTIVITY] Process unit startup/shutdown [BARRIER_FAILURE] Scaffold was altered without inspection tag and toe boards were missing [IOGP_RULE] Bypassing Safety Controls [TEXT] During routine checks at Pipeline ROW, Scaffold was altered without inspection tag and toe boards were missing was observed during Process unit startup/shutdown. The situation had imminent potential for fatality and was escalated immediately. The situation had imminent potential for fatality and was escalated immediately.",Critical,1
NM_0160,Near Miss,LPG bottling plant,Wellhead valve maintenance,Emergency response delayed,Work Authorization,"During Wellhead valve maintenance at LPG bottling plant, Emergency response delayed. No work stoppage was required. The condition was corrected during the routine inspection, with no exposure to hazardous energy.","During Wellhead valve maintenance at LPG bottling plant, Emergency response delayed. No work stoppage was required. The condition was corrected during the routine inspection, with no exposure to hazardous energy.","[REPORT_TYPE] Near Miss [SITE] LPG bottling plant [ACTIVITY] Wellhead valve maintenance [BARRIER_FAILURE] Emergency response delayed [IOGP_RULE] Work Authorization [TEXT] During Wellhead valve maintenance at LPG bottling plant, Emergency response delayed. No work stoppage was required. The condition was corrected during the routine inspection, with no exposure to hazardous energy.",Low,0
NM_0378,Near Miss,Storage depot,Excavation work,Work scope had changed but the permit and job safety analysis were not revalidated,Line of Fire,"A Work scope had changed but the permit and job safety analysis were not revalidated was identified during Excavation work at Storage depot. Work was stopped temporarily and resumed after verification. The task was paused, the control was restored, and the supervisor verified readiness before work resumed.","A Work scope had changed but the permit and job safety analysis were not revalidated was identified during Excavation work at Storage depot. Work was stopped temporarily and resumed after verification. The task was paused, the control was restored, and the supervisor verified readiness before work resumed.","[REPORT_TYPE] Near Miss [SITE] Storage depot [ACTIVITY] Excavation work [BARRIER_FAILURE] Work scope had changed but the permit and job safety analysis were not revalidated [IOGP_RULE] Line of Fire [TEXT] A Work scope had changed but the permit and job safety analysis were not revalidated was identified during Excavation work at Storage depot. Work was stopped temporarily and resumed after verification. The task was paused, the control was restored, and the supervisor verified readiness before work resumed.",Medium,0
NM_0514,Near Miss,Refinery unit,Lifting valve actuator,Communication failure,Safe Mechanical Lifting,"Near-miss observation: while performing Lifting valve actuator at Refinery unit, the team found that Communication failure. Work was stopped due to potential serious injury risk. The failed critical control created credible potential for serious injury; the task was stopped and reported to HSE.","Near-miss observation: while performing Lifting valve actuator at Refinery unit, the team found that Communication failure. Work was stopped due to potential serious injury risk. The failed critical control created credible potential for serious injury; the task was stopped and reported to HSE.","[REPORT_TYPE] Near Miss [SITE] Refinery unit [ACTIVITY] Lifting valve actuator [BARRIER_FAILURE] Communication failure [IOGP_RULE] Safe Mechanical Lifting [TEXT] Near-miss observation: while performing Lifting valve actuator at Refinery unit, the team found that Communication failure. Work was stopped due to potential serious injury risk. The failed critical control created credible potential for serious injury; the task was stopped and reported to HSE.",High,1
NM_0017,Near Miss,Field office area,Hydrostatic pressure test,Damaged pallet and unstable load were being raised without a spotter,Confined Space,A Damaged pallet and unstable load were being raised without a spotter was identified during Hydrostatic pressure test at Field office area. The team corrected it without delay. No work stoppage was required as the risk was minimal.,A Damaged pallet and unstable load were being raised without a spotter was identified during Hydrostatic pressure test at Field office area. The team corrected it without delay. No work stoppage was required as the risk was minimal.,[REPORT_TYPE] Near Miss [SITE] Field office area [ACTIVITY] Hydrostatic pressure test [BARRIER_FAILURE] Damaged pallet and unstable load were being raised without a spotter [IOGP_RULE] Confined Space [TEXT] A Damaged pallet and unstable load were being raised without a spotter was identified during Hydrostatic pressure test at Field office area. The team corrected it without delay. No work stoppage was required as the risk was minimal.,Low,0
NM_0462,Near Miss,LPG bottling plant,Pipe spool welding,Tool inspection missing,Hot Work,"During Pipe spool welding at LPG bottling plant, Tool inspection missing. The activity was stopped as it could have resulted in serious harm. The situation had credible potential for serious injury and was escalated immediately.","During Pipe spool welding at LPG bottling plant, Tool inspection missing. The activity was stopped as it could have resulted in serious harm. The situation had credible potential for serious injury and was escalated immediately.","[REPORT_TYPE] Near Miss [SITE] LPG bottling plant [ACTIVITY] Pipe spool welding [BARRIER_FAILURE] Tool inspection missing [IOGP_RULE] Hot Work [TEXT] During Pipe spool welding at LPG bottling plant, Tool inspection missing. The activity was stopped as it could have resulted in serious harm. The situation had credible potential for serious injury and was escalated immediately.",High,1
NM_0348,Near Miss,Pump station,Hydrostatic pressure test,Isolation not verified,Energy Isolation,"During routine checks at Pump station, Isolation not verified was observed during Hydrostatic pressure test. The supervisor reviewed and approved continuation after correction. No one was exposed, but the observation required a documented corrective action.","During routine checks at Pump station, Isolation not verified was observed during Hydrostatic pressure test. The supervisor reviewed and approved continuation after correction. No one was exposed, but the observation required a documented corrective action.","[REPORT_TYPE] Near Miss [SITE] Pump station [ACTIVITY] Hydrostatic pressure test [BARRIER_FAILURE] Isolation not verified [IOGP_RULE] Energy Isolation [TEXT] During routine checks at Pump station, Isolation not verified was observed during Hydrostatic pressure test. The supervisor reviewed and approved continuation after correction. No one was exposed, but the observation required a documented corrective action.",Medium,0
NM_0797,Near Miss,Truck loading bay,Night driving to remote site,"No pre-entry gas test, attendant, rescue arrangement, or signed entry permit",Confined Space,"During Night driving to remote site at Truck loading bay, No pre-entry gas test, attendant, rescue arrangement, or signed entry permit. The situation had imminent potential for fatality and was escalated immediately. The situation had imminent potential for fatality and was escalated immediately.","During Night driving to remote site at Truck loading bay, No pre-entry gas test, attendant, rescue arrangement, or signed entry permit. The situation had imminent potential for fatality and was escalated immediately. The situation had imminent potential for fatality and was escalated immediately.","[REPORT_TYPE] Near Miss [SITE] Truck loading bay [ACTIVITY] Night driving to remote site [BARRIER_FAILURE] No pre-entry gas test, attendant, rescue arrangement, or signed entry permit [IOGP_RULE] Confined Space [TEXT] During Night driving to remote site at Truck loading bay, No pre-entry gas test, attendant, rescue arrangement, or signed entry permit. The situation had imminent potential for fatality and was escalated immediately. The situation had imminent potential for fatality and was escalated immediately.",Critical,1
NM_0332,Near Miss,Storage depot,Forklift pallet handling,Test manifold lacked verified restraint and pressure-release exclusion controls,Safe Mechanical Lifting,"Before/during Forklift pallet handling at Storage depot, Test manifold lacked verified restraint and pressure-release exclusion controls. The job proceeded only after corrective measures. No one was exposed, but the observation required a documented corrective action.","Before/during Forklift pallet handling at Storage depot, Test manifold lacked verified restraint and pressure-release exclusion controls. The job proceeded only after corrective measures. No one was exposed, but the observation required a documented corrective action.","[REPORT_TYPE] Near Miss [SITE] Storage depot [ACTIVITY] Forklift pallet handling [BARRIER_FAILURE] Test manifold lacked verified restraint and pressure-release exclusion controls [IOGP_RULE] Safe Mechanical Lifting [TEXT] Before/during Forklift pallet handling at Storage depot, Test manifold lacked verified restraint and pressure-release exclusion controls. The job proceeded only after corrective measures. No one was exposed, but the observation required a documented corrective action.",Medium,0
NM_0147,Near Miss,Drilling rig,Night driving to remote site,Spill containment missing,Energy Isolation,Inspection revealed Spill containment missing during Night driving to remote site at Drilling rig. The area was corrected immediately. The issue was minor and was rectified before it affected the task.,Inspection revealed Spill containment missing during Night driving to remote site at Drilling rig. The area was corrected immediately. The issue was minor and was rectified before it affected the task.,[REPORT_TYPE] Near Miss [SITE] Drilling rig [ACTIVITY] Night driving to remote site [BARRIER_FAILURE] Spill containment missing [IOGP_RULE] Energy Isolation [TEXT] Inspection revealed Spill containment missing during Night driving to remote site at Drilling rig. The area was corrected immediately. The issue was minor and was rectified before it affected the task.,Low,0
NM_0622,Near Miss,Offshore platform,Internal tank inspection,Damaged pallet and unstable load were being raised without a spotter,Confined Space,"Inspection revealed Damaged pallet and unstable load were being raised without a spotter during Internal tank inspection at Offshore platform. All personnel were evacuated. The condition presented immediate potentially fatal exposure; operations were stopped, the area was isolated, and emergency escalation began.","Inspection revealed Damaged pallet and unstable load were being raised without a spotter during Internal tank inspection at Offshore platform. All personnel were evacuated. The condition presented immediate potentially fatal exposure; operations were stopped, the area was isolated, and emergency escalation began.","[REPORT_TYPE] Near Miss [SITE] Offshore platform [ACTIVITY] Internal tank inspection [BARRIER_FAILURE] Damaged pallet and unstable load were being raised without a spotter [IOGP_RULE] Confined Space [TEXT] Inspection revealed Damaged pallet and unstable load were being raised without a spotter during Internal tank inspection at Offshore platform. All personnel were evacuated. The condition presented immediate potentially fatal exposure; operations were stopped, the area was isolated, and emergency escalation began.",Critical,1
NM_0367,Near Miss,Truck loading bay,Crude transfer vehicle movement,Tool inspection missing,None/Not Applicable,"During routine checks at Truck loading bay, Tool inspection missing was observed during Crude transfer vehicle movement. The activity was delayed pending correction. No one was exposed, but the observation required a documented corrective action.","During routine checks at Truck loading bay, Tool inspection missing was observed during Crude transfer vehicle movement. The activity was delayed pending correction. No one was exposed, but the observation required a documented corrective action.","[REPORT_TYPE] Near Miss [SITE] Truck loading bay [ACTIVITY] Crude transfer vehicle movement [BARRIER_FAILURE] Tool inspection missing [IOGP_RULE] None/Not Applicable [TEXT] During routine checks at Truck loading bay, Tool inspection missing was observed during Crude transfer vehicle movement. The activity was delayed pending correction. No one was exposed, but the observation required a documented corrective action.",Medium,0
NM_0051,Near Miss,Maintenance yard,Scaffolding work,Gas testing was overdue and no dedicated fire watch was assigned,Confined Space,"During Scaffolding work at Maintenance yard, Gas testing was overdue and no dedicated fire watch was assigned. The area was corrected immediately. No work stoppage was required as the risk was minimal.","During Scaffolding work at Maintenance yard, Gas testing was overdue and no dedicated fire watch was assigned. The area was corrected immediately. No work stoppage was required as the risk was minimal.","[REPORT_TYPE] Near Miss [SITE] Maintenance yard [ACTIVITY] Scaffolding work [BARRIER_FAILURE] Gas testing was overdue and no dedicated fire watch was assigned [IOGP_RULE] Confined Space [TEXT] During Scaffolding work at Maintenance yard, Gas testing was overdue and no dedicated fire watch was assigned. The area was corrected immediately. No work stoppage was required as the risk was minimal.",Low,0
NM_0021,Near Miss,Field office area,Compressor troubleshooting,Sample bottle label was unclear and secondary containment was not positioned,Line of Fire,"During routine checks at Field office area, Sample bottle label was unclear and secondary containment was not positioned was observed during Compressor troubleshooting. The area was corrected immediately. The observation was logged and addressed during the same shift.","During routine checks at Field office area, Sample bottle label was unclear and secondary containment was not positioned was observed during Compressor troubleshooting. The area was corrected immediately. The observation was logged and addressed during the same shift.","[REPORT_TYPE] Near Miss [SITE] Field office area [ACTIVITY] Compressor troubleshooting [BARRIER_FAILURE] Sample bottle label was unclear and secondary containment was not positioned [IOGP_RULE] Line of Fire [TEXT] During routine checks at Field office area, Sample bottle label was unclear and secondary containment was not positioned was observed during Compressor troubleshooting. The area was corrected immediately. The observation was logged and addressed during the same shift.",Low,0
NM_0636,Near Miss,Field office area,Reversing vehicle operations,Permit missing,Driving,"During Reversing vehicle operations at Field office area, Permit missing. The situation had imminent potential for fatality and was escalated immediately. Personnel were moved to a safe location and the event was treated as a high-potential near miss.","During Reversing vehicle operations at Field office area, Permit missing. The situation had imminent potential for fatality and was escalated immediately. Personnel were moved to a safe location and the event was treated as a high-potential near miss.","[REPORT_TYPE] Near Miss [SITE] Field office area [ACTIVITY] Reversing vehicle operations [BARRIER_FAILURE] Permit missing [IOGP_RULE] Driving [TEXT] During Reversing vehicle operations at Field office area, Permit missing. The situation had imminent potential for fatality and was escalated immediately. Personnel were moved to a safe location and the event was treated as a high-potential near miss.",Critical,1
NM_0482,Near Miss,Storage depot,Hydrostatic pressure test,Drain cover was open and combustible vapour testing was not documented,Hot Work,"Near-miss observation: while performing Hydrostatic pressure test at Storage depot, the team found that Drain cover was open and combustible vapour testing was not documented. Work was stopped due to potential serious injury risk. Personnel were close to hazardous energy exposure, so the area was secured pending investigation.","Near-miss observation: while performing Hydrostatic pressure test at Storage depot, the team found that Drain cover was open and combustible vapour testing was not documented. Work was stopped due to potential serious injury risk. Personnel were close to hazardous energy exposure, so the area was secured pending investigation.","[REPORT_TYPE] Near Miss [SITE] Storage depot [ACTIVITY] Hydrostatic pressure test [BARRIER_FAILURE] Drain cover was open and combustible vapour testing was not documented [IOGP_RULE] Hot Work [TEXT] Near-miss observation: while performing Hydrostatic pressure test at Storage depot, the team found that Drain cover was open and combustible vapour testing was not documented. Work was stopped due to potential serious injury risk. Personnel were close to hazardous energy exposure, so the area was secured pending investigation.",High,1
NM_0529,Near Miss,LPG bottling plant,Confined space entry,Lift plan missing,Confined Space,Inspection revealed Lift plan missing during Confined space entry at LPG bottling plant. The activity was stopped as it could have resulted in serious harm. The situation had credible potential for serious injury and was escalated immediately.,Inspection revealed Lift plan missing during Confined space entry at LPG bottling plant. The activity was stopped as it could have resulted in serious harm. The situation had credible potential for serious injury and was escalated immediately.,[REPORT_TYPE] Near Miss [SITE] LPG bottling plant [ACTIVITY] Confined space entry [BARRIER_FAILURE] Lift plan missing [IOGP_RULE] Confined Space [TEXT] Inspection revealed Lift plan missing during Confined space entry at LPG bottling plant. The activity was stopped as it could have resulted in serious harm. The situation had credible potential for serious injury and was escalated immediately.,High,1
NM_0129,Near Miss,Pipeline ROW,Scaffold modification,Lift plan missing,Safe Mechanical Lifting,"During Scaffold modification at Pipeline ROW, Lift plan missing. Corrective action was taken on the spot. The condition was corrected during the routine inspection, with no exposure to hazardous energy.","During Scaffold modification at Pipeline ROW, Lift plan missing. Corrective action was taken on the spot. The condition was corrected during the routine inspection, with no exposure to hazardous energy.","[REPORT_TYPE] Near Miss [SITE] Pipeline ROW [ACTIVITY] Scaffold modification [BARRIER_FAILURE] Lift plan missing [IOGP_RULE] Safe Mechanical Lifting [TEXT] During Scaffold modification at Pipeline ROW, Lift plan missing. Corrective action was taken on the spot. The condition was corrected during the routine inspection, with no exposure to hazardous energy.",Low,0
NM_0712,Near Miss,Gas processing unit,Manual handling of tubulars,Supervision absent,Energy Isolation,"Shift crew reported that during Manual handling of tubulars in Gas processing unit, Supervision absent. Multiple workers were at risk of serious injury or fatality. Multiple critical barriers were ineffective, creating imminent serious-injury or fatality potential.","Shift crew reported that during Manual handling of tubulars in Gas processing unit, Supervision absent. Multiple workers were at risk of serious injury or fatality. Multiple critical barriers were ineffective, creating imminent serious-injury or fatality potential.","[REPORT_TYPE] Near Miss [SITE] Gas processing unit [ACTIVITY] Manual handling of tubulars [BARRIER_FAILURE] Supervision absent [IOGP_RULE] Energy Isolation [TEXT] Shift crew reported that during Manual handling of tubulars in Gas processing unit, Supervision absent. Multiple workers were at risk of serious injury or fatality. Multiple critical barriers were ineffective, creating imminent serious-injury or fatality potential.",Critical,1
NM_0679,Near Miss,Offshore platform,Vehicle movement,Isolation not verified,Energy Isolation,"During Vehicle movement at Offshore platform, Isolation not verified. All personnel were evacuated. Multiple critical barriers were ineffective, creating imminent serious-injury or fatality potential.","During Vehicle movement at Offshore platform, Isolation not verified. All personnel were evacuated. Multiple critical barriers were ineffective, creating imminent serious-injury or fatality potential.","[REPORT_TYPE] Near Miss [SITE] Offshore platform [ACTIVITY] Vehicle movement [BARRIER_FAILURE] Isolation not verified [IOGP_RULE] Energy Isolation [TEXT] During Vehicle movement at Offshore platform, Isolation not verified. All personnel were evacuated. Multiple critical barriers were ineffective, creating imminent serious-injury or fatality potential.",Critical,1
NM_0476,Near Miss,Truck loading bay,Well intervention,"No pre-entry gas test, attendant, rescue arrangement, or signed entry permit",Confined Space,"Before/during Well intervention at Truck loading bay, No pre-entry gas test, attendant, rescue arrangement, or signed entry permit. The situation had credible potential for serious injury. A supervisor issued a stop-work intervention and required a formal control verification.","Before/during Well intervention at Truck loading bay, No pre-entry gas test, attendant, rescue arrangement, or signed entry permit. The situation had credible potential for serious injury. A supervisor issued a stop-work intervention and required a formal control verification.","[REPORT_TYPE] Near Miss [SITE] Truck loading bay [ACTIVITY] Well intervention [BARRIER_FAILURE] No pre-entry gas test, attendant, rescue arrangement, or signed entry permit [IOGP_RULE] Confined Space [TEXT] Before/during Well intervention at Truck loading bay, No pre-entry gas test, attendant, rescue arrangement, or signed entry permit. The situation had credible potential for serious injury. A supervisor issued a stop-work intervention and required a formal control verification.",High,1
NM_0561,Near Miss,Compressor station,Confined space entry,Driver fatigue screening and journey-management check were incomplete,Confined Space,Inspection revealed Driver fatigue screening and journey-management check were incomplete during Confined space entry at Compressor station. The activity was stopped as it could have resulted in serious harm. Work was halted due to high-risk exposure and corrective measures were implemented.,Inspection revealed Driver fatigue screening and journey-management check were incomplete during Confined space entry at Compressor station. The activity was stopped as it could have resulted in serious harm. Work was halted due to high-risk exposure and corrective measures were implemented.,[REPORT_TYPE] Near Miss [SITE] Compressor station [ACTIVITY] Confined space entry [BARRIER_FAILURE] Driver fatigue screening and journey-management check were incomplete [IOGP_RULE] Confined Space [TEXT] Inspection revealed Driver fatigue screening and journey-management check were incomplete during Confined space entry at Compressor station. The activity was stopped as it could have resulted in serious harm. Work was halted due to high-risk exposure and corrective measures were implemented.,High,1
NM_0284,Near Miss,Pipeline ROW,Electrical maintenance,Test manifold lacked verified restraint and pressure-release exclusion controls,Energy Isolation,"Near-miss observation: while performing Electrical maintenance at Pipeline ROW, the team found that Test manifold lacked verified restraint and pressure-release exclusion controls. Work was stopped temporarily and resumed after verification. The task was paused, the control was restored, and the supervisor verified readiness before work resumed.","Near-miss observation: while performing Electrical maintenance at Pipeline ROW, the team found that Test manifold lacked verified restraint and pressure-release exclusion controls. Work was stopped temporarily and resumed after verification. The task was paused, the control was restored, and the supervisor verified readiness before work resumed.","[REPORT_TYPE] Near Miss [SITE] Pipeline ROW [ACTIVITY] Electrical maintenance [BARRIER_FAILURE] Test manifold lacked verified restraint and pressure-release exclusion controls [IOGP_RULE] Energy Isolation [TEXT] Near-miss observation: while performing Electrical maintenance at Pipeline ROW, the team found that Test manifold lacked verified restraint and pressure-release exclusion controls. Work was stopped temporarily and resumed after verification. The task was paused, the control was restored, and the supervisor verified readiness before work resumed.",Medium,0
NM_0401,Near Miss,Process plant,Breaking a pressurised flange,Fire watch missing,Hot Work,"Before/during Breaking a pressurised flange at Process plant, Fire watch missing. The job was halted due to high-risk exposure. Personnel were close to hazardous energy exposure, so the area was secured pending investigation.","Before/during Breaking a pressurised flange at Process plant, Fire watch missing. The job was halted due to high-risk exposure. Personnel were close to hazardous energy exposure, so the area was secured pending investigation.","[REPORT_TYPE] Near Miss [SITE] Process plant [ACTIVITY] Breaking a pressurised flange [BARRIER_FAILURE] Fire watch missing [IOGP_RULE] Hot Work [TEXT] Before/during Breaking a pressurised flange at Process plant, Fire watch missing. The job was halted due to high-risk exposure. Personnel were close to hazardous energy exposure, so the area was secured pending investigation.",High,1
NM_0071,Near Miss,LPG bottling plant,Pipeline inspection,Test manifold lacked verified restraint and pressure-release exclusion controls,Safe Mechanical Lifting,"Shift crew reported that during Pipeline inspection in LPG bottling plant, Test manifold lacked verified restraint and pressure-release exclusion controls. Work was paused briefly and the issue was resolved. The issue was minor and was rectified before it affected the task.","Shift crew reported that during Pipeline inspection in LPG bottling plant, Test manifold lacked verified restraint and pressure-release exclusion controls. Work was paused briefly and the issue was resolved. The issue was minor and was rectified before it affected the task.","[REPORT_TYPE] Near Miss [SITE] LPG bottling plant [ACTIVITY] Pipeline inspection [BARRIER_FAILURE] Test manifold lacked verified restraint and pressure-release exclusion controls [IOGP_RULE] Safe Mechanical Lifting [TEXT] Shift crew reported that during Pipeline inspection in LPG bottling plant, Test manifold lacked verified restraint and pressure-release exclusion controls. Work was paused briefly and the issue was resolved. The issue was minor and was rectified before it affected the task.",Low,0
NM_0770,Near Miss,Maintenance yard,Internal tank inspection,Permit missing,Confined Space,"Before/during Internal tank inspection at Maintenance yard, Permit missing. Multiple workers were at risk of serious injury or fatality. Multiple critical barriers were ineffective, creating imminent serious-injury or fatality potential.","Before/during Internal tank inspection at Maintenance yard, Permit missing. Multiple workers were at risk of serious injury or fatality. Multiple critical barriers were ineffective, creating imminent serious-injury or fatality potential.","[REPORT_TYPE] Near Miss [SITE] Maintenance yard [ACTIVITY] Internal tank inspection [BARRIER_FAILURE] Permit missing [IOGP_RULE] Confined Space [TEXT] Before/during Internal tank inspection at Maintenance yard, Permit missing. Multiple workers were at risk of serious injury or fatality. Multiple critical barriers were ineffective, creating imminent serious-injury or fatality potential.",Critical,1
NM_0029,Near Miss,Field office area,Loading/unloading operations,"No pre-entry gas test, attendant, rescue arrangement, or signed entry permit",Confined Space,"Before/during Loading/unloading operations at Field office area, No pre-entry gas test, attendant, rescue arrangement, or signed entry permit. The area was corrected immediately. No work stoppage was required as the risk was minimal.","Before/during Loading/unloading operations at Field office area, No pre-entry gas test, attendant, rescue arrangement, or signed entry permit. The area was corrected immediately. No work stoppage was required as the risk was minimal.","[REPORT_TYPE] Near Miss [SITE] Field office area [ACTIVITY] Loading/unloading operations [BARRIER_FAILURE] No pre-entry gas test, attendant, rescue arrangement, or signed entry permit [IOGP_RULE] Confined Space [TEXT] Before/during Loading/unloading operations at Field office area, No pre-entry gas test, attendant, rescue arrangement, or signed entry permit. The area was corrected immediately. No work stoppage was required as the risk was minimal.",Low,0
NM_0443,Near Miss,Maintenance yard,Forklift pallet handling,Isolation not verified,Energy Isolation,"Before/during Forklift pallet handling at Maintenance yard, Isolation not verified. The situation had credible potential for serious injury. The failed critical control created credible potential for serious injury; the task was stopped and reported to HSE.","Before/during Forklift pallet handling at Maintenance yard, Isolation not verified. The situation had credible potential for serious injury. The failed critical control created credible potential for serious injury; the task was stopped and reported to HSE.","[REPORT_TYPE] Near Miss [SITE] Maintenance yard [ACTIVITY] Forklift pallet handling [BARRIER_FAILURE] Isolation not verified [IOGP_RULE] Energy Isolation [TEXT] Before/during Forklift pallet handling at Maintenance yard, Isolation not verified. The situation had credible potential for serious injury. The failed critical control created credible potential for serious injury; the task was stopped and reported to HSE.",High,1
NM_0062,Near Miss,Drilling rig,Night driving to remote site,Warning sign missing,Working at Height,Inspection revealed Warning sign missing during Night driving to remote site at Drilling rig. No work stoppage was required. The issue was minor and was rectified before it affected the task.,Inspection revealed Warning sign missing during Night driving to remote site at Drilling rig. No work stoppage was required. The issue was minor and was rectified before it affected the task.,[REPORT_TYPE] Near Miss [SITE] Drilling rig [ACTIVITY] Night driving to remote site [BARRIER_FAILURE] Warning sign missing [IOGP_RULE] Working at Height [TEXT] Inspection revealed Warning sign missing during Night driving to remote site at Drilling rig. No work stoppage was required. The issue was minor and was rectified before it affected the task.,Low,0
NM_0296,Near Miss,Pipeline ROW,Process unit startup/shutdown,Gas testing was overdue and no dedicated fire watch was assigned,Confined Space,"Shift crew reported that during Process unit startup/shutdown in Pipeline ROW, Gas testing was overdue and no dedicated fire watch was assigned. The job proceeded only after corrective measures. The task was paused, the control was restored, and the supervisor verified readiness before work resumed.","Shift crew reported that during Process unit startup/shutdown in Pipeline ROW, Gas testing was overdue and no dedicated fire watch was assigned. The job proceeded only after corrective measures. The task was paused, the control was restored, and the supervisor verified readiness before work resumed.","[REPORT_TYPE] Near Miss [SITE] Pipeline ROW [ACTIVITY] Process unit startup/shutdown [BARRIER_FAILURE] Gas testing was overdue and no dedicated fire watch was assigned [IOGP_RULE] Confined Space [TEXT] Shift crew reported that during Process unit startup/shutdown in Pipeline ROW, Gas testing was overdue and no dedicated fire watch was assigned. The job proceeded only after corrective measures. The task was paused, the control was restored, and the supervisor verified readiness before work resumed.",Medium,0
NM_0236,Near Miss,Offshore platform,Confined space entry,Equipment defect,Confined Space,"During Confined space entry at Offshore platform, Equipment defect. Work was stopped temporarily and resumed after verification. The task was paused, the control was restored, and the supervisor verified readiness before work resumed.","During Confined space entry at Offshore platform, Equipment defect. Work was stopped temporarily and resumed after verification. The task was paused, the control was restored, and the supervisor verified readiness before work resumed.","[REPORT_TYPE] Near Miss [SITE] Offshore platform [ACTIVITY] Confined space entry [BARRIER_FAILURE] Equipment defect [IOGP_RULE] Confined Space [TEXT] During Confined space entry at Offshore platform, Equipment defect. Work was stopped temporarily and resumed after verification. The task was paused, the control was restored, and the supervisor verified readiness before work resumed.",Medium,0
