report_text,sif_binary,label_source,category,risk_level,sif_label,facility,department,label,python predict_v3.py
Incident observation 24: Drove a site vehicle through an intersection during material movement created a vehicle collision. The driver was distracted by a phone. The reported outcome was a minor collision with a pedestrian injury. The pre-job checklist was incomplete.,0,original_trusted,,,,,,,
,0,,,,,,,,Operations
,0,,,,,,,,Mechanical
,0,,,,,,,,Operations
,0,,,,,,,,Operations
Incident observation 414: Walked near a manual cart during a scheduled inspection created a near miss from moving cart. The cart was pushed before the path was clear. The reported outcome was no contact and no injury. The worker received a verbal reminder but continued.,0,,Unsafe Act,Low,Non-SIF,Process Area,Operations,1.0,
,0,,,,,,,,Operations
Incident observation 864: Swept a dry work area during material movement created a minor dust exposure. A dust mask was not used for a short task. The reported outcome was temporary throat irritation that resolved after water. The pre-job checklist was incomplete.,0,,Unsafe Act,Low,Non-SIF,Process Area,Operations,1.0,
,0,,,,,,,,Operations
,0,,,,,,,,Operations
,0,,,,,,,,Electrical Maintenance
,0,,,,,,,,Logistics
,0,,,,,,,,Electrical Maintenance
,0,,,,,,,,Electrical Maintenance
,0,,,,,,,,Operations
,0,,,,,,,,Electrical Maintenance
,0,,,,,,,,Logistics
,0,,,,,,,,Projects
,0,,,,,,,,Mechanical
,0,,,,,,,,Operations
Incident observation 1534: Walked near a manual cart during a scheduled inspection created a near miss from moving cart. The cart was pushed before the path was clear. The reported outcome was no contact and no injury. The worker received a verbal reminder but continued.,0,original_trusted,,,,,,,
Incident observation 524: Operated a pneumatic tool while completing an urgent task created a noise exposure. Hearing protection was not worn. The reported outcome was temporary hearing symptoms requiring evaluation. The supervisor was not informed before the task started.,0,,Unsafe Act,Medium,Non-SIF,Loading Bay,Logistics,1.0,
,0,,,,,,,,Projects
,0,,,,,,,,Projects
,0,,,,,,,,Projects
Incident observation 499: Used a non-hazardous cleaning solution during planned shutdown work created a minor skin irritation. Gloves were not worn for a short task. The reported outcome was temporary skin irritation resolved after washing. The pre-job checklist was incomplete.,0,original_trusted,,,,,,,
,0,,,,,,,,Electrical Maintenance
,0,,,,,,,,Electrical Maintenance
Incident observation 234: Passed through a low-clearance area during a night shift created a minor bump. Warning markings were overlooked. The reported outcome was mild soreness with no treatment required. A safer method was available nearby.,0,original_trusted,,,,,,,
,0,,,,,,,,Electrical Maintenance
,0,,,,,,,,Operations
,0,,,,,,,,Logistics
,0,,,,,,,,Operations
"During normal production, a worker experienced minor chemical splash after they transferred cleaning chemical. The transfer nozzle was aimed incorrectly. Outcome: eye irritation treated at the eyewash station. The pre-job checklist was incomplete.",0,,Unsafe Act,Medium,Non-SIF,Warehouse,Logistics,1.0,
Incident observation 79: Reached for light materials while preparing equipment for service created a minor muscle discomfort. The task was performed with an awkward posture. The reported outcome was brief shoulder discomfort that resolved after stretching. A safer method was available nearby.,0,,Unsafe Act,Low,Non-SIF,Process Area,Operations,1.0,
,0,,,,,,,,Electrical Maintenance
,0,,,,,,,,Mechanical
,0,,,,,,,,Operations
,0,,,,,,,,Operations
,0,,,,,,,,Operations
Incident observation 979: Handled sheet metal during planned shutdown work created a hand laceration. Cut-resistant gloves were not worn. The reported outcome was a deep cut requiring stitches. The pre-job checklist was incomplete.,0,original_trusted,,,,,,,
,0,,,,,,,,Operations
Incident observation 1159: Worked beneath a maintenance platform while preparing equipment for service created a falling-tool impact. Tools were not secured against dropping. The reported outcome was a shoulder injury requiring assessment. A safer method was available nearby.,0,,Unsafe Act,Medium,Non-SIF,Loading Bay,Logistics,1.0,
Incident observation 664: Moved a carton during material movement created a minor abrasion. A rough edge was not covered. The reported outcome was a small forearm abrasion cleaned on site. The pre-job checklist was incomplete.,0,original_trusted,,,,,,,
"While during a night shift, a worker passed through a low-clearance area. The unsafe act was that warning markings were overlooked. This led to minor bump; outcome was mild soreness with no treatment required. The pre-job checklist was incomplete.",0,original_trusted,,,,,,,
,0,,,,,,,,Logistics
,0,,,,,,,,Operations
,0,,,,,,,,Operations
,0,,,,,,,,Mechanical
,0,,,,,,,,Electrical Maintenance
Incident observation 1504: Swept a dry work area during material movement created a minor dust exposure. A dust mask was not used for a short task. The reported outcome was temporary throat irritation that resolved after water. The pre-job checklist was incomplete.,0,original_trusted,,,,,,,
Incident observation 329: Used a vibrating hand tool during routine maintenance created a minor hand discomfort. The task continued longer than planned. The reported outcome was temporary tingling that resolved after stopping work. The worker received a verbal reminder but continued.,0,,Unsafe Act,Low,Non-SIF,Process Area,Operations,1.0,
,0,,,,,,,,Logistics
Incident observation 1434: Used a portable ladder for a short task during a night shift created a ladder fall. The ladder was not secured. The reported outcome was an ankle fracture. A safer method was available nearby.,0,,Unsafe Act,Medium,Non-SIF,Loading Bay,Logistics,1.0,
Worker fell asleep at control panel during night shift. Process upset occurred. Alarms not responded to. Shift worker had worked 16 hours straight. No rest break taken. Fatigue management violation.,0,,Unsafe Act,Medium,Non-SIF,Central Control Room,Operations,1.0,
,0,,,,,,,,Operations
,0,,,,,,,,Operations
,0,,,,,,,,Logistics
,0,,,,,,,,Operations
Incident observation 1044: Walked through a storage aisle while completing an urgent task created a minor trip. A small cable was left near the route. The reported outcome was a slight ankle twist with no lost work time. The supervisor was not informed before the task started.,0,,Unsafe Act,Low,Non-SIF,Process Area,Operations,1.0,
"Unsafe work report: a worker walked near a manual cart during a scheduled inspection. The cart was pushed before the path was clear, creating a near miss from moving cart event. Result: no contact and no injury. The pre-job checklist was incomplete.",0,,Unsafe Act,Low,Non-SIF,Workshop,Maintenance,1.0,
,0,,,,,,,,Mechanical
,0,,,,,,,,Operations
,0,,,,,,,,Operations
,0,,,,,,,,Operations
,0,,,,,,,,Mechanical
,0,,,,,,,,Mechanical
,0,,,,,,,,Operations
,0,,,,,,,,Projects
"While during material movement, a worker swept a dry work area. The unsafe act was that a dust mask was not used for a short task. This led to minor dust exposure; outcome was temporary throat irritation that resolved after water. The supervisor was not informed before the task started.",0,original_trusted,,,,,,,
Incident observation 969: Worked in a hot process area during routine maintenance created a heat stress. Scheduled water breaks were missed. The reported outcome was dizziness requiring first-aid monitoring. The worker received a verbal reminder but continued.,0,original_trusted,,,,,,,
,0,,,,,,,,Mechanical
,0,,,,,,,,Electrical Maintenance
Incident observation 1054: Walked near a manual cart during a scheduled inspection created a near miss from moving cart. The cart was pushed before the path was clear. The reported outcome was no contact and no injury. The worker received a verbal reminder but continued.,0,original_trusted,,,,,,,
Incident observation 1219: Used a non-hazardous cleaning solution during planned shutdown work created a minor skin irritation. Gloves were not worn for a short task. The reported outcome was temporary skin irritation resolved after washing. The pre-job checklist was incomplete.,0,,Unsafe Act,Low,Non-SIF,Process Area,Operations,1.0,
Electric shock from faulty equipment. Worker reported defective tool but continued using. Tool had exposed wiring. Shock knocked worker unconscious. Co-worker performed CPR until ambulance arrived. Survived with burns.,0,,Unsafe Act,Medium,Non-SIF,Maintenance Shop,Electrical Maintenance,1.0,
"A worker used a portable ladder for a short task during a night shift, despite the fact that the ladder was not secured. The exposure involved ladder fall, resulting in an ankle fracture. The worker received a verbal reminder but continued.",0,,Unsafe Act,Medium,Non-SIF,Construction Zone,Projects,1.0,
Incident observation 454: Adjusted a guarded machine component during a scheduled inspection created a pinch-point injury. Hands were placed close to a moving pinch point. The reported outcome was a bruised and fractured finger. The worker received a verbal reminder but continued.,0,,Unsafe Act,Medium,Non-SIF,Loading Bay,Logistics,1.0,
,0,,,,,,,,Operations
,0,,,,,,,,Mechanical
"During a scheduled inspection, a worker experienced pinch-point injury after they adjusted a guarded machine component. Hands were placed close to a moving pinch point. Outcome: a bruised and fractured finger. The supervisor was not informed before the task started.",0,original_trusted,,,,,,,
,0,,,,,,,,Operations
,0,,,,,,,,Mechanical
,0,,,,,,,,Operations
,0,,,,,,,,Mechanical
,0,,,,,,,,Logistics
,0,,,,,,,,Operations
,0,,,,,,,,Operations
,0,,,,,,,,Projects
Incident observation 1369: Used a vibrating hand tool during routine maintenance created a minor hand discomfort. The task continued longer than planned. The reported outcome was temporary tingling that resolved after stopping work. The worker received a verbal reminder but continued.,0,,Unsafe Act,Low,Non-SIF,Process Area,Operations,1.0,
"While during material movement, a worker drove a site vehicle through an intersection. The unsafe act was that the driver was distracted by a phone. This led to vehicle collision; outcome was a minor collision with a pedestrian injury. The supervisor was not informed before the task started.",0,,Unsafe Act,Medium,Non-SIF,Process Area,Operations,1.0,
,0,,,,,,,,Logistics
Incident observation 129: Sorted small parts during routine maintenance created a minor cut. A paper edge was handled carelessly. The reported outcome was a superficial finger cut cleaned and bandaged on site. The worker received a verbal reminder but continued.,0,,Unsafe Act,Low,Non-SIF,Process Area,Operations,1.0,
,0,,,,,,,,Mechanical
,0,,,,,,,,Operations
,0,,,,,,,,Electrical Maintenance
Incident observation 219: Handled a warm pipe fitting during planned shutdown work created a burn contact. Heat-resistant gloves were not used. The reported outcome was a burn requiring medical dressing. The pre-job checklist was incomplete.,0,original_trusted,,,,,,,
Incident observation 939: Handled water-based coolant during planned shutdown work created a small spill exposure. A container cap was loosely fitted. The reported outcome was a small splash rinsed off with no injury. The pre-job checklist was incomplete.,0,original_trusted,,,,,,,
Incident observation 494: Walked near a manual cart during a scheduled inspection created a near miss from moving cart. The cart was pushed before the path was clear. The reported outcome was no contact and no injury. The worker received a verbal reminder but continued.,0,original_trusted,,,,,,,
"While during planned shutdown work, a worker used a non-hazardous cleaning solution. The unsafe act was that gloves were not worn for a short task. This led to minor skin irritation; outcome was temporary skin irritation resolved after washing. The supervisor was not informed before the task started.",0,original_trusted,,,,,,,
Incident observation 599: Walked beside a storage rack while preparing equipment for service created a near miss from dropped item. A light item was not placed securely. The reported outcome was no contact or injury. A safer method was available nearby.,0,original_trusted,,,,,,,
,0,,,,,,,,Projects
,0,,,,,,,,Electrical Maintenance
,0,,,,,,,,Projects
Incident observation 699: Handled a warm pipe fitting during planned shutdown work created a burn contact. Heat-resistant gloves were not used. The reported outcome was a burn requiring medical dressing. The pre-job checklist was incomplete.,0,original_trusted,,,,,,,
,0,,,,,,,,Operations
,0,,,,,,,,Projects
,0,,,,,,,,Mechanical
,0,,,,,,,,Logistics
,0,,,,,,,,Electrical Maintenance
Incident observation 1364: Walked through a storage aisle while completing an urgent task created a minor trip. A small cable was left near the route. The reported outcome was a slight ankle twist with no lost work time. The supervisor was not informed before the task started.,0,original_trusted,,,,,,,
,0,,,,,,,,Mechanical
Incident observation 1584: Used a hand grinder during material movement created a grinding injury. The workpiece was poorly clamped. The reported outcome was a cut to the forearm requiring stitches. The pre-job checklist was incomplete.,0,,Unsafe Act,Medium,Non-SIF,Loading Bay,Logistics,1.0,
,0,,,,,,,,Logistics
,0,,,,,,,,Operations
,0,,,,,,,,Logistics
,0,,,,,,,,Electrical Maintenance
Incident observation 289: Walked through a work area during routine maintenance created a slip and fall. An oil spill was not reported or cleaned. The reported outcome was a wrist fracture requiring medical treatment. The worker received a verbal reminder but continued.,0,,Unsafe Act,Medium,Non-SIF,Loading Bay,Logistics,1.0,
,0,,,,,,,,Projects
Incident observation 819: Used a non-hazardous cleaning solution during planned shutdown work created a minor skin irritation. Gloves were not worn for a short task. The reported outcome was temporary skin irritation resolved after washing. The pre-job checklist was incomplete.,0,original_trusted,,,,,,,
Incident observation 764: Handled wooden packaging while completing an urgent task created a minor splinter. Gloves were not worn. The reported outcome was a splinter removed on site without further treatment. The supervisor was not informed before the task started.,0,original_trusted,,,,,,,
,0,,,,,,,,Operations
,0,,,,,,,,Operations
,0,,,,,,,,Mechanical
Incident observation 1099: Handled water-based coolant during planned shutdown work created a small spill exposure. A container cap was loosely fitted. The reported outcome was a small splash rinsed off with no injury. The pre-job checklist was incomplete.,0,,Unsafe Act,Low,Non-SIF,Process Area,Operations,1.0,
,0,,,,,,,,Projects
,0,,,,,,,,Projects
,0,,,,,,,,Operations
Incident observation 269: Reached near a stopped conveyor during normal production created a conveyor contact. The conveyor was restarted before clearance was confirmed. The reported outcome was a bruised hand requiring treatment. The hazard was visible before work began.,0,original_trusted,,,,,,,
Incident observation 1234: Walked past stored materials during a night shift created a minor bruise. Clearance around a rack was limited. The reported outcome was a small bruise with no medical treatment required. A safer method was available nearby.,0,,Unsafe Act,Low,Non-SIF,Process Area,Operations,1.0,
Incident observation 1139: Handled sheet metal during planned shutdown work created a hand laceration. Cut-resistant gloves were not worn. The reported outcome was a deep cut requiring stitches. The pre-job checklist was incomplete.,0,original_trusted,,,,,,,
"During routine maintenance, a worker experienced slip and fall after they walked through a work area. An oil spill was not reported or cleaned. Outcome: a wrist fracture requiring medical treatment. The supervisor was not informed before the task started.",0,,Unsafe Act,Medium,Non-SIF,Warehouse,Logistics,1.0,
,0,,,,,,,,Projects
"A worker reached for light materials while preparing equipment for service, despite the fact that the task was performed with an awkward posture. The exposure involved minor muscle discomfort, resulting in brief shoulder discomfort that resolved after stretching. The worker received a verbal reminder but continued.",0,original_trusted,,,,,,,
Incident observation 254: Moved materials through a walkway during a scheduled inspection created a trip hazard. A hose was left across the route. The reported outcome was a knee sprain requiring treatment. The worker received a verbal reminder but continued.,0,original_trusted,,,,,,,
,0,,,,,,,,Electrical Maintenance
Incident observation 889: Worked in a hot process area during routine maintenance created a heat stress. Scheduled water breaks were missed. The reported outcome was dizziness requiring first-aid monitoring. The worker received a verbal reminder but continued.,0,,Unsafe Act,Medium,Non-SIF,Loading Bay,Logistics,1.0,
,0,,,,,,,,Electrical Maintenance
,0,,,,,,,,Logistics
Incident observation 399: Stood near a stack of materials while preparing equipment for service created a object strike. The stack was not secured. The reported outcome was a shoulder contusion requiring medical review. A safer method was available nearby.,0,,Unsafe Act,Medium,Non-SIF,Loading Bay,Logistics,1.0,
,0,,,,,,,,Logistics
,0,,,,,,,,Mechanical
,0,,,,,,,,Operations
,0,,,,,,,,Logistics
Incident observation 654: Moved materials through a walkway during a scheduled inspection created a trip hazard. A hose was left across the route. The reported outcome was a knee sprain requiring treatment. The worker received a verbal reminder but continued.,0,original_trusted,,,,,,,
,0,,,,,,,,Logistics
,0,,,,,,,,Operations
,0,,,,,,,,Electrical Maintenance
,0,,,,,,,,Electrical Maintenance
Incident observation 739: Used a non-hazardous cleaning solution during planned shutdown work created a minor skin irritation. Gloves were not worn for a short task. The reported outcome was temporary skin irritation resolved after washing. The pre-job checklist was incomplete.,0,original_trusted,,,,,,,
Incident observation 449: Sorted small parts during routine maintenance created a minor cut. A paper edge was handled carelessly. The reported outcome was a superficial finger cut cleaned and bandaged on site. The worker received a verbal reminder but continued.,0,original_trusted,,,,,,,
,0,,,,,,,,Projects
,0,,,,,,,,Electrical Maintenance
,0,,,,,,,,Electrical Maintenance
,0,,,,,,,,Mechanical
Incident observation 339: Used a non-hazardous cleaning solution during planned shutdown work created a minor skin irritation. Gloves were not worn for a short task. The reported outcome was temporary skin irritation resolved after washing. The pre-job checklist was incomplete.,0,original_trusted,,,,,,,
,0,,,,,,,,Electrical Maintenance
Incident observation 174: Moved materials through a walkway during a scheduled inspection created a trip hazard. A hose was left across the route. The reported outcome was a knee sprain requiring treatment. The worker received a verbal reminder but continued.,0,,Unsafe Act,Medium,Non-SIF,Loading Bay,Logistics,1.0,
,0,,,,,,,,Operations
Incident observation 909: Worked an extended administrative shift during normal production created a minor headache. A break was postponed. The reported outcome was a mild headache resolved after rest. The hazard was visible before work began.,0,original_trusted,,,,,,,
Incident observation 1129: Worked in a hot process area during routine maintenance created a heat stress. Scheduled water breaks were missed. The reported outcome was dizziness requiring first-aid monitoring. The worker received a verbal reminder but continued.,0,original_trusted,,,,,,,
,0,,,,,,,,Mechanical
,0,,,,,,,,Mechanical
,0,,,,,,,,Operations
,0,,,,,,,,Mechanical
,0,,,,,,,,Mechanical
Incident observation 1189: Transferred cleaning chemical during normal production created a minor chemical splash. The transfer nozzle was aimed incorrectly. The reported outcome was eye irritation treated at the eyewash station. The hazard was visible before work began.,0,original_trusted,,,,,,,
,0,,,,,,,,Operations
,0,,,,,,,,Logistics
,0,,,,,,,,Operations
Incident observation 1424: Used a hand grinder during material movement created a grinding injury. The workpiece was poorly clamped. The reported outcome was a cut to the forearm requiring stitches. The pre-job checklist was incomplete.,0,original_trusted,,,,,,,
,0,,,,,,,,Electrical Maintenance
Incident observation 1249: Walked through a work area during routine maintenance created a slip and fall. An oil spill was not reported or cleaned. The reported outcome was a wrist fracture requiring medical treatment. The worker received a verbal reminder but continued.,0,,Unsafe Act,Medium,Non-SIF,Loading Bay,Logistics,1.0,
,0,,,,,,,,Logistics
,0,,,,,,,,Operations
,0,,,,,,,,Mechanical
,0,,,,,,,,Operations
,0,,,,,,,,Operations Mechanical
,0,,,,,,,,Operations
Incident observation 789: Cleaned a bench with compressed air at low pressure during normal production created a minor eye irritation. Safety glasses were not worn. The reported outcome was temporary dust irritation resolved after flushing. The hazard was visible before work began.,0,original_trusted,,,,,,,
,0,,,,,,,,Projects
Incident observation 14: Moved materials through a walkway during a scheduled inspection created a trip hazard. A hose was left across the route. The reported outcome was a knee sprain requiring treatment. The worker received a verbal reminder but continued.,0,original_trusted,,,,,,,
Incident observation 564: Lifted a heavy container alone while completing an urgent task created a material-handling strain. A trolley was available but not used. The reported outcome was a back strain requiring clinic care. The supervisor was not informed before the task started.,0,original_trusted,,,,,,,
,0,,,,,,,,Electrical Maintenance
,0,,,,,,,,Operations
,0,,,,,,,,Projects
,0,,,,,,,,Mechanical
,0,,,,,,,,Mechanical
,0,,,,,,,,Mechanical
,0,,,,,,,,Operations
,0,,,,,,,,Mechanical
,0,,,,,,,,Operations
,0,,,,,,,,Projects
Incident observation 399: Reached for light materials while preparing equipment for service created a minor muscle discomfort. The task was performed with an awkward posture. The reported outcome was brief shoulder discomfort that resolved after stretching. A safer method was available nearby.,0,original_trusted,,,,,,,
,0,,,,,,,,Mechanical
,0,,,,,,,,Operations
Incident observation 394: Passed through a low-clearance area during a night shift created a minor bump. Warning markings were overlooked. The reported outcome was mild soreness with no treatment required. A safer method was available nearby.,0,original_trusted,,,,,,,
,0,,,,,,,,Logistics
,0,,,,,,,,Mechanical
,0,,,,,,,,Operations
Incident observation 54: Worked briefly in a warm location during a scheduled inspection created a minor heat discomfort. A rest break was delayed. The reported outcome was mild discomfort resolved after water and rest. The worker received a verbal reminder but continued.,0,,Unsafe Act,Low,Non-SIF,Process Area,Operations,1.0,
,0,,,,,,,,Operations
,0,,,,,,,,Operations
,0,,,,,,,,Operations
,0,,,,,,,,Operations
,0,,,,,,,,Electrical Maintenance
,0,,,,,,,,Electrical Maintenance
,0,,,,,,,,Electrical Maintenance
,0,,,,,,,,Projects
,0,,,,,,,,Logistics
,0,,,,,,,,Electrical Maintenance
,0,,,,,,,,Logistics
,0,,,,,,,,Projects
,0,,,,,,,,Operations
,0,,,,,,,,Projects
Incident observation 1199: Stood near a stack of materials while preparing equipment for service created a object strike. The stack was not secured. The reported outcome was a shoulder contusion requiring medical review. A safer method was available nearby.,0,original_trusted,,,,,,,
,0,,,,,,,,Projects
"A worker handled sheet metal during planned shutdown work, despite the fact that cut-resistant gloves were not worn. The exposure involved hand laceration, resulting in a deep cut requiring stitches. A safer method was available nearby.",0,original_trusted,,,,,,,
"Unsafe work report: a worker handled sheet metal during planned shutdown work. Cut-resistant gloves were not worn, creating a hand laceration event. Result: a deep cut requiring stitches. The hazard was visible before work began.",0,,Unsafe Act,Medium,Non-SIF,Maintenance Area,Mechanical,1.0,
Incident observation 464: Used a hand grinder during material movement created a grinding injury. The workpiece was poorly clamped. The reported outcome was a cut to the forearm requiring stitches. The pre-job checklist was incomplete.,0,,Unsafe Act,Medium,Non-SIF,Loading Bay,Logistics,1.0,
Incident observation 309: Transferred cleaning chemical during normal production created a minor chemical splash. The transfer nozzle was aimed incorrectly. The reported outcome was eye irritation treated at the eyewash station. The hazard was visible before work began.,0,,Unsafe Act,Medium,Non-SIF,Loading Bay,Logistics,1.0,
,0,,,,,,,,Mechanical
Incident observation 89: Worked in a hot process area during routine maintenance created a heat stress. Scheduled water breaks were missed. The reported outcome was dizziness requiring first-aid monitoring. The worker received a verbal reminder but continued.,0,original_trusted,,,,,,,
,0,,,,,,,,Operations
,0,,,,,,,,Mechanical
,0,,,,,,,,Electrical Maintenance
,0,,,,,,,,Mechanical
Incident observation 1069: Worked an extended administrative shift during normal production created a minor headache. A break was postponed. The reported outcome was a mild headache resolved after rest. The hazard was visible before work began.,0,original_trusted,,,,,,,
,0,,,,,,,,Logistics
,0,,,,,,,,Mechanical
Incident observation 819: Used a non-hazardous cleaning solution during planned shutdown work created a minor skin irritation. Gloves were not worn for a short task. The reported outcome was temporary skin irritation resolved after washing. The pre-job checklist was incomplete.,0,,Unsafe Act,Low,Non-SIF,Process Area,Operations,1.0,
,0,,,,,,,,Operations
,0,,,,,,,,Electrical Maintenance
Incident observation 819: Handled sheet metal during planned shutdown work created a hand laceration. Cut-resistant gloves were not worn. The reported outcome was a deep cut requiring stitches. The pre-job checklist was incomplete.,0,,Unsafe Act,Medium,Non-SIF,Loading Bay,Logistics,1.0,
Incident observation 1204: Lifted a heavy container alone while completing an urgent task created a material-handling strain. A trolley was available but not used. The reported outcome was a back strain requiring clinic care. The supervisor was not informed before the task started.,0,,Unsafe Act,Medium,Non-SIF,Loading Bay,Logistics,1.0,
,0,,,,,,,,Operations
,0,,,,,,,,Logistics
,0,,,,,,,,Electrical Maintenance
Incident observation 789: Transferred cleaning chemical during normal production created a minor chemical splash. The transfer nozzle was aimed incorrectly. The reported outcome was eye irritation treated at the eyewash station. The hazard was visible before work began.,0,,Unsafe Act,Medium,Non-SIF,Loading Bay,Logistics,1.0,
Incident observation 484: Walked through a storage aisle while completing an urgent task created a minor trip. A small cable was left near the route. The reported outcome was a slight ankle twist with no lost work time. The supervisor was not informed before the task started.,0,,Unsafe Act,Low,Non-SIF,Process Area,Operations,1.0,
"During material movement, a worker experienced grinding injury after they used a hand grinder. The workpiece was poorly clamped. Outcome: a cut to the forearm requiring stitches. The worker received a verbal reminder but continued.",0,original_trusted,,,,,,,
,0,,,,,,,,Operations
Incident observation 1359: Reached for light materials while preparing equipment for service created a minor muscle discomfort. The task was performed with an awkward posture. The reported outcome was brief shoulder discomfort that resolved after stretching. A safer method was available nearby.,0,,Unsafe Act,Low,Non-SIF,Process Area,Operations,1.0,
,0,,,,,,,,Logistics
,0,,,,,,,,Electrical Maintenance
,0,,,,,,,,Electrical Maintenance
,0,,,,,,,,Logistics
,0,,,,,,,,Operations
"While during planned shutdown work, a worker handled water-based coolant. The unsafe act was that a container cap was loosely fitted. This led to small spill exposure; outcome was a small splash rinsed off with no injury. The supervisor was not informed before the task started.",0,original_trusted,,,,,,,
,0,,,,,,,,Operations
,0,,,,,,,,Operations
,0,,,,,,,,Electrical Maintenance
,0,,,,,,,,Operations
,0,,,,,,,,Projects
,0,,,,,,,,Mechanical
,0,,,,,,,,Logistics
,0,,,,,,,,Logistics
,0,,,,,,,,Logistics
,0,,,,,,,,Operations
,0,,,,,,,,Projects
,0,,,,,,,,Mechanical
,0,,,,,,,,Electrical Maintenance
"Unsafe work report: a worker swept a dry work area during material movement. A dust mask was not used for a short task, creating a minor dust exposure event. Result: temporary throat irritation that resolved after water. The hazard was visible before work began.",0,original_trusted,,,,,,,
,0,,,,,,,,Projects
Incident observation 694: Adjusted a guarded machine component during a scheduled inspection created a pinch-point injury. Hands were placed close to a moving pinch point. The reported outcome was a bruised and fractured finger. The worker received a verbal reminder but continued.,0,,Unsafe Act,Medium,Non-SIF,Loading Bay,Logistics,1.0,
,0,,,,,,,,Electrical Maintenance
,0,,,,,,,,Operations
,0,,,,,,,,Logistics
,0,,,,,,,,Mechanical
,0,,,,,,,,Logistics
,0,,,,,,,,Logistics
Incident observation 689: Walked through a work area during routine maintenance created a slip and fall. An oil spill was not reported or cleaned. The reported outcome was a wrist fracture requiring medical treatment. The worker received a verbal reminder but continued.,0,,Unsafe Act,Medium,Non-SIF,Loading Bay,Logistics,1.0,
,0,,,,,,,,Logistics
,0,,,,,,,,Mechanical
,0,,,,,,,,Operations
Incident observation 804: Lifted a heavy container alone while completing an urgent task created a material-handling strain. A trolley was available but not used. The reported outcome was a back strain requiring clinic care. The supervisor was not informed before the task started.,0,,Unsafe Act,Medium,Non-SIF,Loading Bay,Logistics,1.0,
,0,,,,,,,,Mechanical
,0,,,,,,,,Projects
,0,,,,,,,,Logistics
Incident observation 439: Walked beside a storage rack while preparing equipment for service created a near miss from dropped item. A light item was not placed securely. The reported outcome was no contact or injury. A safer method was available nearby.,0,original_trusted,,,,,,,
"Unsafe work report: a worker used a vibrating hand tool during routine maintenance. The task continued longer than planned, creating a minor hand discomfort event. Result: temporary tingling that resolved after stopping work. The pre-job checklist was incomplete.",0,original_trusted,,,,,,,
Incident observation 329: Worked in a hot process area during routine maintenance created a heat stress. Scheduled water breaks were missed. The reported outcome was dizziness requiring first-aid monitoring. The worker received a verbal reminder but continued.,0,,Unsafe Act,Medium,Non-SIF,Loading Bay,Logistics,1.0,
,0,,,,,,,,Projects
,0,,,,,,,,Electrical Maintenance
,0,,,,,,,,Logistics
,0,,,,,,,,Operations
Incident observation 104: Moved a carton during material movement created a minor abrasion. A rough edge was not covered. The reported outcome was a small forearm abrasion cleaned on site. The pre-job checklist was incomplete.,0,original_trusted,,,,,,,
,0,,,,,,,,Logistics
,0,,,,,,,,Operations
,0,,,,,,,,Electrical Maintenance
Incident observation 1494: Worked briefly in a warm location during a scheduled inspection created a minor heat discomfort. A rest break was delayed. The reported outcome was mild discomfort resolved after water and rest. The worker received a verbal reminder but continued.,0,original_trusted,,,,,,,
Incident observation 1439: Stood near a stack of materials while preparing equipment for service created a object strike. The stack was not secured. The reported outcome was a shoulder contusion requiring medical review. A safer method was available nearby.,0,,Unsafe Act,Medium,Non-SIF,Loading Bay,Logistics,1.0,
,0,,,,,,,,Logistics
,0,,,,,,,,Operations
Incident observation 1544: Moved a carton during material movement created a minor abrasion. A rough edge was not covered. The reported outcome was a small forearm abrasion cleaned on site. The pre-job checklist was incomplete.,0,original_trusted,,,,,,,
,0,,,,,,,,Electrical Maintenance
,0,,,,,,,,Operations
Incident observation 1404: Handled wooden packaging while completing an urgent task created a minor splinter. Gloves were not worn. The reported outcome was a splinter removed on site without further treatment. The supervisor was not informed before the task started.,0,,Unsafe Act,Low,Non-SIF,Process Area,Operations,1.0,
,0,,,,,,,,Logistics
,0,,,,,,,,Electrical Maintenance
Incident observation 29: Worked an extended administrative shift during normal production created a minor headache. A break was postponed. The reported outcome was a mild headache resolved after rest. The hazard was visible before work began.,0,original_trusted,,,,,,,
,0,,,,,,,,Operations
,0,,,,,,,,Projects
,0,,,,,,,,Logistics
,0,,,,,,,,Logistics
Incident observation 264: Drove a site vehicle through an intersection during material movement created a vehicle collision. The driver was distracted by a phone. The reported outcome was a minor collision with a pedestrian injury. The pre-job checklist was incomplete.,0,,Unsafe Act,Medium,Non-SIF,Loading Bay,Logistics,1.0,
,0,,,,,,,,Projects
Incident observation 1299: Used a non-hazardous cleaning solution during planned shutdown work created a minor skin irritation. Gloves were not worn for a short task. The reported outcome was temporary skin irritation resolved after washing. The pre-job checklist was incomplete.,0,,Unsafe Act,Low,Non-SIF,Process Area,Operations,1.0,
,0,,,,,,,,Logistics
,0,,,,,,,,Operations
,0,,,,,,,,Projects
,0,,,,,,,,Mechanical
,0,,,,,,,,Electrical Maintenance
"Unsafe work report: a worker handled wooden packaging while completing an urgent task. Gloves were not worn, creating a minor splinter event. Result: a splinter removed on site without further treatment. The worker received a verbal reminder but continued.",0,original_trusted,,,,,,,
,0,,,,,,,,Operations
Incident observation 699: Handled a warm pipe fitting during planned shutdown work created a burn contact. Heat-resistant gloves were not used. The reported outcome was a burn requiring medical dressing. The pre-job checklist was incomplete.,0,,Unsafe Act,Medium,Non-SIF,Loading Bay,Logistics,1.0,
,0,,,,,,,,Operations
,0,,,,,,,,Mechanical
,0,,,,,,,,Mechanical
,0,,,,,,,,Operations
,0,,,,,,,,Projects
Incident observation 1589: Cleaned a bench with compressed air at low pressure during normal production created a minor eye irritation. Safety glasses were not worn. The reported outcome was temporary dust irritation resolved after flushing. The hazard was visible before work began.,0,original_trusted,,,,,,,
,0,,,,,,,,Mechanical
,0,,,,,,,,Operations
,0,,,,,,,,Projects
Incident observation 784: Used a hand grinder during material movement created a grinding injury. The workpiece was poorly clamped. The reported outcome was a cut to the forearm requiring stitches. The pre-job checklist was incomplete.,0,,Unsafe Act,Medium,Non-SIF,Loading Bay,Logistics,1.0,
"While while completing an urgent task, a worker walked through a storage aisle. The unsafe act was that a small cable was left near the route. This led to minor trip; outcome was a slight ankle twist with no lost work time. The hazard was visible before work began.",0,original_trusted,,,,,,,
Incident observation 779: Handled a warm pipe fitting during planned shutdown work created a burn contact. Heat-resistant gloves were not used. The reported outcome was a burn requiring medical dressing. The pre-job checklist was incomplete.,0,original_trusted,,,,,,,
,0,,,,,,,,Projects
Incident observation 259: Handled sheet metal during planned shutdown work created a hand laceration. Cut-resistant gloves were not worn. The reported outcome was a deep cut requiring stitches. The pre-job checklist was incomplete.,0,original_trusted,,,,,,,
Incident observation 739: Handled sheet metal during planned shutdown work created a hand laceration. Cut-resistant gloves were not worn. The reported outcome was a deep cut requiring stitches. The pre-job checklist was incomplete.,0,original_trusted,,,,,,,
"A worker stood near a stack of materials while preparing equipment for service, despite the fact that the stack was not secured. The exposure involved object strike, resulting in a shoulder contusion requiring medical review. The worker received a verbal reminder but continued.",0,original_trusted,,,,,,,
,0,,,,,,,,Mechanical
Incident observation 1324: Handled wooden packaging while completing an urgent task created a minor splinter. Gloves were not worn. The reported outcome was a splinter removed on site without further treatment. The supervisor was not informed before the task started.,0,,Unsafe Act,Low,Non-SIF,Process Area,Operations,1.0,
,0,,,,,,,,Electrical Maintenance
,0,,,,,,,,Logistics
,0,,,,,,,,Mechanical
Incident observation 1254: Adjusted a guarded machine component during a scheduled inspection created a pinch-point injury. Hands were placed close to a moving pinch point. The reported outcome was a bruised and fractured finger. The worker received a verbal reminder but continued.,0,,Unsafe Act,Medium,Non-SIF,Loading Bay,Logistics,1.0,
,0,,,,,,,,Electrical Maintenance
,0,,,,,,,,Mechanical
"While during routine maintenance, a worker used a vibrating hand tool. The unsafe act was that the task continued longer than planned. This led to minor hand discomfort; outcome was temporary tingling that resolved after stopping work. A safer method was available nearby.",0,,Unsafe Act,Low,Non-SIF,Office Area,Administration,1.0,
Incident observation 744: Moved a carton during material movement created a minor abrasion. A rough edge was not covered. The reported outcome was a small forearm abrasion cleaned on site. The pre-job checklist was incomplete.,0,original_trusted,,,,,,,
,0,,,,,,,,Logistics
Incident observation 569: Worked in a hot process area during routine maintenance created a heat stress. Scheduled water breaks were missed. The reported outcome was dizziness requiring first-aid monitoring. The worker received a verbal reminder but continued.,0,,Unsafe Act,Medium,Non-SIF,Loading Bay,Logistics,1.0,
,0,,,,,,,,Electrical Maintenance
"While during normal production, a worker transferred cleaning chemical. The unsafe act was that the transfer nozzle was aimed incorrectly. This led to minor chemical splash; outcome was eye irritation treated at the eyewash station. The worker received a verbal reminder but continued.",0,original_trusted,,,,,,,
,0,,,,,,,,Operations
,0,,,,,,,,Operations
,0,,,,,,,,Operations
,0,,,,,,,,Operations
,0,,,,,,,,Operations
Incident observation 1239: Walked beside a storage rack while preparing equipment for service created a near miss from dropped item. A light item was not placed securely. The reported outcome was no contact or injury. A safer method was available nearby.,0,original_trusted,,,,,,,
,0,,,,,,,,Projects
,0,,,,,,,,Projects
,0,,,,,,,,Operations
,0,,,,,,,,Logistics
,0,,,,,,,,Mechanical
Incident observation 484: Lifted a heavy container alone while completing an urgent task created a material-handling strain. A trolley was available but not used. The reported outcome was a back strain requiring clinic care. The supervisor was not informed before the task started.,0,,Unsafe Act,Medium,Non-SIF,Loading Bay,Logistics,1.0,
,0,,,,,,,,Electrical Maintenance
Incident observation 679: Worked beneath a maintenance platform while preparing equipment for service created a falling-tool impact. Tools were not secured against dropping. The reported outcome was a shoulder injury requiring assessment. A safer method was available nearby.,0,,Unsafe Act,Medium,Non-SIF,Loading Bay,Logistics,1.0,
Incident observation 144: Used a hand grinder during material movement created a grinding injury. The workpiece was poorly clamped. The reported outcome was a cut to the forearm requiring stitches. The pre-job checklist was incomplete.,0,,Unsafe Act,Medium,Non-SIF,Loading Bay,Logistics,1.0,
"While completing an urgent task, a worker experienced noise exposure after they operated a pneumatic tool. Hearing protection was not worn. Outcome: temporary hearing symptoms requiring evaluation. A safer method was available nearby.",0,,Unsafe Act,Medium,Non-SIF,Warehouse,Logistics,1.0,
Incident observation 34: Walked past stored materials during a night shift created a minor bruise. Clearance around a rack was limited. The reported outcome was a small bruise with no medical treatment required. A safer method was available nearby.,0,,Unsafe Act,Low,Non-SIF,Process Area,Operations,1.0,
,0,,,,,,,,Mechanical
"While preparing equipment for service, a worker experienced minor muscle discomfort after they reached for light materials. The task was performed with an awkward posture. Outcome: brief shoulder discomfort that resolved after stretching. The hazard was visible before work began.",0,original_trusted,,,,,,,
Pipeline pressure surged during start-up due to closed valve downstream. Operator noticed gauge 200psi above normal. Quickly opened bypass relieving pressure. No rupture. Start-up checklist not followed - valve should have been verified open.,0,,Unsafe Act,Medium,Non-SIF,Refinery Pipeline Area,Operations Process,1.0,
,0,,,,,,,,Mechanical
,0,,,,,,,,Mechanical
,0,,,,,,,,Mechanical
"A worker worked in a hot process area during routine maintenance, despite the fact that scheduled water breaks were missed. The exposure involved heat stress, resulting in dizziness requiring first-aid monitoring. The hazard was visible before work began.",0,,Unsafe Act,Medium,Non-SIF,Construction Zone,Projects,1.0,
,0,,,,,,,,Mechanical
,0,,,,,,,,Electrical Maintenance
,0,,,,,,,,Operations
Incident observation 1584: Swept a dry work area during material movement created a minor dust exposure. A dust mask was not used for a short task. The reported outcome was temporary throat irritation that resolved after water. The pre-job checklist was incomplete.,0,,Unsafe Act,Low,Non-SIF,Process Area,Operations,1.0,
,0,,,,,,,,Mechanical
"While during normal production, a worker reached near a stopped conveyor. The unsafe act was that the conveyor was restarted before clearance was confirmed. This led to conveyor contact; outcome was a bruised hand requiring treatment. The worker received a verbal reminder but continued.",0,,Unsafe Act,Medium,Non-SIF,Process Area,Operations,1.0,
Incident observation 879: Stood near a stack of materials while preparing equipment for service created a object strike. The stack was not secured. The reported outcome was a shoulder contusion requiring medical review. A safer method was available nearby.,0,original_trusted,,,,,,,
Incident observation 634: Passed through a low-clearance area during a night shift created a minor bump. Warning markings were overlooked. The reported outcome was mild soreness with no treatment required. A safer method was available nearby.,0,original_trusted,,,,,,,
,0,,,,,,,,Mechanical
Incident observation 1094: Worked briefly in a warm location during a scheduled inspection created a minor heat discomfort. A rest break was delayed. The reported outcome was mild discomfort resolved after water and rest. The worker received a verbal reminder but continued.,0,original_trusted,,,,,,,
Incident observation 1099: Handled a warm pipe fitting during planned shutdown work created a burn contact. Heat-resistant gloves were not used. The reported outcome was a burn requiring medical dressing. The pre-job checklist was incomplete.,0,original_trusted,,,,,,,
,0,,,,,,,,Logistics
Incident observation 1444: Walked through a storage aisle while completing an urgent task created a minor trip. A small cable was left near the route. The reported outcome was a slight ankle twist with no lost work time. The supervisor was not informed before the task started.,0,original_trusted,,,,,,,
,0,,,,,,,,Operations
,0,,,,,,,,Operations
Incident observation 864: Used a hand grinder during material movement created a grinding injury. The workpiece was poorly clamped. The reported outcome was a cut to the forearm requiring stitches. The pre-job checklist was incomplete.,0,original_trusted,,,,,,,
,0,,,,,,,,Projects
,0,,,,,,,,Mechanical
,0,,,,,,,,Mechanical
Incident observation 164: Walked through a storage aisle while completing an urgent task created a minor trip. A small cable was left near the route. The reported outcome was a slight ankle twist with no lost work time. The supervisor was not informed before the task started.,0,,Unsafe Act,Low,Non-SIF,Process Area,Operations,1.0,
Incident observation 919: Worked beneath a maintenance platform while preparing equipment for service created a falling-tool impact. Tools were not secured against dropping. The reported outcome was a shoulder injury requiring assessment. A safer method was available nearby.,0,,Unsafe Act,Medium,Non-SIF,Loading Bay,Logistics,1.0,
,0,,,,,,,,Projects
,0,,,,,,,,Projects
Incident observation 634: Passed through a low-clearance area during a night shift created a minor bump. Warning markings were overlooked. The reported outcome was mild soreness with no treatment required. A safer method was available nearby.,0,,Unsafe Act,Low,Non-SIF,Process Area,Operations,1.0,
,0,,,,,,,,Projects
,0,,,,,,,,Projects
,0,,,,,,,,Operations
,0,,,,,,,,Mechanical
,0,,,,,,,,Projects
,0,,,,,,,,Operations
Incident observation 999: Walked beside a storage rack while preparing equipment for service created a near miss from dropped item. A light item was not placed securely. The reported outcome was no contact or injury. A safer method was available nearby.,0,original_trusted,,,,,,,
,0,,,,,,,,Logistics
,0,,,,,,,,Mechanical
,0,,,,,,,,Logistics
,0,,,,,,,,Projects
Incident observation 294: Adjusted a guarded machine component during a scheduled inspection created a pinch-point injury. Hands were placed close to a moving pinch point. The reported outcome was a bruised and fractured finger. The worker received a verbal reminder but continued.,0,original_trusted,,,,,,,
,0,,,,,,,,Electrical Maintenance
,0,,,,,,,,Logistics
,0,,,,,,,,Operations
,0,,,,,,,,Mechanical
Incident observation 239: Stood near a stack of materials while preparing equipment for service created a object strike. The stack was not secured. The reported outcome was a shoulder contusion requiring medical review. A safer method was available nearby.,0,,Unsafe Act,Medium,Non-SIF,Loading Bay,Logistics,1.0,
Incident observation 464: Swept a dry work area during material movement created a minor dust exposure. A dust mask was not used for a short task. The reported outcome was temporary throat irritation that resolved after water. The pre-job checklist was incomplete.,0,original_trusted,,,,,,,
Incident observation 684: Handled wooden packaging while completing an urgent task created a minor splinter. Gloves were not worn. The reported outcome was a splinter removed on site without further treatment. The supervisor was not informed before the task started.,0,,Unsafe Act,Low,Non-SIF,Process Area,Operations,1.0,
Incident observation 499: Handled sheet metal during planned shutdown work created a hand laceration. Cut-resistant gloves were not worn. The reported outcome was a deep cut requiring stitches. The pre-job checklist was incomplete.,0,,Unsafe Act,Medium,Non-SIF,Loading Bay,Logistics,1.0,
,0,,,,,,,,Electrical Maintenance
,0,,,,,,,,Operations
,0,,,,,,,,Projects
,0,,,,,,,,Projects
,0,,,,,,,,Logistics
Incident observation 604: Operated a pneumatic tool while completing an urgent task created a noise exposure. Hearing protection was not worn. The reported outcome was temporary hearing symptoms requiring evaluation. The supervisor was not informed before the task started.,0,original_trusted,,,,,,,
,0,,,,,,,,Electrical Maintenance
,0,,,,,,,,Logistics
,0,,,,,,,,Electrical Maintenance
,0,,,,,,,,Electrical Maintenance
Incident observation 934: Adjusted a guarded machine component during a scheduled inspection created a pinch-point injury. Hands were placed close to a moving pinch point. The reported outcome was a bruised and fractured finger. The worker received a verbal reminder but continued.,0,,Unsafe Act,Medium,Non-SIF,Loading Bay,Logistics,1.0,
Incident observation 1039: Reached for light materials while preparing equipment for service created a minor muscle discomfort. The task was performed with an awkward posture. The reported outcome was brief shoulder discomfort that resolved after stretching. A safer method was available nearby.,0,original_trusted,,,,,,,
,0,,,,,,,,Logistics
,0,,,,,,,,Operations
Incident observation 1109: Cleaned a bench with compressed air at low pressure during normal production created a minor eye irritation. Safety glasses were not worn. The reported outcome was temporary dust irritation resolved after flushing. The hazard was visible before work began.,0,,Unsafe Act,Low,Non-SIF,Process Area,Operations,1.0,
,0,,,,,,,,Mechanical
,0,,,,,,,,Electrical Maintenance
,0,,,,,,,,Projects
,0,,,,,,,,Mechanical
,0,,,,,,,,Logistics
Incident observation 309: Transferred cleaning chemical during normal production created a minor chemical splash. The transfer nozzle was aimed incorrectly. The reported outcome was eye irritation treated at the eyewash station. The hazard was visible before work began.,0,original_trusted,,,,,,,
"Unsafe work report: a worker drove a site vehicle through an intersection during material movement. The driver was distracted by a phone, creating a vehicle collision event. Result: a minor collision with a pedestrian injury. The hazard was visible before work began.",0,original_trusted,,,,,,,
Incident observation 64: Used a hand grinder during material movement created a grinding injury. The workpiece was poorly clamped. The reported outcome was a cut to the forearm requiring stitches. The pre-job checklist was incomplete.,0,original_trusted,,,,,,,
,0,,,,,,,,Operations
,0,,,,,,,,Projects
,0,,,,,,,,Operations
,0,,,,,,,,Operations
,0,,,,,,,,Electrical Maintenance
,0,,,,,,,,Electrical Maintenance
Incident observation 1564: Handled wooden packaging while completing an urgent task created a minor splinter. Gloves were not worn. The reported outcome was a splinter removed on site without further treatment. The supervisor was not informed before the task started.,0,original_trusted,,,,,,,
,0,,,,,,,,Electrical Maintenance
Incident observation 234: Used a portable ladder for a short task during a night shift created a ladder fall. The ladder was not secured. The reported outcome was an ankle fracture. A safer method was available nearby.,0,,Unsafe Act,Medium,Non-SIF,Loading Bay,Logistics,1.0,
Incident observation 194: Walked past stored materials during a night shift created a minor bruise. Clearance around a rack was limited. The reported outcome was a small bruise with no medical treatment required. A safer method was available nearby.,0,original_trusted,,,,,,,
Incident observation 654: Moved materials through a walkway during a scheduled inspection created a trip hazard. A hose was left across the route. The reported outcome was a knee sprain requiring treatment. The worker received a verbal reminder but continued.,0,,Unsafe Act,Medium,Non-SIF,Loading Bay,Logistics,1.0,
Incident observation 1404: Handled wooden packaging while completing an urgent task created a minor splinter. Gloves were not worn. The reported outcome was a splinter removed on site without further treatment. The supervisor was not informed before the task started.,0,original_trusted,,,,,,,
,0,,,,,,,,Logistics
,0,,,,,,,,Projects
,0,,,,,,,,Logistics
Incident observation 769: Sorted small parts during routine maintenance created a minor cut. A paper edge was handled carelessly. The reported outcome was a superficial finger cut cleaned and bandaged on site. The worker received a verbal reminder but continued.,0,original_trusted,,,,,,,
Incident observation 564: Walked through a storage aisle while completing an urgent task created a minor trip. A small cable was left near the route. The reported outcome was a slight ankle twist with no lost work time. The supervisor was not informed before the task started.,0,original_trusted,,,,,,,
,0,,,,,,,,Operations
,0,,,,,,,,Operations
,0,,,,,,,,Projects
,0,,,,,,,,Operations
,0,,,,,,,,Electrical Maintenance
"A worker cleaned a bench with compressed air at low pressure during normal production, despite the fact that safety glasses were not worn. The exposure involved minor eye irritation, resulting in temporary dust irritation resolved after flushing. The supervisor was not informed before the task started.",0,original_trusted,,,,,,,
,0,,,,,,,,Logistics
Incident observation 879: Stood near a stack of materials while preparing equipment for service created a object strike. The stack was not secured. The reported outcome was a shoulder contusion requiring medical review. A safer method was available nearby.,0,,Unsafe Act,Medium,Non-SIF,Loading Bay,Logistics,1.0,
,0,,,,,,,,Projects
,0,,,,,,,,Projects
,0,,,,,,,,Operations
,0,,,,,,,,Mechanical
,0,,,,,,,,Operations
Incident observation 279: Worked beneath a maintenance platform while preparing equipment for service created a falling-tool impact. Tools were not secured against dropping. The reported outcome was a shoulder injury requiring assessment. A safer method was available nearby.,0,,Unsafe Act,Medium,Non-SIF,Loading Bay,Logistics,1.0,
,0,,,,,,,,Logistics
,0,,,,,,,,Operations
,0,,,,,,,,Logistics
,0,,,,,,,,Electrical Maintenance
Incident observation 1559: Walked beside a storage rack while preparing equipment for service created a near miss from dropped item. A light item was not placed securely. The reported outcome was no contact or injury. A safer method was available nearby.,0,,Unsafe Act,Low,Non-SIF,Process Area,Operations,1.0,
,0,,,,,,,,Projects
,0,,,,,,,,Projects
Incident observation 249: Used a vibrating hand tool during routine maintenance created a minor hand discomfort. The task continued longer than planned. The reported outcome was temporary tingling that resolved after stopping work. The worker received a verbal reminder but continued.,0,original_trusted,,,,,,,
,0,,,,,,,,Logistics
,0,,,,,,,,Electrical Maintenance
,0,,,,,,,,Logistics
,0,,,,,,,,Logistics
Incident observation 94: Walked near a manual cart during a scheduled inspection created a near miss from moving cart. The cart was pushed before the path was clear. The reported outcome was no contact and no injury. The worker received a verbal reminder but continued.,0,original_trusted,,,,,,,
,0,,,,,,,,Operations
,0,,,,,,,,Mechanical
,0,,,,,,,,Mechanical
,0,,,,,,,,Operations
,0,,,,,,,,Operations
Incident observation 1009: Sorted small parts during routine maintenance created a minor cut. A paper edge was handled carelessly. The reported outcome was a superficial finger cut cleaned and bandaged on site. The worker received a verbal reminder but continued.,0,,Unsafe Act,Low,Non-SIF,Process Area,Operations,1.0,
,0,,,,,,,,Electrical Maintenance
,0,,,,,,,,Logistics
Incident observation 1649: Sorted small parts during routine maintenance created a minor cut. A paper edge was handled carelessly. The reported outcome was a superficial finger cut cleaned and bandaged on site. The worker received a verbal reminder but continued.,0,original_trusted,,,,,,,
,0,,,,,,,,Operations
,0,,,,,,,,Operations
,0,,,,,,,,Mechanical
,0,,,,,,,,Mechanical
Incident observation 244: Lifted a heavy container alone while completing an urgent task created a material-handling strain. A trolley was available but not used. The reported outcome was a back strain requiring clinic care. The supervisor was not informed before the task started.,0,original_trusted,,,,,,,
Incident observation 964: Walked through a storage aisle while completing an urgent task created a minor trip. A small cable was left near the route. The reported outcome was a slight ankle twist with no lost work time. The supervisor was not informed before the task started.,0,original_trusted,,,,,,,
,0,,,,,,,,Logistics
Incident observation 44: Handled wooden packaging while completing an urgent task created a minor splinter. Gloves were not worn. The reported outcome was a splinter removed on site without further treatment. The supervisor was not informed before the task started.,0,,Unsafe Act,Low,Non-SIF,Process Area,Operations,1.0,
,0,,,,,,,,Mechanical
Incident observation 569: Used a vibrating hand tool during routine maintenance created a minor hand discomfort. The task continued longer than planned. The reported outcome was temporary tingling that resolved after stopping work. The worker received a verbal reminder but continued.,0,original_trusted,,,,,,,
,0,,,,,,,,Electrical Maintenance
,0,,,,,,,,Operations
Incident observation 544: Swept a dry work area during material movement created a minor dust exposure. A dust mask was not used for a short task. The reported outcome was temporary throat irritation that resolved after water. The pre-job checklist was incomplete.,0,,Unsafe Act,Low,Non-SIF,Process Area,Operations,1.0,
,0,,,,,,,,Operations
,0,,,,,,,,Logistics
,0,,,,,,,,Projects
,0,,,,,,,,Electrical Maintenance
Incident observation 114: Walked past stored materials during a night shift created a minor bruise. Clearance around a rack was limited. The reported outcome was a small bruise with no medical treatment required. A safer method was available nearby.,0,original_trusted,,,,,,,
,0,,,,,,,,Mechanical
,0,,,,,,,,Logistics
,0,,,,,,,,Projects
,0,,,,,,,,Electrical Maintenance
,0,,,,,,,,Electrical Maintenance
,0,,,,,,,,Mechanical
,0,,,,,,,,Mechanical
,0,,,,,,,,Mechanical
Incident observation 309: Cleaned a bench with compressed air at low pressure during normal production created a minor eye irritation. Safety glasses were not worn. The reported outcome was temporary dust irritation resolved after flushing. The hazard was visible before work began.,0,,Unsafe Act,Low,Non-SIF,Process Area,Operations,1.0,
Incident observation 589: Worked an extended administrative shift during normal production created a minor headache. A break was postponed. The reported outcome was a mild headache resolved after rest. The hazard was visible before work began.,0,,Unsafe Act,Low,Non-SIF,Process Area,Operations,1.0,
Incident observation 419: Used a non-hazardous cleaning solution during planned shutdown work created a minor skin irritation. Gloves were not worn for a short task. The reported outcome was temporary skin irritation resolved after washing. The pre-job checklist was incomplete.,0,,Unsafe Act,Low,Non-SIF,Process Area,Operations,1.0,
Incident observation 874: Passed through a low-clearance area during a night shift created a minor bump. Warning markings were overlooked. The reported outcome was mild soreness with no treatment required. A safer method was available nearby.,0,,Unsafe Act,Low,Non-SIF,Process Area,Operations,1.0,
Incident observation 784: Swept a dry work area during material movement created a minor dust exposure. A dust mask was not used for a short task. The reported outcome was temporary throat irritation that resolved after water. The pre-job checklist was incomplete.,0,original_trusted,,,,,,,
,0,,,,,,,,Electrical Maintenance
,0,,,,,,,,Projects
,0,,,,,,,,Operations
,0,,,,,,,,Mechanical
,0,,,,,,,,Logistics
,0,,,,,,,,Mechanical
,0,,,,,,,,Operations
,0,,,,,,,,Electrical Maintenance
,0,,,,,,,,Logistics
,0,,,,,,,,Mechanical
,0,,,,,,,,Electrical Maintenance
,0,,,,,,,,Mechanical
,0,,,,,,,,Projects
,0,,,,,,,,Logistics
,0,,,,,,,,Projects
,0,,,,,,,,Electrical Maintenance
,0,,,,,,,,Electrical Maintenance
,0,,,,,,,,Projects
,0,,,,,,,,Logistics
,0,,,,,,,,Operations
Incident observation 599: Worked beneath a maintenance platform while preparing equipment for service created a falling-tool impact. Tools were not secured against dropping. The reported outcome was a shoulder injury requiring assessment. A safer method was available nearby.,0,,Unsafe Act,Medium,Non-SIF,Loading Bay,Logistics,1.0,
Incident observation 984: Moved a carton during material movement created a minor abrasion. A rough edge was not covered. The reported outcome was a small forearm abrasion cleaned on site. The pre-job checklist was incomplete.,0,original_trusted,,,,,,,
,0,,,,,,,,Electrical Maintenance
,0,,,,,,,,Mechanical
Incident observation 1574: Worked briefly in a warm location during a scheduled inspection created a minor heat discomfort. A rest break was delayed. The reported outcome was mild discomfort resolved after water and rest. The worker received a verbal reminder but continued.,0,original_trusted,,,,,,,
,0,,,,,,,,Electrical Maintenance
,0,,,,,,,,Operations
,0,,,,,,,,Logistics
Incident observation 1269: Transferred cleaning chemical during normal production created a minor chemical splash. The transfer nozzle was aimed incorrectly. The reported outcome was eye irritation treated at the eyewash station. The hazard was visible before work began.,0,original_trusted,,,,,,,
,0,,,,,,,,Operations
"A worker walked near a manual cart during a scheduled inspection, despite the fact that the cart was pushed before the path was clear. The exposure involved near miss from moving cart, resulting in no contact and no injury. The hazard was visible before work began.",0,,Unsafe Act,Low,Non-SIF,Stores Area,Logistics,1.0,
,0,,,,,,,,Electrical Maintenance
,0,,,,,,,,Electrical Maintenance
Incident observation 1399: Worked beneath a maintenance platform while preparing equipment for service created a falling-tool impact. Tools were not secured against dropping. The reported outcome was a shoulder injury requiring assessment. A safer method was available nearby.,0,,Unsafe Act,Medium,Non-SIF,Loading Bay,Logistics,1.0,
,0,,,,,,,,Electrical Maintenance
Incident observation 1449: Worked in a hot process area during routine maintenance created a heat stress. Scheduled water breaks were missed. The reported outcome was dizziness requiring first-aid monitoring. The worker received a verbal reminder but continued.,0,original_trusted,,,,,,,
Incident observation 1654: Worked briefly in a warm location during a scheduled inspection created a minor heat discomfort. A rest break was delayed. The reported outcome was mild discomfort resolved after water and rest. The worker received a verbal reminder but continued.,0,original_trusted,,,,,,,
,0,,,,,,,,Electrical Maintenance
"Unsafe work report: a worker stood near a stack of materials while preparing equipment for service. The stack was not secured, creating a object strike event. Result: a shoulder contusion requiring medical review. The supervisor was not informed before the task started.",0,,Unsafe Act,Medium,Non-SIF,Maintenance Area,Mechanical,1.0,
,0,,,,,,,,Mechanical
"During routine maintenance, a worker experienced heat stress after they worked in a hot process area. Scheduled water breaks were missed. Outcome: dizziness requiring first-aid monitoring. The supervisor was not informed before the task started.",0,,Unsafe Act,Medium,Non-SIF,Warehouse,Logistics,1.0,
Incident observation 794: Used a portable ladder for a short task during a night shift created a ladder fall. The ladder was not secured. The reported outcome was an ankle fracture. A safer method was available nearby.,0,,Unsafe Act,Medium,Non-SIF,Loading Bay,Logistics,1.0,
,0,,,,,,,,Electrical Maintenance
,0,,,,,,,,Operations
,0,,,,,,,,Electrical Maintenance
,0,,,,,,,,Logistics
,0,,,,,,,,Logistics
,0,,,,,,,,Projects
,0,,,,,,,,Mechanical
,0,,,,,,,,Mechanical
,0,,,,,,,,Operations
,0,,,,,,,,Operations
,0,,,,,,,,Operations
Incident observation 1519: Reached for light materials while preparing equipment for service created a minor muscle discomfort. The task was performed with an awkward posture. The reported outcome was brief shoulder discomfort that resolved after stretching. A safer method was available nearby.,0,,Unsafe Act,Low,Non-SIF,Process Area,Operations,1.0,
Incident observation 564: Lifted a heavy container alone while completing an urgent task created a material-handling strain. A trolley was available but not used. The reported outcome was a back strain requiring clinic care. The supervisor was not informed before the task started.,0,,Unsafe Act,Medium,Non-SIF,Loading Bay,Logistics,1.0,
"A worker used a vibrating hand tool during routine maintenance, despite the fact that the task continued longer than planned. The exposure involved minor hand discomfort, resulting in temporary tingling that resolved after stopping work. The hazard was visible before work began.",0,,Unsafe Act,Low,Non-SIF,Stores Area,Logistics,1.0,
,0,,,,,,,,Mechanical
,0,,,,,,,,Mechanical
,0,,,,,,,,Logistics
,0,,,,,,,,Operations
,0,,,,,,,,Operations
,0,,,,,,,,Electrical Maintenance
,0,,,,,,,,Projects
Incident observation 734: Moved materials through a walkway during a scheduled inspection created a trip hazard. A hose was left across the route. The reported outcome was a knee sprain requiring treatment. The worker received a verbal reminder but continued.,0,original_trusted,,,,,,,
,0,,,,,,,,Operations
,0,,,,,,,,Operations
,0,,,,,,,,Operations
"While during a scheduled inspection, a worker walked near a manual cart. The unsafe act was that the cart was pushed before the path was clear. This led to near miss from moving cart; outcome was no contact and no injury. A safer method was available nearby.",0,original_trusted,,,,,,,
,0,,,,,,,,Projects
,0,,,,,,,,Mechanical
Incident observation 1204: Walked through a storage aisle while completing an urgent task created a minor trip. A small cable was left near the route. The reported outcome was a slight ankle twist with no lost work time. The supervisor was not informed before the task started.,0,original_trusted,,,,,,,
,0,,,,,,,,Operations
Incident observation 924: Operated a pneumatic tool while completing an urgent task created a noise exposure. Hearing protection was not worn. The reported outcome was temporary hearing symptoms requiring evaluation. The supervisor was not informed before the task started.,0,original_trusted,,,,,,,
Incident observation 189: Worked an extended administrative shift during normal production created a minor headache. A break was postponed. The reported outcome was a mild headache resolved after rest. The hazard was visible before work began.,0,,Unsafe Act,Low,Non-SIF,Process Area,Operations,1.0,
,0,,,,,,,,Projects
,0,,,,,,,,Projects
Incident observation 789: Cleaned a bench with compressed air at low pressure during normal production created a minor eye irritation. Safety glasses were not worn. The reported outcome was temporary dust irritation resolved after flushing. The hazard was visible before work began.,0,,Unsafe Act,Low,Non-SIF,Process Area,Operations,1.0,
,0,,,,,,,,Mechanical
,0,,,,,,,,Projects
,0,,,,,,,,Civil Projects
,0,,,,,,,,Mechanical
Incident observation 559: Reached for light materials while preparing equipment for service created a minor muscle discomfort. The task was performed with an awkward posture. The reported outcome was brief shoulder discomfort that resolved after stretching. A safer method was available nearby.,0,original_trusted,,,,,,,
,0,,,,,,,,Operations
,0,,,,,,,,Mechanical
Incident observation 349: Reached near a stopped conveyor during normal production created a conveyor contact. The conveyor was restarted before clearance was confirmed. The reported outcome was a bruised hand requiring treatment. The hazard was visible before work began.,0,original_trusted,,,,,,,
,0,,,,,,,,Operations
,0,,,,,,,,Operations
,0,,,,,,,,Mechanical
,0,,,,,,,,Operations
,0,,,,,,,,Mechanical
Incident observation 1044: Walked through a storage aisle while completing an urgent task created a minor trip. A small cable was left near the route. The reported outcome was a slight ankle twist with no lost work time. The supervisor was not informed before the task started.,0,original_trusted,,,,,,,
,0,,,,,,,,Operations
,0,,,,,,,,Logistics
,0,,,,,,,,Projects
,0,,,,,,,,Operations
,0,,,,,,,,Logistics
Incident observation 974: Walked near a manual cart during a scheduled inspection created a near miss from moving cart. The cart was pushed before the path was clear. The reported outcome was no contact and no injury. The worker received a verbal reminder but continued.,0,original_trusted,,,,,,,
,0,,,,,,,,Mechanical
,0,,,,,,,,Maintenance Mechanical
,0,,,,,,,,Electrical Maintenance
,0,,,,,,,,Electrical Maintenance
Incident observation 889: Used a vibrating hand tool during routine maintenance created a minor hand discomfort. The task continued longer than planned. The reported outcome was temporary tingling that resolved after stopping work. The worker received a verbal reminder but continued.,0,original_trusted,,,,,,,
,0,,,,,,,,Operations
Incident observation 929: Sorted small parts during routine maintenance created a minor cut. A paper edge was handled carelessly. The reported outcome was a superficial finger cut cleaned and bandaged on site. The worker received a verbal reminder but continued.,0,original_trusted,,,,,,,
Incident observation 549: Cleaned a bench with compressed air at low pressure during normal production created a minor eye irritation. Safety glasses were not worn. The reported outcome was temporary dust irritation resolved after flushing. The hazard was visible before work began.,0,,Unsafe Act,Low,Non-SIF,Process Area,Operations,1.0,
Incident observation 1059: Used a non-hazardous cleaning solution during planned shutdown work created a minor skin irritation. Gloves were not worn for a short task. The reported outcome was temporary skin irritation resolved after washing. The pre-job checklist was incomplete.,0,,Unsafe Act,Low,Non-SIF,Process Area,Operations,1.0,
"During a scheduled inspection, a worker experienced trip hazard after they moved materials through a walkway. A hose was left across the route. Outcome: a knee sprain requiring treatment. The supervisor was not informed before the task started.",0,original_trusted,,,,,,,
,0,,,,,,,,Electrical Maintenance
,0,,,,,,,,Mechanical
,0,,,,,,,,Operations
,0,,,,,,,,Mechanical
Incident observation 1329: Sorted small parts during routine maintenance created a minor cut. A paper edge was handled carelessly. The reported outcome was a superficial finger cut cleaned and bandaged on site. The worker received a verbal reminder but continued.,0,original_trusted,,,,,,,
,0,,,,,,,,Operations
,0,,,,,,,,Operations
Incident observation 84: Walked through a storage aisle while completing an urgent task created a minor trip. A small cable was left near the route. The reported outcome was a slight ankle twist with no lost work time. The supervisor was not informed before the task started.,0,,Unsafe Act,Low,Non-SIF,Process Area,Operations,1.0,
,0,,,,,,,,Projects
,0,,,,,,,,Operations
,0,,,,,,,,Electrical Maintenance
Incident observation 879: Reached for light materials while preparing equipment for service created a minor muscle discomfort. The task was performed with an awkward posture. The reported outcome was brief shoulder discomfort that resolved after stretching. A safer method was available nearby.,0,original_trusted,,,,,,,
,0,,,,,,,,Electrical Maintenance
,0,,,,,,,,Maintenance Mechanical
"During routine maintenance, a worker experienced minor cut after they sorted small parts. A paper edge was handled carelessly. Outcome: a superficial finger cut cleaned and bandaged on site. The supervisor was not informed before the task started.",0,original_trusted,,,,,,,
,0,,,,,,,,Logistics
,0,,,,,,,,Logistics
,0,,,,,,,,Electrical Maintenance
Incident observation 84: Lifted a heavy container alone while completing an urgent task created a material-handling strain. A trolley was available but not used. The reported outcome was a back strain requiring clinic care. The supervisor was not informed before the task started.,0,original_trusted,,,,,,,
Incident observation 19: Handled sheet metal during planned shutdown work created a hand laceration. Cut-resistant gloves were not worn. The reported outcome was a deep cut requiring stitches. The pre-job checklist was incomplete.,0,,Unsafe Act,Medium,Non-SIF,Loading Bay,Logistics,1.0,
"While preparing equipment for service, a worker experienced object strike after they stood near a stack of materials. The stack was not secured. Outcome: a shoulder contusion requiring medical review. The hazard was visible before work began.",0,,Unsafe Act,Medium,Non-SIF,Warehouse,Logistics,1.0,
Incident observation 1339: Handled water-based coolant during planned shutdown work created a small spill exposure. A container cap was loosely fitted. The reported outcome was a small splash rinsed off with no injury. The pre-job checklist was incomplete.,0,original_trusted,,,,,,,
,0,,,,,,,,Operations
,0,,,,,,,,Logistics
Incident observation 819: Handled sheet metal during planned shutdown work created a hand laceration. Cut-resistant gloves were not worn. The reported outcome was a deep cut requiring stitches. The pre-job checklist was incomplete.,0,original_trusted,,,,,,,
,0,,,,,,,,Operations
,0,,,,,,,,Electrical Maintenance
,0,,,,,,,,Operations
Incident observation 469: Cleaned a bench with compressed air at low pressure during normal production created a minor eye irritation. Safety glasses were not worn. The reported outcome was temporary dust irritation resolved after flushing. The hazard was visible before work began.,0,original_trusted,,,,,,,
,0,,,,,,,,Projects
Incident observation 649: Worked in a hot process area during routine maintenance created a heat stress. Scheduled water breaks were missed. The reported outcome was dizziness requiring first-aid monitoring. The worker received a verbal reminder but continued.,0,,Unsafe Act,Medium,Non-SIF,Loading Bay,Logistics,1.0,
Incident observation 169: Used a vibrating hand tool during routine maintenance created a minor hand discomfort. The task continued longer than planned. The reported outcome was temporary tingling that resolved after stopping work. The worker received a verbal reminder but continued.,0,,Unsafe Act,Low,Non-SIF,Process Area,Operations,1.0,
,0,,,,,,,,Mechanical
,0,,,,,,,,Operations
,0,,,,,,,,Operations
,0,,,,,,,,Projects
,0,,,,,,,,Mechanical
Incident observation 1384: Drove a site vehicle through an intersection during material movement created a vehicle collision. The driver was distracted by a phone. The reported outcome was a minor collision with a pedestrian injury. The pre-job checklist was incomplete.,0,original_trusted,,,,,,,
,0,,,,,,,,Operations
,0,,,,,,,,Operations
,0,,,,,,,,Mechanical
,0,,,,,,,,Operations
,0,,,,,,,,Logistics
,0,,,,,,,,Electrical Maintenance
"While during a night shift, a worker used a portable ladder for a short task. The unsafe act was that the ladder was not secured. This led to ladder fall; outcome was an ankle fracture. The pre-job checklist was incomplete.",0,,Unsafe Act,Medium,Non-SIF,Process Area,Operations,1.0,
,0,,,,,,,,Mechanical
Incident observation 1504: Swept a dry work area during material movement created a minor dust exposure. A dust mask was not used for a short task. The reported outcome was temporary throat irritation that resolved after water. The pre-job checklist was incomplete.,0,,Unsafe Act,Low,Non-SIF,Process Area,Operations,1.0,
,0,,,,,,,,Electrical Maintenance
,0,,,,,,,,Operations
,0,,,,,,,,Electrical Maintenance
,0,,,,,,,,Operations
,0,,,,,,,,Operations
"During a scheduled inspection, a worker experienced near miss from moving cart after they walked near a manual cart. The cart was pushed before the path was clear. Outcome: no contact and no injury. The supervisor was not informed before the task started.",0,original_trusted,,,,,,,
,0,,,,,,,,Mechanical
,0,,,,,,,,Operations
,0,,,,,,,,Electrical Maintenance
Incident observation 904: Drove a site vehicle through an intersection during material movement created a vehicle collision. The driver was distracted by a phone. The reported outcome was a minor collision with a pedestrian injury. The pre-job checklist was incomplete.,0,,Unsafe Act,Medium,Non-SIF,Loading Bay,Logistics,1.0,
Incident observation 519: Worked beneath a maintenance platform while preparing equipment for service created a falling-tool impact. Tools were not secured against dropping. The reported outcome was a shoulder injury requiring assessment. A safer method was available nearby.,0,,Unsafe Act,Medium,Non-SIF,Loading Bay,Logistics,1.0,
,0,,,,,,,,Electrical Maintenance
"Unsafe work report: a worker passed through a low-clearance area during a night shift. Warning markings were overlooked, creating a minor bump event. Result: mild soreness with no treatment required. The supervisor was not informed before the task started.",0,,Unsafe Act,Low,Non-SIF,Workshop,Maintenance,1.0,
Crane cab glass shattered - operator injured. Glass fragment in eye. Load struck object causing swing. Load weight underestimated. Operator not wearing safety glasses. Near-miss for bystanders below.,0,,Unsafe Act,Medium,Non-SIF,Construction Site,Projects Mechanical,1.0,
,0,,,,,,,,Electrical Maintenance
,0,,,,,,,,Logistics
,0,,,,,,,,Mechanical
,0,,,,,,,,Operations
,0,,,,,,,,Operations
,0,,,,,,,,Projects
"Unsafe work report: a worker worked in a hot process area during routine maintenance. Scheduled water breaks were missed, creating a heat stress event. Result: dizziness requiring first-aid monitoring. The pre-job checklist was incomplete.",0,,Unsafe Act,Medium,Non-SIF,Maintenance Area,Mechanical,1.0,
,0,,,,,,,,Electrical Maintenance
,0,,,,,,,,Logistics
,0,,,,,,,,Logistics
Incident observation 389: Transferred cleaning chemical during normal production created a minor chemical splash. The transfer nozzle was aimed incorrectly. The reported outcome was eye irritation treated at the eyewash station. The hazard was visible before work began.,0,original_trusted,,,,,,,
Incident observation 1104: Swept a dry work area during material movement created a minor dust exposure. A dust mask was not used for a short task. The reported outcome was temporary throat irritation that resolved after water. The pre-job checklist was incomplete.,0,,Unsafe Act,Low,Non-SIF,Process Area,Operations,1.0,
,0,,,,,,,,Maintenance Mechanical
Incident observation 1309: Reached near a stopped conveyor during normal production created a conveyor contact. The conveyor was restarted before clearance was confirmed. The reported outcome was a bruised hand requiring treatment. The hazard was visible before work began.,0,original_trusted,,,,,,,
,0,,,,,,,,Projects
,0,,,,,,,,Electrical Maintenance
Incident observation 474: Used a portable ladder for a short task during a night shift created a ladder fall. The ladder was not secured. The reported outcome was an ankle fracture. A safer method was available nearby.,0,,Unsafe Act,Medium,Non-SIF,Loading Bay,Logistics,1.0,
,0,,,,,,,,Projects
,0,,,,,,,,Projects
,0,,,,,,,,Electrical Maintenance
,0,,,,,,,,Electrical Maintenance
,0,,,,,,,,Logistics
,0,,,,,,,,Operations
,0,,,,,,,,Operations
,0,,,,,,,,Operations
,0,,,,,,,,Projects
"While preparing equipment for service, a worker experienced minor muscle discomfort after they reached for light materials. The task was performed with an awkward posture. Outcome: brief shoulder discomfort that resolved after stretching. The hazard was visible before work began.",0,,Unsafe Act,Low,Non-SIF,Warehouse,Logistics,1.0,
,0,,,,,,,,Electrical Maintenance
,0,,,,,,,,Electrical Maintenance
"Unsafe work report: a worker operated a pneumatic tool while completing an urgent task. Hearing protection was not worn, creating a noise exposure event. Result: temporary hearing symptoms requiring evaluation. The worker received a verbal reminder but continued.",0,,Unsafe Act,Medium,Non-SIF,Maintenance Area,Mechanical,1.0,
,0,,,,,,,,Operations
,0,,,,,,,,Operations
,0,,,,,,,,Mechanical
,0,,,,,,,,Mechanical
,0,,,,,,,,Electrical Maintenance
,0,,,,,,,,Logistics
Incident observation 899: Handled sheet metal during planned shutdown work created a hand laceration. Cut-resistant gloves were not worn. The reported outcome was a deep cut requiring stitches. The pre-job checklist was incomplete.,0,,Unsafe Act,Medium,Non-SIF,Loading Bay,Logistics,1.0,
,0,,,,,,,,Mechanical
,0,,,,,,,,Projects
,0,,,,,,,,Operations
,0,,,,,,,,Operations
,0,,,,,,,,Operations
,0,,,,,,,,Mechanical
"During material movement, a worker experienced minor dust exposure after they swept a dry work area. A dust mask was not used for a short task. Outcome: temporary throat irritation that resolved after water. The worker received a verbal reminder but continued.",0,,Unsafe Act,Low,Non-SIF,Warehouse,Logistics,1.0,
,0,,,,,,,,Mechanical
,0,,,,,,,,Operations
Incident observation 729: Used a vibrating hand tool during routine maintenance created a minor hand discomfort. The task continued longer than planned. The reported outcome was temporary tingling that resolved after stopping work. The worker received a verbal reminder but continued.,0,,Unsafe Act,Low,Non-SIF,Process Area,Operations,1.0,
Incident observation 1564: Operated a pneumatic tool while completing an urgent task created a noise exposure. Hearing protection was not worn. The reported outcome was temporary hearing symptoms requiring evaluation. The supervisor was not informed before the task started.,0,original_trusted,,,,,,,
,0,,,,,,,,Operations
,0,,,,,,,,Operations
Incident observation 1529: Worked in a hot process area during routine maintenance created a heat stress. Scheduled water breaks were missed. The reported outcome was dizziness requiring first-aid monitoring. The worker received a verbal reminder but continued.,0,,Unsafe Act,Medium,Non-SIF,Loading Bay,Logistics,1.0,
Incident observation 1044: Lifted a heavy container alone while completing an urgent task created a material-handling strain. A trolley was available but not used. The reported outcome was a back strain requiring clinic care. The supervisor was not informed before the task started.,0,,Unsafe Act,Medium,Non-SIF,Loading Bay,Logistics,1.0,
,0,,,,,,,,Electrical Maintenance
Incident observation 59: Handled water-based coolant during planned shutdown work created a small spill exposure. A container cap was loosely fitted. The reported outcome was a small splash rinsed off with no injury. The pre-job checklist was incomplete.,0,original_trusted,,,,,,,
"A worker reached for light materials while preparing equipment for service, despite the fact that the task was performed with an awkward posture. The exposure involved minor muscle discomfort, resulting in brief shoulder discomfort that resolved after stretching. The worker received a verbal reminder but continued.",0,,Unsafe Act,Low,Non-SIF,Stores Area,Logistics,1.0,
Incident observation 529: Sorted small parts during routine maintenance created a minor cut. A paper edge was handled carelessly. The reported outcome was a superficial finger cut cleaned and bandaged on site. The worker received a verbal reminder but continued.,0,original_trusted,,,,,,,
"Unsafe work report: a worker walked past stored materials during a night shift. Clearance around a rack was limited, creating a minor bruise event. Result: a small bruise with no medical treatment required. The supervisor was not informed before the task started.",0,,Unsafe Act,Low,Non-SIF,Workshop,Maintenance,1.0,
,0,,,,,,,,Operations
,0,,,,,,,,Electrical Maintenance
,0,,,,,,,,Operations
,0,,,,,,,,Logistics
,0,,,,,,,,Logistics
Incident observation 1254: Worked briefly in a warm location during a scheduled inspection created a minor heat discomfort. A rest break was delayed. The reported outcome was mild discomfort resolved after water and rest. The worker received a verbal reminder but continued.,0,original_trusted,,,,,,,
,0,,,,,,,,Mechanical
,0,,,,,,,,Projects
,0,,,,,,,,Mechanical
,0,,,,,,,,Electrical Maintenance
Incident observation 1229: Reached near a stopped conveyor during normal production created a conveyor contact. The conveyor was restarted before clearance was confirmed. The reported outcome was a bruised hand requiring treatment. The hazard was visible before work began.,0,,Unsafe Act,Medium,Non-SIF,Loading Bay,Logistics,1.0,
Incident observation 1514: Passed through a low-clearance area during a night shift created a minor bump. Warning markings were overlooked. The reported outcome was mild soreness with no treatment required. A safer method was available nearby.,0,original_trusted,,,,,,,
Incident observation 1119: Stood near a stack of materials while preparing equipment for service created a object strike. The stack was not secured. The reported outcome was a shoulder contusion requiring medical review. A safer method was available nearby.,0,,Unsafe Act,Medium,Non-SIF,Loading Bay,Logistics,1.0,
Incident observation 1364: Lifted a heavy container alone while completing an urgent task created a material-handling strain. A trolley was available but not used. The reported outcome was a back strain requiring clinic care. The supervisor was not informed before the task started.,0,,Unsafe Act,Medium,Non-SIF,Loading Bay,Logistics,1.0,
,0,,,,,,,,Mechanical
,0,,,,,,,,Operations
,0,,,,,,,,Mechanical
Incident observation 1379: Used a non-hazardous cleaning solution during planned shutdown work created a minor skin irritation. Gloves were not worn for a short task. The reported outcome was temporary skin irritation resolved after washing. The pre-job checklist was incomplete.,0,,Unsafe Act,Low,Non-SIF,Process Area,Operations,1.0,
,0,,,,,,,,Operations
,0,,,,,,,,Mechanical
,0,,,,,,,,Logistics
,0,,,,,,,,Operations
Welding arc flash burned worker's face. Worker didn't use proper shade lens. Dark lens cracked - removed and not replaced. Assistant also suffered eye injury from arc exposure. PPE violation.,0,original_trusted,,,,,,,
"While during material movement, a worker used a hand grinder. The unsafe act was that the workpiece was poorly clamped. This led to grinding injury; outcome was a cut to the forearm requiring stitches. The supervisor was not informed before the task started.",0,original_trusted,,,,,,,
,0,,,,,,,,Mechanical
,0,,,,,,,,Operations
,0,,,,,,,,Operations
,0,,,,,,,,Operations
,0,,,,,,,,Operations
,0,,,,,,,,Operations Mechanical
,0,,,,,,,,Mechanical
Incident observation 624: Swept a dry work area during material movement created a minor dust exposure. A dust mask was not used for a short task. The reported outcome was temporary throat irritation that resolved after water. The pre-job checklist was incomplete.,0,,Unsafe Act,Low,Non-SIF,Process Area,Operations,1.0,
Incident observation 1139: Used a non-hazardous cleaning solution during planned shutdown work created a minor skin irritation. Gloves were not worn for a short task. The reported outcome was temporary skin irritation resolved after washing. The pre-job checklist was incomplete.,0,,Unsafe Act,Low,Non-SIF,Process Area,Operations,1.0,
Incident observation 319: Reached for light materials while preparing equipment for service created a minor muscle discomfort. The task was performed with an awkward posture. The reported outcome was brief shoulder discomfort that resolved after stretching. A safer method was available nearby.,0,,Unsafe Act,Low,Non-SIF,Process Area,Operations,1.0,
,0,,,,,,,,Mechanical
Incident observation 1294: Moved materials through a walkway during a scheduled inspection created a trip hazard. A hose was left across the route. The reported outcome was a knee sprain requiring treatment. The worker received a verbal reminder but continued.,0,original_trusted,,,,,,,
Incident observation 1344: Used a hand grinder during material movement created a grinding injury. The workpiece was poorly clamped. The reported outcome was a cut to the forearm requiring stitches. The pre-job checklist was incomplete.,0,,Unsafe Act,Medium,Non-SIF,Loading Bay,Logistics,1.0,
,0,,,,,,,,Logistics
,0,,,,,,,,Electrical Maintenance
"A worker walked beside a storage rack while preparing equipment for service, despite the fact that a light item was not placed securely. The exposure involved near miss from dropped item, resulting in no contact or injury. The worker received a verbal reminder but continued.",0,original_trusted,,,,,,,
,0,,,,,,,,Projects
,0,,,,,,,,Operations
,0,,,,,,,,Operations
,0,,,,,,,,Electrical Maintenance
Incident observation 204: Handled wooden packaging while completing an urgent task created a minor splinter. Gloves were not worn. The reported outcome was a splinter removed on site without further treatment. The supervisor was not informed before the task started.,0,,Unsafe Act,Low,Non-SIF,Process Area,Operations,1.0,
Incident observation 184: Moved a carton during material movement created a minor abrasion. A rough edge was not covered. The reported outcome was a small forearm abrasion cleaned on site. The pre-job checklist was incomplete.,0,,Unsafe Act,Low,Non-SIF,Process Area,Operations,1.0,
,0,,,,,,,,Projects
,0,,,,,,,,Electrical Maintenance
,0,,,,,,,,Projects
,0,,,,,,,,Operations
Incident observation 219: Handled water-based coolant during planned shutdown work created a small spill exposure. A container cap was loosely fitted. The reported outcome was a small splash rinsed off with no injury. The pre-job checklist was incomplete.,0,,Unsafe Act,Low,Non-SIF,Process Area,Operations,1.0,
Incident observation 724: Lifted a heavy container alone while completing an urgent task created a material-handling strain. A trolley was available but not used. The reported outcome was a back strain requiring clinic care. The supervisor was not informed before the task started.,0,,Unsafe Act,Medium,Non-SIF,Loading Bay,Logistics,1.0,
Incident observation 704: Used a hand grinder during material movement created a grinding injury. The workpiece was poorly clamped. The reported outcome was a cut to the forearm requiring stitches. The pre-job checklist was incomplete.,0,,Unsafe Act,Medium,Non-SIF,Loading Bay,Logistics,1.0,
,0,,,,,,,,Electrical Maintenance
Incident observation 384: Used a hand grinder during material movement created a grinding injury. The workpiece was poorly clamped. The reported outcome was a cut to the forearm requiring stitches. The pre-job checklist was incomplete.,0,,Unsafe Act,Medium,Non-SIF,Loading Bay,Logistics,1.0,
,0,,,,,,,,Operations
"While while preparing equipment for service, a worker stood near a stack of materials. The unsafe act was that the stack was not secured. This led to object strike; outcome was a shoulder contusion requiring medical review. The pre-job checklist was incomplete.",0,original_trusted,,,,,,,
,0,,,,,,,,Mechanical
,0,,,,,,,,Logistics
"Unsafe work report: a worker worked an extended administrative shift during normal production. A break was postponed, creating a minor headache event. Result: a mild headache resolved after rest. A safer method was available nearby.",0,original_trusted,,,,,,,
,0,,,,,,,,Projects
,0,,,,,,,,Logistics
,0,,,,,,,,Logistics
,0,,,,,,,,Operations
,0,,,,,,,,Projects
Incident observation 1564: Operated a pneumatic tool while completing an urgent task created a noise exposure. Hearing protection was not worn. The reported outcome was temporary hearing symptoms requiring evaluation. The supervisor was not informed before the task started.,0,,Unsafe Act,Medium,Non-SIF,Loading Bay,Logistics,1.0,
Incident observation 174: Walked near a manual cart during a scheduled inspection created a near miss from moving cart. The cart was pushed before the path was clear. The reported outcome was no contact and no injury. The worker received a verbal reminder but continued.,0,,Unsafe Act,Low,Non-SIF,Process Area,Operations,1.0,
Incident observation 1479: Walked beside a storage rack while preparing equipment for service created a near miss from dropped item. A light item was not placed securely. The reported outcome was no contact or injury. A safer method was available nearby.,0,original_trusted,,,,,,,
,0,,,,,,,,Projects
,0,,,,,,,,Electrical Maintenance
,0,,,,,,,,Mechanical
,0,,,,,,,,Projects
,0,,,,,,,,Electrical Maintenance
,0,,,,,,,,Electrical Maintenance
,0,,,,,,,,Operations
,0,,,,,,,,Projects
Incident observation 314: Passed through a low-clearance area during a night shift created a minor bump. Warning markings were overlooked. The reported outcome was mild soreness with no treatment required. A safer method was available nearby.,0,original_trusted,,,,,,,
"A worker handled wooden packaging while completing an urgent task, despite the fact that gloves were not worn. The exposure involved minor splinter, resulting in a splinter removed on site without further treatment. The pre-job checklist was incomplete.",0,original_trusted,,,,,,,
,0,,,,,,,,Civil Construction
Incident observation 349: Worked an extended administrative shift during normal production created a minor headache. A break was postponed. The reported outcome was a mild headache resolved after rest. The hazard was visible before work began.,0,original_trusted,,,,,,,
,0,,,,,,,,Logistics
Incident observation 1384: Moved a carton during material movement created a minor abrasion. A rough edge was not covered. The reported outcome was a small forearm abrasion cleaned on site. The pre-job checklist was incomplete.,0,original_trusted,,,,,,,
Incident observation 654: Walked near a manual cart during a scheduled inspection created a near miss from moving cart. The cart was pushed before the path was clear. The reported outcome was no contact and no injury. The worker received a verbal reminder but continued.,0,,Unsafe Act,Low,Non-SIF,Process Area,Operations,1.0,
,0,,,,,,,,Operations
,0,,,,,,,,Logistics
Incident observation 1154: Walked past stored materials during a night shift created a minor bruise. Clearance around a rack was limited. The reported outcome was a small bruise with no medical treatment required. A safer method was available nearby.,0,,Unsafe Act,Low,Non-SIF,Process Area,Operations,1.0,
"Unsafe work report: a worker handled water-based coolant during planned shutdown work. A container cap was loosely fitted, creating a small spill exposure event. Result: a small splash rinsed off with no injury. The hazard was visible before work began.",0,,Unsafe Act,Low,Non-SIF,Workshop,Maintenance,1.0,
,0,,,,,,,,Logistics
,0,,,,,,,,Operations Logistics
Incident observation 919: Walked beside a storage rack while preparing equipment for service created a near miss from dropped item. A light item was not placed securely. The reported outcome was no contact or injury. A safer method was available nearby.,0,original_trusted,,,,,,,
,0,,,,,,,,Electrical Maintenance
,0,,,,,,,,Logistics
,0,,,,,,,,Mechanical
Incident observation 579: Handled sheet metal during planned shutdown work created a hand laceration. Cut-resistant gloves were not worn. The reported outcome was a deep cut requiring stitches. The pre-job checklist was incomplete.,0,original_trusted,,,,,,,
,0,,,,,,,,Electrical Maintenance
Incident observation 419: Used a non-hazardous cleaning solution during planned shutdown work created a minor skin irritation. Gloves were not worn for a short task. The reported outcome was temporary skin irritation resolved after washing. The pre-job checklist was incomplete.,0,original_trusted,,,,,,,
Incident observation 984: Drove a site vehicle through an intersection during material movement created a vehicle collision. The driver was distracted by a phone. The reported outcome was a minor collision with a pedestrian injury. The pre-job checklist was incomplete.,0,original_trusted,,,,,,,
Incident observation 544: Used a hand grinder during material movement created a grinding injury. The workpiece was poorly clamped. The reported outcome was a cut to the forearm requiring stitches. The pre-job checklist was incomplete.,0,,Unsafe Act,Medium,Non-SIF,Loading Bay,Logistics,1.0,
,0,,,,,,,,Operations
,0,,,,,,,,Mechanical
,0,,,,,,,,Projects
,0,,,,,,,,Logistics
,0,,,,,,,,Operations
,0,,,,,,,,Operations
,0,,,,,,,,Logistics
Incident observation 754: Walked past stored materials during a night shift created a minor bruise. Clearance around a rack was limited. The reported outcome was a small bruise with no medical treatment required. A safer method was available nearby.,0,original_trusted,,,,,,,
,0,,,,,,,,Projects
Incident observation 1639: Walked beside a storage rack while preparing equipment for service created a near miss from dropped item. A light item was not placed securely. The reported outcome was no contact or injury. A safer method was available nearby.,0,,Unsafe Act,Low,Non-SIF,Process Area,Operations,1.0,
Hot work permit not obtained before welding near fuel tank. Sparks ignited flammable vapors. Flash fire occurred. Two workers suffered burns. Explosion risk was high. Welder assumed tank was empty - not verified.,1,original_trusted,,,,,,,
Incident observation 384: Worked below overhead lifting activity during material movement created a falling-object impact. The barricaded area was entered without authorization. The reported outcome was a serious head injury. The pre-job checklist was incomplete.,1,,Unsafe Act,High,SIF,Maintenance Workshop,Mechanical,1.0,
Incident observation 544: Worked below overhead lifting activity during material movement created a falling-object impact. The barricaded area was entered without authorization. The reported outcome was a serious head injury. The pre-job checklist was incomplete.,1,original_trusted,,,,,,,
Incident observation 469: Cleared a jam on a running conveyor during normal production created a machine entanglement. Lockout-tagout was not applied. The reported outcome was an amputation injury. The hazard was visible before work began.,1,original_trusted,,,,,,,
Incident observation 909: Raised a metal ladder near utility lines during normal production created a overhead-power-line contact. Minimum approach distance was not maintained. The reported outcome was electrical burns and cardiac arrest. The hazard was visible before work began.,1,,Unsafe Act,High,SIF,Maintenance Workshop,Mechanical,1.0,
Welding sparks near oil-soaked rags. Fire started. Worker trapped but escaped with burns. Rags not disposed properly. Fire extinguisher not accessible. Hot work permit not followed. Smoke inhalation injuries.,1,,Unsafe Act,High,SIF,Welding Workshop,Maintenance Mechanical,1.0,
"Unsafe work report: a worker reversed a forklift in a shared aisle during a night shift. The driver did not check the blind spot, creating a forklift contact event. Result: a crushed foot requiring treatment. The supervisor was not informed before the task started.",1,original_trusted,,,,,,,
Incident observation 1194: Disconnected a pressurized hydraulic hose during a night shift created a high-pressure hose whip. Pressure was not isolated before disconnection. The reported outcome was facial fractures and a broken jaw. A safer method was available nearby.,1,original_trusted,,,,,,,
"While during routine maintenance, a worker entered an unsupported trench. The unsafe act was that shoring and a safe-entry inspection were missing. This led to excavation collapse; outcome was burial injuries and emergency extraction. A safer method was available nearby.",1,original_trusted,,,,,,,
Incident observation 769: Installed pipe supports during routine maintenance created a fall from an elevated work platform. Fall arrest lanyard was not connected. The reported outcome was multiple fractures and a serious head injury. The worker received a verbal reminder but continued.,1,,Unsafe Act,High,SIF,Maintenance Workshop,Mechanical,1.0,
Incident observation 539: Worked on a live steam line during planned shutdown work created a steam release. The line was not isolated and depressurized. The reported outcome was deep thermal burns. The pre-job checklist was incomplete.,1,,Unsafe Act,High,SIF,Maintenance Workshop,Mechanical,1.0,
Incident observation 474: Disconnected a pressurized hydraulic hose during a night shift created a high-pressure hose whip. Pressure was not isolated before disconnection. The reported outcome was facial fractures and a broken jaw. A safer method was available nearby.,1,,Unsafe Act,High,SIF,Maintenance Workshop,Mechanical,1.0,
Incident observation 604: Responded to a leak in a process area while completing an urgent task created a toxic-gas exposure. Respiratory protection and gas monitoring were not used. The reported outcome was collapse from toxic inhalation. The supervisor was not informed before the task started.,1,,Unsafe Act,High,SIF,Maintenance Workshop,Mechanical,1.0,
Incident observation 1214: Inspected a rotating shaft during a scheduled inspection created a rotating-equipment entanglement. The guard had been removed and equipment remained energized. The reported outcome was a severe arm injury. The worker received a verbal reminder but continued.,1,original_trusted,,,,,,,
Incident observation 214: Welded beside a tank connection during a scheduled inspection created a flammable-vapour ignition. The hot-work permit and gas test were bypassed. The reported outcome was a flash fire with serious burns. The worker received a verbal reminder but continued.,1,original_trusted,,,,,,,
Incident observation 839: Opened a pressurized acid line while preparing equipment for service created a chemical release. A face shield and chemical suit were not worn. The reported outcome was permanent eye damage and chemical burns. A safer method was available nearby.,1,,Unsafe Act,High,SIF,Maintenance Workshop,Mechanical,1.0,
Incident observation 1134: Inspected a rotating shaft during a scheduled inspection created a rotating-equipment entanglement. The guard had been removed and equipment remained energized. The reported outcome was a severe arm injury. The worker received a verbal reminder but continued.,1,,Unsafe Act,High,SIF,Maintenance Workshop,Mechanical,1.0,
Incident observation 674: Reversed a forklift in a shared aisle during a night shift created a forklift contact. The driver did not check the blind spot. The reported outcome was a crushed foot requiring treatment. A safer method was available nearby.,1,,Unsafe Act,Medium,SIF,Loading Bay,Logistics,1.0,
Incident observation 929: Installed pipe supports during routine maintenance created a fall from an elevated work platform. Fall arrest lanyard was not connected. The reported outcome was multiple fractures and a serious head injury. The worker received a verbal reminder but continued.,1,original_trusted,,,,,,,
Incident observation 759: Opened a pressurized acid line while preparing equipment for service created a chemical release. A face shield and chemical suit were not worn. The reported outcome was permanent eye damage and chemical burns. A safer method was available nearby.,1,,Unsafe Act,High,SIF,Maintenance Workshop,Mechanical,1.0,
Incident observation 174: Inspected a rotating shaft during a scheduled inspection created a rotating-equipment entanglement. The guard had been removed and equipment remained energized. The reported outcome was a severe arm injury. The worker received a verbal reminder but continued.,1,original_trusted,,,,,,,
Incident observation 1174: Welded beside a tank connection during a scheduled inspection created a flammable-vapour ignition. The hot-work permit and gas test were bypassed. The reported outcome was a flash fire with serious burns. The worker received a verbal reminder but continued.,1,,Unsafe Act,High,SIF,Maintenance Workshop,Mechanical,1.0,
"During normal production, a worker experienced overhead-power-line contact after they raised a metal ladder near utility lines. Minimum approach distance was not maintained. Outcome: electrical burns and cardiac arrest. The pre-job checklist was incomplete.",1,original_trusted,,,,,,,
Incident observation 1204: Walked beneath a crane load while completing an urgent task created a suspended-load strike. The exclusion zone was ignored. The reported outcome was a crushed leg requiring surgery. The supervisor was not informed before the task started.,1,,Unsafe Act,High,SIF,Maintenance Workshop,Mechanical,1.0,
"During planned shutdown work, a worker experienced arc flash after they opened an energized switchboard. Arc-rated ppe and isolation were not used. Outcome: severe burns to the face and hands. The worker received a verbal reminder but continued.",1,,Unsafe Act,High,SIF,Process Unit,Operations,1.0,
Incident observation 414: Inspected a rotating shaft during a scheduled inspection created a rotating-equipment entanglement. The guard had been removed and equipment remained energized. The reported outcome was a severe arm injury. The worker received a verbal reminder but continued.,1,,Unsafe Act,High,SIF,Maintenance Workshop,Mechanical,1.0,
"Unsafe work report: a worker inspected a rotating shaft during a scheduled inspection. The guard had been removed and equipment remained energized, creating a rotating-equipment entanglement event. Result: a severe arm injury. The pre-job checklist was incomplete.",1,,Unsafe Act,High,SIF,Construction Zone,Projects,1.0,
Confined space entry without gas test. Worker collapsed. Rescue delayed - worker died. Permit not obtained. Control room not informed. No rescue plan. Worker entered on personal initiative.,1,,Unsafe Act,High,SIF,Confined Space Area,Operations,1.0,
Incident observation 119: Opened a pressurized acid line while preparing equipment for service created a chemical release. A face shield and chemical suit were not worn. The reported outcome was permanent eye damage and chemical burns. A safer method was available nearby.,1,original_trusted,,,,,,,
Incident observation 1129: Entered an unsupported trench during routine maintenance created a excavation collapse. Shoring and a safe-entry inspection were missing. The reported outcome was burial injuries and emergency extraction. The worker received a verbal reminder but continued.,1,,Unsafe Act,High,SIF,Maintenance Workshop,Mechanical,1.0,
Incident observation 849: Installed pipe supports during routine maintenance created a fall from an elevated work platform. Fall arrest lanyard was not connected. The reported outcome was multiple fractures and a serious head injury. The worker received a verbal reminder but continued.,1,,Unsafe Act,High,SIF,Maintenance Workshop,Mechanical,1.0,
Incident observation 274: Entered a vessel to inspect an internal valve during a night shift created a confined-space oxygen deficiency. The entry permit and atmosphere test were skipped. The reported outcome was loss of consciousness requiring emergency rescue. A safer method was available nearby.,1,,Unsafe Act,High,SIF,Maintenance Workshop,Mechanical,1.0,
Incident observation 689: Installed pipe supports during routine maintenance created a fall from an elevated work platform. Fall arrest lanyard was not connected. The reported outcome was multiple fractures and a serious head injury. The worker received a verbal reminder but continued.,1,original_trusted,,,,,,,
Tank truck not grounded during unloading. Static spark ignited flammable vapor. Driver and operator burned. Fire extinguisher failed. Truck not connected to ground cable. Procedure violated by both parties.,1,,Unsafe Act,High,SIF,Tank Truck Loading Bay,Logistics Operations,1.0,
Safety harness not connected - worker fell. Suspension injury. Worker had harness but didn't connect lanyard. Distracted by phone. Fell 5 meters. Sustained back injury. Lanyard nearby not attached.,1,,Unsafe Act,High,SIF,Roof Area,Maintenance Mechanical,1.0,
Incident observation 679: Opened a pressurized acid line while preparing equipment for service created a chemical release. A face shield and chemical suit were not worn. The reported outcome was permanent eye damage and chemical burns. A safer method was available nearby.,1,,Unsafe Act,High,SIF,Maintenance Workshop,Mechanical,1.0,
Incident observation 859: Worked on a live steam line during planned shutdown work created a steam release. The line was not isolated and depressurized. The reported outcome was deep thermal burns. The pre-job checklist was incomplete.,1,original_trusted,,,,,,,
Incident observation 419: Opened an energized switchboard during planned shutdown work created a arc flash. Arc-rated ppe and isolation were not used. The reported outcome was severe burns to the face and hands. The pre-job checklist was incomplete.,1,,Unsafe Act,High,SIF,Maintenance Workshop,Mechanical,1.0,
Incident observation 614: Welded beside a tank connection during a scheduled inspection created a flammable-vapour ignition. The hot-work permit and gas test were bypassed. The reported outcome was a flash fire with serious burns. The worker received a verbal reminder but continued.,1,original_trusted,,,,,,,
"While during normal production, a worker cleared a jam on a running conveyor. The unsafe act was that lockout-tagout was not applied. This led to machine entanglement; outcome was an amputation injury. The worker received a verbal reminder but continued.",1,,Unsafe Act,High,SIF,Tank Farm,Operations,1.0,
Incident observation 1224: Drove a forklift carrying an oversized load during material movement created a mobile-equipment overturn. The load capacity and travel route were not checked. The reported outcome was serious crush injuries. The pre-job checklist was incomplete.,1,original_trusted,,,,,,,
Incident observation 569: Entered an unsupported trench during routine maintenance created a excavation collapse. Shoring and a safe-entry inspection were missing. The reported outcome was burial injuries and emergency extraction. The worker received a verbal reminder but continued.,1,,Unsafe Act,High,SIF,Maintenance Workshop,Mechanical,1.0,
Hot work near flammable tank - explosion. Three workers burned. Tank not inspected - had flammable residues. Gas test done incorrectly. Several hours since test. Changing conditions not monitored. Severe burns.,1,,Unsafe Act,High,SIF,Tank Farm,Operations Maintenance,1.0,
Incident observation 69: Cleared a jam on a running conveyor during normal production created a machine entanglement. Lockout-tagout was not applied. The reported outcome was an amputation injury. The hazard was visible before work began.,1,original_trusted,,,,,,,
Incident observation 444: Responded to a leak in a process area while completing an urgent task created a toxic-gas exposure. Respiratory protection and gas monitoring were not used. The reported outcome was collapse from toxic inhalation. The supervisor was not informed before the task started.,1,original_trusted,,,,,,,
Unprotected grinding wheel shattered - fragment struck worker's chest. Worker with safety glasses but no body shield. Broken ribs and punctured lung. Wheel rated for wrong RPM. Exceeded limit. Worker lucky to survive.,1,original_trusted,,,,,,,
Incident observation 709: Cleared a jam on a running conveyor during normal production created a machine entanglement. Lockout-tagout was not applied. The reported outcome was an amputation injury. The hazard was visible before work began.,1,original_trusted,,,,,,,
Incident observation 659: Opened an energized switchboard during planned shutdown work created a arc flash. Arc-rated ppe and isolation were not used. The reported outcome was severe burns to the face and hands. The pre-job checklist was incomplete.,1,,Unsafe Act,High,SIF,Maintenance Workshop,Mechanical,1.0,
Incident observation 954: Disconnected a pressurized hydraulic hose during a night shift created a high-pressure hose whip. Pressure was not isolated before disconnection. The reported outcome was facial fractures and a broken jaw. A safer method was available nearby.,1,,Unsafe Act,High,SIF,Maintenance Workshop,Mechanical,1.0,
Incident observation 99: Opened an energized switchboard during planned shutdown work created a arc flash. Arc-rated ppe and isolation were not used. The reported outcome was severe burns to the face and hands. The pre-job checklist was incomplete.,1,,Unsafe Act,High,SIF,Maintenance Workshop,Mechanical,1.0,
Incident observation 404: Walked beneath a crane load while completing an urgent task created a suspended-load strike. The exclusion zone was ignored. The reported outcome was a crushed leg requiring surgery. The supervisor was not informed before the task started.,1,,Unsafe Act,High,SIF,Maintenance Workshop,Mechanical,1.0,
Incident observation 694: Welded beside a tank connection during a scheduled inspection created a flammable-vapour ignition. The hot-work permit and gas test were bypassed. The reported outcome was a flash fire with serious burns. The worker received a verbal reminder but continued.,1,,Unsafe Act,High,SIF,Maintenance Workshop,Mechanical,1.0,
Incident observation 1044: Walked beneath a crane load while completing an urgent task created a suspended-load strike. The exclusion zone was ignored. The reported outcome was a crushed leg requiring surgery. The supervisor was not informed before the task started.,1,original_trusted,,,,,,,
Incident observation 924: Responded to a leak in a process area while completing an urgent task created a toxic-gas exposure. Respiratory protection and gas monitoring were not used. The reported outcome was collapse from toxic inhalation. The supervisor was not informed before the task started.,1,,Unsafe Act,High,SIF,Maintenance Workshop,Mechanical,1.0,
Conveyor belt fire started - worker using cleaning solvent. Solvent ignition. Worker's hands burned. Solvent near moving belt. Worker using improper solvent. Belt not stopped. Worker didn't use approved methods.,1,original_trusted,,,,,,,
Incident observation 834: Reversed a forklift in a shared aisle during a night shift created a forklift contact. The driver did not check the blind spot. The reported outcome was a crushed foot requiring treatment. A safer method was available nearby.,1,,Unsafe Act,Medium,SIF,Loading Bay,Logistics,1.0,
Incident observation 1019: Worked on a live steam line during planned shutdown work created a steam release. The line was not isolated and depressurized. The reported outcome was deep thermal burns. The pre-job checklist was incomplete.,1,original_trusted,,,,,,,
Incident observation 1264: Worked below overhead lifting activity during material movement created a falling-object impact. The barricaded area was entered without authorization. The reported outcome was a serious head injury. The pre-job checklist was incomplete.,1,original_trusted,,,,,,,
Gasoline transferred without proper bonding and grounding. Static electricity caused ignition. Flash fire burned worker's arms and face. Worker not wearing flame-resistant clothing. No fire extinguisher nearby.,1,original_trusted,,,,,,,
Boiler operation at unsafe pressure. Worker bypassed safety interlock. Boiler exploded during shift. Two workers killed. Multiple burns and injuries. Interlock bypass common practice to save time. Unauthorized modification.,1,,Unsafe Act,High,SIF,Boiler House,Operations Mechanical,1.0,
Incident observation 249: Entered an unsupported trench during routine maintenance created a excavation collapse. Shoring and a safe-entry inspection were missing. The reported outcome was burial injuries and emergency extraction. The worker received a verbal reminder but continued.,1,original_trusted,,,,,,,
Incident observation 914: Reversed a forklift in a shared aisle during a night shift created a forklift contact. The driver did not check the blind spot. The reported outcome was a crushed foot requiring treatment. A safer method was available nearby.,1,original_trusted,,,,,,,
Incident observation 539: Worked on a live steam line during planned shutdown work created a steam release. The line was not isolated and depressurized. The reported outcome was deep thermal burns. The pre-job checklist was incomplete.,1,original_trusted,,,,,,,
Incident observation 509: Raised a metal ladder near utility lines during normal production created a overhead-power-line contact. Minimum approach distance was not maintained. The reported outcome was electrical burns and cardiac arrest. The hazard was visible before work began.,1,,Unsafe Act,High,SIF,Maintenance Workshop,Mechanical,1.0,
Incident observation 964: Walked beneath a crane load while completing an urgent task created a suspended-load strike. The exclusion zone was ignored. The reported outcome was a crushed leg requiring surgery. The supervisor was not informed before the task started.,1,,Unsafe Act,High,SIF,Maintenance Workshop,Mechanical,1.0,
Incident observation 514: Entered a vessel to inspect an internal valve during a night shift created a confined-space oxygen deficiency. The entry permit and atmosphere test were skipped. The reported outcome was loss of consciousness requiring emergency rescue. A safer method was available nearby.,1,original_trusted,,,,,,,
Incident observation 679: Opened a pressurized acid line while preparing equipment for service created a chemical release. A face shield and chemical suit were not worn. The reported outcome was permanent eye damage and chemical burns. A safer method was available nearby.,1,original_trusted,,,,,,,
Incident observation 139: Worked on a live steam line during planned shutdown work created a steam release. The line was not isolated and depressurized. The reported outcome was deep thermal burns. The pre-job checklist was incomplete.,1,,Unsafe Act,High,SIF,Maintenance Workshop,Mechanical,1.0,
"During routine maintenance, a worker experienced fall from an elevated work platform after they installed pipe supports. Fall arrest lanyard was not connected. Outcome: multiple fractures and a serious head injury. The supervisor was not informed before the task started.",1,,Unsafe Act,High,SIF,Process Unit,Operations,1.0,
Incident observation 494: Inspected a rotating shaft during a scheduled inspection created a rotating-equipment entanglement. The guard had been removed and equipment remained energized. The reported outcome was a severe arm injury. The worker received a verbal reminder but continued.,1,original_trusted,,,,,,,
Incident observation 744: Drove a forklift carrying an oversized load during material movement created a mobile-equipment overturn. The load capacity and travel route were not checked. The reported outcome was serious crush injuries. The pre-job checklist was incomplete.,1,original_trusted,,,,,,,
Incident observation 774: Welded beside a tank connection during a scheduled inspection created a flammable-vapour ignition. The hot-work permit and gas test were bypassed. The reported outcome was a flash fire with serious burns. The worker received a verbal reminder but continued.,1,original_trusted,,,,,,,
"While while completing an urgent task, a worker walked beneath a crane load. The unsafe act was that the exclusion zone was ignored. This led to suspended-load strike; outcome was a crushed leg requiring surgery. The hazard was visible before work began.",1,original_trusted,,,,,,,
Incident observation 209: Installed pipe supports during routine maintenance created a fall from an elevated work platform. Fall arrest lanyard was not connected. The reported outcome was multiple fractures and a serious head injury. The worker received a verbal reminder but continued.,1,,Unsafe Act,High,SIF,Maintenance Workshop,Mechanical,1.0,
Incident observation 469: Cleared a jam on a running conveyor during normal production created a machine entanglement. Lockout-tagout was not applied. The reported outcome was an amputation injury. The hazard was visible before work began.,1,,Unsafe Act,High,SIF,Maintenance Workshop,Mechanical,1.0,
Worker using non-rated lifting sling - snapped. Load fell. Worker's leg crushed. Sling rated for lower load. Weight mis-estimated. Worker not qualified. Injury required amputation below knee. Lifting plan missing.,1,original_trusted,,,,,,,
Incident observation 34: Reversed a forklift in a shared aisle during a night shift created a forklift contact. The driver did not check the blind spot. The reported outcome was a crushed foot requiring treatment. A safer method was available nearby.,1,,Unsafe Act,Medium,SIF,Loading Bay,Logistics,1.0,
"While preparing equipment for service, a worker experienced pressure-vessel overpressure after they continued operating a boiler above its limit. A safety interlock had been bypassed. Outcome: an explosion with life-threatening injuries. The hazard was visible before work began.",1,,Unsafe Act,High,SIF,Process Unit,Operations,1.0,
Incident observation 869: Cleared a jam on a running conveyor during normal production created a machine entanglement. Lockout-tagout was not applied. The reported outcome was an amputation injury. The hazard was visible before work began.,1,original_trusted,,,,,,,
Incident observation 664: Drove a forklift carrying an oversized load during material movement created a mobile-equipment overturn. The load capacity and travel route were not checked. The reported outcome was serious crush injuries. The pre-job checklist was incomplete.,1,original_trusted,,,,,,,
Incident observation 194: Reversed a forklift in a shared aisle during a night shift created a forklift contact. The driver did not check the blind spot. The reported outcome was a crushed foot requiring treatment. A safer method was available nearby.,1,,Unsafe Act,Medium,SIF,Loading Bay,Logistics,1.0,
Incident observation 839: Opened a pressurized acid line while preparing equipment for service created a chemical release. A face shield and chemical suit were not worn. The reported outcome was permanent eye damage and chemical burns. A safer method was available nearby.,1,original_trusted,,,,,,,
Incident observation 579: Opened an energized switchboard during planned shutdown work created a arc flash. Arc-rated ppe and isolation were not used. The reported outcome was severe burns to the face and hands. The pre-job checklist was incomplete.,1,original_trusted,,,,,,,
Incident observation 149: Cleared a jam on a running conveyor during normal production created a machine entanglement. Lockout-tagout was not applied. The reported outcome was an amputation injury. The hazard was visible before work began.,1,,Unsafe Act,High,SIF,Maintenance Workshop,Mechanical,1.0,
Incident observation 584: Drove a forklift carrying an oversized load during material movement created a mobile-equipment overturn. The load capacity and travel route were not checked. The reported outcome was serious crush injuries. The pre-job checklist was incomplete.,1,,Unsafe Act,High,SIF,Maintenance Workshop,Mechanical,1.0,
"Unsafe work report: a worker welded beside a tank connection during a scheduled inspection. The hot-work permit and gas test were bypassed, creating a flammable-vapour ignition event. Result: a flash fire with serious burns. The pre-job checklist was incomplete.",1,original_trusted,,,,,,,
Confined space entry permit expired - worker entered anyway. Co-worker entered to retrieve worker. Both exposed to low oxygen. Gas monitor not calibrated - showed false reading. Two workers collapsed. Both rescued but unconscious.,1,,Unsafe Act,High,SIF,Tank Cleaning Area,Maintenance Operations,1.0,
Pipe flange gasket failed - hot oil spray. Worker's face and hands severely burned. Worker not wearing face shield. PPE available but not used. Temperature 300°C - immediate severe burns.,1,,Unsafe Act,High,SIF,Hot Oil System,Operations Mechanical,1.0,
Incident observation 1234: Entered a vessel to inspect an internal valve during a night shift created a confined-space oxygen deficiency. The entry permit and atmosphere test were skipped. The reported outcome was loss of consciousness requiring emergency rescue. A safer method was available nearby.,1,,Unsafe Act,High,SIF,Maintenance Workshop,Mechanical,1.0,
Incident observation 54: Welded beside a tank connection during a scheduled inspection created a flammable-vapour ignition. The hot-work permit and gas test were bypassed. The reported outcome was a flash fire with serious burns. The worker received a verbal reminder but continued.,1,,Unsafe Act,High,SIF,Maintenance Workshop,Mechanical,1.0,
Incident observation 724: Walked beneath a crane load while completing an urgent task created a suspended-load strike. The exclusion zone was ignored. The reported outcome was a crushed leg requiring surgery. The supervisor was not informed before the task started.,1,original_trusted,,,,,,,
Incident observation 379: Worked on a live steam line during planned shutdown work created a steam release. The line was not isolated and depressurized. The reported outcome was deep thermal burns. The pre-job checklist was incomplete.,1,original_trusted,,,,,,,
Incident observation 334: Inspected a rotating shaft during a scheduled inspection created a rotating-equipment entanglement. The guard had been removed and equipment remained energized. The reported outcome was a severe arm injury. The worker received a verbal reminder but continued.,1,,Unsafe Act,High,SIF,Maintenance Workshop,Mechanical,1.0,
Incident observation 169: Entered an unsupported trench during routine maintenance created a excavation collapse. Shoring and a safe-entry inspection were missing. The reported outcome was burial injuries and emergency extraction. The worker received a verbal reminder but continued.,1,original_trusted,,,,,,,
Incident observation 1124: Walked beneath a crane load while completing an urgent task created a suspended-load strike. The exclusion zone was ignored. The reported outcome was a crushed leg requiring surgery. The supervisor was not informed before the task started.,1,original_trusted,,,,,,,
Incident observation 599: Opened a pressurized acid line while preparing equipment for service created a chemical release. A face shield and chemical suit were not worn. The reported outcome was permanent eye damage and chemical burns. A safer method was available nearby.,1,original_trusted,,,,,,,
Incident observation 899: Opened an energized switchboard during planned shutdown work created a arc flash. Arc-rated ppe and isolation were not used. The reported outcome was severe burns to the face and hands. The pre-job checklist was incomplete.,1,,Unsafe Act,High,SIF,Maintenance Workshop,Mechanical,1.0,
Incident observation 434: Reversed a forklift in a shared aisle during a night shift created a forklift contact. The driver did not check the blind spot. The reported outcome was a crushed foot requiring treatment. A safer method was available nearby.,1,,Unsafe Act,Medium,SIF,Loading Bay,Logistics,1.0,
Incident observation 219: Worked on a live steam line during planned shutdown work created a steam release. The line was not isolated and depressurized. The reported outcome was deep thermal burns. The pre-job checklist was incomplete.,1,,Unsafe Act,High,SIF,Maintenance Workshop,Mechanical,1.0,
Forklift driver carrying loose load - load shifted. Worker hit by falling object. Broken leg and foot. Load not stable. No straps used. Forklift tilting forward. Load center exceeded. Operator rushing.,1,original_trusted,,,,,,,
"While completing an urgent task, a worker experienced suspended-load strike after they walked beneath a crane load. The exclusion zone was ignored. Outcome: a crushed leg requiring surgery. A safer method was available nearby.",1,original_trusted,,,,,,,
Worker crossing conveyor belt - not using crosswalk. Belt started while worker on it. Worker fell into conveyor. Severe lacerations and broken arm. Conveyor emergency stop not used. Walkways present but not used.,1,,Unsafe Act,High,SIF,Conveyor System,Operations,1.0,
"Unsafe work report: a worker installed pipe supports during routine maintenance. Fall arrest lanyard was not connected, creating a fall from an elevated work platform event. Result: multiple fractures and a serious head injury. The pre-job checklist was incomplete.",1,,Unsafe Act,High,SIF,Construction Zone,Projects,1.0,
Incident observation 109: Raised a metal ladder near utility lines during normal production created a overhead-power-line contact. Minimum approach distance was not maintained. The reported outcome was electrical burns and cardiac arrest. The hazard was visible before work began.,1,original_trusted,,,,,,,
"A worker inspected a rotating shaft during a scheduled inspection, despite the fact that the guard had been removed and equipment remained energized. The exposure involved rotating-equipment entanglement, resulting in a severe arm injury. The hazard was visible before work began.",1,original_trusted,,,,,,,
Incident observation 784: Worked below overhead lifting activity during material movement created a falling-object impact. The barricaded area was entered without authorization. The reported outcome was a serious head injury. The pre-job checklist was incomplete.,1,original_trusted,,,,,,,
Incident observation 1039: Continued operating a boiler above its limit while preparing equipment for service created a pressure-vessel overpressure. A safety interlock had been bypassed. The reported outcome was an explosion with life-threatening injuries. A safer method was available nearby.,1,,Unsafe Act,High,SIF,Maintenance Workshop,Mechanical,1.0,
High-pressure hose disconnection while worker holding it. Hose whipped and struck worker. Broken jaw and facial fractures. Pressure not relieved. Quick connect coupling failed. Worker not trained for pressure systems.,1,original_trusted,,,,,,,
Incident observation 419: Opened an energized switchboard during planned shutdown work created a arc flash. Arc-rated ppe and isolation were not used. The reported outcome was severe burns to the face and hands. The pre-job checklist was incomplete.,1,original_trusted,,,,,,,
Incident observation 1094: Welded beside a tank connection during a scheduled inspection created a flammable-vapour ignition. The hot-work permit and gas test were bypassed. The reported outcome was a flash fire with serious burns. The worker received a verbal reminder but continued.,1,original_trusted,,,,,,,
Incident observation 794: Disconnected a pressurized hydraulic hose during a night shift created a high-pressure hose whip. Pressure was not isolated before disconnection. The reported outcome was facial fractures and a broken jaw. A safer method was available nearby.,1,,Unsafe Act,High,SIF,Maintenance Workshop,Mechanical,1.0,
Incident observation 319: Continued operating a boiler above its limit while preparing equipment for service created a pressure-vessel overpressure. A safety interlock had been bypassed. The reported outcome was an explosion with life-threatening injuries. A safer method was available nearby.,1,,Unsafe Act,High,SIF,Maintenance Workshop,Mechanical,1.0,
"A worker worked below overhead lifting activity during material movement, despite the fact that the barricaded area was entered without authorization. The exposure involved falling-object impact, resulting in a serious head injury. A safer method was available nearby.",1,original_trusted,,,,,,,
Incident observation 219: Worked on a live steam line during planned shutdown work created a steam release. The line was not isolated and depressurized. The reported outcome was deep thermal burns. The pre-job checklist was incomplete.,1,original_trusted,,,,,,,
Worker opening corrosive drum - splash to face. Chemical burns and vision damage. Worker not wearing face shield. PPE inadequate. Splash from pressure. Worker untrained for task. Corrosive handling SOP not followed.,1,original_trusted,,,,,,,
"While while completing an urgent task, a worker walked beneath a crane load. The unsafe act was that the exclusion zone was ignored. This led to suspended-load strike; outcome was a crushed leg requiring surgery. The hazard was visible before work began.",1,,Unsafe Act,High,SIF,Tank Farm,Operations,1.0,
Incident observation 834: Entered a vessel to inspect an internal valve during a night shift created a confined-space oxygen deficiency. The entry permit and atmosphere test were skipped. The reported outcome was loss of consciousness requiring emergency rescue. A safer method was available nearby.,1,,Unsafe Act,High,SIF,Maintenance Workshop,Mechanical,1.0,
"During planned shutdown work, a worker experienced arc flash after they opened an energized switchboard. Arc-rated ppe and isolation were not used. Outcome: severe burns to the face and hands. The worker received a verbal reminder but continued.",1,original_trusted,,,,,,,
"Unsafe work report: a worker entered an unsupported trench during routine maintenance. Shoring and a safe-entry inspection were missing, creating a excavation collapse event. Result: burial injuries and emergency extraction. The pre-job checklist was incomplete.",1,original_trusted,,,,,,,
Incident observation 144: Worked below overhead lifting activity during material movement created a falling-object impact. The barricaded area was entered without authorization. The reported outcome was a serious head injury. The pre-job checklist was incomplete.,1,,Unsafe Act,High,SIF,Maintenance Workshop,Mechanical,1.0,
Incident observation 9: Entered an unsupported trench during routine maintenance created a excavation collapse. Shoring and a safe-entry inspection were missing. The reported outcome was burial injuries and emergency extraction. The worker received a verbal reminder but continued.,1,,Unsafe Act,High,SIF,Maintenance Workshop,Mechanical,1.0,
Incident observation 1104: Worked below overhead lifting activity during material movement created a falling-object impact. The barricaded area was entered without authorization. The reported outcome was a serious head injury. The pre-job checklist was incomplete.,1,,Unsafe Act,High,SIF,Maintenance Workshop,Mechanical,1.0,
Incident observation 1014: Welded beside a tank connection during a scheduled inspection created a flammable-vapour ignition. The hot-work permit and gas test were bypassed. The reported outcome was a flash fire with serious burns. The worker received a verbal reminder but continued.,1,,Unsafe Act,High,SIF,Maintenance Workshop,Mechanical,1.0,
Chemically contaminated rags spontaneous combustion. Fire in waste bin. Worker thrown from area. Burns to arm. Rags had oil and chemical residues. Proper disposal not used. Fire extinguisher failed.,1,original_trusted,,,,,,,
Hydrogen cylinder leaked near welding area. Explosion occurred. Two workers killed. Cylinder damaged during transport. Cylinder not properly secured. Welding sparks ignited gas. Multiple safety failures identified.,1,original_trusted,,,,,,,
Incident observation 214: Welded beside a tank connection during a scheduled inspection created a flammable-vapour ignition. The hot-work permit and gas test were bypassed. The reported outcome was a flash fire with serious burns. The worker received a verbal reminder but continued.,1,,Unsafe Act,High,SIF,Maintenance Workshop,Mechanical,1.0,
Incident observation 294: Welded beside a tank connection during a scheduled inspection created a flammable-vapour ignition. The hot-work permit and gas test were bypassed. The reported outcome was a flash fire with serious burns. The worker received a verbal reminder but continued.,1,original_trusted,,,,,,,
Incident observation 384: Worked below overhead lifting activity during material movement created a falling-object impact. The barricaded area was entered without authorization. The reported outcome was a serious head injury. The pre-job checklist was incomplete.,1,original_trusted,,,,,,,
Incident observation 484: Walked beneath a crane load while completing an urgent task created a suspended-load strike. The exclusion zone was ignored. The reported outcome was a crushed leg requiring surgery. The supervisor was not informed before the task started.,1,original_trusted,,,,,,,
"Unsafe work report: a worker inspected a rotating shaft during a scheduled inspection. The guard had been removed and equipment remained energized, creating a rotating-equipment entanglement event. Result: a severe arm injury. The pre-job checklist was incomplete.",1,original_trusted,,,,,,,
Incident observation 669: Raised a metal ladder near utility lines during normal production created a overhead-power-line contact. Minimum approach distance was not maintained. The reported outcome was electrical burns and cardiac arrest. The hazard was visible before work began.,1,original_trusted,,,,,,,
Incident observation 949: Cleared a jam on a running conveyor during normal production created a machine entanglement. Lockout-tagout was not applied. The reported outcome was an amputation injury. The hazard was visible before work began.,1,original_trusted,,,,,,,
Incident observation 1234: Entered a vessel to inspect an internal valve during a night shift created a confined-space oxygen deficiency. The entry permit and atmosphere test were skipped. The reported outcome was loss of consciousness requiring emergency rescue. A safer method was available nearby.,1,original_trusted,,,,,,,
Incident observation 124: Responded to a leak in a process area while completing an urgent task created a toxic-gas exposure. Respiratory protection and gas monitoring were not used. The reported outcome was collapse from toxic inhalation. The supervisor was not informed before the task started.,1,,Unsafe Act,High,SIF,Maintenance Workshop,Mechanical,1.0,
"A worker opened an energized switchboard during planned shutdown work, despite the fact that arc-rated PPE and isolation were not used. The exposure involved arc flash, resulting in severe burns to the face and hands. A safer method was available nearby.",1,,Unsafe Act,High,SIF,Electrical Substation,Electrical Maintenance,1.0,
Worker caught between moving machinery and fixed guard. Crushed pelvis and internal injuries. Machine not properly guarded. Worker reaching in to clear jam. Machine started automatically. No lockout.,1,,Unsafe Act,High,SIF,Packaging Line,Operations,1.0,
Toxic chemical sprayed on worker. Worker using improper nozzle. Chemical contacted skin and eyes. Burns and vision damage. Procedure required closed system. Worker used open transfer - shortcut. PPE not adequate.,1,,Unsafe Act,High,SIF,Chemical Transfer Area,Operations,1.0,
"While during normal production, a worker raised a metal ladder near utility lines. The unsafe act was that minimum approach distance was not maintained. This led to overhead-power-line contact; outcome was electrical burns and cardiac arrest. The worker received a verbal reminder but continued.",1,,Unsafe Act,High,SIF,Tank Farm,Operations,1.0,
"A worker drove a forklift carrying an oversized load during material movement, despite the fact that the load capacity and travel route were not checked. The exposure involved mobile-equipment overturn, resulting in serious crush injuries. A safer method was available nearby.",1,original_trusted,,,,,,,
Incident observation 569: Entered an unsupported trench during routine maintenance created a excavation collapse. Shoring and a safe-entry inspection were missing. The reported outcome was burial injuries and emergency extraction. The worker received a verbal reminder but continued.,1,original_trusted,,,,,,,
Incident observation 109: Raised a metal ladder near utility lines during normal production created a overhead-power-line contact. Minimum approach distance was not maintained. The reported outcome was electrical burns and cardiac arrest. The hazard was visible before work began.,1,,Unsafe Act,High,SIF,Maintenance Workshop,Mechanical,1.0,
Control room operator failed to respond to high-pressure alarm watching video on phone. Pressure vessel exceeded limits for 4 minutes before noticed. Thermal relief valve activated preventing explosion. No injury - significant near-miss.,1,original_trusted,,,,,,,
Incident observation 1249: Installed pipe supports during routine maintenance created a fall from an elevated work platform. Fall arrest lanyard was not connected. The reported outcome was multiple fractures and a serious head injury. The worker received a verbal reminder but continued.,1,original_trusted,,,,,,,
"During planned shutdown work, a worker experienced steam release after they worked on a live steam line. The line was not isolated and depressurized. Outcome: deep thermal burns. The worker received a verbal reminder but continued.",1,original_trusted,,,,,,,
Incident observation 589: Raised a metal ladder near utility lines during normal production created a overhead-power-line contact. Minimum approach distance was not maintained. The reported outcome was electrical burns and cardiac arrest. The hazard was visible before work began.,1,original_trusted,,,,,,,
Incident observation 409: Entered an unsupported trench during routine maintenance created a excavation collapse. Shoring and a safe-entry inspection were missing. The reported outcome was burial injuries and emergency extraction. The worker received a verbal reminder but continued.,1,original_trusted,,,,,,,
Worker using excavator to lift - load fell. Worker in building area - struck by debris. Load was suspended. Worker stood too close. Crane should have used. Worker using cell phone near load. Broken leg.,1,original_trusted,,,,,,,
Incident observation 364: Responded to a leak in a process area while completing an urgent task created a toxic-gas exposure. Respiratory protection and gas monitoring were not used. The reported outcome was collapse from toxic inhalation. The supervisor was not informed before the task started.,1,,Unsafe Act,High,SIF,Maintenance Workshop,Mechanical,1.0,
Mobile crane outrigger on soft ground. Crane tipped during lift. Operator thrown from cab. Broken bones. Outrigger pads not used. Ground not assessed. Load within capacity but ground unstable.,1,,Unsafe Act,High,SIF,Crane Operation Area,Projects Mechanical,1.0,
Incident observation 1184: Worked below overhead lifting activity during material movement created a falling-object impact. The barricaded area was entered without authorization. The reported outcome was a serious head injury. The pre-job checklist was incomplete.,1,original_trusted,,,,,,,
Chemical mixing incompatible substances. No hazard assessment done. Exothermic reaction occurred - mixture boiled over. Toxic fumes released. Workers exposed and evacuated. Two hospitalized for inhalation injury.,1,original_trusted,,,,,,,
"Unsafe work report: a worker disconnected a pressurized hydraulic hose during a night shift. Pressure was not isolated before disconnection, creating a high-pressure hose whip event. Result: facial fractures and a broken jaw. The supervisor was not informed before the task started.",1,original_trusted,,,,,,,
"A worker raised a metal ladder near utility lines during normal production, despite the fact that minimum approach distance was not maintained. The exposure involved overhead-power-line contact, resulting in electrical burns and cardiac arrest. The supervisor was not informed before the task started.",1,,Unsafe Act,High,SIF,Electrical Substation,Electrical Maintenance,1.0,
Safety harness not connected - worker fell. Suspension injury. Worker had harness but didn't connect lanyard. Distracted by phone. Fell 5 meters. Sustained back injury. Lanyard nearby not attached.,1,original_trusted,,,,,,,
Incident observation 394: Disconnected a pressurized hydraulic hose during a night shift created a high-pressure hose whip. Pressure was not isolated before disconnection. The reported outcome was facial fractures and a broken jaw. A safer method was available nearby.,1,,Unsafe Act,High,SIF,Maintenance Workshop,Mechanical,1.0,
Incident observation 1209: Entered an unsupported trench during routine maintenance created a excavation collapse. Shoring and a safe-entry inspection were missing. The reported outcome was burial injuries and emergency extraction. The worker received a verbal reminder but continued.,1,,Unsafe Act,High,SIF,Maintenance Workshop,Mechanical,1.0,
"While during a night shift, a worker disconnected a pressurized hydraulic hose. The unsafe act was that pressure was not isolated before disconnection. This led to high-pressure hose whip; outcome was facial fractures and a broken jaw. The pre-job checklist was incomplete.",1,,Unsafe Act,High,SIF,Tank Farm,Operations,1.0,
"During a scheduled inspection, a worker experienced rotating-equipment entanglement after they inspected a rotating shaft. The guard had been removed and equipment remained energized. Outcome: a severe arm injury. The supervisor was not informed before the task started.",1,original_trusted,,,,,,,
Incident observation 654: Inspected a rotating shaft during a scheduled inspection created a rotating-equipment entanglement. The guard had been removed and equipment remained energized. The reported outcome was a severe arm injury. The worker received a verbal reminder but continued.,1,,Unsafe Act,High,SIF,Maintenance Workshop,Mechanical,1.0,
"While during planned shutdown work, a worker worked on a live steam line. The unsafe act was that the line was not isolated and depressurized. This led to steam release; outcome was deep thermal burns. The supervisor was not informed before the task started.",1,,Unsafe Act,High,SIF,Tank Farm,Operations,1.0,
Incident observation 959: Continued operating a boiler above its limit while preparing equipment for service created a pressure-vessel overpressure. A safety interlock had been bypassed. The reported outcome was an explosion with life-threatening injuries. A safer method was available nearby.,1,,Unsafe Act,High,SIF,Maintenance Workshop,Mechanical,1.0,
Incident observation 1269: Cleared a jam on a running conveyor during normal production created a machine entanglement. Lockout-tagout was not applied. The reported outcome was an amputation injury. The hazard was visible before work began.,1,,Unsafe Act,High,SIF,Maintenance Workshop,Mechanical,1.0,
Incident observation 729: Entered an unsupported trench during routine maintenance created a excavation collapse. Shoring and a safe-entry inspection were missing. The reported outcome was burial injuries and emergency extraction. The worker received a verbal reminder but continued.,1,,Unsafe Act,High,SIF,Maintenance Workshop,Mechanical,1.0,
Incident observation 309: Cleared a jam on a running conveyor during normal production created a machine entanglement. Lockout-tagout was not applied. The reported outcome was an amputation injury. The hazard was visible before work began.,1,original_trusted,,,,,,,
Worker caught in conveyor roller. Arm pulled in - multiple fractures. Conveyor start button accidentally pressed. Worker cleaning without LOTO. Emergency stop not used. Guard removed for cleaning.,1,original_trusted,,,,,,,
Worker's hand caught in press - amputation. Press inadvertently activated. Safety guard bypassed. Operator wearing gloves - caught by press. No two-hand control. Emergency stop not working. New worker not trained.,1,original_trusted,,,,,,,
Incident observation 519: Opened a pressurized acid line while preparing equipment for service created a chemical release. A face shield and chemical suit were not worn. The reported outcome was permanent eye damage and chemical burns. A safer method was available nearby.,1,original_trusted,,,,,,,
Incident observation 924: Responded to a leak in a process area while completing an urgent task created a toxic-gas exposure. Respiratory protection and gas monitoring were not used. The reported outcome was collapse from toxic inhalation. The supervisor was not informed before the task started.,1,original_trusted,,,,,,,
Incident observation 1084: Responded to a leak in a process area while completing an urgent task created a toxic-gas exposure. Respiratory protection and gas monitoring were not used. The reported outcome was collapse from toxic inhalation. The supervisor was not informed before the task started.,1,original_trusted,,,,,,,
Incident observation 1279: Continued operating a boiler above its limit while preparing equipment for service created a pressure-vessel overpressure. A safety interlock had been bypassed. The reported outcome was an explosion with life-threatening injuries. A safer method was available nearby.,1,original_trusted,,,,,,,
Incident observation 1049: Entered an unsupported trench during routine maintenance created a excavation collapse. Shoring and a safe-entry inspection were missing. The reported outcome was burial injuries and emergency extraction. The worker received a verbal reminder but continued.,1,original_trusted,,,,,,,
Incident observation 1254: Welded beside a tank connection during a scheduled inspection created a flammable-vapour ignition. The hot-work permit and gas test were bypassed. The reported outcome was a flash fire with serious burns. The worker received a verbal reminder but continued.,1,,Unsafe Act,High,SIF,Maintenance Workshop,Mechanical,1.0,
Incident observation 259: Opened an energized switchboard during planned shutdown work created a arc flash. Arc-rated ppe and isolation were not used. The reported outcome was severe burns to the face and hands. The pre-job checklist was incomplete.,1,original_trusted,,,,,,,
Incident observation 1474: Reversed a forklift in a shared aisle during a night shift created a forklift contact. The driver did not check the blind spot. The reported outcome was a crushed foot requiring treatment. A safer method was available nearby.,1,,Unsafe Act,Medium,SIF,Loading Bay,Logistics,1.0,
"A worker drove a forklift carrying an oversized load during material movement, despite the fact that the load capacity and travel route were not checked. The exposure involved mobile-equipment overturn, resulting in serious crush injuries. A safer method was available nearby.",1,,Unsafe Act,High,SIF,Electrical Substation,Electrical Maintenance,1.0,
Incident observation 799: Continued operating a boiler above its limit while preparing equipment for service created a pressure-vessel overpressure. A safety interlock had been bypassed. The reported outcome was an explosion with life-threatening injuries. A safer method was available nearby.,1,,Unsafe Act,High,SIF,Maintenance Workshop,Mechanical,1.0,
Trencher uncovered worker buried. Worker died. Trencher operator unaware of worker. No isolation. Hand signals not used. Operator reversed without viewing. Worker in blind spot. Tragic incident.,1,,Unsafe Act,High,SIF,Excavation Area,Civil Construction,1.0,
Incident observation 799: Continued operating a boiler above its limit while preparing equipment for service created a pressure-vessel overpressure. A safety interlock had been bypassed. The reported outcome was an explosion with life-threatening injuries. A safer method was available nearby.,1,original_trusted,,,,,,,
Incident observation 1099: Worked on a live steam line during planned shutdown work created a steam release. The line was not isolated and depressurized. The reported outcome was deep thermal burns. The pre-job checklist was incomplete.,1,original_trusted,,,,,,,
Forklift attachment fell while changing. Worker underneath - crushed. Multiple fractures - died later. Attachment not secured. Worker placed body under load. No cribbing used. Unsafe practice. Supervisor absent.,1,,Unsafe Act,High,SIF,Equipment Storage Area,Logistics,1.0,
Falling steel beam struck worker's helmet - concussed. Worker in path of crane. Beam fell from height. Worker not looking up. Warning given but worker not responding. Hard hat saved life - but severe concussion.,1,,Unsafe Act,High,SIF,Construction Steel Erection,Civil Projects,1.0,
Acid transfer pump seal failed - acid spray. Worker's eyes exposed. Permanent vision damage in one eye. Worker not wearing goggles - only safety glasses. Eyewash station not functioning. Delayed flushing.,1,,Unsafe Act,High,SIF,Acid Transfer Area,Operations Chemical,1.0,
"A worker reversed a forklift in a shared aisle during a night shift, despite the fact that the driver did not check the blind spot. The exposure involved forklift contact, resulting in a crushed foot requiring treatment. The worker received a verbal reminder but continued.",1,,Unsafe Act,Medium,SIF,Construction Zone,Projects,1.0,
Incident observation 554: Disconnected a pressurized hydraulic hose during a night shift created a high-pressure hose whip. Pressure was not isolated before disconnection. The reported outcome was facial fractures and a broken jaw. A safer method was available nearby.,1,,Unsafe Act,High,SIF,Maintenance Workshop,Mechanical,1.0,
Incident observation 169: Entered an unsupported trench during routine maintenance created a excavation collapse. Shoring and a safe-entry inspection were missing. The reported outcome was burial injuries and emergency extraction. The worker received a verbal reminder but continued.,1,,Unsafe Act,High,SIF,Maintenance Workshop,Mechanical,1.0,
Worker fell from height while drunk. Paraplegia. Worker consumed alcohol at lunch. Management unaware. No alcohol testing. Worker climbed without harness. Many safety violations. Life-changing injury.,1,,Unsafe Act,High,SIF,Construction Site,Civil Projects,1.0,
Worker climbed on top of rail car to inspect. Fell 5 meters. Broken pelvis and rib. No fall protection used. Worker not trained for height work. Supervisor allowed unsafe practice. Medical evacuation required.,1,original_trusted,,,,,,,
Incident observation 179: Opened an energized switchboard during planned shutdown work created a arc flash. Arc-rated ppe and isolation were not used. The reported outcome was severe burns to the face and hands. The pre-job checklist was incomplete.,1,,Unsafe Act,High,SIF,Maintenance Workshop,Mechanical,1.0,
Incident observation 1314: Reversed a forklift in a shared aisle during a night shift created a forklift contact. The driver did not check the blind spot. The reported outcome was a crushed foot requiring treatment. A safer method was available nearby.,1,,Unsafe Act,Medium,SIF,Loading Bay,Logistics,1.0,
Incident observation 484: Walked beneath a crane load while completing an urgent task created a suspended-load strike. The exclusion zone was ignored. The reported outcome was a crushed leg requiring surgery. The supervisor was not informed before the task started.,1,,Unsafe Act,High,SIF,Maintenance Workshop,Mechanical,1.0,
Flammable liquid spilled on floor - not cleaned up immediately. Worker smoking in unauthorized area nearby. Cigarette ignited vapor. Worker's clothing caught fire. Second-degree burns. Smoking policy violated.,1,,Unsafe Act,High,SIF,Maintenance Workshop,Maintenance Mechanical,1.0,
Incident observation 1149: Raised a metal ladder near utility lines during normal production created a overhead-power-line contact. Minimum approach distance was not maintained. The reported outcome was electrical burns and cardiac arrest. The hazard was visible before work began.,1,original_trusted,,,,,,,
Incident observation 709: Cleared a jam on a running conveyor during normal production created a machine entanglement. Lockout-tagout was not applied. The reported outcome was an amputation injury. The hazard was visible before work began.,1,,Unsafe Act,High,SIF,Maintenance Workshop,Mechanical,1.0,
Welding near open toxic material. Fumes reacted - explosion. Worker's face burned. Toxic material not moved. Permit not obtained. Worker assumed empty - not true. Fire department responded quickly. Burns to face.,1,original_trusted,,,,,,,
Incident observation 934: Welded beside a tank connection during a scheduled inspection created a flammable-vapour ignition. The hot-work permit and gas test were bypassed. The reported outcome was a flash fire with serious burns. The worker received a verbal reminder but continued.,1,original_trusted,,,,,,,
Incident observation 369: Installed pipe supports during routine maintenance created a fall from an elevated work platform. Fall arrest lanyard was not connected. The reported outcome was multiple fractures and a serious head injury. The worker received a verbal reminder but continued.,1,original_trusted,,,,,,,
Incident observation 884: Walked beneath a crane load while completing an urgent task created a suspended-load strike. The exclusion zone was ignored. The reported outcome was a crushed leg requiring surgery. The supervisor was not informed before the task started.,1,original_trusted,,,,,,,
"While while preparing equipment for service, a worker opened a pressurized acid line. The unsafe act was that a face shield and chemical suit were not worn. This led to chemical release; outcome was permanent eye damage and chemical burns. The pre-job checklist was incomplete.",1,,Unsafe Act,High,SIF,Tank Farm,Operations,1.0,
Incident observation 429: Raised a metal ladder near utility lines during normal production created a overhead-power-line contact. Minimum approach distance was not maintained. The reported outcome was electrical burns and cardiac arrest. The hazard was visible before work began.,1,original_trusted,,,,,,,
Incident observation 349: Raised a metal ladder near utility lines during normal production created a overhead-power-line contact. Minimum approach distance was not maintained. The reported outcome was electrical burns and cardiac arrest. The hazard was visible before work began.,1,original_trusted,,,,,,,
Incident observation 574: Inspected a rotating shaft during a scheduled inspection created a rotating-equipment entanglement. The guard had been removed and equipment remained energized. The reported outcome was a severe arm injury. The worker received a verbal reminder but continued.,1,,Unsafe Act,High,SIF,Maintenance Workshop,Mechanical,1.0,
"While during normal production, a worker raised a metal ladder near utility lines. The unsafe act was that minimum approach distance was not maintained. This led to overhead-power-line contact; outcome was electrical burns and cardiac arrest. The worker received a verbal reminder but continued.",1,original_trusted,,,,,,,
Toxic solvent spilled on worker's clothing. Severe skin burns. Worker not wearing chemical suit. Procedure required full suit - worker used apron. Solvent ate through gloves. Worker hospitalized for chemical burns.,1,original_trusted,,,,,,,
"Unsafe work report: a worker entered a vessel to inspect an internal valve during a night shift. The entry permit and atmosphere test were skipped, creating a confined-space oxygen deficiency event. Result: loss of consciousness requiring emergency rescue. The supervisor was not informed before the task started.",1,,Unsafe Act,High,SIF,Construction Zone,Projects,1.0,
Incident observation 794: Disconnected a pressurized hydraulic hose during a night shift created a high-pressure hose whip. Pressure was not isolated before disconnection. The reported outcome was facial fractures and a broken jaw. A safer method was available nearby.,1,original_trusted,,,,,,,
Incident observation 1229: Raised a metal ladder near utility lines during normal production created a overhead-power-line contact. Minimum approach distance was not maintained. The reported outcome was electrical burns and cardiac arrest. The hazard was visible before work began.,1,,Unsafe Act,High,SIF,Maintenance Workshop,Mechanical,1.0,
Incident observation 714: Disconnected a pressurized hydraulic hose during a night shift created a high-pressure hose whip. Pressure was not isolated before disconnection. The reported outcome was facial fractures and a broken jaw. A safer method was available nearby.,1,original_trusted,,,,,,,
Hot work permit not obtained before welding near fuel tank. Sparks ignited flammable vapors. Flash fire occurred. Two workers suffered burns. Explosion risk was high. Welder assumed tank was empty - not verified.,1,,Unsafe Act,High,SIF,Storage Tank Area,Maintenance Mechanical,1.0,
Incident observation 1114: Disconnected a pressurized hydraulic hose during a night shift created a high-pressure hose whip. Pressure was not isolated before disconnection. The reported outcome was facial fractures and a broken jaw. A safer method was available nearby.,1,,Unsafe Act,High,SIF,Maintenance Workshop,Mechanical,1.0,
Incident observation 39: Opened a pressurized acid line while preparing equipment for service created a chemical release. A face shield and chemical suit were not worn. The reported outcome was permanent eye damage and chemical burns. A safer method was available nearby.,1,,Unsafe Act,High,SIF,Maintenance Workshop,Mechanical,1.0,
"While while completing an urgent task, a worker responded to a leak in a process area. The unsafe act was that respiratory protection and gas monitoring were not used. This led to toxic-gas exposure; outcome was collapse from toxic inhalation. The hazard was visible before work began.",1,,Unsafe Act,High,SIF,Tank Farm,Operations,1.0,
Crane load block struck worker's helmet - knocked unconscious. Worker walked under load. Load swing due to wind. Worker in unauthorized area. Hard hat prevented fatal injury. Concussion and neck injury.,1,,Unsafe Act,High,SIF,Lifting Zone,Rigging Operations,1.0,
"A worker continued operating a boiler above its limit while preparing equipment for service, despite the fact that a safety interlock had been bypassed. The exposure involved pressure-vessel overpressure, resulting in an explosion with life-threatening injuries. The worker received a verbal reminder but continued.",1,original_trusted,,,,,,,
"While during a scheduled inspection, a worker welded beside a tank connection. The unsafe act was that the hot-work permit and gas test were bypassed. This led to flammable-vapour ignition; outcome was a flash fire with serious burns. A safer method was available nearby.",1,,Unsafe Act,High,SIF,Tank Farm,Operations,1.0,
Incident observation 379: Worked on a live steam line during planned shutdown work created a steam release. The line was not isolated and depressurized. The reported outcome was deep thermal burns. The pre-job checklist was incomplete.,1,,Unsafe Act,High,SIF,Maintenance Workshop,Mechanical,1.0,
Incident observation 1104: Worked below overhead lifting activity during material movement created a falling-object impact. The barricaded area was entered without authorization. The reported outcome was a serious head injury. The pre-job checklist was incomplete.,1,original_trusted,,,,,,,
Incident observation 389: Cleared a jam on a running conveyor during normal production created a machine entanglement. Lockout-tagout was not applied. The reported outcome was an amputation injury. The hazard was visible before work began.,1,original_trusted,,,,,,,
Incident observation 129: Installed pipe supports during routine maintenance created a fall from an elevated work platform. Fall arrest lanyard was not connected. The reported outcome was multiple fractures and a serious head injury. The worker received a verbal reminder but continued.,1,original_trusted,,,,,,,
Incident observation 674: Entered a vessel to inspect an internal valve during a night shift created a confined-space oxygen deficiency. The entry permit and atmosphere test were skipped. The reported outcome was loss of consciousness requiring emergency rescue. A safer method was available nearby.,1,original_trusted,,,,,,,
Incident observation 574: Inspected a rotating shaft during a scheduled inspection created a rotating-equipment entanglement. The guard had been removed and equipment remained energized. The reported outcome was a severe arm injury. The worker received a verbal reminder but continued.,1,original_trusted,,,,,,,
Incident observation 1149: Raised a metal ladder near utility lines during normal production created a overhead-power-line contact. Minimum approach distance was not maintained. The reported outcome was electrical burns and cardiac arrest. The hazard was visible before work began.,1,,Unsafe Act,High,SIF,Maintenance Workshop,Mechanical,1.0,
Incident observation 204: Responded to a leak in a process area while completing an urgent task created a toxic-gas exposure. Respiratory protection and gas monitoring were not used. The reported outcome was collapse from toxic inhalation. The supervisor was not informed before the task started.,1,,Unsafe Act,High,SIF,Maintenance Workshop,Mechanical,1.0,
Incident observation 1034: Disconnected a pressurized hydraulic hose during a night shift created a high-pressure hose whip. Pressure was not isolated before disconnection. The reported outcome was facial fractures and a broken jaw. A safer method was available nearby.,1,,Unsafe Act,High,SIF,Maintenance Workshop,Mechanical,1.0,
Worker climbed into bin to clear obstruction. Conveyor started while inside. Leg caught - crushed. Conveyor not locked out. Worker not in communication with control room. No clear procedure for bin entry.,1,,Unsafe Act,High,SIF,Bulk Material Handling,Operations,1.0,
Incident observation 789: Cleared a jam on a running conveyor during normal production created a machine entanglement. Lockout-tagout was not applied. The reported outcome was an amputation injury. The hazard was visible before work began.,1,,Unsafe Act,High,SIF,Maintenance Workshop,Mechanical,1.0,
Incident observation 1124: Walked beneath a crane load while completing an urgent task created a suspended-load strike. The exclusion zone was ignored. The reported outcome was a crushed leg requiring surgery. The supervisor was not informed before the task started.,1,,Unsafe Act,High,SIF,Maintenance Workshop,Mechanical,1.0,
Incident observation 714: Disconnected a pressurized hydraulic hose during a night shift created a high-pressure hose whip. Pressure was not isolated before disconnection. The reported outcome was facial fractures and a broken jaw. A safer method was available nearby.,1,,Unsafe Act,High,SIF,Maintenance Workshop,Mechanical,1.0,
Incident observation 49: Installed pipe supports during routine maintenance created a fall from an elevated work platform. Fall arrest lanyard was not connected. The reported outcome was multiple fractures and a serious head injury. The worker received a verbal reminder but continued.,1,,Unsafe Act,High,SIF,Maintenance Workshop,Mechanical,1.0,
Incident observation 969: Entered an unsupported trench during routine maintenance created a excavation collapse. Shoring and a safe-entry inspection were missing. The reported outcome was burial injuries and emergency extraction. The worker received a verbal reminder but continued.,1,,Unsafe Act,High,SIF,Maintenance Workshop,Mechanical,1.0,
Worker using defective jack - load fell. Pinched worker's hand. Amputation of fingers. Jack had known defects - not tagged out. Manager instructed continued use. Worker fearful of reporting.,1,,Unsafe Act,High,SIF,Maintenance Workshop,Mechanical,1.0,
Incident observation 354: Reversed a forklift in a shared aisle during a night shift created a forklift contact. The driver did not check the blind spot. The reported outcome was a crushed foot requiring treatment. A safer method was available nearby.,1,,Unsafe Act,Medium,SIF,Loading Bay,Logistics,1.0,
Incident observation 759: Opened a pressurized acid line while preparing equipment for service created a chemical release. A face shield and chemical suit were not worn. The reported outcome was permanent eye damage and chemical burns. A safer method was available nearby.,1,original_trusted,,,,,,,
"Unsafe work report: a worker responded to a leak in a process area while completing an urgent task. Respiratory protection and gas monitoring were not used, creating a toxic-gas exposure event. Result: collapse from toxic inhalation. The worker received a verbal reminder but continued.",1,,Unsafe Act,High,SIF,Construction Zone,Projects,1.0,
Incident observation 394: Disconnected a pressurized hydraulic hose during a night shift created a high-pressure hose whip. Pressure was not isolated before disconnection. The reported outcome was facial fractures and a broken jaw. A safer method was available nearby.,1,original_trusted,,,,,,,
Incident observation 194: Entered a vessel to inspect an internal valve during a night shift created a confined-space oxygen deficiency. The entry permit and atmosphere test were skipped. The reported outcome was loss of consciousness requiring emergency rescue. A safer method was available nearby.,1,,Unsafe Act,High,SIF,Maintenance Workshop,Mechanical,1.0,
"A worker installed pipe supports during routine maintenance, despite the fact that fall arrest lanyard was not connected. The exposure involved fall from an elevated work platform, resulting in multiple fractures and a serious head injury. The hazard was visible before work began.",1,original_trusted,,,,,,,
Incident observation 1069: Raised a metal ladder near utility lines during normal production created a overhead-power-line contact. Minimum approach distance was not maintained. The reported outcome was electrical burns and cardiac arrest. The hazard was visible before work began.,1,,Unsafe Act,High,SIF,Maintenance Workshop,Mechanical,1.0,
Incident observation 674: Entered a vessel to inspect an internal valve during a night shift created a confined-space oxygen deficiency. The entry permit and atmosphere test were skipped. The reported outcome was loss of consciousness requiring emergency rescue. A safer method was available nearby.,1,,Unsafe Act,High,SIF,Maintenance Workshop,Mechanical,1.0,
Incident observation 689: Installed pipe supports during routine maintenance created a fall from an elevated work platform. Fall arrest lanyard was not connected. The reported outcome was multiple fractures and a serious head injury. The worker received a verbal reminder but continued.,1,,Unsafe Act,High,SIF,Maintenance Workshop,Mechanical,1.0,
Confined space entry permit expired - worker entered anyway. Co-worker entered to retrieve worker. Both exposed to low oxygen. Gas monitor not calibrated - showed false reading. Two workers collapsed. Both rescued but unconscious.,1,original_trusted,,,,,,,
Incident observation 559: Continued operating a boiler above its limit while preparing equipment for service created a pressure-vessel overpressure. A safety interlock had been bypassed. The reported outcome was an explosion with life-threatening injuries. A safer method was available nearby.,1,original_trusted,,,,,,,
Incident observation 1074: Entered a vessel to inspect an internal valve during a night shift created a confined-space oxygen deficiency. The entry permit and atmosphere test were skipped. The reported outcome was loss of consciousness requiring emergency rescue. A safer method was available nearby.,1,original_trusted,,,,,,,
Incident observation 854: Welded beside a tank connection during a scheduled inspection created a flammable-vapour ignition. The hot-work permit and gas test were bypassed. The reported outcome was a flash fire with serious burns. The worker received a verbal reminder but continued.,1,original_trusted,,,,,,,
Incident observation 404: Walked beneath a crane load while completing an urgent task created a suspended-load strike. The exclusion zone was ignored. The reported outcome was a crushed leg requiring surgery. The supervisor was not informed before the task started.,1,original_trusted,,,,,,,
Toxic solvent spilled on worker's clothing. Severe skin burns. Worker not wearing chemical suit. Procedure required full suit - worker used apron. Solvent ate through gloves. Worker hospitalized for chemical burns.,1,,Unsafe Act,High,SIF,Chemical Process Area,Operations,1.0,
Incident observation 284: Responded to a leak in a process area while completing an urgent task created a toxic-gas exposure. Respiratory protection and gas monitoring were not used. The reported outcome was collapse from toxic inhalation. The supervisor was not informed before the task started.,1,original_trusted,,,,,,,
Incident observation 1084: Responded to a leak in a process area while completing an urgent task created a toxic-gas exposure. Respiratory protection and gas monitoring were not used. The reported outcome was collapse from toxic inhalation. The supervisor was not informed before the task started.,1,,Unsafe Act,High,SIF,Maintenance Workshop,Mechanical,1.0,
Incident observation 1074: Reversed a forklift in a shared aisle during a night shift created a forklift contact. The driver did not check the blind spot. The reported outcome was a crushed foot requiring treatment. A safer method was available nearby.,1,,Unsafe Act,Medium,SIF,Loading Bay,Logistics,1.0,
Amputation from unguarded saw. Worker's fingers severed. Saw without guard. Worker's hand caught. Machine not locked out. Changing blade without power off. Another worker turned saw on. Emergency room surgery.,1,original_trusted,,,,,,,
Incident observation 29: Raised a metal ladder near utility lines during normal production created a overhead-power-line contact. Minimum approach distance was not maintained. The reported outcome was electrical burns and cardiac arrest. The hazard was visible before work began.,1,original_trusted,,,,,,,
Incident observation 739: Opened an energized switchboard during planned shutdown work created a arc flash. Arc-rated ppe and isolation were not used. The reported outcome was severe burns to the face and hands. The pre-job checklist was incomplete.,1,,Unsafe Act,High,SIF,Maintenance Workshop,Mechanical,1.0,
Incident observation 499: Opened an energized switchboard during planned shutdown work created a arc flash. Arc-rated ppe and isolation were not used. The reported outcome was severe burns to the face and hands. The pre-job checklist was incomplete.,1,original_trusted,,,,,,,
Incident observation 454: Welded beside a tank connection during a scheduled inspection created a flammable-vapour ignition. The hot-work permit and gas test were bypassed. The reported outcome was a flash fire with serious burns. The worker received a verbal reminder but continued.,1,original_trusted,,,,,,,
Incident observation 1064: Drove a forklift carrying an oversized load during material movement created a mobile-equipment overturn. The load capacity and travel route were not checked. The reported outcome was serious crush injuries. The pre-job checklist was incomplete.,1,original_trusted,,,,,,,
Incident observation 244: Walked beneath a crane load while completing an urgent task created a suspended-load strike. The exclusion zone was ignored. The reported outcome was a crushed leg requiring surgery. The supervisor was not informed before the task started.,1,original_trusted,,,,,,,
Incident observation 324: Walked beneath a crane load while completing an urgent task created a suspended-load strike. The exclusion zone was ignored. The reported outcome was a crushed leg requiring surgery. The supervisor was not informed before the task started.,1,original_trusted,,,,,,,
Incident observation 234: Disconnected a pressurized hydraulic hose during a night shift created a high-pressure hose whip. Pressure was not isolated before disconnection. The reported outcome was facial fractures and a broken jaw. A safer method was available nearby.,1,original_trusted,,,,,,,
Elevator maintenance worker trapped between car and shaft. Improper lockout. Worker suspended in harness for 45 minutes. Rescued with minor injuries. LOTO failure. Co-worker thought safe and moved car.,1,,Unsafe Act,High,SIF,Elevator Shaft,Maintenance Mechanical,1.0,
Incident observation 504: Drove a forklift carrying an oversized load during material movement created a mobile-equipment overturn. The load capacity and travel route were not checked. The reported outcome was serious crush injuries. The pre-job checklist was incomplete.,1,original_trusted,,,,,,,
Incident observation 354: Reversed a forklift in a shared aisle during a night shift created a forklift contact. The driver did not check the blind spot. The reported outcome was a crushed foot requiring treatment. A safer method was available nearby.,1,original_trusted,,,,,,,
Forklift driver carrying loose load - load shifted. Worker hit by falling object. Broken leg and foot. Load not stable. No straps used. Forklift tilting forward. Load center exceeded. Operator rushing.,1,,Unsafe Act,High,SIF,Loading Area,Logistics,1.0,
"During routine maintenance, a worker experienced excavation collapse after they entered an unsupported trench. Shoring and a safe-entry inspection were missing. Outcome: burial injuries and emergency extraction. The supervisor was not informed before the task started.",1,original_trusted,,,,,,,
Worker entering high-temperature area without protective suit. Burn exposure. Third-degree burns to arms. Suit available but worker didn't wear. Timed pressure - rushed job. Supervisor not verifying PPE. Extended hospitalization.,1,original_trusted,,,,,,,
"During a night shift, a worker experienced high-pressure hose whip after they disconnected a pressurized hydraulic hose. Pressure was not isolated before disconnection. Outcome: facial fractures and a broken jaw. The hazard was visible before work began.",1,original_trusted,,,,,,,
"While preparing equipment for service, a worker experienced chemical release after they opened a pressurized acid line. A face shield and chemical suit were not worn. Outcome: permanent eye damage and chemical burns. The hazard was visible before work began.",1,original_trusted,,,,,,,
Incident observation 989: Raised a metal ladder near utility lines during normal production created a overhead-power-line contact. Minimum approach distance was not maintained. The reported outcome was electrical burns and cardiac arrest. The hazard was visible before work began.,1,,Unsafe Act,High,SIF,Maintenance Workshop,Mechanical,1.0,
Incident observation 899: Opened an energized switchboard during planned shutdown work created a arc flash. Arc-rated ppe and isolation were not used. The reported outcome was severe burns to the face and hands. The pre-job checklist was incomplete.,1,original_trusted,,,,,,,
Incident observation 654: Inspected a rotating shaft during a scheduled inspection created a rotating-equipment entanglement. The guard had been removed and equipment remained energized. The reported outcome was a severe arm injury. The worker received a verbal reminder but continued.,1,original_trusted,,,,,,,
Incident observation 619: Worked on a live steam line during planned shutdown work created a steam release. The line was not isolated and depressurized. The reported outcome was deep thermal burns. The pre-job checklist was incomplete.,1,,Unsafe Act,High,SIF,Maintenance Workshop,Mechanical,1.0,
Incident observation 359: Opened a pressurized acid line while preparing equipment for service created a chemical release. A face shield and chemical suit were not worn. The reported outcome was permanent eye damage and chemical burns. A safer method was available nearby.,1,,Unsafe Act,High,SIF,Maintenance Workshop,Mechanical,1.0,
"While completing an urgent task, a worker experienced toxic-gas exposure after they responded to a leak in a process area. Respiratory protection and gas monitoring were not used. Outcome: collapse from toxic inhalation. A safer method was available nearby.",1,,Unsafe Act,High,SIF,Process Unit,Operations,1.0,
Machine parts ejected - struck worker in chest. Broken ribs and internal bleeding. Guard missing on machine. Workpiece not secured. Worker in line of fire. Machine operating normally. Safety guard removed.,1,original_trusted,,,,,,,
Incident observation 524: Responded to a leak in a process area while completing an urgent task created a toxic-gas exposure. Respiratory protection and gas monitoring were not used. The reported outcome was collapse from toxic inhalation. The supervisor was not informed before the task started.,1,original_trusted,,,,,,,
Worker asphyxiated in confined space - rescued unconscious. Worker entered storage tank. Oxygen depleted. Rescue team used SCBA. Worker found after 10 minutes. No pre-entry testing. Permit not obtained. Revived with oxygen.,1,original_trusted,,,,,,,
"During normal production, a worker experienced machine entanglement after they cleared a jam on a running conveyor. Lockout-tagout was not applied. Outcome: an amputation injury. The pre-job checklist was incomplete.",1,original_trusted,,,,,,,
Forklift operator collided with pedestrian while using mobile phone. Operator texting while driving through warehouse aisle. Pedestrian in walkway with high-visibility vest. Operator noticed too late. Pedestrian sustained crushed foot injury.,1,original_trusted,,,,,,,
Paint booth explosion - worker severely burned. Paint vapors ignited. Static spark from worker. Worker not grounding. Booth ventilated intermittently. Vapor buildup. Burns over 50% of body. Long-term care required.,1,original_trusted,,,,,,,
Incident observation 1169: Installed pipe supports during routine maintenance created a fall from an elevated work platform. Fall arrest lanyard was not connected. The reported outcome was multiple fractures and a serious head injury. The worker received a verbal reminder but continued.,1,original_trusted,,,,,,,
Worker using torch near combustible material. Fire started rapidly. Worker trapped but rescued by fire team. Second-degree burns. Combustible material not removed from area. Hot work permit not valid.,1,,Unsafe Act,High,SIF,Maintenance Area,Mechanical,1.0,
Caustic soda injection - worker's eyes exposed. Emergency shower used. But delayed. Vision affected. Worker not wearing goggles. Only safety glasses. Procedure required goggles. Chemical splashed from line. Permanent damage possible.,1,,Unsafe Act,High,SIF,Chemical Injection Area,Operations,1.0,
Incident observation 24: Drove a forklift carrying an oversized load during material movement created a mobile-equipment overturn. The load capacity and travel route were not checked. The reported outcome was serious crush injuries. The pre-job checklist was incomplete.,1,original_trusted,,,,,,,
Incident observation 1064: Drove a forklift carrying an oversized load during material movement created a mobile-equipment overturn. The load capacity and travel route were not checked. The reported outcome was serious crush injuries. The pre-job checklist was incomplete.,1,,Unsafe Act,High,SIF,Maintenance Workshop,Mechanical,1.0,
Worker found unconscious in storage area - oxygen deficiency. Argon leak from piping. Worker entered without gas monitor. Low oxygen measured 15% after entry. Another worker found him. Resuscitated but brain damage.,1,original_trusted,,,,,,,
Worker reached into moving machine to clear jam. Machine had no guard. Worker's hand caught between rollers. Crushed hand and loss of fingers. Machine operating at high speed. LOTO not applied. Emergency stop not used.,1,,Unsafe Act,High,SIF,Packaging Unit,Operations,1.0,
Incident observation 534: Welded beside a tank connection during a scheduled inspection created a flammable-vapour ignition. The hot-work permit and gas test were bypassed. The reported outcome was a flash fire with serious burns. The worker received a verbal reminder but continued.,1,original_trusted,,,,,,,
Incident observation 699: Worked on a live steam line during planned shutdown work created a steam release. The line was not isolated and depressurized. The reported outcome was deep thermal burns. The pre-job checklist was incomplete.,1,original_trusted,,,,,,,
"A worker opened an energized switchboard during planned shutdown work, despite the fact that arc-rated PPE and isolation were not used. The exposure involved arc flash, resulting in severe burns to the face and hands. A safer method was available nearby.",1,original_trusted,,,,,,,
Incident observation 1119: Continued operating a boiler above its limit while preparing equipment for service created a pressure-vessel overpressure. A safety interlock had been bypassed. The reported outcome was an explosion with life-threatening injuries. A safer method was available nearby.,1,,Unsafe Act,High,SIF,Maintenance Workshop,Mechanical,1.0,
Incident observation 64: Worked below overhead lifting activity during material movement created a falling-object impact. The barricaded area was entered without authorization. The reported outcome was a serious head injury. The pre-job checklist was incomplete.,1,original_trusted,,,,,,,
Forklift forks raised while driving. Load obscured view. Struck overhead pipe causing rupture. High-pressure fluid sprayed. Operator and two workers injured. Forks should have been lowered for transport.,1,,Unsafe Act,High,SIF,Material Handling Area,Logistics,1.0,
Incident observation 34: Reversed a forklift in a shared aisle during a night shift created a forklift contact. The driver did not check the blind spot. The reported outcome was a crushed foot requiring treatment. A safer method was available nearby.,1,original_trusted,,,,,,,
Incident observation 754: Entered a vessel to inspect an internal valve during a night shift created a confined-space oxygen deficiency. The entry permit and atmosphere test were skipped. The reported outcome was loss of consciousness requiring emergency rescue. A safer method was available nearby.,1,,Unsafe Act,High,SIF,Maintenance Workshop,Mechanical,1.0,
Incident observation 754: Entered a vessel to inspect an internal valve during a night shift created a confined-space oxygen deficiency. The entry permit and atmosphere test were skipped. The reported outcome was loss of consciousness requiring emergency rescue. A safer method was available nearby.,1,original_trusted,,,,,,,
Incident observation 74: Disconnected a pressurized hydraulic hose during a night shift created a high-pressure hose whip. Pressure was not isolated before disconnection. The reported outcome was facial fractures and a broken jaw. A safer method was available nearby.,1,,Unsafe Act,High,SIF,Maintenance Workshop,Mechanical,1.0,
Incident observation 449: Installed pipe supports during routine maintenance created a fall from an elevated work platform. Fall arrest lanyard was not connected. The reported outcome was multiple fractures and a serious head injury. The worker received a verbal reminder but continued.,1,,Unsafe Act,High,SIF,Maintenance Workshop,Mechanical,1.0,
"A worker cleared a jam on a running conveyor during normal production, despite the fact that lockout-tagout was not applied. The exposure involved machine entanglement, resulting in an amputation injury. The supervisor was not informed before the task started.",1,,Unsafe Act,High,SIF,Electrical Substation,Electrical Maintenance,1.0,
Incident observation 139: Worked on a live steam line during planned shutdown work created a steam release. The line was not isolated and depressurized. The reported outcome was deep thermal burns. The pre-job checklist was incomplete.,1,original_trusted,,,,,,,
Incident observation 1279: Continued operating a boiler above its limit while preparing equipment for service created a pressure-vessel overpressure. A safety interlock had been bypassed. The reported outcome was an explosion with life-threatening injuries. A safer method was available nearby.,1,,Unsafe Act,High,SIF,Maintenance Workshop,Mechanical,1.0,
Incident observation 424: Drove a forklift carrying an oversized load during material movement created a mobile-equipment overturn. The load capacity and travel route were not checked. The reported outcome was serious crush injuries. The pre-job checklist was incomplete.,1,,Unsafe Act,High,SIF,Maintenance Workshop,Mechanical,1.0,
Incident observation 504: Drove a forklift carrying an oversized load during material movement created a mobile-equipment overturn. The load capacity and travel route were not checked. The reported outcome was serious crush injuries. The pre-job checklist was incomplete.,1,,Unsafe Act,High,SIF,Maintenance Workshop,Mechanical,1.0,
Incident observation 1249: Installed pipe supports during routine maintenance created a fall from an elevated work platform. Fall arrest lanyard was not connected. The reported outcome was multiple fractures and a serious head injury. The worker received a verbal reminder but continued.,1,,Unsafe Act,High,SIF,Maintenance Workshop,Mechanical,1.0,
Incident observation 894: Inspected a rotating shaft during a scheduled inspection created a rotating-equipment entanglement. The guard had been removed and equipment remained energized. The reported outcome was a severe arm injury. The worker received a verbal reminder but continued.,1,original_trusted,,,,,,,
Incident observation 164: Walked beneath a crane load while completing an urgent task created a suspended-load strike. The exclusion zone was ignored. The reported outcome was a crushed leg requiring surgery. The supervisor was not informed before the task started.,1,,Unsafe Act,High,SIF,Maintenance Workshop,Mechanical,1.0,
Incident observation 1189: Cleared a jam on a running conveyor during normal production created a machine entanglement. Lockout-tagout was not applied. The reported outcome was an amputation injury. The hazard was visible before work began.,1,,Unsafe Act,High,SIF,Maintenance Workshop,Mechanical,1.0,
Incident observation 999: Opened a pressurized acid line while preparing equipment for service created a chemical release. A face shield and chemical suit were not worn. The reported outcome was permanent eye damage and chemical burns. A safer method was available nearby.,1,original_trusted,,,,,,,
Incident observation 179: Opened an energized switchboard during planned shutdown work created a arc flash. Arc-rated ppe and isolation were not used. The reported outcome was severe burns to the face and hands. The pre-job checklist was incomplete.,1,original_trusted,,,,,,,
"A worker reversed a forklift in a shared aisle during a night shift, despite the fact that the driver did not check the blind spot. The exposure involved forklift contact, resulting in a crushed foot requiring treatment. The worker received a verbal reminder but continued.",1,original_trusted,,,,,,,
Incident observation 1199: Continued operating a boiler above its limit while preparing equipment for service created a pressure-vessel overpressure. A safety interlock had been bypassed. The reported outcome was an explosion with life-threatening injuries. A safer method was available nearby.,1,original_trusted,,,,,,,
Incident observation 264: Drove a forklift carrying an oversized load during material movement created a mobile-equipment overturn. The load capacity and travel route were not checked. The reported outcome was serious crush injuries. The pre-job checklist was incomplete.,1,original_trusted,,,,,,,
Falling object from above - struck worker's leg. Worker not in designated area. Object fell from scaffolding above. Barrier inadequate. Hard hat but no leg protection. Worker required surgery.,1,reviewed_corrected_sif_1,,,,,,,
Incident observation 779: Worked on a live steam line during planned shutdown work created a steam release. The line was not isolated and depressurized. The reported outcome was deep thermal burns. The pre-job checklist was incomplete.,1,,Unsafe Act,High,SIF,Maintenance Workshop,Mechanical,1.0,
Incident observation 149: Cleared a jam on a running conveyor during normal production created a machine entanglement. Lockout-tagout was not applied. The reported outcome was an amputation injury. The hazard was visible before work began.,1,original_trusted,,,,,,,
Incident observation 819: Opened an energized switchboard during planned shutdown work created a arc flash. Arc-rated ppe and isolation were not used. The reported outcome was severe burns to the face and hands. The pre-job checklist was incomplete.,1,,Unsafe Act,High,SIF,Maintenance Workshop,Mechanical,1.0,
Incident observation 944: Worked below overhead lifting activity during material movement created a falling-object impact. The barricaded area was entered without authorization. The reported outcome was a serious head injury. The pre-job checklist was incomplete.,1,,Unsafe Act,High,SIF,Maintenance Workshop,Mechanical,1.0,
Electrical panel arc flash - blind for several days. Worker opening live panel. Arc blast occurred. Worker not wearing arc suit. PPE not provided. Panel marked high energy. Safety goggles not enough. Vision recovered partially.,1,original_trusted,,,,,,,
Incident observation 644: Walked beneath a crane load while completing an urgent task created a suspended-load strike. The exclusion zone was ignored. The reported outcome was a crushed leg requiring surgery. The supervisor was not informed before the task started.,1,,Unsafe Act,High,SIF,Maintenance Workshop,Mechanical,1.0,
Incident observation 429: Raised a metal ladder near utility lines during normal production created a overhead-power-line contact. Minimum approach distance was not maintained. The reported outcome was electrical burns and cardiac arrest. The hazard was visible before work began.,1,,Unsafe Act,High,SIF,Maintenance Workshop,Mechanical,1.0,
"Unsafe work report: a worker opened a pressurized acid line while preparing equipment for service. A face shield and chemical suit were not worn, creating a chemical release event. Result: permanent eye damage and chemical burns. The supervisor was not informed before the task started.",1,original_trusted,,,,,,,
Incident observation 349: Raised a metal ladder near utility lines during normal production created a overhead-power-line contact. Minimum approach distance was not maintained. The reported outcome was electrical burns and cardiac arrest. The hazard was visible before work began.,1,,Unsafe Act,High,SIF,Maintenance Workshop,Mechanical,1.0,
Incident observation 534: Welded beside a tank connection during a scheduled inspection created a flammable-vapour ignition. The hot-work permit and gas test were bypassed. The reported outcome was a flash fire with serious burns. The worker received a verbal reminder but continued.,1,,Unsafe Act,High,SIF,Maintenance Workshop,Mechanical,1.0,
"Unsafe work report: a worker disconnected a pressurized hydraulic hose during a night shift. Pressure was not isolated before disconnection, creating a high-pressure hose whip event. Result: facial fractures and a broken jaw. The supervisor was not informed before the task started.",1,,Unsafe Act,High,SIF,Construction Zone,Projects,1.0,
Incident observation 439: Opened a pressurized acid line while preparing equipment for service created a chemical release. A face shield and chemical suit were not worn. The reported outcome was permanent eye damage and chemical burns. A safer method was available nearby.,1,original_trusted,,,,,,,
Incident observation 979: Opened an energized switchboard during planned shutdown work created a arc flash. Arc-rated ppe and isolation were not used. The reported outcome was severe burns to the face and hands. The pre-job checklist was incomplete.,1,,Unsafe Act,High,SIF,Maintenance Workshop,Mechanical,1.0,
Incident observation 1109: Cleared a jam on a running conveyor during normal production created a machine entanglement. Lockout-tagout was not applied. The reported outcome was an amputation injury. The hazard was visible before work began.,1,,Unsafe Act,High,SIF,Maintenance Workshop,Mechanical,1.0,
Incident observation 474: Disconnected a pressurized hydraulic hose during a night shift created a high-pressure hose whip. Pressure was not isolated before disconnection. The reported outcome was facial fractures and a broken jaw. A safer method was available nearby.,1,original_trusted,,,,,,,
Boiler operation at unsafe pressure. Worker bypassed safety interlock. Boiler exploded during shift. Two workers killed. Multiple burns and injuries. Interlock bypass common practice to save time. Unauthorized modification.,1,original_trusted,,,,,,,
Incident observation 369: Installed pipe supports during routine maintenance created a fall from an elevated work platform. Fall arrest lanyard was not connected. The reported outcome was multiple fractures and a serious head injury. The worker received a verbal reminder but continued.,1,,Unsafe Act,High,SIF,Maintenance Workshop,Mechanical,1.0,
Incident observation 599: Opened a pressurized acid line while preparing equipment for service created a chemical release. A face shield and chemical suit were not worn. The reported outcome was permanent eye damage and chemical burns. A safer method was available nearby.,1,,Unsafe Act,High,SIF,Maintenance Workshop,Mechanical,1.0,
Welding gas hose leak - welding area flooded with gas. Worker felt dizzy - escaped. Gas hose had leak - not detected. Worker using gas without checking. Another worker affected but recovered. Near-miss for explosion.,1,original_trusted,,,,,,,
Worker using blow torch on sealed vessel. Explosion occurred. Worker killed. Vessel contained flammable residues. No hot work permit. Gas testing not done. Pressure built up inside. Complete failure.,1,original_trusted,,,,,,,
Incident observation 724: Walked beneath a crane load while completing an urgent task created a suspended-load strike. The exclusion zone was ignored. The reported outcome was a crushed leg requiring surgery. The supervisor was not informed before the task started.,1,,Unsafe Act,High,SIF,Maintenance Workshop,Mechanical,1.0,
Incident observation 1019: Worked on a live steam line during planned shutdown work created a steam release. The line was not isolated and depressurized. The reported outcome was deep thermal burns. The pre-job checklist was incomplete.,1,,Unsafe Act,High,SIF,Maintenance Workshop,Mechanical,1.0,
Incident observation 464: Worked below overhead lifting activity during material movement created a falling-object impact. The barricaded area was entered without authorization. The reported outcome was a serious head injury. The pre-job checklist was incomplete.,1,original_trusted,,,,,,,
Incident observation 939: Worked on a live steam line during planned shutdown work created a steam release. The line was not isolated and depressurized. The reported outcome was deep thermal burns. The pre-job checklist was incomplete.,1,original_trusted,,,,,,,
Incident observation 1164: Responded to a leak in a process area while completing an urgent task created a toxic-gas exposure. Respiratory protection and gas monitoring were not used. The reported outcome was collapse from toxic inhalation. The supervisor was not informed before the task started.,1,,Unsafe Act,High,SIF,Maintenance Workshop,Mechanical,1.0,
Incident observation 319: Continued operating a boiler above its limit while preparing equipment for service created a pressure-vessel overpressure. A safety interlock had been bypassed. The reported outcome was an explosion with life-threatening injuries. A safer method was available nearby.,1,original_trusted,,,,,,,
"During a scheduled inspection, a worker experienced rotating-equipment entanglement after they inspected a rotating shaft. The guard had been removed and equipment remained energized. Outcome: a severe arm injury. The supervisor was not informed before the task started.",1,,Unsafe Act,High,SIF,Process Unit,Operations,1.0,
Confined space rescue team not trained. Worker collapsed in pit. Rescue attempt delayed by 15 minutes. Worker suffered brain damage from oxygen deprivation. Training records out of date. Rescue equipment not maintained.,1,original_trusted,,,,,,,
"Unsafe work report: a worker opened an energized switchboard during planned shutdown work. Arc-rated ppe and isolation were not used, creating a arc flash event. Result: severe burns to the face and hands. The hazard was visible before work began.",1,original_trusted,,,,,,,
Incident observation 1234: Reversed a forklift in a shared aisle during a night shift created a forklift contact. The driver did not check the blind spot. The reported outcome was a crushed foot requiring treatment. A safer method was available nearby.,1,,Unsafe Act,Medium,SIF,Loading Bay,Logistics,1.0,
Incident observation 699: Worked on a live steam line during planned shutdown work created a steam release. The line was not isolated and depressurized. The reported outcome was deep thermal burns. The pre-job checklist was incomplete.,1,,Unsafe Act,High,SIF,Maintenance Workshop,Mechanical,1.0,
Incident observation 44: Responded to a leak in a process area while completing an urgent task created a toxic-gas exposure. Respiratory protection and gas monitoring were not used. The reported outcome was collapse from toxic inhalation. The supervisor was not informed before the task started.,1,,Unsafe Act,High,SIF,Maintenance Workshop,Mechanical,1.0,
Incident observation 804: Walked beneath a crane load while completing an urgent task created a suspended-load strike. The exclusion zone was ignored. The reported outcome was a crushed leg requiring surgery. The supervisor was not informed before the task started.,1,,Unsafe Act,High,SIF,Maintenance Workshop,Mechanical,1.0,
Incident observation 999: Opened a pressurized acid line while preparing equipment for service created a chemical release. A face shield and chemical suit were not worn. The reported outcome was permanent eye damage and chemical burns. A safer method was available nearby.,1,,Unsafe Act,High,SIF,Maintenance Workshop,Mechanical,1.0,
Worker fell from height while drunk. Paraplegia. Worker consumed alcohol at lunch. Management unaware. No alcohol testing. Worker climbed without harness. Many safety violations. Life-changing injury.,1,original_trusted,,,,,,,
Incident observation 974: Inspected a rotating shaft during a scheduled inspection created a rotating-equipment entanglement. The guard had been removed and equipment remained energized. The reported outcome was a severe arm injury. The worker received a verbal reminder but continued.,1,original_trusted,,,,,,,
Incident observation 1314: Reversed a forklift in a shared aisle during a night shift created a forklift contact. The driver did not check the blind spot. The reported outcome was a crushed foot requiring treatment. A safer method was available nearby.,1,original_trusted,,,,,,,
Incident observation 1039: Continued operating a boiler above its limit while preparing equipment for service created a pressure-vessel overpressure. A safety interlock had been bypassed. The reported outcome was an explosion with life-threatening injuries. A safer method was available nearby.,1,original_trusted,,,,,,,
Rolling drum falling on worker - foot crushed. Drum not secured. Rolling drum from elevation. Worker in path. Worker not wearing steel-toe boots. Boots at locker - not worn. Amputation of toes.,1,original_trusted,,,,,,,
Incident observation 659: Opened an energized switchboard during planned shutdown work created a arc flash. Arc-rated ppe and isolation were not used. The reported outcome was severe burns to the face and hands. The pre-job checklist was incomplete.,1,original_trusted,,,,,,,
Incident observation 34: Entered a vessel to inspect an internal valve during a night shift created a confined-space oxygen deficiency. The entry permit and atmosphere test were skipped. The reported outcome was loss of consciousness requiring emergency rescue. A safer method was available nearby.,1,original_trusted,,,,,,,
Incident observation 1074: Entered a vessel to inspect an internal valve during a night shift created a confined-space oxygen deficiency. The entry permit and atmosphere test were skipped. The reported outcome was loss of consciousness requiring emergency rescue. A safer method was available nearby.,1,,Unsafe Act,High,SIF,Maintenance Workshop,Mechanical,1.0,
Incident observation 339: Opened an energized switchboard during planned shutdown work created a arc flash. Arc-rated ppe and isolation were not used. The reported outcome was severe burns to the face and hands. The pre-job checklist was incomplete.,1,,Unsafe Act,High,SIF,Maintenance Workshop,Mechanical,1.0,
Electric shock from overhead power line - worker survived but burned. Worker using metal ladder - contacted line. Ladder moved by wind. Worker not spotter. Metal ladder used despite warnings. 3rd degree burns.,1,,Unsafe Act,High,SIF,Utility Area,Electrical,1.0,
Painting without respiratory protection - worker collapsed. Inhaled toxic fumes. Worker found unconscious. Respirator not used - fit-tested but not worn. Room ventilated inadequately. Recovery - but organ damage.,1,,Unsafe Act,High,SIF,Painting Booth,Maintenance Mechanical,1.0,
Incident observation 684: Responded to a leak in a process area while completing an urgent task created a toxic-gas exposure. Respiratory protection and gas monitoring were not used. The reported outcome was collapse from toxic inhalation. The supervisor was not informed before the task started.,1,original_trusted,,,,,,,
"Unsafe work report: a worker worked below overhead lifting activity during material movement. The barricaded area was entered without authorization, creating a falling-object impact event. Result: a serious head injury. The hazard was visible before work began.",1,,Unsafe Act,High,SIF,Construction Zone,Projects,1.0,
Incident observation 764: Responded to a leak in a process area while completing an urgent task created a toxic-gas exposure. Respiratory protection and gas monitoring were not used. The reported outcome was collapse from toxic inhalation. The supervisor was not informed before the task started.,1,,Unsafe Act,High,SIF,Maintenance Workshop,Mechanical,1.0,
Electric shock from overhead power line - worker survived but burned. Worker using metal ladder - contacted line. Ladder moved by wind. Worker not spotter. Metal ladder used despite warnings. 3rd degree burns.,1,original_trusted,,,,,,,
Incident observation 879: Continued operating a boiler above its limit while preparing equipment for service created a pressure-vessel overpressure. A safety interlock had been bypassed. The reported outcome was an explosion with life-threatening injuries. A safer method was available nearby.,1,,Unsafe Act,High,SIF,Maintenance Workshop,Mechanical,1.0,
Incident observation 1244: Responded to a leak in a process area while completing an urgent task created a toxic-gas exposure. Respiratory protection and gas monitoring were not used. The reported outcome was collapse from toxic inhalation. The supervisor was not informed before the task started.,1,,Unsafe Act,High,SIF,Maintenance Workshop,Mechanical,1.0,
Incident observation 914: Entered a vessel to inspect an internal valve during a night shift created a confined-space oxygen deficiency. The entry permit and atmosphere test were skipped. The reported outcome was loss of consciousness requiring emergency rescue. A safer method was available nearby.,1,,Unsafe Act,High,SIF,Maintenance Workshop,Mechanical,1.0,
"During material movement, a worker experienced falling-object impact after they worked below overhead lifting activity. The barricaded area was entered without authorization. Outcome: a serious head injury. The worker received a verbal reminder but continued.",1,original_trusted,,,,,,,
Acid spill from damaged container in transit. Workers not wearing chemical suits. PPE available but not worn. Skin exposure caused chemical burns. Two workers hospitalized. Spill entered drain - environmental violation.,1,,Unsafe Act,High,SIF,Chemical Transportation Area,Logistics EHS,1.0,
Incident observation 1119: Continued operating a boiler above its limit while preparing equipment for service created a pressure-vessel overpressure. A safety interlock had been bypassed. The reported outcome was an explosion with life-threatening injuries. A safer method was available nearby.,1,original_trusted,,,,,,,
Incident observation 514: Entered a vessel to inspect an internal valve during a night shift created a confined-space oxygen deficiency. The entry permit and atmosphere test were skipped. The reported outcome was loss of consciousness requiring emergency rescue. A safer method was available nearby.,1,,Unsafe Act,High,SIF,Maintenance Workshop,Mechanical,1.0,
Incident observation 789: Cleared a jam on a running conveyor during normal production created a machine entanglement. Lockout-tagout was not applied. The reported outcome was an amputation injury. The hazard was visible before work began.,1,original_trusted,,,,,,,
Incident observation 1239: Opened a pressurized acid line while preparing equipment for service created a chemical release. A face shield and chemical suit were not worn. The reported outcome was permanent eye damage and chemical burns. A safer method was available nearby.,1,original_trusted,,,,,,,
Incident observation 909: Raised a metal ladder near utility lines during normal production created a overhead-power-line contact. Minimum approach distance was not maintained. The reported outcome was electrical burns and cardiac arrest. The hazard was visible before work began.,1,original_trusted,,,,,,,
Incident observation 134: Welded beside a tank connection during a scheduled inspection created a flammable-vapour ignition. The hot-work permit and gas test were bypassed. The reported outcome was a flash fire with serious burns. The worker received a verbal reminder but continued.,1,original_trusted,,,,,,,
Incident observation 1474: Reversed a forklift in a shared aisle during a night shift created a forklift contact. The driver did not check the blind spot. The reported outcome was a crushed foot requiring treatment. A safer method was available nearby.,1,original_trusted,,,,,,,
Incident observation 159: Continued operating a boiler above its limit while preparing equipment for service created a pressure-vessel overpressure. A safety interlock had been bypassed. The reported outcome was an explosion with life-threatening injuries. A safer method was available nearby.,1,,Unsafe Act,High,SIF,Maintenance Workshop,Mechanical,1.0,
Incident observation 1089: Installed pipe supports during routine maintenance created a fall from an elevated work platform. Fall arrest lanyard was not connected. The reported outcome was multiple fractures and a serious head injury. The worker received a verbal reminder but continued.,1,original_trusted,,,,,,,
Incident observation 604: Responded to a leak in a process area while completing an urgent task created a toxic-gas exposure. Respiratory protection and gas monitoring were not used. The reported outcome was collapse from toxic inhalation. The supervisor was not informed before the task started.,1,original_trusted,,,,,,,
Incident observation 129: Installed pipe supports during routine maintenance created a fall from an elevated work platform. Fall arrest lanyard was not connected. The reported outcome was multiple fractures and a serious head injury. The worker received a verbal reminder but continued.,1,,Unsafe Act,High,SIF,Maintenance Workshop,Mechanical,1.0,
Incident observation 1074: Reversed a forklift in a shared aisle during a night shift created a forklift contact. The driver did not check the blind spot. The reported outcome was a crushed foot requiring treatment. A safer method was available nearby.,1,original_trusted,,,,,,,
Worker opening corrosive drum - splash to face. Chemical burns and vision damage. Worker not wearing face shield. PPE inadequate. Splash from pressure. Worker untrained for task. Corrosive handling SOP not followed.,1,,Unsafe Act,High,SIF,Chemical Drum Area,Operations Chemical,1.0,
Electrical panel left open for extended period. Worker reached in without LOTO. Arc flash occurred. Burned worker's hands and face. Panel had 480V. Worker was electrician but bypassed safety procedures.,1,original_trusted,,,,,,,
"During material movement, a worker experienced falling-object impact after they worked below overhead lifting activity. The barricaded area was entered without authorization. Outcome: a serious head injury. The worker received a verbal reminder but continued.",1,,Unsafe Act,High,SIF,Process Unit,Operations,1.0,
"A worker disconnected a pressurized hydraulic hose during a night shift, despite the fact that pressure was not isolated before disconnection. The exposure involved high-pressure hose whip, resulting in facial fractures and a broken jaw. The worker received a verbal reminder but continued.",1,original_trusted,,,,,,,
Incident observation 1219: Opened an energized switchboard during planned shutdown work created a arc flash. Arc-rated ppe and isolation were not used. The reported outcome was severe burns to the face and hands. The pre-job checklist was incomplete.,1,original_trusted,,,,,,,
Incident observation 399: Continued operating a boiler above its limit while preparing equipment for service created a pressure-vessel overpressure. A safety interlock had been bypassed. The reported outcome was an explosion with life-threatening injuries. A safer method was available nearby.,1,original_trusted,,,,,,,
Ladder placed on top of stacked pallets for extra height. Stack collapsed. Worker fell 4 meters. Sustained broken leg. Ladder not secured. Pallets unstable. Improper use of equipment. No fall protection worn.,1,original_trusted,,,,,,,
Rotating shaft guard removed - worker's sleeve caught. Arm broken and dislocated. Guard removed for cleaning - not replaced. Worker failed to stop equipment. Co-worker stopped machine within seconds. Injury severe.,1,original_trusted,,,,,,,
Incident observation 94: Inspected a rotating shaft during a scheduled inspection created a rotating-equipment entanglement. The guard had been removed and equipment remained energized. The reported outcome was a severe arm injury. The worker received a verbal reminder but continued.,1,,Unsafe Act,High,SIF,Maintenance Workshop,Mechanical,1.0,
Incident observation 1219: Opened an energized switchboard during planned shutdown work created a arc flash. Arc-rated ppe and isolation were not used. The reported outcome was severe burns to the face and hands. The pre-job checklist was incomplete.,1,,Unsafe Act,High,SIF,Maintenance Workshop,Mechanical,1.0,
Incident observation 389: Cleared a jam on a running conveyor during normal production created a machine entanglement. Lockout-tagout was not applied. The reported outcome was an amputation injury. The hazard was visible before work began.,1,,Unsafe Act,High,SIF,Maintenance Workshop,Mechanical,1.0,
Incident observation 669: Raised a metal ladder near utility lines during normal production created a overhead-power-line contact. Minimum approach distance was not maintained. The reported outcome was electrical burns and cardiac arrest. The hazard was visible before work began.,1,,Unsafe Act,High,SIF,Maintenance Workshop,Mechanical,1.0,
Incident observation 564: Walked beneath a crane load while completing an urgent task created a suspended-load strike. The exclusion zone was ignored. The reported outcome was a crushed leg requiring surgery. The supervisor was not informed before the task started.,1,original_trusted,,,,,,,
Worker caught in conveyor roller. Arm pulled in - multiple fractures. Conveyor start button accidentally pressed. Worker cleaning without LOTO. Emergency stop not used. Guard removed for cleaning.,1,,Unsafe Act,High,SIF,Conveyor System,Operations,1.0,
Worker overcoming machine safety - caught in roller. Machine started while hands inside. Safety gate bypassed. Worker using override key. Removing obstruction quickly. Four fingers crushed. Safety violation.,1,original_trusted,,,,,,,
"While during planned shutdown work, a worker opened an energized switchboard. The unsafe act was that arc-rated PPE and isolation were not used. This led to arc flash; outcome was severe burns to the face and hands. The supervisor was not informed before the task started.",1,original_trusted,,,,,,,
Welding sparks near oil-soaked rags. Fire started. Worker trapped but escaped with burns. Rags not disposed properly. Fire extinguisher not accessible. Hot work permit not followed. Smoke inhalation injuries.,1,original_trusted,,,,,,,
Incident observation 894: Inspected a rotating shaft during a scheduled inspection created a rotating-equipment entanglement. The guard had been removed and equipment remained energized. The reported outcome was a severe arm injury. The worker received a verbal reminder but continued.,1,,Unsafe Act,High,SIF,Maintenance Workshop,Mechanical,1.0,
Worker stepped over rotating shaft to access other side. Lost balance and nearly fell onto shaft. Co-worker grabbed and pulled to safety. Worker hadn't identified shaft as hazard and bypassed guard.,1,original_trusted,,,,,,,
"A worker worked below overhead lifting activity during material movement, despite the fact that the barricaded area was entered without authorization. The exposure involved falling-object impact, resulting in a serious head injury. A safer method was available nearby.",1,,Unsafe Act,High,SIF,Electrical Substation,Electrical Maintenance,1.0,
"Unsafe work report: a worker walked beneath a crane load while completing an urgent task. The exclusion zone was ignored, creating a suspended-load strike event. Result: a crushed leg requiring surgery. The worker received a verbal reminder but continued.",1,original_trusted,,,,,,,
Incident observation 74: Disconnected a pressurized hydraulic hose during a night shift created a high-pressure hose whip. Pressure was not isolated before disconnection. The reported outcome was facial fractures and a broken jaw. A safer method was available nearby.,1,original_trusted,,,,,,,
Incident observation 519: Opened a pressurized acid line while preparing equipment for service created a chemical release. A face shield and chemical suit were not worn. The reported outcome was permanent eye damage and chemical burns. A safer method was available nearby.,1,,Unsafe Act,High,SIF,Maintenance Workshop,Mechanical,1.0,
Incident observation 524: Responded to a leak in a process area while completing an urgent task created a toxic-gas exposure. Respiratory protection and gas monitoring were not used. The reported outcome was collapse from toxic inhalation. The supervisor was not informed before the task started.,1,,Unsafe Act,High,SIF,Maintenance Workshop,Mechanical,1.0,
Incident observation 374: Welded beside a tank connection during a scheduled inspection created a flammable-vapour ignition. The hot-work permit and gas test were bypassed. The reported outcome was a flash fire with serious burns. The worker received a verbal reminder but continued.,1,original_trusted,,,,,,,
Incident observation 339: Opened an energized switchboard during planned shutdown work created a arc flash. Arc-rated ppe and isolation were not used. The reported outcome was severe burns to the face and hands. The pre-job checklist was incomplete.,1,original_trusted,,,,,,,
Incident observation 1024: Worked below overhead lifting activity during material movement created a falling-object impact. The barricaded area was entered without authorization. The reported outcome was a serious head injury. The pre-job checklist was incomplete.,1,,Unsafe Act,High,SIF,Maintenance Workshop,Mechanical,1.0,
Incident observation 304: Worked below overhead lifting activity during material movement created a falling-object impact. The barricaded area was entered without authorization. The reported outcome was a serious head injury. The pre-job checklist was incomplete.,1,,Unsafe Act,High,SIF,Maintenance Workshop,Mechanical,1.0,
"Unsafe work report: a worker responded to a leak in a process area while completing an urgent task. Respiratory protection and gas monitoring were not used, creating a toxic-gas exposure event. Result: collapse from toxic inhalation. The worker received a verbal reminder but continued.",1,original_trusted,,,,,,,
Underground cable struck during excavation. Worker conducting excavation without locating utilities. Worker electrocuted. Cable not marked on drawings. Utilities not located prior to digging. Emergency response delayed.,1,original_trusted,,,,,,,
Incident observation 239: Continued operating a boiler above its limit while preparing equipment for service created a pressure-vessel overpressure. A safety interlock had been bypassed. The reported outcome was an explosion with life-threatening injuries. A safer method was available nearby.,1,,Unsafe Act,High,SIF,Maintenance Workshop,Mechanical,1.0,
Elevator maintenance worker trapped between car and shaft. Improper lockout. Worker suspended in harness for 45 minutes. Rescued with minor injuries. LOTO failure. Co-worker thought safe and moved car.,1,original_trusted,,,,,,,
Incident observation 1054: Inspected a rotating shaft during a scheduled inspection created a rotating-equipment entanglement. The guard had been removed and equipment remained energized. The reported outcome was a severe arm injury. The worker received a verbal reminder but continued.,1,original_trusted,,,,,,,
Incident observation 244: Walked beneath a crane load while completing an urgent task created a suspended-load strike. The exclusion zone was ignored. The reported outcome was a crushed leg requiring surgery. The supervisor was not informed before the task started.,1,,Unsafe Act,High,SIF,Maintenance Workshop,Mechanical,1.0,
Confined space rescue team not trained. Worker collapsed in pit. Rescue attempt delayed by 15 minutes. Worker suffered brain damage from oxygen deprivation. Training records out of date. Rescue equipment not maintained.,1,,Unsafe Act,High,SIF,Confined Space Area,Operations EHS,1.0,
Incident observation 159: Continued operating a boiler above its limit while preparing equipment for service created a pressure-vessel overpressure. A safety interlock had been bypassed. The reported outcome was an explosion with life-threatening injuries. A safer method was available nearby.,1,original_trusted,,,,,,,
Incident observation 629: Cleared a jam on a running conveyor during normal production created a machine entanglement. Lockout-tagout was not applied. The reported outcome was an amputation injury. The hazard was visible before work began.,1,original_trusted,,,,,,,
Incident observation 889: Entered an unsupported trench during routine maintenance created a excavation collapse. Shoring and a safe-entry inspection were missing. The reported outcome was burial injuries and emergency extraction. The worker received a verbal reminder but continued.,1,,Unsafe Act,High,SIF,Maintenance Workshop,Mechanical,1.0,
Incident observation 94: Inspected a rotating shaft during a scheduled inspection created a rotating-equipment entanglement. The guard had been removed and equipment remained energized. The reported outcome was a severe arm injury. The worker received a verbal reminder but continued.,1,original_trusted,,,,,,,
"While during a scheduled inspection, a worker welded beside a tank connection. The unsafe act was that the hot-work permit and gas test were bypassed. This led to flammable-vapour ignition; outcome was a flash fire with serious burns. A safer method was available nearby.",1,original_trusted,,,,,,,
Incident observation 514: Reversed a forklift in a shared aisle during a night shift created a forklift contact. The driver did not check the blind spot. The reported outcome was a crushed foot requiring treatment. A safer method was available nearby.,1,,Unsafe Act,Medium,SIF,Loading Bay,Logistics,1.0,
"A worker responded to a leak in a process area while completing an urgent task, despite the fact that respiratory protection and gas monitoring were not used. The exposure involved toxic-gas exposure, resulting in collapse from toxic inhalation. The pre-job checklist was incomplete.",1,original_trusted,,,,,,,
Worker standing on unstable work platform. Platform collapsed - fell 4 meters. Broken ankle and wrist. Platform made of makeshift materials. No engineered work platform. Worker constructing structure at height.,1,original_trusted,,,,,,,
"Unsafe work report: a worker entered a vessel to inspect an internal valve during a night shift. The entry permit and atmosphere test were skipped, creating a confined-space oxygen deficiency event. Result: loss of consciousness requiring emergency rescue. The supervisor was not informed before the task started.",1,original_trusted,,,,,,,
Incident observation 444: Responded to a leak in a process area while completing an urgent task created a toxic-gas exposure. Respiratory protection and gas monitoring were not used. The reported outcome was collapse from toxic inhalation. The supervisor was not informed before the task started.,1,,Unsafe Act,High,SIF,Maintenance Workshop,Mechanical,1.0,
Incident observation 1239: Opened a pressurized acid line while preparing equipment for service created a chemical release. A face shield and chemical suit were not worn. The reported outcome was permanent eye damage and chemical burns. A safer method was available nearby.,1,,Unsafe Act,High,SIF,Maintenance Workshop,Mechanical,1.0,
Incident observation 84: Walked beneath a crane load while completing an urgent task created a suspended-load strike. The exclusion zone was ignored. The reported outcome was a crushed leg requiring surgery. The supervisor was not informed before the task started.,1,,Unsafe Act,High,SIF,Maintenance Workshop,Mechanical,1.0,
Incident observation 194: Reversed a forklift in a shared aisle during a night shift created a forklift contact. The driver did not check the blind spot. The reported outcome was a crushed foot requiring treatment. A safer method was available nearby.,1,original_trusted,,,,,,,
Incident observation 1259: Worked on a live steam line during planned shutdown work created a steam release. The line was not isolated and depressurized. The reported outcome was deep thermal burns. The pre-job checklist was incomplete.,1,,Unsafe Act,High,SIF,Maintenance Workshop,Mechanical,1.0,
Tank truck not grounded during unloading. Static spark ignited flammable vapor. Driver and operator burned. Fire extinguisher failed. Truck not connected to ground cable. Procedure violated by both parties.,1,original_trusted,,,,,,,
Incident observation 314: Disconnected a pressurized hydraulic hose during a night shift created a high-pressure hose whip. Pressure was not isolated before disconnection. The reported outcome was facial fractures and a broken jaw. A safer method was available nearby.,1,original_trusted,,,,,,,
Conveyor belt fire started - worker using cleaning solvent. Solvent ignition. Worker's hands burned. Solvent near moving belt. Worker using improper solvent. Belt not stopped. Worker didn't use approved methods.,1,,Unsafe Act,High,SIF,Conveyor System,Operations,1.0,
Incident observation 979: Opened an energized switchboard during planned shutdown work created a arc flash. Arc-rated ppe and isolation were not used. The reported outcome was severe burns to the face and hands. The pre-job checklist was incomplete.,1,original_trusted,,,,,,,
Incident observation 364: Responded to a leak in a process area while completing an urgent task created a toxic-gas exposure. Respiratory protection and gas monitoring were not used. The reported outcome was collapse from toxic inhalation. The supervisor was not informed before the task started.,1,original_trusted,,,,,,,
Incident observation 649: Entered an unsupported trench during routine maintenance created a excavation collapse. Shoring and a safe-entry inspection were missing. The reported outcome was burial injuries and emergency extraction. The worker received a verbal reminder but continued.,1,,Unsafe Act,High,SIF,Maintenance Workshop,Mechanical,1.0,
"A worker responded to a leak in a process area while completing an urgent task, despite the fact that respiratory protection and gas monitoring were not used. The exposure involved toxic-gas exposure, resulting in collapse from toxic inhalation. The pre-job checklist was incomplete.",1,,Unsafe Act,High,SIF,Electrical Substation,Electrical Maintenance,1.0,
Incident observation 1054: Inspected a rotating shaft during a scheduled inspection created a rotating-equipment entanglement. The guard had been removed and equipment remained energized. The reported outcome was a severe arm injury. The worker received a verbal reminder but continued.,1,,Unsafe Act,High,SIF,Maintenance Workshop,Mechanical,1.0,
Incident observation 154: Disconnected a pressurized hydraulic hose during a night shift created a high-pressure hose whip. Pressure was not isolated before disconnection. The reported outcome was facial fractures and a broken jaw. A safer method was available nearby.,1,original_trusted,,,,,,,
Incident observation 334: Inspected a rotating shaft during a scheduled inspection created a rotating-equipment entanglement. The guard had been removed and equipment remained energized. The reported outcome was a severe arm injury. The worker received a verbal reminder but continued.,1,original_trusted,,,,,,,
"During a night shift, a worker experienced forklift contact after they reversed a forklift in a shared aisle. The driver did not check the blind spot. Outcome: a crushed foot requiring treatment. The hazard was visible before work began.",1,,Unsafe Act,Medium,SIF,Warehouse,Logistics,1.0,
Incident observation 204: Responded to a leak in a process area while completing an urgent task created a toxic-gas exposure. Respiratory protection and gas monitoring were not used. The reported outcome was collapse from toxic inhalation. The supervisor was not informed before the task started.,1,original_trusted,,,,,,,
Incident observation 1009: Installed pipe supports during routine maintenance created a fall from an elevated work platform. Fall arrest lanyard was not connected. The reported outcome was multiple fractures and a serious head injury. The worker received a verbal reminder but continued.,1,,Unsafe Act,High,SIF,Maintenance Workshop,Mechanical,1.0,
Control room operator failed to respond to high-pressure alarm watching video on phone. Pressure vessel exceeded limits for 4 minutes before noticed. Thermal relief valve activated preventing explosion. No injury - significant near-miss.,1,,Unsafe Act,Low,SIF,Process Control Room,Operations,1.0,
Incident observation 114: Entered a vessel to inspect an internal valve during a night shift created a confined-space oxygen deficiency. The entry permit and atmosphere test were skipped. The reported outcome was loss of consciousness requiring emergency rescue. A safer method was available nearby.,1,,Unsafe Act,High,SIF,Maintenance Workshop,Mechanical,1.0,
"A worker continued operating a boiler above its limit while preparing equipment for service, despite the fact that a safety interlock had been bypassed. The exposure involved pressure-vessel overpressure, resulting in an explosion with life-threatening injuries. The worker received a verbal reminder but continued.",1,,Unsafe Act,High,SIF,Electrical Substation,Electrical Maintenance,1.0,
Incident observation 269: Raised a metal ladder near utility lines during normal production created a overhead-power-line contact. Minimum approach distance was not maintained. The reported outcome was electrical burns and cardiac arrest. The hazard was visible before work began.,1,original_trusted,,,,,,,
Incident observation 1004: Responded to a leak in a process area while completing an urgent task created a toxic-gas exposure. Respiratory protection and gas monitoring were not used. The reported outcome was collapse from toxic inhalation. The supervisor was not informed before the task started.,1,original_trusted,,,,,,,
Incident observation 289: Installed pipe supports during routine maintenance created a fall from an elevated work platform. Fall arrest lanyard was not connected. The reported outcome was multiple fractures and a serious head injury. The worker received a verbal reminder but continued.,1,,Unsafe Act,High,SIF,Maintenance Workshop,Mechanical,1.0,
Incident observation 279: Opened a pressurized acid line while preparing equipment for service created a chemical release. A face shield and chemical suit were not worn. The reported outcome was permanent eye damage and chemical burns. A safer method was available nearby.,1,original_trusted,,,,,,,
Incident observation 209: Installed pipe supports during routine maintenance created a fall from an elevated work platform. Fall arrest lanyard was not connected. The reported outcome was multiple fractures and a serious head injury. The worker received a verbal reminder but continued.,1,original_trusted,,,,,,,
Forklift load too heavy - tipped over. Driver crushed against steering column. Internal injuries. Load weight unknown - exceeded capacity. Forklift capacity 2 tons - load 2.5 tons. Operator not checking. Died in hospital.,1,original_trusted,,,,,,,
Incident observation 249: Entered an unsupported trench during routine maintenance created a excavation collapse. Shoring and a safe-entry inspection were missing. The reported outcome was burial injuries and emergency extraction. The worker received a verbal reminder but continued.,1,,Unsafe Act,High,SIF,Maintenance Workshop,Mechanical,1.0,
Incident observation 144: Worked below overhead lifting activity during material movement created a falling-object impact. The barricaded area was entered without authorization. The reported outcome was a serious head injury. The pre-job checklist was incomplete.,1,original_trusted,,,,,,,
Forklift attachment fell while changing. Worker underneath - crushed. Multiple fractures - died later. Attachment not secured. Worker placed body under load. No cribbing used. Unsafe practice. Supervisor absent.,1,original_trusted,,,,,,,
"While completing an urgent task, a worker experienced toxic-gas exposure after they responded to a leak in a process area. Respiratory protection and gas monitoring were not used. Outcome: collapse from toxic inhalation. A safer method was available nearby.",1,original_trusted,,,,,,,
Unprotected grinding wheel shattered - fragment struck worker's chest. Worker with safety glasses but no body shield. Broken ribs and punctured lung. Wheel rated for wrong RPM. Exceeded limit. Worker lucky to survive.,1,,Unsafe Act,High,SIF,Grinding Area,Maintenance Mechanical,1.0,
"While during a night shift, a worker disconnected a pressurized hydraulic hose. The unsafe act was that pressure was not isolated before disconnection. This led to high-pressure hose whip; outcome was facial fractures and a broken jaw. The pre-job checklist was incomplete.",1,original_trusted,,,,,,,
"Unsafe work report: a worker raised a metal ladder near utility lines during normal production. Minimum approach distance was not maintained, creating a overhead-power-line contact event. Result: electrical burns and cardiac arrest. A safer method was available nearby.",1,original_trusted,,,,,,,
"Unsafe work report: a worker welded beside a tank connection during a scheduled inspection. The hot-work permit and gas test were bypassed, creating a flammable-vapour ignition event. Result: a flash fire with serious burns. The pre-job checklist was incomplete.",1,,Unsafe Act,High,SIF,Construction Zone,Projects,1.0,
"During a scheduled inspection, a worker experienced flammable-vapour ignition after they welded beside a tank connection. The hot-work permit and gas test were bypassed. Outcome: a flash fire with serious burns. The supervisor was not informed before the task started.",1,,Unsafe Act,High,SIF,Process Unit,Operations,1.0,
Incident observation 864: Worked below overhead lifting activity during material movement created a falling-object impact. The barricaded area was entered without authorization. The reported outcome was a serious head injury. The pre-job checklist was incomplete.,1,original_trusted,,,,,,,
Incident observation 779: Worked on a live steam line during planned shutdown work created a steam release. The line was not isolated and depressurized. The reported outcome was deep thermal burns. The pre-job checklist was incomplete.,1,original_trusted,,,,,,,
Incident observation 829: Raised a metal ladder near utility lines during normal production created a overhead-power-line contact. Minimum approach distance was not maintained. The reported outcome was electrical burns and cardiac arrest. The hazard was visible before work began.,1,,Unsafe Act,High,SIF,Maintenance Workshop,Mechanical,1.0,
Incident observation 529: Installed pipe supports during routine maintenance created a fall from an elevated work platform. Fall arrest lanyard was not connected. The reported outcome was multiple fractures and a serious head injury. The worker received a verbal reminder but continued.,1,,Unsafe Act,High,SIF,Maintenance Workshop,Mechanical,1.0,
Incident observation 739: Opened an energized switchboard during planned shutdown work created a arc flash. Arc-rated ppe and isolation were not used. The reported outcome was severe burns to the face and hands. The pre-job checklist was incomplete.,1,original_trusted,,,,,,,
Incident observation 994: Entered a vessel to inspect an internal valve during a night shift created a confined-space oxygen deficiency. The entry permit and atmosphere test were skipped. The reported outcome was loss of consciousness requiring emergency rescue. A safer method was available nearby.,1,,Unsafe Act,High,SIF,Maintenance Workshop,Mechanical,1.0,
Incident observation 489: Entered an unsupported trench during routine maintenance created a excavation collapse. Shoring and a safe-entry inspection were missing. The reported outcome was burial injuries and emergency extraction. The worker received a verbal reminder but continued.,1,,Unsafe Act,High,SIF,Maintenance Workshop,Mechanical,1.0,
"While while preparing equipment for service, a worker continued operating a boiler above its limit. The unsafe act was that a safety interlock had been bypassed. This led to pressure-vessel overpressure; outcome was an explosion with life-threatening injuries. The pre-job checklist was incomplete.",1,,Unsafe Act,High,SIF,Tank Farm,Operations,1.0,
Incident observation 934: Welded beside a tank connection during a scheduled inspection created a flammable-vapour ignition. The hot-work permit and gas test were bypassed. The reported outcome was a flash fire with serious burns. The worker received a verbal reminder but continued.,1,,Unsafe Act,High,SIF,Maintenance Workshop,Mechanical,1.0,
Incident observation 114: Reversed a forklift in a shared aisle during a night shift created a forklift contact. The driver did not check the blind spot. The reported outcome was a crushed foot requiring treatment. A safer method was available nearby.,1,,Unsafe Act,Medium,SIF,Loading Bay,Logistics,1.0,
Incident observation 814: Inspected a rotating shaft during a scheduled inspection created a rotating-equipment entanglement. The guard had been removed and equipment remained energized. The reported outcome was a severe arm injury. The worker received a verbal reminder but continued.,1,original_trusted,,,,,,,
Incident observation 194: Entered a vessel to inspect an internal valve during a night shift created a confined-space oxygen deficiency. The entry permit and atmosphere test were skipped. The reported outcome was loss of consciousness requiring emergency rescue. A safer method was available nearby.,1,original_trusted,,,,,,,
"Unsafe work report: a worker entered an unsupported trench during routine maintenance. Shoring and a safe-entry inspection were missing, creating a excavation collapse event. Result: burial injuries and emergency extraction. The pre-job checklist was incomplete.",1,,Unsafe Act,High,SIF,Construction Zone,Projects,1.0,
Incident observation 634: Disconnected a pressurized hydraulic hose during a night shift created a high-pressure hose whip. Pressure was not isolated before disconnection. The reported outcome was facial fractures and a broken jaw. A safer method was available nearby.,1,original_trusted,,,,,,,
Incident observation 1139: Opened an energized switchboard during planned shutdown work created a arc flash. Arc-rated ppe and isolation were not used. The reported outcome was severe burns to the face and hands. The pre-job checklist was incomplete.,1,,Unsafe Act,High,SIF,Maintenance Workshop,Mechanical,1.0,
Incident observation 164: Walked beneath a crane load while completing an urgent task created a suspended-load strike. The exclusion zone was ignored. The reported outcome was a crushed leg requiring surgery. The supervisor was not informed before the task started.,1,original_trusted,,,,,,,
Incident observation 99: Opened an energized switchboard during planned shutdown work created a arc flash. Arc-rated ppe and isolation were not used. The reported outcome was severe burns to the face and hands. The pre-job checklist was incomplete.,1,original_trusted,,,,,,,
Gasoline transferred without proper bonding and grounding. Static electricity caused ignition. Flash fire burned worker's arms and face. Worker not wearing flame-resistant clothing. No fire extinguisher nearby.,1,,Unsafe Act,High,SIF,Fueling Area,Operations,1.0,
Incident observation 459: Worked on a live steam line during planned shutdown work created a steam release. The line was not isolated and depressurized. The reported outcome was deep thermal burns. The pre-job checklist was incomplete.,1,,Unsafe Act,High,SIF,Maintenance Workshop,Mechanical,1.0,
Truck bed falling - worker crushed. Hydraulic system failed. No prop used. Worker underneath changing tires. Support system malfunctioning. Worker's chest crushed. CPR attempted - worker died. Preventable.,1,original_trusted,,,,,,,
Electrical panel arc flash - blind for several days. Worker opening live panel. Arc blast occurred. Worker not wearing arc suit. PPE not provided. Panel marked high energy. Safety goggles not enough. Vision recovered partially.,1,,Unsafe Act,High,SIF,Electrical Distribution,Electrical Maintenance,1.0,
Incident observation 1154: Entered a vessel to inspect an internal valve during a night shift created a confined-space oxygen deficiency. The entry permit and atmosphere test were skipped. The reported outcome was loss of consciousness requiring emergency rescue. A safer method was available nearby.,1,original_trusted,,,,,,,
Incident observation 1109: Cleared a jam on a running conveyor during normal production created a machine entanglement. Lockout-tagout was not applied. The reported outcome was an amputation injury. The hazard was visible before work began.,1,original_trusted,,,,,,,
"While during material movement, a worker drove a forklift carrying an oversized load. The unsafe act was that the load capacity and travel route were not checked. This led to mobile-equipment overturn; outcome was serious crush injuries. The supervisor was not informed before the task started.",1,,Unsafe Act,High,SIF,Tank Farm,Operations,1.0,
Overhead power line struck by crane boom. Worker died instantly. Crane operator not spotter. No tagline used. Boom passed within 5 feet of line. Minimum safe distance was 20 feet. Violation of utility safety protocol.,1,,Unsafe Act,High,SIF,Construction Site,Projects Electrical,1.0,
Incident observation 629: Cleared a jam on a running conveyor during normal production created a machine entanglement. Lockout-tagout was not applied. The reported outcome was an amputation injury. The hazard was visible before work began.,1,,Unsafe Act,High,SIF,Maintenance Workshop,Mechanical,1.0,
Incident observation 1274: Disconnected a pressurized hydraulic hose during a night shift created a high-pressure hose whip. Pressure was not isolated before disconnection. The reported outcome was facial fractures and a broken jaw. A safer method was available nearby.,1,original_trusted,,,,,,,
Incident observation 509: Raised a metal ladder near utility lines during normal production created a overhead-power-line contact. Minimum approach distance was not maintained. The reported outcome was electrical burns and cardiac arrest. The hazard was visible before work began.,1,original_trusted,,,,,,,
"While during material movement, a worker worked below overhead lifting activity. The unsafe act was that the barricaded area was entered without authorization. This led to falling-object impact; outcome was a serious head injury. The supervisor was not informed before the task started.",1,,Unsafe Act,High,SIF,Tank Farm,Operations,1.0,
Insulation lagging fell from overhead pipe. Worker below - not wearing hard hat. Piece struck worker's head. Concussion and neck injury. Hard hat available in vehicle not worn. Lagging corroded and fell due to vibration.,1,original_trusted,,,,,,,
"A worker worked on a live steam line during planned shutdown work, despite the fact that the line was not isolated and depressurized. The exposure involved steam release, resulting in deep thermal burns. A safer method was available nearby.",1,,Unsafe Act,High,SIF,Electrical Substation,Electrical Maintenance,1.0,
Incident observation 749: Raised a metal ladder near utility lines during normal production created a overhead-power-line contact. Minimum approach distance was not maintained. The reported outcome was electrical burns and cardiac arrest. The hazard was visible before work began.,1,original_trusted,,,,,,,
Forklift load too heavy - tipped over. Driver crushed against steering column. Internal injuries. Load weight unknown - exceeded capacity. Forklift capacity 2 tons - load 2.5 tons. Operator not checking. Died in hospital.,1,,Unsafe Act,High,SIF,Material Handling Area,Logistics,1.0,
Acid spray from pinhole leak - worker's face burned. Worker in acid service. Pinhole developed. Worker not wearing face shield. PPE not adequate. Acid concentration high. Burns require grafting. Permanent scarring.,1,original_trusted,,,,,,,
Incident observation 674: Reversed a forklift in a shared aisle during a night shift created a forklift contact. The driver did not check the blind spot. The reported outcome was a crushed foot requiring treatment. A safer method was available nearby.,1,original_trusted,,,,,,,
Forklift forks raised while driving. Load obscured view. Struck overhead pipe causing rupture. High-pressure fluid sprayed. Operator and two workers injured. Forks should have been lowered for transport.,1,original_trusted,,,,,,,
Incident observation 624: Worked below overhead lifting activity during material movement created a falling-object impact. The barricaded area was entered without authorization. The reported outcome was a serious head injury. The pre-job checklist was incomplete.,1,original_trusted,,,,,,,
Incident observation 954: Disconnected a pressurized hydraulic hose during a night shift created a high-pressure hose whip. Pressure was not isolated before disconnection. The reported outcome was facial fractures and a broken jaw. A safer method was available nearby.,1,original_trusted,,,,,,,
Incident observation 984: Drove a forklift carrying an oversized load during material movement created a mobile-equipment overturn. The load capacity and travel route were not checked. The reported outcome was serious crush injuries. The pre-job checklist was incomplete.,1,original_trusted,,,,,,,
Incident observation 294: Welded beside a tank connection during a scheduled inspection created a flammable-vapour ignition. The hot-work permit and gas test were bypassed. The reported outcome was a flash fire with serious burns. The worker received a verbal reminder but continued.,1,,Unsafe Act,High,SIF,Maintenance Workshop,Mechanical,1.0,
Incident observation 1144: Drove a forklift carrying an oversized load during material movement created a mobile-equipment overturn. The load capacity and travel route were not checked. The reported outcome was serious crush injuries. The pre-job checklist was incomplete.,1,original_trusted,,,,,,,
"Unsafe work report: a worker cleared a jam on a running conveyor during normal production. Lockout-tagout was not applied, creating a machine entanglement event. Result: an amputation injury. A safer method was available nearby.",1,original_trusted,,,,,,,
Incident observation 579: Opened an energized switchboard during planned shutdown work created a arc flash. Arc-rated ppe and isolation were not used. The reported outcome was severe burns to the face and hands. The pre-job checklist was incomplete.,1,,Unsafe Act,High,SIF,Maintenance Workshop,Mechanical,1.0,
Incident observation 1134: Inspected a rotating shaft during a scheduled inspection created a rotating-equipment entanglement. The guard had been removed and equipment remained energized. The reported outcome was a severe arm injury. The worker received a verbal reminder but continued.,1,original_trusted,,,,,,,
"While during routine maintenance, a worker installed pipe supports. The unsafe act was that fall arrest lanyard was not connected. This led to fall from an elevated work platform; outcome was multiple fractures and a serious head injury. A safer method was available nearby.",1,original_trusted,,,,,,,
Incident observation 834: Reversed a forklift in a shared aisle during a night shift created a forklift contact. The driver did not check the blind spot. The reported outcome was a crushed foot requiring treatment. A safer method was available nearby.,1,original_trusted,,,,,,,
Incident observation 414: Inspected a rotating shaft during a scheduled inspection created a rotating-equipment entanglement. The guard had been removed and equipment remained energized. The reported outcome was a severe arm injury. The worker received a verbal reminder but continued.,1,original_trusted,,,,,,,
Incident observation 1229: Raised a metal ladder near utility lines during normal production created a overhead-power-line contact. Minimum approach distance was not maintained. The reported outcome was electrical burns and cardiac arrest. The hazard was visible before work began.,1,original_trusted,,,,,,,
Incident observation 844: Responded to a leak in a process area while completing an urgent task created a toxic-gas exposure. Respiratory protection and gas monitoring were not used. The reported outcome was collapse from toxic inhalation. The supervisor was not informed before the task started.,1,original_trusted,,,,,,,
Worker stepped over rotating shaft to access other side. Lost balance and nearly fell onto shaft. Co-worker grabbed and pulled to safety. Worker hadn't identified shaft as hazard and bypassed guard.,1,,Unsafe Act,High,SIF,Turbine Pump House,Operations Mechanical,1.0,
Incident observation 919: Opened a pressurized acid line while preparing equipment for service created a chemical release. A face shield and chemical suit were not worn. The reported outcome was permanent eye damage and chemical burns. A safer method was available nearby.,1,original_trusted,,,,,,,
"Unsafe work report: a worker cleared a jam on a running conveyor during normal production. Lockout-tagout was not applied, creating a machine entanglement event. Result: an amputation injury. A safer method was available nearby.",1,,Unsafe Act,High,SIF,Construction Zone,Projects,1.0,
"A worker worked on a live steam line during planned shutdown work, despite the fact that the line was not isolated and depressurized. The exposure involved steam release, resulting in deep thermal burns. A safer method was available nearby.",1,original_trusted,,,,,,,
Incident observation 89: Entered an unsupported trench during routine maintenance created a excavation collapse. Shoring and a safe-entry inspection were missing. The reported outcome was burial injuries and emergency extraction. The worker received a verbal reminder but continued.,1,original_trusted,,,,,,,
"While during planned shutdown work, a worker worked on a live steam line. The unsafe act was that the line was not isolated and depressurized. This led to steam release; outcome was deep thermal burns. The supervisor was not informed before the task started.",1,original_trusted,,,,,,,
Incident observation 44: Responded to a leak in a process area while completing an urgent task created a toxic-gas exposure. Respiratory protection and gas monitoring were not used. The reported outcome was collapse from toxic inhalation. The supervisor was not informed before the task started.,1,original_trusted,,,,,,,
"While during a night shift, a worker entered a vessel to inspect an internal valve. The unsafe act was that the entry permit and atmosphere test were skipped. This led to confined-space oxygen deficiency; outcome was loss of consciousness requiring emergency rescue. The pre-job checklist was incomplete.",1,,Unsafe Act,High,SIF,Tank Farm,Operations,1.0,
"During planned shutdown work, a worker experienced steam release after they worked on a live steam line. The line was not isolated and depressurized. Outcome: deep thermal burns. The worker received a verbal reminder but continued.",1,,Unsafe Act,High,SIF,Process Unit,Operations,1.0,
Incident observation 89: Entered an unsupported trench during routine maintenance created a excavation collapse. Shoring and a safe-entry inspection were missing. The reported outcome was burial injuries and emergency extraction. The worker received a verbal reminder but continued.,1,,Unsafe Act,High,SIF,Maintenance Workshop,Mechanical,1.0,
Incident observation 784: Worked below overhead lifting activity during material movement created a falling-object impact. The barricaded area was entered without authorization. The reported outcome was a serious head injury. The pre-job checklist was incomplete.,1,,Unsafe Act,High,SIF,Maintenance Workshop,Mechanical,1.0,
Incident observation 299: Worked on a live steam line during planned shutdown work created a steam release. The line was not isolated and depressurized. The reported outcome was deep thermal burns. The pre-job checklist was incomplete.,1,original_trusted,,,,,,,
Incident observation 344: Drove a forklift carrying an oversized load during material movement created a mobile-equipment overturn. The load capacity and travel route were not checked. The reported outcome was serious crush injuries. The pre-job checklist was incomplete.,1,original_trusted,,,,,,,
Incident observation 1094: Welded beside a tank connection during a scheduled inspection created a flammable-vapour ignition. The hot-work permit and gas test were bypassed. The reported outcome was a flash fire with serious burns. The worker received a verbal reminder but continued.,1,,Unsafe Act,High,SIF,Maintenance Workshop,Mechanical,1.0,
Incident observation 959: Continued operating a boiler above its limit while preparing equipment for service created a pressure-vessel overpressure. A safety interlock had been bypassed. The reported outcome was an explosion with life-threatening injuries. A safer method was available nearby.,1,original_trusted,,,,,,,
"During a night shift, a worker experienced confined-space oxygen deficiency after they entered a vessel to inspect an internal valve. The entry permit and atmosphere test were skipped. Outcome: loss of consciousness requiring emergency rescue. The hazard was visible before work began.",1,original_trusted,,,,,,,
Incident observation 1139: Opened an energized switchboard during planned shutdown work created a arc flash. Arc-rated ppe and isolation were not used. The reported outcome was severe burns to the face and hands. The pre-job checklist was incomplete.,1,original_trusted,,,,,,,
Incident observation 459: Worked on a live steam line during planned shutdown work created a steam release. The line was not isolated and depressurized. The reported outcome was deep thermal burns. The pre-job checklist was incomplete.,1,original_trusted,,,,,,,
Incident observation 454: Welded beside a tank connection during a scheduled inspection created a flammable-vapour ignition. The hot-work permit and gas test were bypassed. The reported outcome was a flash fire with serious burns. The worker received a verbal reminder but continued.,1,,Unsafe Act,High,SIF,Maintenance Workshop,Mechanical,1.0,
Incident observation 624: Worked below overhead lifting activity during material movement created a falling-object impact. The barricaded area was entered without authorization. The reported outcome was a serious head injury. The pre-job checklist was incomplete.,1,,Unsafe Act,High,SIF,Maintenance Workshop,Mechanical,1.0,
Worker using torch near combustible material. Fire started rapidly. Worker trapped but rescued by fire team. Second-degree burns. Combustible material not removed from area. Hot work permit not valid.,1,original_trusted,,,,,,,
Incident observation 584: Drove a forklift carrying an oversized load during material movement created a mobile-equipment overturn. The load capacity and travel route were not checked. The reported outcome was serious crush injuries. The pre-job checklist was incomplete.,1,original_trusted,,,,,,,
Incident observation 754: Reversed a forklift in a shared aisle during a night shift created a forklift contact. The driver did not check the blind spot. The reported outcome was a crushed foot requiring treatment. A safer method was available nearby.,1,,Unsafe Act,Medium,SIF,Loading Bay,Logistics,1.0,
Incident observation 874: Disconnected a pressurized hydraulic hose during a night shift created a high-pressure hose whip. Pressure was not isolated before disconnection. The reported outcome was facial fractures and a broken jaw. A safer method was available nearby.,1,original_trusted,,,,,,,
Incident observation 649: Entered an unsupported trench during routine maintenance created a excavation collapse. Shoring and a safe-entry inspection were missing. The reported outcome was burial injuries and emergency extraction. The worker received a verbal reminder but continued.,1,original_trusted,,,,,,,
Incident observation 814: Inspected a rotating shaft during a scheduled inspection created a rotating-equipment entanglement. The guard had been removed and equipment remained energized. The reported outcome was a severe arm injury. The worker received a verbal reminder but continued.,1,,Unsafe Act,High,SIF,Maintenance Workshop,Mechanical,1.0,
Worker on top of rail car - fell due to wind gust. Broke back. Worker didn't have fall protection. Worker was used to routine - complacent. Wind condition not considered. Paraplegia - permanent disability.,1,,Unsafe Act,High,SIF,Rail Car Loading,Operations Logistics,1.0,
Incident observation 1049: Entered an unsupported trench during routine maintenance created a excavation collapse. Shoring and a safe-entry inspection were missing. The reported outcome was burial injuries and emergency extraction. The worker received a verbal reminder but continued.,1,,Unsafe Act,High,SIF,Maintenance Workshop,Mechanical,1.0,
Incident observation 854: Welded beside a tank connection during a scheduled inspection created a flammable-vapour ignition. The hot-work permit and gas test were bypassed. The reported outcome was a flash fire with serious burns. The worker received a verbal reminder but continued.,1,,Unsafe Act,High,SIF,Maintenance Workshop,Mechanical,1.0,
Amputation from unguarded saw. Worker's fingers severed. Saw without guard. Worker's hand caught. Machine not locked out. Changing blade without power off. Another worker turned saw on. Emergency room surgery.,1,,Unsafe Act,High,SIF,Carpentry Workshop,Maintenance Mechanical,1.0,
Welding gas hose leak - welding area flooded with gas. Worker felt dizzy - escaped. Gas hose had leak - not detected. Worker using gas without checking. Another worker affected but recovered. Near-miss for explosion.,1,,Unsafe Act,High,SIF,Welding Area,Maintenance Mechanical,1.0,
Chemical mixing incompatible substances. No hazard assessment done. Exothermic reaction occurred - mixture boiled over. Toxic fumes released. Workers exposed and evacuated. Two hospitalized for inhalation injury.,1,,Unsafe Act,High,SIF,Laboratory Process,Operations Quality,1.0,
Incident observation 59: Worked on a live steam line during planned shutdown work created a steam release. The line was not isolated and depressurized. The reported outcome was deep thermal burns. The pre-job checklist was incomplete.,1,original_trusted,,,,,,,
"A worker walked beneath a crane load while completing an urgent task, despite the fact that the exclusion zone was ignored. The exposure involved suspended-load strike, resulting in a crushed leg requiring surgery. The pre-job checklist was incomplete.",1,,Unsafe Act,High,SIF,Electrical Substation,Electrical Maintenance,1.0,
Incident observation 434: Entered a vessel to inspect an internal valve during a night shift created a confined-space oxygen deficiency. The entry permit and atmosphere test were skipped. The reported outcome was loss of consciousness requiring emergency rescue. A safer method was available nearby.,1,original_trusted,,,,,,,
Incident observation 1029: Cleared a jam on a running conveyor during normal production created a machine entanglement. Lockout-tagout was not applied. The reported outcome was an amputation injury. The hazard was visible before work began.,1,,Unsafe Act,High,SIF,Maintenance Workshop,Mechanical,1.0,
Worker fell from scaffolding at 15-meter height during pipe fitting. Guardrail missing on one side. Worker not wearing safety harness despite availability. Fell on concrete - multiple fractures and head injury. Scaffolding erected on uneven ground without base plates.,1,original_trusted,,,,,,,
"While during material movement, a worker drove a forklift carrying an oversized load. The unsafe act was that the load capacity and travel route were not checked. This led to mobile-equipment overturn; outcome was serious crush injuries. The supervisor was not informed before the task started.",1,original_trusted,,,,,,,
Incident observation 284: Responded to a leak in a process area while completing an urgent task created a toxic-gas exposure. Respiratory protection and gas monitoring were not used. The reported outcome was collapse from toxic inhalation. The supervisor was not informed before the task started.,1,,Unsafe Act,High,SIF,Maintenance Workshop,Mechanical,1.0,
Incident observation 554: Disconnected a pressurized hydraulic hose during a night shift created a high-pressure hose whip. Pressure was not isolated before disconnection. The reported outcome was facial fractures and a broken jaw. A safer method was available nearby.,1,original_trusted,,,,,,,
Incident observation 119: Opened a pressurized acid line while preparing equipment for service created a chemical release. A face shield and chemical suit were not worn. The reported outcome was permanent eye damage and chemical burns. A safer method was available nearby.,1,,Unsafe Act,High,SIF,Maintenance Workshop,Mechanical,1.0,
Incident observation 1004: Responded to a leak in a process area while completing an urgent task created a toxic-gas exposure. Respiratory protection and gas monitoring were not used. The reported outcome was collapse from toxic inhalation. The supervisor was not informed before the task started.,1,,Unsafe Act,High,SIF,Maintenance Workshop,Mechanical,1.0,
Incident observation 994: Reversed a forklift in a shared aisle during a night shift created a forklift contact. The driver did not check the blind spot. The reported outcome was a crushed foot requiring treatment. A safer method was available nearby.,1,,Unsafe Act,Medium,SIF,Loading Bay,Logistics,1.0,
Incident observation 609: Installed pipe supports during routine maintenance created a fall from an elevated work platform. Fall arrest lanyard was not connected. The reported outcome was multiple fractures and a serious head injury. The worker received a verbal reminder but continued.,1,,Unsafe Act,High,SIF,Maintenance Workshop,Mechanical,1.0,
Incident observation 59: Worked on a live steam line during planned shutdown work created a steam release. The line was not isolated and depressurized. The reported outcome was deep thermal burns. The pre-job checklist was incomplete.,1,,Unsafe Act,High,SIF,Maintenance Workshop,Mechanical,1.0,
Radiation source mishandled - worker exposed. Overexposure to industrial radiography source. Worker didn't use remote handling. Not qualified to handle source. Exposure limits exceeded. Medical monitoring required long-term.,1,original_trusted,,,,,,,
"During normal production, a worker experienced machine entanglement after they cleared a jam on a running conveyor. Lockout-tagout was not applied. Outcome: an amputation injury. The pre-job checklist was incomplete.",1,,Unsafe Act,High,SIF,Process Unit,Operations,1.0,
Painting without respiratory protection - worker collapsed. Inhaled toxic fumes. Worker found unconscious. Respirator not used - fit-tested but not worn. Room ventilated inadequately. Recovery - but organ damage.,1,original_trusted,,,,,,,
Incident observation 729: Entered an unsupported trench during routine maintenance created a excavation collapse. Shoring and a safe-entry inspection were missing. The reported outcome was burial injuries and emergency extraction. The worker received a verbal reminder but continued.,1,original_trusted,,,,,,,
Incident observation 1099: Worked on a live steam line during planned shutdown work created a steam release. The line was not isolated and depressurized. The reported outcome was deep thermal burns. The pre-job checklist was incomplete.,1,,Unsafe Act,High,SIF,Maintenance Workshop,Mechanical,1.0,
Incident observation 904: Drove a forklift carrying an oversized load during material movement created a mobile-equipment overturn. The load capacity and travel route were not checked. The reported outcome was serious crush injuries. The pre-job checklist was incomplete.,1,,Unsafe Act,High,SIF,Maintenance Workshop,Mechanical,1.0,
Incident observation 829: Raised a metal ladder near utility lines during normal production created a overhead-power-line contact. Minimum approach distance was not maintained. The reported outcome was electrical burns and cardiac arrest. The hazard was visible before work began.,1,original_trusted,,,,,,,
"While during a night shift, a worker entered a vessel to inspect an internal valve. The unsafe act was that the entry permit and atmosphere test were skipped. This led to confined-space oxygen deficiency; outcome was loss of consciousness requiring emergency rescue. The pre-job checklist was incomplete.",1,original_trusted,,,,,,,
Incident observation 14: Inspected a rotating shaft during a scheduled inspection created a rotating-equipment entanglement. The guard had been removed and equipment remained energized. The reported outcome was a severe arm injury. The worker received a verbal reminder but continued.,1,original_trusted,,,,,,,
Incident observation 1274: Disconnected a pressurized hydraulic hose during a night shift created a high-pressure hose whip. Pressure was not isolated before disconnection. The reported outcome was facial fractures and a broken jaw. A safer method was available nearby.,1,,Unsafe Act,High,SIF,Maintenance Workshop,Mechanical,1.0,
"While while preparing equipment for service, a worker continued operating a boiler above its limit. The unsafe act was that a safety interlock had been bypassed. This led to pressure-vessel overpressure; outcome was an explosion with life-threatening injuries. The pre-job checklist was incomplete.",1,original_trusted,,,,,,,
Incident observation 14: Inspected a rotating shaft during a scheduled inspection created a rotating-equipment entanglement. The guard had been removed and equipment remained energized. The reported outcome was a severe arm injury. The worker received a verbal reminder but continued.,1,,Unsafe Act,High,SIF,Maintenance Workshop,Mechanical,1.0,
Worker's hand caught in press - amputation. Press inadvertently activated. Safety guard bypassed. Operator wearing gloves - caught by press. No two-hand control. Emergency stop not working. New worker not trained.,1,,Unsafe Act,High,SIF,Press Shop,Maintenance Mechanical,1.0,
Rotating equipment started while worker was cleaning. Worker's long hair caught in shaft. Scalped - severe injury. Equipment not locked out. Co-worker hit stop button by chance. No hair restraint used.,1,,Unsafe Act,High,SIF,Process Equipment Area,Operations Mechanical,1.0,
Incident observation 434: Entered a vessel to inspect an internal valve during a night shift created a confined-space oxygen deficiency. The entry permit and atmosphere test were skipped. The reported outcome was loss of consciousness requiring emergency rescue. A safer method was available nearby.,1,,Unsafe Act,High,SIF,Maintenance Workshop,Mechanical,1.0,
Incident observation 1159: Opened a pressurized acid line while preparing equipment for service created a chemical release. A face shield and chemical suit were not worn. The reported outcome was permanent eye damage and chemical burns. A safer method was available nearby.,1,original_trusted,,,,,,,
"A worker entered an unsupported trench during routine maintenance, despite the fact that shoring and a safe-entry inspection were missing. The exposure involved excavation collapse, resulting in burial injuries and emergency extraction. The hazard was visible before work began.",1,,Unsafe Act,High,SIF,Electrical Substation,Electrical Maintenance,1.0,
"A worker opened a pressurized acid line while preparing equipment for service, despite the fact that a face shield and chemical suit were not worn. The exposure involved chemical release, resulting in permanent eye damage and chemical burns. The worker received a verbal reminder but continued.",1,,Unsafe Act,High,SIF,Electrical Substation,Electrical Maintenance,1.0,
Worker using non-rated lifting sling - snapped. Load fell. Worker's leg crushed. Sling rated for lower load. Weight mis-estimated. Worker not qualified. Injury required amputation below knee. Lifting plan missing.,1,,Unsafe Act,High,SIF,Rigging Area,Mechanical,1.0,
Incident observation 1079: Opened a pressurized acid line while preparing equipment for service created a chemical release. A face shield and chemical suit were not worn. The reported outcome was permanent eye damage and chemical burns. A safer method was available nearby.,1,,Unsafe Act,High,SIF,Maintenance Workshop,Mechanical,1.0,
"Unsafe work report: a worker worked on a live steam line during planned shutdown work. The line was not isolated and depressurized, creating a steam release event. Result: deep thermal burns. The hazard was visible before work began.",1,,Unsafe Act,High,SIF,Construction Zone,Projects,1.0,
Electrical panel left open for extended period. Worker reached in without LOTO. Arc flash occurred. Burned worker's hands and face. Panel had 480V. Worker was electrician but bypassed safety procedures.,1,,Unsafe Act,High,SIF,Electrical Sub-Station,Electrical Maintenance,1.0,
Incident observation 969: Entered an unsupported trench during routine maintenance created a excavation collapse. Shoring and a safe-entry inspection were missing. The reported outcome was burial injuries and emergency extraction. The worker received a verbal reminder but continued.,1,original_trusted,,,,,,,
"A worker welded beside a tank connection during a scheduled inspection, despite the fact that the hot-work permit and gas test were bypassed. The exposure involved flammable-vapour ignition, resulting in a flash fire with serious burns. The hazard was visible before work began.",1,,Unsafe Act,High,SIF,Electrical Substation,Electrical Maintenance,1.0,
"A worker cleared a jam on a running conveyor during normal production, despite the fact that lockout-tagout was not applied. The exposure involved machine entanglement, resulting in an amputation injury. The supervisor was not informed before the task started.",1,original_trusted,,,,,,,
"During a night shift, a worker experienced confined-space oxygen deficiency after they entered a vessel to inspect an internal valve. The entry permit and atmosphere test were skipped. Outcome: loss of consciousness requiring emergency rescue. The hazard was visible before work began.",1,,Unsafe Act,High,SIF,Process Unit,Operations,1.0,
Worker entering high-temperature area without protective suit. Burn exposure. Third-degree burns to arms. Suit available but worker didn't wear. Timed pressure - rushed job. Supervisor not verifying PPE. Extended hospitalization.,1,,Unsafe Act,High,SIF,Hydrocracker Unit,Operations Process,1.0,
Incident observation 439: Opened a pressurized acid line while preparing equipment for service created a chemical release. A face shield and chemical suit were not worn. The reported outcome was permanent eye damage and chemical burns. A safer method was available nearby.,1,,Unsafe Act,High,SIF,Maintenance Workshop,Mechanical,1.0,
Incident observation 809: Entered an unsupported trench during routine maintenance created a excavation collapse. Shoring and a safe-entry inspection were missing. The reported outcome was burial injuries and emergency extraction. The worker received a verbal reminder but continued.,1,original_trusted,,,,,,,
Incident observation 124: Responded to a leak in a process area while completing an urgent task created a toxic-gas exposure. Respiratory protection and gas monitoring were not used. The reported outcome was collapse from toxic inhalation. The supervisor was not informed before the task started.,1,original_trusted,,,,,,,
Paint booth explosion - worker severely burned. Paint vapors ignited. Static spark from worker. Worker not grounding. Booth ventilated intermittently. Vapor buildup. Burns over 50% of body. Long-term care required.,1,,Unsafe Act,High,SIF,Paint Booth,Maintenance Mechanical,1.0,
Incident observation 1174: Welded beside a tank connection during a scheduled inspection created a flammable-vapour ignition. The hot-work permit and gas test were bypassed. The reported outcome was a flash fire with serious burns. The worker received a verbal reminder but continued.,1,original_trusted,,,,,,,
Incident observation 529: Installed pipe supports during routine maintenance created a fall from an elevated work platform. Fall arrest lanyard was not connected. The reported outcome was multiple fractures and a serious head injury. The worker received a verbal reminder but continued.,1,original_trusted,,,,,,,
Incident observation 1554: Reversed a forklift in a shared aisle during a night shift created a forklift contact. The driver did not check the blind spot. The reported outcome was a crushed foot requiring treatment. A safer method was available nearby.,1,original_trusted,,,,,,,
Incident observation 1034: Disconnected a pressurized hydraulic hose during a night shift created a high-pressure hose whip. Pressure was not isolated before disconnection. The reported outcome was facial fractures and a broken jaw. A safer method was available nearby.,1,original_trusted,,,,,,,
Incident observation 824: Drove a forklift carrying an oversized load during material movement created a mobile-equipment overturn. The load capacity and travel route were not checked. The reported outcome was serious crush injuries. The pre-job checklist was incomplete.,1,original_trusted,,,,,,,
Incident observation 1204: Walked beneath a crane load while completing an urgent task created a suspended-load strike. The exclusion zone was ignored. The reported outcome was a crushed leg requiring surgery. The supervisor was not informed before the task started.,1,original_trusted,,,,,,,
Incident observation 274: Reversed a forklift in a shared aisle during a night shift created a forklift contact. The driver did not check the blind spot. The reported outcome was a crushed foot requiring treatment. A safer method was available nearby.,1,original_trusted,,,,,,,
Incident observation 869: Cleared a jam on a running conveyor during normal production created a machine entanglement. Lockout-tagout was not applied. The reported outcome was an amputation injury. The hazard was visible before work began.,1,,Unsafe Act,High,SIF,Maintenance Workshop,Mechanical,1.0,
Incident observation 1164: Responded to a leak in a process area while completing an urgent task created a toxic-gas exposure. Respiratory protection and gas monitoring were not used. The reported outcome was collapse from toxic inhalation. The supervisor was not informed before the task started.,1,original_trusted,,,,,,,
"While during planned shutdown work, a worker opened an energized switchboard. The unsafe act was that arc-rated PPE and isolation were not used. This led to arc flash; outcome was severe burns to the face and hands. The supervisor was not informed before the task started.",1,,Unsafe Act,High,SIF,Tank Farm,Operations,1.0,
"A worker installed pipe supports during routine maintenance, despite the fact that fall arrest lanyard was not connected. The exposure involved fall from an elevated work platform, resulting in multiple fractures and a serious head injury. The hazard was visible before work began.",1,,Unsafe Act,High,SIF,Electrical Substation,Electrical Maintenance,1.0,
Incident observation 904: Drove a forklift carrying an oversized load during material movement created a mobile-equipment overturn. The load capacity and travel route were not checked. The reported outcome was serious crush injuries. The pre-job checklist was incomplete.,1,original_trusted,,,,,,,
Incident observation 859: Worked on a live steam line during planned shutdown work created a steam release. The line was not isolated and depressurized. The reported outcome was deep thermal burns. The pre-job checklist was incomplete.,1,,Unsafe Act,High,SIF,Maintenance Workshop,Mechanical,1.0,
Incident observation 274: Entered a vessel to inspect an internal valve during a night shift created a confined-space oxygen deficiency. The entry permit and atmosphere test were skipped. The reported outcome was loss of consciousness requiring emergency rescue. A safer method was available nearby.,1,original_trusted,,,,,,,
Incident observation 399: Continued operating a boiler above its limit while preparing equipment for service created a pressure-vessel overpressure. A safety interlock had been bypassed. The reported outcome was an explosion with life-threatening injuries. A safer method was available nearby.,1,,Unsafe Act,High,SIF,Maintenance Workshop,Mechanical,1.0,
"While while completing an urgent task, a worker responded to a leak in a process area. The unsafe act was that respiratory protection and gas monitoring were not used. This led to toxic-gas exposure; outcome was collapse from toxic inhalation. The hazard was visible before work began.",1,original_trusted,,,,,,,
"While while preparing equipment for service, a worker opened a pressurized acid line. The unsafe act was that a face shield and chemical suit were not worn. This led to chemical release; outcome was permanent eye damage and chemical burns. The pre-job checklist was incomplete.",1,original_trusted,,,,,,,
Incident observation 919: Opened a pressurized acid line while preparing equipment for service created a chemical release. A face shield and chemical suit were not worn. The reported outcome was permanent eye damage and chemical burns. A safer method was available nearby.,1,,Unsafe Act,High,SIF,Maintenance Workshop,Mechanical,1.0,
Incident observation 809: Entered an unsupported trench during routine maintenance created a excavation collapse. Shoring and a safe-entry inspection were missing. The reported outcome was burial injuries and emergency extraction. The worker received a verbal reminder but continued.,1,,Unsafe Act,High,SIF,Maintenance Workshop,Mechanical,1.0,
Worker inspecting inside hopper - material started flowing. Worker trapped to chest. Rescued after 20 minutes. Broke several ribs. LOTO not used. Material flow not stopped. Worker not in communication with control.,1,,Unsafe Act,High,SIF,Hoppers Area,Operations,1.0,
Incident observation 589: Raised a metal ladder near utility lines during normal production created a overhead-power-line contact. Minimum approach distance was not maintained. The reported outcome was electrical burns and cardiac arrest. The hazard was visible before work began.,1,,Unsafe Act,High,SIF,Maintenance Workshop,Mechanical,1.0,
"Unsafe work report: a worker drove a forklift carrying an oversized load during material movement. The load capacity and travel route were not checked, creating a mobile-equipment overturn event. Result: serious crush injuries. The hazard was visible before work began.",1,original_trusted,,,,,,,
Incident observation 114: Entered a vessel to inspect an internal valve during a night shift created a confined-space oxygen deficiency. The entry permit and atmosphere test were skipped. The reported outcome was loss of consciousness requiring emergency rescue. A safer method was available nearby.,1,original_trusted,,,,,,,
Incident observation 514: Reversed a forklift in a shared aisle during a night shift created a forklift contact. The driver did not check the blind spot. The reported outcome was a crushed foot requiring treatment. A safer method was available nearby.,1,original_trusted,,,,,,,
Incident observation 734: Inspected a rotating shaft during a scheduled inspection created a rotating-equipment entanglement. The guard had been removed and equipment remained energized. The reported outcome was a severe arm injury. The worker received a verbal reminder but continued.,1,original_trusted,,,,,,,
Incident observation 544: Worked below overhead lifting activity during material movement created a falling-object impact. The barricaded area was entered without authorization. The reported outcome was a serious head injury. The pre-job checklist was incomplete.,1,,Unsafe Act,High,SIF,Maintenance Workshop,Mechanical,1.0,
Incident observation 594: Entered a vessel to inspect an internal valve during a night shift created a confined-space oxygen deficiency. The entry permit and atmosphere test were skipped. The reported outcome was loss of consciousness requiring emergency rescue. A safer method was available nearby.,1,,Unsafe Act,High,SIF,Maintenance Workshop,Mechanical,1.0,
Incident observation 549: Cleared a jam on a running conveyor during normal production created a machine entanglement. Lockout-tagout was not applied. The reported outcome was an amputation injury. The hazard was visible before work began.,1,,Unsafe Act,High,SIF,Maintenance Workshop,Mechanical,1.0,
Incident observation 1154: Entered a vessel to inspect an internal valve during a night shift created a confined-space oxygen deficiency. The entry permit and atmosphere test were skipped. The reported outcome was loss of consciousness requiring emergency rescue. A safer method was available nearby.,1,,Unsafe Act,High,SIF,Maintenance Workshop,Mechanical,1.0,
Worker on top of rail car - fell due to wind gust. Broke back. Worker didn't have fall protection. Worker was used to routine - complacent. Wind condition not considered. Paraplegia - permanent disability.,1,original_trusted,,,,,,,
Worker inspecting inside hopper - material started flowing. Worker trapped to chest. Rescued after 20 minutes. Broke several ribs. LOTO not used. Material flow not stopped. Worker not in communication with control.,1,original_trusted,,,,,,,
Incident observation 374: Welded beside a tank connection during a scheduled inspection created a flammable-vapour ignition. The hot-work permit and gas test were bypassed. The reported outcome was a flash fire with serious burns. The worker received a verbal reminder but continued.,1,,Unsafe Act,High,SIF,Maintenance Workshop,Mechanical,1.0,
Incident observation 1194: Disconnected a pressurized hydraulic hose during a night shift created a high-pressure hose whip. Pressure was not isolated before disconnection. The reported outcome was facial fractures and a broken jaw. A safer method was available nearby.,1,,Unsafe Act,High,SIF,Maintenance Workshop,Mechanical,1.0,
Incident observation 324: Walked beneath a crane load while completing an urgent task created a suspended-load strike. The exclusion zone was ignored. The reported outcome was a crushed leg requiring surgery. The supervisor was not informed before the task started.,1,,Unsafe Act,High,SIF,Maintenance Workshop,Mechanical,1.0,
Incident observation 1069: Raised a metal ladder near utility lines during normal production created a overhead-power-line contact. Minimum approach distance was not maintained. The reported outcome was electrical burns and cardiac arrest. The hazard was visible before work began.,1,original_trusted,,,,,,,
"While completing an urgent task, a worker experienced suspended-load strike after they walked beneath a crane load. The exclusion zone was ignored. Outcome: a crushed leg requiring surgery. A safer method was available nearby.",1,,Unsafe Act,High,SIF,Process Unit,Operations,1.0,
Incident observation 1079: Opened a pressurized acid line while preparing equipment for service created a chemical release. A face shield and chemical suit were not worn. The reported outcome was permanent eye damage and chemical burns. A safer method was available nearby.,1,original_trusted,,,,,,,
Incident observation 354: Entered a vessel to inspect an internal valve during a night shift created a confined-space oxygen deficiency. The entry permit and atmosphere test were skipped. The reported outcome was loss of consciousness requiring emergency rescue. A safer method was available nearby.,1,original_trusted,,,,,,,
Incident observation 879: Continued operating a boiler above its limit while preparing equipment for service created a pressure-vessel overpressure. A safety interlock had been bypassed. The reported outcome was an explosion with life-threatening injuries. A safer method was available nearby.,1,original_trusted,,,,,,,
"A worker entered a vessel to inspect an internal valve during a night shift, despite the fact that the entry permit and atmosphere test were skipped. The exposure involved confined-space oxygen deficiency, resulting in loss of consciousness requiring emergency rescue. The worker received a verbal reminder but continued.",1,,Unsafe Act,High,SIF,Electrical Substation,Electrical Maintenance,1.0,
Insulation lagging fell from overhead pipe. Worker below - not wearing hard hat. Piece struck worker's head. Concussion and neck injury. Hard hat available in vehicle not worn. Lagging corroded and fell due to vibration.,1,,Unsafe Act,High,SIF,Pipe Rack Area,Maintenance Mechanical,1.0,
Incident observation 479: Continued operating a boiler above its limit while preparing equipment for service created a pressure-vessel overpressure. A safety interlock had been bypassed. The reported outcome was an explosion with life-threatening injuries. A safer method was available nearby.,1,original_trusted,,,,,,,
Incident observation 184: Drove a forklift carrying an oversized load during material movement created a mobile-equipment overturn. The load capacity and travel route were not checked. The reported outcome was serious crush injuries. The pre-job checklist was incomplete.,1,,Unsafe Act,High,SIF,Maintenance Workshop,Mechanical,1.0,
Confined space entry without gas test. Worker collapsed. Rescue delayed - worker died. Permit not obtained. Control room not informed. No rescue plan. Worker entered on personal initiative.,1,original_trusted,,,,,,,
Incident observation 479: Continued operating a boiler above its limit while preparing equipment for service created a pressure-vessel overpressure. A safety interlock had been bypassed. The reported outcome was an explosion with life-threatening injuries. A safer method was available nearby.,1,,Unsafe Act,High,SIF,Maintenance Workshop,Mechanical,1.0,
Incident observation 4: Walked beneath a crane load while completing an urgent task created a suspended-load strike. The exclusion zone was ignored. The reported outcome was a crushed leg requiring surgery. The supervisor was not informed before the task started.,1,original_trusted,,,,,,,
Incident observation 1254: Welded beside a tank connection during a scheduled inspection created a flammable-vapour ignition. The hot-work permit and gas test were bypassed. The reported outcome was a flash fire with serious burns. The worker received a verbal reminder but continued.,1,original_trusted,,,,,,,
Incident observation 609: Installed pipe supports during routine maintenance created a fall from an elevated work platform. Fall arrest lanyard was not connected. The reported outcome was multiple fractures and a serious head injury. The worker received a verbal reminder but continued.,1,original_trusted,,,,,,,
Incident observation 489: Entered an unsupported trench during routine maintenance created a excavation collapse. Shoring and a safe-entry inspection were missing. The reported outcome was burial injuries and emergency extraction. The worker received a verbal reminder but continued.,1,original_trusted,,,,,,,
"A worker welded beside a tank connection during a scheduled inspection, despite the fact that the hot-work permit and gas test were bypassed. The exposure involved flammable-vapour ignition, resulting in a flash fire with serious burns. The hazard was visible before work began.",1,original_trusted,,,,,,,
Incident observation 1244: Responded to a leak in a process area while completing an urgent task created a toxic-gas exposure. Respiratory protection and gas monitoring were not used. The reported outcome was collapse from toxic inhalation. The supervisor was not informed before the task started.,1,original_trusted,,,,,,,
"A worker disconnected a pressurized hydraulic hose during a night shift, despite the fact that pressure was not isolated before disconnection. The exposure involved high-pressure hose whip, resulting in facial fractures and a broken jaw. The worker received a verbal reminder but continued.",1,,Unsafe Act,High,SIF,Electrical Substation,Electrical Maintenance,1.0,
Incident observation 1179: Worked on a live steam line during planned shutdown work created a steam release. The line was not isolated and depressurized. The reported outcome was deep thermal burns. The pre-job checklist was incomplete.,1,original_trusted,,,,,,,
Incident observation 449: Installed pipe supports during routine maintenance created a fall from an elevated work platform. Fall arrest lanyard was not connected. The reported outcome was multiple fractures and a serious head injury. The worker received a verbal reminder but continued.,1,original_trusted,,,,,,,
Incident observation 309: Cleared a jam on a running conveyor during normal production created a machine entanglement. Lockout-tagout was not applied. The reported outcome was an amputation injury. The hazard was visible before work began.,1,,Unsafe Act,High,SIF,Maintenance Workshop,Mechanical,1.0,
Incident observation 719: Continued operating a boiler above its limit while preparing equipment for service created a pressure-vessel overpressure. A safety interlock had been bypassed. The reported outcome was an explosion with life-threatening injuries. A safer method was available nearby.,1,original_trusted,,,,,,,
Incident observation 1009: Installed pipe supports during routine maintenance created a fall from an elevated work platform. Fall arrest lanyard was not connected. The reported outcome was multiple fractures and a serious head injury. The worker received a verbal reminder but continued.,1,original_trusted,,,,,,,
Incident observation 1159: Opened a pressurized acid line while preparing equipment for service created a chemical release. A face shield and chemical suit were not worn. The reported outcome was permanent eye damage and chemical burns. A safer method was available nearby.,1,,Unsafe Act,High,SIF,Maintenance Workshop,Mechanical,1.0,
Incident observation 354: Entered a vessel to inspect an internal valve during a night shift created a confined-space oxygen deficiency. The entry permit and atmosphere test were skipped. The reported outcome was loss of consciousness requiring emergency rescue. A safer method was available nearby.,1,,Unsafe Act,High,SIF,Maintenance Workshop,Mechanical,1.0,
Incident observation 1199: Continued operating a boiler above its limit while preparing equipment for service created a pressure-vessel overpressure. A safety interlock had been bypassed. The reported outcome was an explosion with life-threatening injuries. A safer method was available nearby.,1,,Unsafe Act,High,SIF,Maintenance Workshop,Mechanical,1.0,
Incident observation 199: Opened a pressurized acid line while preparing equipment for service created a chemical release. A face shield and chemical suit were not worn. The reported outcome was permanent eye damage and chemical burns. A safer method was available nearby.,1,original_trusted,,,,,,,
Incident observation 34: Entered a vessel to inspect an internal valve during a night shift created a confined-space oxygen deficiency. The entry permit and atmosphere test were skipped. The reported outcome was loss of consciousness requiring emergency rescue. A safer method was available nearby.,1,,Unsafe Act,High,SIF,Maintenance Workshop,Mechanical,1.0,
Incident observation 344: Drove a forklift carrying an oversized load during material movement created a mobile-equipment overturn. The load capacity and travel route were not checked. The reported outcome was serious crush injuries. The pre-job checklist was incomplete.,1,,Unsafe Act,High,SIF,Maintenance Workshop,Mechanical,1.0,
"While during routine maintenance, a worker installed pipe supports. The unsafe act was that fall arrest lanyard was not connected. This led to fall from an elevated work platform; outcome was multiple fractures and a serious head injury. A safer method was available nearby.",1,,Unsafe Act,High,SIF,Tank Farm,Operations,1.0,
Incident observation 1554: Reversed a forklift in a shared aisle during a night shift created a forklift contact. The driver did not check the blind spot. The reported outcome was a crushed foot requiring treatment. A safer method was available nearby.,1,,Unsafe Act,Medium,SIF,Loading Bay,Logistics,1.0,
Incident observation 299: Worked on a live steam line during planned shutdown work created a steam release. The line was not isolated and depressurized. The reported outcome was deep thermal burns. The pre-job checklist was incomplete.,1,,Unsafe Act,High,SIF,Maintenance Workshop,Mechanical,1.0,
High-pressure hose disconnection while worker holding it. Hose whipped and struck worker. Broken jaw and facial fractures. Pressure not relieved. Quick connect coupling failed. Worker not trained for pressure systems.,1,,Unsafe Act,High,SIF,Hydraulic System Area,Operations Mechanical,1.0,
Incident observation 874: Disconnected a pressurized hydraulic hose during a night shift created a high-pressure hose whip. Pressure was not isolated before disconnection. The reported outcome was facial fractures and a broken jaw. A safer method was available nearby.,1,,Unsafe Act,High,SIF,Maintenance Workshop,Mechanical,1.0,
Incident observation 994: Reversed a forklift in a shared aisle during a night shift created a forklift contact. The driver did not check the blind spot. The reported outcome was a crushed foot requiring treatment. A safer method was available nearby.,1,original_trusted,,,,,,,
Incident observation 264: Drove a forklift carrying an oversized load during material movement created a mobile-equipment overturn. The load capacity and travel route were not checked. The reported outcome was serious crush injuries. The pre-job checklist was incomplete.,1,,Unsafe Act,High,SIF,Maintenance Workshop,Mechanical,1.0,
Underground cable struck during excavation. Worker conducting excavation without locating utilities. Worker electrocuted. Cable not marked on drawings. Utilities not located prior to digging. Emergency response delayed.,1,,Unsafe Act,High,SIF,Construction Excavation,Civil Projects,1.0,
Incident observation 594: Entered a vessel to inspect an internal valve during a night shift created a confined-space oxygen deficiency. The entry permit and atmosphere test were skipped. The reported outcome was loss of consciousness requiring emergency rescue. A safer method was available nearby.,1,original_trusted,,,,,,,
Rotating shaft guard removed - worker's sleeve caught. Arm broken and dislocated. Guard removed for cleaning - not replaced. Worker failed to stop equipment. Co-worker stopped machine within seconds. Injury severe.,1,,Unsafe Act,High,SIF,Rotating Equipment Area,Maintenance Mechanical,1.0,
Incident observation 974: Inspected a rotating shaft during a scheduled inspection created a rotating-equipment entanglement. The guard had been removed and equipment remained energized. The reported outcome was a severe arm injury. The worker received a verbal reminder but continued.,1,,Unsafe Act,High,SIF,Maintenance Workshop,Mechanical,1.0,
Incident observation 634: Disconnected a pressurized hydraulic hose during a night shift created a high-pressure hose whip. Pressure was not isolated before disconnection. The reported outcome was facial fractures and a broken jaw. A safer method was available nearby.,1,,Unsafe Act,High,SIF,Maintenance Workshop,Mechanical,1.0,
Incident observation 764: Responded to a leak in a process area while completing an urgent task created a toxic-gas exposure. Respiratory protection and gas monitoring were not used. The reported outcome was collapse from toxic inhalation. The supervisor was not informed before the task started.,1,original_trusted,,,,,,,
"During a scheduled inspection, a worker experienced flammable-vapour ignition after they welded beside a tank connection. The hot-work permit and gas test were bypassed. Outcome: a flash fire with serious burns. The supervisor was not informed before the task started.",1,original_trusted,,,,,,,
Incident observation 134: Welded beside a tank connection during a scheduled inspection created a flammable-vapour ignition. The hot-work permit and gas test were bypassed. The reported outcome was a flash fire with serious burns. The worker received a verbal reminder but continued.,1,,Unsafe Act,High,SIF,Maintenance Workshop,Mechanical,1.0,
Acid spray from pinhole leak - worker's face burned. Worker in acid service. Pinhole developed. Worker not wearing face shield. PPE not adequate. Acid concentration high. Burns require grafting. Permanent scarring.,1,,Unsafe Act,High,SIF,Acid Line Area,Operations Process,1.0,
"While during a night shift, a worker reversed a forklift in a shared aisle. The unsafe act was that the driver did not check the blind spot. This led to forklift contact; outcome was a crushed foot requiring treatment. The pre-job checklist was incomplete.",1,original_trusted,,,,,,,
Incident observation 1029: Cleared a jam on a running conveyor during normal production created a machine entanglement. Lockout-tagout was not applied. The reported outcome was an amputation injury. The hazard was visible before work began.,1,original_trusted,,,,,,,
Incident observation 409: Entered an unsupported trench during routine maintenance created a excavation collapse. Shoring and a safe-entry inspection were missing. The reported outcome was burial injuries and emergency extraction. The worker received a verbal reminder but continued.,1,,Unsafe Act,High,SIF,Maintenance Workshop,Mechanical,1.0,
Toxic chemical sprayed on worker. Worker using improper nozzle. Chemical contacted skin and eyes. Burns and vision damage. Procedure required closed system. Worker used open transfer - shortcut. PPE not adequate.,1,original_trusted,,,,,,,
"During a night shift, a worker experienced high-pressure hose whip after they disconnected a pressurized hydraulic hose. Pressure was not isolated before disconnection. Outcome: facial fractures and a broken jaw. The hazard was visible before work began.",1,,Unsafe Act,High,SIF,Process Unit,Operations,1.0,
"Unsafe work report: a worker installed pipe supports during routine maintenance. Fall arrest lanyard was not connected, creating a fall from an elevated work platform event. Result: multiple fractures and a serious head injury. The pre-job checklist was incomplete.",1,original_trusted,,,,,,,
"During normal production, a worker experienced overhead-power-line contact after they raised a metal ladder near utility lines. Minimum approach distance was not maintained. Outcome: electrical burns and cardiac arrest. The pre-job checklist was incomplete.",1,,Unsafe Act,High,SIF,Process Unit,Operations,1.0,
Incident observation 989: Raised a metal ladder near utility lines during normal production created a overhead-power-line contact. Minimum approach distance was not maintained. The reported outcome was electrical burns and cardiac arrest. The hazard was visible before work began.,1,original_trusted,,,,,,,
Incident observation 84: Walked beneath a crane load while completing an urgent task created a suspended-load strike. The exclusion zone was ignored. The reported outcome was a crushed leg requiring surgery. The supervisor was not informed before the task started.,1,original_trusted,,,,,,,
Incident observation 19: Opened an energized switchboard during planned shutdown work created a arc flash. Arc-rated ppe and isolation were not used. The reported outcome was severe burns to the face and hands. The pre-job checklist was incomplete.,1,,Unsafe Act,High,SIF,Maintenance Workshop,Mechanical,1.0,
"While during a scheduled inspection, a worker inspected a rotating shaft. The unsafe act was that the guard had been removed and equipment remained energized. This led to rotating-equipment entanglement; outcome was a severe arm injury. A safer method was available nearby.",1,,Unsafe Act,High,SIF,Tank Farm,Operations,1.0,
"A worker walked beneath a crane load while completing an urgent task, despite the fact that the exclusion zone was ignored. The exposure involved suspended-load strike, resulting in a crushed leg requiring surgery. The pre-job checklist was incomplete.",1,original_trusted,,,,,,,
"While during material movement, a worker worked below overhead lifting activity. The unsafe act was that the barricaded area was entered without authorization. This led to falling-object impact; outcome was a serious head injury. The supervisor was not informed before the task started.",1,original_trusted,,,,,,,
Incident observation 1394: Reversed a forklift in a shared aisle during a night shift created a forklift contact. The driver did not check the blind spot. The reported outcome was a crushed foot requiring treatment. A safer method was available nearby.,1,original_trusted,,,,,,,
Incident observation 54: Welded beside a tank connection during a scheduled inspection created a flammable-vapour ignition. The hot-work permit and gas test were bypassed. The reported outcome was a flash fire with serious burns. The worker received a verbal reminder but continued.,1,original_trusted,,,,,,,
Incident observation 1144: Drove a forklift carrying an oversized load during material movement created a mobile-equipment overturn. The load capacity and travel route were not checked. The reported outcome was serious crush injuries. The pre-job checklist was incomplete.,1,,Unsafe Act,High,SIF,Maintenance Workshop,Mechanical,1.0,
Incident observation 1169: Installed pipe supports during routine maintenance created a fall from an elevated work platform. Fall arrest lanyard was not connected. The reported outcome was multiple fractures and a serious head injury. The worker received a verbal reminder but continued.,1,,Unsafe Act,High,SIF,Maintenance Workshop,Mechanical,1.0,
Incident observation 1089: Installed pipe supports during routine maintenance created a fall from an elevated work platform. Fall arrest lanyard was not connected. The reported outcome was multiple fractures and a serious head injury. The worker received a verbal reminder but continued.,1,,Unsafe Act,High,SIF,Maintenance Workshop,Mechanical,1.0,
Acid transfer pump seal failed - acid spray. Worker's eyes exposed. Permanent vision damage in one eye. Worker not wearing goggles - only safety glasses. Eyewash station not functioning. Delayed flushing.,1,original_trusted,,,,,,,
Incident observation 664: Drove a forklift carrying an oversized load during material movement created a mobile-equipment overturn. The load capacity and travel route were not checked. The reported outcome was serious crush injuries. The pre-job checklist was incomplete.,1,,Unsafe Act,High,SIF,Maintenance Workshop,Mechanical,1.0,
Confined space communications failure - worker disoriented. Worker in tank - alone. Radio not functioning. No tender outside. Worker became confused in low oxygen. Self-rescue - but barely. Violated entry permit.,1,,Unsafe Act,High,SIF,Tank Cleaning Area,Operations,1.0,
"Unsafe work report: a worker opened an energized switchboard during planned shutdown work. Arc-rated ppe and isolation were not used, creating a arc flash event. Result: severe burns to the face and hands. The hazard was visible before work began.",1,,Unsafe Act,High,SIF,Construction Zone,Projects,1.0,
"Unsafe work report: a worker continued operating a boiler above its limit while preparing equipment for service. A safety interlock had been bypassed, creating a pressure-vessel overpressure event. Result: an explosion with life-threatening injuries. The supervisor was not informed before the task started.",1,,Unsafe Act,High,SIF,Construction Zone,Projects,1.0,
Incident observation 4: Walked beneath a crane load while completing an urgent task created a suspended-load strike. The exclusion zone was ignored. The reported outcome was a crushed leg requiring surgery. The supervisor was not informed before the task started.,1,,Unsafe Act,High,SIF,Maintenance Workshop,Mechanical,1.0,
Incident observation 734: Inspected a rotating shaft during a scheduled inspection created a rotating-equipment entanglement. The guard had been removed and equipment remained energized. The reported outcome was a severe arm injury. The worker received a verbal reminder but continued.,1,,Unsafe Act,High,SIF,Maintenance Workshop,Mechanical,1.0,
Incident observation 494: Inspected a rotating shaft during a scheduled inspection created a rotating-equipment entanglement. The guard had been removed and equipment remained energized. The reported outcome was a severe arm injury. The worker received a verbal reminder but continued.,1,,Unsafe Act,High,SIF,Maintenance Workshop,Mechanical,1.0,
Worker fell from scaffolding at 15-meter height during pipe fitting. Guardrail missing on one side. Worker not wearing safety harness despite availability. Fell on concrete - multiple fractures and head injury. Scaffolding erected on uneven ground without base plates.,1,,Unsafe Act,High,SIF,Refinery Unit,Maintenance Mechanical,1.0,
Worker standing on unstable work platform. Platform collapsed - fell 4 meters. Broken ankle and wrist. Platform made of makeshift materials. No engineered work platform. Worker constructing structure at height.,1,,Unsafe Act,High,SIF,Construction Area,Civil,1.0,
Hand injuries from press machine. Machine had two-hand controls bypassed. Worker using one-hand operation. Fingers crushed when die closed. Safety guards removed. Machine not properly safeguarded.,1,,Unsafe Act,High,SIF,Fabrication Shop,Maintenance Mechanical,1.0,
Incident observation 1214: Inspected a rotating shaft during a scheduled inspection created a rotating-equipment entanglement. The guard had been removed and equipment remained energized. The reported outcome was a severe arm injury. The worker received a verbal reminder but continued.,1,,Unsafe Act,High,SIF,Maintenance Workshop,Mechanical,1.0,
Incident observation 939: Worked on a live steam line during planned shutdown work created a steam release. The line was not isolated and depressurized. The reported outcome was deep thermal burns. The pre-job checklist was incomplete.,1,,Unsafe Act,High,SIF,Maintenance Workshop,Mechanical,1.0,
Incident observation 304: Worked below overhead lifting activity during material movement created a falling-object impact. The barricaded area was entered without authorization. The reported outcome was a serious head injury. The pre-job checklist was incomplete.,1,original_trusted,,,,,,,
"A worker entered a vessel to inspect an internal valve during a night shift, despite the fact that the entry permit and atmosphere test were skipped. The exposure involved confined-space oxygen deficiency, resulting in loss of consciousness requiring emergency rescue. The worker received a verbal reminder but continued.",1,original_trusted,,,,,,,
Incident observation 1129: Entered an unsupported trench during routine maintenance created a excavation collapse. Shoring and a safe-entry inspection were missing. The reported outcome was burial injuries and emergency extraction. The worker received a verbal reminder but continued.,1,original_trusted,,,,,,,
Welding near open toxic material. Fumes reacted - explosion. Worker's face burned. Toxic material not moved. Permit not obtained. Worker assumed empty - not true. Fire department responded quickly. Burns to face.,1,,Unsafe Act,High,SIF,Maintenance Area,Operations,1.0,
Hot work near flammable tank - explosion. Three workers burned. Tank not inspected - had flammable residues. Gas test done incorrectly. Several hours since test. Changing conditions not monitored. Severe burns.,1,original_trusted,,,,,,,
Incident observation 594: Reversed a forklift in a shared aisle during a night shift created a forklift contact. The driver did not check the blind spot. The reported outcome was a crushed foot requiring treatment. A safer method was available nearby.,1,,Unsafe Act,Medium,SIF,Loading Bay,Logistics,1.0,
Incident observation 1114: Disconnected a pressurized hydraulic hose during a night shift created a high-pressure hose whip. Pressure was not isolated before disconnection. The reported outcome was facial fractures and a broken jaw. A safer method was available nearby.,1,original_trusted,,,,,,,
Incident observation 684: Responded to a leak in a process area while completing an urgent task created a toxic-gas exposure. Respiratory protection and gas monitoring were not used. The reported outcome was collapse from toxic inhalation. The supervisor was not informed before the task started.,1,,Unsafe Act,High,SIF,Maintenance Workshop,Mechanical,1.0,
Incident observation 1179: Worked on a live steam line during planned shutdown work created a steam release. The line was not isolated and depressurized. The reported outcome was deep thermal burns. The pre-job checklist was incomplete.,1,,Unsafe Act,High,SIF,Maintenance Workshop,Mechanical,1.0,
Incident observation 499: Opened an energized switchboard during planned shutdown work created a arc flash. Arc-rated ppe and isolation were not used. The reported outcome was severe burns to the face and hands. The pre-job checklist was incomplete.,1,,Unsafe Act,High,SIF,Maintenance Workshop,Mechanical,1.0,
Incident observation 279: Opened a pressurized acid line while preparing equipment for service created a chemical release. A face shield and chemical suit were not worn. The reported outcome was permanent eye damage and chemical burns. A safer method was available nearby.,1,,Unsafe Act,High,SIF,Maintenance Workshop,Mechanical,1.0,
Incident observation 239: Continued operating a boiler above its limit while preparing equipment for service created a pressure-vessel overpressure. A safety interlock had been bypassed. The reported outcome was an explosion with life-threatening injuries. A safer method was available nearby.,1,original_trusted,,,,,,,
Incident observation 864: Worked below overhead lifting activity during material movement created a falling-object impact. The barricaded area was entered without authorization. The reported outcome was a serious head injury. The pre-job checklist was incomplete.,1,,Unsafe Act,High,SIF,Maintenance Workshop,Mechanical,1.0,
Incident observation 704: Worked below overhead lifting activity during material movement created a falling-object impact. The barricaded area was entered without authorization. The reported outcome was a serious head injury. The pre-job checklist was incomplete.,1,original_trusted,,,,,,,
Worker using blow torch on sealed vessel. Explosion occurred. Worker killed. Vessel contained flammable residues. No hot work permit. Gas testing not done. Pressure built up inside. Complete failure.,1,,Unsafe Act,High,SIF,Vessel Cleaning Area,Maintenance Mechanical,1.0,
Incident observation 1264: Worked below overhead lifting activity during material movement created a falling-object impact. The barricaded area was entered without authorization. The reported outcome was a serious head injury. The pre-job checklist was incomplete.,1,,Unsafe Act,High,SIF,Maintenance Workshop,Mechanical,1.0,
Worker using excavator to lift - load fell. Worker in building area - struck by debris. Load was suspended. Worker stood too close. Crane should have used. Worker using cell phone near load. Broken leg.,1,,Unsafe Act,High,SIF,Construction Area,Civil Projects,1.0,
Forklift operator collided with pedestrian while using mobile phone. Operator texting while driving through warehouse aisle. Pedestrian in walkway with high-visibility vest. Operator noticed too late. Pedestrian sustained crushed foot injury.,1,,Unsafe Act,Medium,SIF,Warehouse Stores,Logistics Supply Chain,1.0,
"While during a night shift, a worker reversed a forklift in a shared aisle. The unsafe act was that the driver did not check the blind spot. This led to forklift contact; outcome was a crushed foot requiring treatment. The pre-job checklist was incomplete.",1,,Unsafe Act,Medium,SIF,Process Area,Operations,1.0,
Steam line release in enclosed area - worker burned. Worker in pump room. Steam condensation released. Worker didn't hear warning. Burns to 30% body. Maintenance on line without proper lockout. Supervisor absent.,1,original_trusted,,,,,,,
Incident observation 1234: Reversed a forklift in a shared aisle during a night shift created a forklift contact. The driver did not check the blind spot. The reported outcome was a crushed foot requiring treatment. A safer method was available nearby.,1,original_trusted,,,,,,,
Incident observation 1154: Reversed a forklift in a shared aisle during a night shift created a forklift contact. The driver did not check the blind spot. The reported outcome was a crushed foot requiring treatment. A safer method was available nearby.,1,original_trusted,,,,,,,
Incident observation 329: Entered an unsupported trench during routine maintenance created a excavation collapse. Shoring and a safe-entry inspection were missing. The reported outcome was burial injuries and emergency extraction. The worker received a verbal reminder but continued.,1,,Unsafe Act,High,SIF,Maintenance Workshop,Mechanical,1.0,
Incident observation 964: Walked beneath a crane load while completing an urgent task created a suspended-load strike. The exclusion zone was ignored. The reported outcome was a crushed leg requiring surgery. The supervisor was not informed before the task started.,1,original_trusted,,,,,,,
Crane load block struck worker's helmet - knocked unconscious. Worker walked under load. Load swing due to wind. Worker in unauthorized area. Hard hat prevented fatal injury. Concussion and neck injury.,1,original_trusted,,,,,,,
Incident observation 1224: Drove a forklift carrying an oversized load during material movement created a mobile-equipment overturn. The load capacity and travel route were not checked. The reported outcome was serious crush injuries. The pre-job checklist was incomplete.,1,,Unsafe Act,High,SIF,Maintenance Workshop,Mechanical,1.0,
Incident observation 154: Disconnected a pressurized hydraulic hose during a night shift created a high-pressure hose whip. Pressure was not isolated before disconnection. The reported outcome was facial fractures and a broken jaw. A safer method was available nearby.,1,,Unsafe Act,High,SIF,Maintenance Workshop,Mechanical,1.0,
Machine parts ejected - struck worker in chest. Broken ribs and internal bleeding. Guard missing on machine. Workpiece not secured. Worker in line of fire. Machine operating normally. Safety guard removed.,1,,Unsafe Act,High,SIF,Machine Shop,Maintenance Mechanical,1.0,
Ladder placed on top of stacked pallets for extra height. Stack collapsed. Worker fell 4 meters. Sustained broken leg. Ladder not secured. Pallets unstable. Improper use of equipment. No fall protection worn.,1,,Unsafe Act,High,SIF,Warehouse,Logistics,1.0,
Worker overcoming machine safety - caught in roller. Machine started while hands inside. Safety gate bypassed. Worker using override key. Removing obstruction quickly. Four fingers crushed. Safety violation.,1,,Unsafe Act,High,SIF,Packaging Line,Operations,1.0,
Incident observation 549: Cleared a jam on a running conveyor during normal production created a machine entanglement. Lockout-tagout was not applied. The reported outcome was an amputation injury. The hazard was visible before work began.,1,original_trusted,,,,,,,
Incident observation 1154: Reversed a forklift in a shared aisle during a night shift created a forklift contact. The driver did not check the blind spot. The reported outcome was a crushed foot requiring treatment. A safer method was available nearby.,1,,Unsafe Act,Medium,SIF,Loading Bay,Logistics,1.0,
Incident observation 49: Installed pipe supports during routine maintenance created a fall from an elevated work platform. Fall arrest lanyard was not connected. The reported outcome was multiple fractures and a serious head injury. The worker received a verbal reminder but continued.,1,original_trusted,,,,,,,
Incident observation 79: Continued operating a boiler above its limit while preparing equipment for service created a pressure-vessel overpressure. A safety interlock had been bypassed. The reported outcome was an explosion with life-threatening injuries. A safer method was available nearby.,1,,Unsafe Act,High,SIF,Maintenance Workshop,Mechanical,1.0,
Incident observation 819: Opened an energized switchboard during planned shutdown work created a arc flash. Arc-rated ppe and isolation were not used. The reported outcome was severe burns to the face and hands. The pre-job checklist was incomplete.,1,original_trusted,,,,,,,
Worker caught between moving machinery and fixed guard. Crushed pelvis and internal injuries. Machine not properly guarded. Worker reaching in to clear jam. Machine started automatically. No lockout.,1,original_trusted,,,,,,,
Incident observation 1024: Worked below overhead lifting activity during material movement created a falling-object impact. The barricaded area was entered without authorization. The reported outcome was a serious head injury. The pre-job checklist was incomplete.,1,original_trusted,,,,,,,
Incident observation 694: Welded beside a tank connection during a scheduled inspection created a flammable-vapour ignition. The hot-work permit and gas test were bypassed. The reported outcome was a flash fire with serious burns. The worker received a verbal reminder but continued.,1,original_trusted,,,,,,,
"During material movement, a worker experienced mobile-equipment overturn after they drove a forklift carrying an oversized load. The load capacity and travel route were not checked. Outcome: serious crush injuries. The worker received a verbal reminder but continued.",1,original_trusted,,,,,,,
"Unsafe work report: a worker drove a forklift carrying an oversized load during material movement. The load capacity and travel route were not checked, creating a mobile-equipment overturn event. Result: serious crush injuries. The hazard was visible before work began.",1,,Unsafe Act,High,SIF,Construction Zone,Projects,1.0,
"Unsafe work report: a worker worked on a live steam line during planned shutdown work. The line was not isolated and depressurized, creating a steam release event. Result: deep thermal burns. The hazard was visible before work began.",1,original_trusted,,,,,,,
Incident observation 914: Reversed a forklift in a shared aisle during a night shift created a forklift contact. The driver did not check the blind spot. The reported outcome was a crushed foot requiring treatment. A safer method was available nearby.,1,,Unsafe Act,Medium,SIF,Loading Bay,Logistics,1.0,
Incident observation 189: Raised a metal ladder near utility lines during normal production created a overhead-power-line contact. Minimum approach distance was not maintained. The reported outcome was electrical burns and cardiac arrest. The hazard was visible before work began.,1,original_trusted,,,,,,,
Worker reached into moving machine to clear jam. Machine had no guard. Worker's hand caught between rollers. Crushed hand and loss of fingers. Machine operating at high speed. LOTO not applied. Emergency stop not used.,1,original_trusted,,,,,,,
Incident observation 769: Installed pipe supports during routine maintenance created a fall from an elevated work platform. Fall arrest lanyard was not connected. The reported outcome was multiple fractures and a serious head injury. The worker received a verbal reminder but continued.,1,original_trusted,,,,,,,
"Unsafe work report: a worker raised a metal ladder near utility lines during normal production. Minimum approach distance was not maintained, creating a overhead-power-line contact event. Result: electrical burns and cardiac arrest. A safer method was available nearby.",1,,Unsafe Act,High,SIF,Construction Zone,Projects,1.0,
Incident observation 594: Reversed a forklift in a shared aisle during a night shift created a forklift contact. The driver did not check the blind spot. The reported outcome was a crushed foot requiring treatment. A safer method was available nearby.,1,original_trusted,,,,,,,
Incident observation 719: Continued operating a boiler above its limit while preparing equipment for service created a pressure-vessel overpressure. A safety interlock had been bypassed. The reported outcome was an explosion with life-threatening injuries. A safer method was available nearby.,1,,Unsafe Act,High,SIF,Maintenance Workshop,Mechanical,1.0,
Incident observation 1394: Reversed a forklift in a shared aisle during a night shift created a forklift contact. The driver did not check the blind spot. The reported outcome was a crushed foot requiring treatment. A safer method was available nearby.,1,,Unsafe Act,Medium,SIF,Loading Bay,Logistics,1.0,
Incident observation 359: Opened a pressurized acid line while preparing equipment for service created a chemical release. A face shield and chemical suit were not worn. The reported outcome was permanent eye damage and chemical burns. A safer method was available nearby.,1,original_trusted,,,,,,,
Incident observation 79: Continued operating a boiler above its limit while preparing equipment for service created a pressure-vessel overpressure. A safety interlock had been bypassed. The reported outcome was an explosion with life-threatening injuries. A safer method was available nearby.,1,original_trusted,,,,,,,
Incident observation 614: Welded beside a tank connection during a scheduled inspection created a flammable-vapour ignition. The hot-work permit and gas test were bypassed. The reported outcome was a flash fire with serious burns. The worker received a verbal reminder but continued.,1,,Unsafe Act,High,SIF,Maintenance Workshop,Mechanical,1.0,
"While during routine maintenance, a worker entered an unsupported trench. The unsafe act was that shoring and a safe-entry inspection were missing. This led to excavation collapse; outcome was burial injuries and emergency extraction. A safer method was available nearby.",1,,Unsafe Act,High,SIF,Tank Farm,Operations,1.0,
Incident observation 424: Drove a forklift carrying an oversized load during material movement created a mobile-equipment overturn. The load capacity and travel route were not checked. The reported outcome was serious crush injuries. The pre-job checklist was incomplete.,1,original_trusted,,,,,,,
Incident observation 189: Raised a metal ladder near utility lines during normal production created a overhead-power-line contact. Minimum approach distance was not maintained. The reported outcome was electrical burns and cardiac arrest. The hazard was visible before work began.,1,,Unsafe Act,High,SIF,Maintenance Workshop,Mechanical,1.0,
"A worker inspected a rotating shaft during a scheduled inspection, despite the fact that the guard had been removed and equipment remained energized. The exposure involved rotating-equipment entanglement, resulting in a severe arm injury. The hazard was visible before work began.",1,,Unsafe Act,High,SIF,Electrical Substation,Electrical Maintenance,1.0,
Incident observation 224: Worked below overhead lifting activity during material movement created a falling-object impact. The barricaded area was entered without authorization. The reported outcome was a serious head injury. The pre-job checklist was incomplete.,1,original_trusted,,,,,,,
Trencher uncovered worker buried. Worker died. Trencher operator unaware of worker. No isolation. Hand signals not used. Operator reversed without viewing. Worker in blind spot. Tragic incident.,1,original_trusted,,,,,,,
Incident observation 19: Opened an energized switchboard during planned shutdown work created a arc flash. Arc-rated ppe and isolation were not used. The reported outcome was severe burns to the face and hands. The pre-job checklist was incomplete.,1,original_trusted,,,,,,,
Incident observation 644: Walked beneath a crane load while completing an urgent task created a suspended-load strike. The exclusion zone was ignored. The reported outcome was a crushed leg requiring surgery. The supervisor was not informed before the task started.,1,original_trusted,,,,,,,
Incident observation 824: Drove a forklift carrying an oversized load during material movement created a mobile-equipment overturn. The load capacity and travel route were not checked. The reported outcome was serious crush injuries. The pre-job checklist was incomplete.,1,,Unsafe Act,High,SIF,Maintenance Workshop,Mechanical,1.0,
Incident observation 434: Reversed a forklift in a shared aisle during a night shift created a forklift contact. The driver did not check the blind spot. The reported outcome was a crushed foot requiring treatment. A safer method was available nearby.,1,original_trusted,,,,,,,
Incident observation 254: Inspected a rotating shaft during a scheduled inspection created a rotating-equipment entanglement. The guard had been removed and equipment remained energized. The reported outcome was a severe arm injury. The worker received a verbal reminder but continued.,1,original_trusted,,,,,,,
Worker crossing conveyor belt - not using crosswalk. Belt started while worker on it. Worker fell into conveyor. Severe lacerations and broken arm. Conveyor emergency stop not used. Walkways present but not used.,1,original_trusted,,,,,,,
Incident observation 229: Cleared a jam on a running conveyor during normal production created a machine entanglement. Lockout-tagout was not applied. The reported outcome was an amputation injury. The hazard was visible before work began.,1,original_trusted,,,,,,,
Overhead power line struck by crane boom. Worker died instantly. Crane operator not spotter. No tagline used. Boom passed within 5 feet of line. Minimum safe distance was 20 feet. Violation of utility safety protocol.,1,original_trusted,,,,,,,
Work at height - anchor point failed. Worker fell 6 meters. Suspension trauma but survived. Anchor not load rated. Non-certified anchor used. Worker trusted supervisor's direction. No fall arrest certification.,1,,Unsafe Act,High,SIF,Height Work Area,Maintenance Mechanical,1.0,
Incident observation 929: Installed pipe supports during routine maintenance created a fall from an elevated work platform. Fall arrest lanyard was not connected. The reported outcome was multiple fractures and a serious head injury. The worker received a verbal reminder but continued.,1,,Unsafe Act,High,SIF,Maintenance Workshop,Mechanical,1.0,
Incident observation 704: Worked below overhead lifting activity during material movement created a falling-object impact. The barricaded area was entered without authorization. The reported outcome was a serious head injury. The pre-job checklist was incomplete.,1,,Unsafe Act,High,SIF,Maintenance Workshop,Mechanical,1.0,
"Unsafe work report: a worker continued operating a boiler above its limit while preparing equipment for service. A safety interlock had been bypassed, creating a pressure-vessel overpressure event. Result: an explosion with life-threatening injuries. The supervisor was not informed before the task started.",1,original_trusted,,,,,,,
Incident observation 199: Opened a pressurized acid line while preparing equipment for service created a chemical release. A face shield and chemical suit were not worn. The reported outcome was permanent eye damage and chemical burns. A safer method was available nearby.,1,,Unsafe Act,High,SIF,Maintenance Workshop,Mechanical,1.0,
"A worker opened a pressurized acid line while preparing equipment for service, despite the fact that a face shield and chemical suit were not worn. The exposure involved chemical release, resulting in permanent eye damage and chemical burns. The worker received a verbal reminder but continued.",1,original_trusted,,,,,,,
Incident observation 749: Raised a metal ladder near utility lines during normal production created a overhead-power-line contact. Minimum approach distance was not maintained. The reported outcome was electrical burns and cardiac arrest. The hazard was visible before work began.,1,,Unsafe Act,High,SIF,Maintenance Workshop,Mechanical,1.0,
Incident observation 69: Cleared a jam on a running conveyor during normal production created a machine entanglement. Lockout-tagout was not applied. The reported outcome was an amputation injury. The hazard was visible before work began.,1,,Unsafe Act,High,SIF,Maintenance Workshop,Mechanical,1.0,
Incident observation 844: Responded to a leak in a process area while completing an urgent task created a toxic-gas exposure. Respiratory protection and gas monitoring were not used. The reported outcome was collapse from toxic inhalation. The supervisor was not informed before the task started.,1,,Unsafe Act,High,SIF,Maintenance Workshop,Mechanical,1.0,
Chemically contaminated rags spontaneous combustion. Fire in waste bin. Worker thrown from area. Burns to arm. Rags had oil and chemical residues. Proper disposal not used. Fire extinguisher failed.,1,,Unsafe Act,High,SIF,Maintenance Workshop,Maintenance,1.0,
Incident observation 329: Entered an unsupported trench during routine maintenance created a excavation collapse. Shoring and a safe-entry inspection were missing. The reported outcome was burial injuries and emergency extraction. The worker received a verbal reminder but continued.,1,original_trusted,,,,,,,
Incident observation 1059: Opened an energized switchboard during planned shutdown work created a arc flash. Arc-rated ppe and isolation were not used. The reported outcome was severe burns to the face and hands. The pre-job checklist was incomplete.,1,original_trusted,,,,,,,
"While during a scheduled inspection, a worker inspected a rotating shaft. The unsafe act was that the guard had been removed and equipment remained energized. This led to rotating-equipment entanglement; outcome was a severe arm injury. A safer method was available nearby.",1,original_trusted,,,,,,,
Incident observation 259: Opened an energized switchboard during planned shutdown work created a arc flash. Arc-rated ppe and isolation were not used. The reported outcome was severe burns to the face and hands. The pre-job checklist was incomplete.,1,,Unsafe Act,High,SIF,Maintenance Workshop,Mechanical,1.0,
Incident observation 949: Cleared a jam on a running conveyor during normal production created a machine entanglement. Lockout-tagout was not applied. The reported outcome was an amputation injury. The hazard was visible before work began.,1,,Unsafe Act,High,SIF,Maintenance Workshop,Mechanical,1.0,
Incident observation 289: Installed pipe supports during routine maintenance created a fall from an elevated work platform. Fall arrest lanyard was not connected. The reported outcome was multiple fractures and a serious head injury. The worker received a verbal reminder but continued.,1,original_trusted,,,,,,,
Worker asphyxiated in confined space - rescued unconscious. Worker entered storage tank. Oxygen depleted. Rescue team used SCBA. Worker found after 10 minutes. No pre-entry testing. Permit not obtained. Revived with oxygen.,1,,Unsafe Act,High,SIF,Storage Tank Area,Operations,1.0,
Rolling drum falling on worker - foot crushed. Drum not secured. Rolling drum from elevation. Worker in path. Worker not wearing steel-toe boots. Boots at locker - not worn. Amputation of toes.,1,,Unsafe Act,High,SIF,Drum Handling Area,Logistics,1.0,
"Unsafe work report: a worker reversed a forklift in a shared aisle during a night shift. The driver did not check the blind spot, creating a forklift contact event. Result: a crushed foot requiring treatment. The supervisor was not informed before the task started.",1,,Unsafe Act,Medium,SIF,Maintenance Area,Mechanical,1.0,
Incident observation 639: Continued operating a boiler above its limit while preparing equipment for service created a pressure-vessel overpressure. A safety interlock had been bypassed. The reported outcome was an explosion with life-threatening injuries. A safer method was available nearby.,1,original_trusted,,,,,,,
Incident observation 774: Welded beside a tank connection during a scheduled inspection created a flammable-vapour ignition. The hot-work permit and gas test were bypassed. The reported outcome was a flash fire with serious burns. The worker received a verbal reminder but continued.,1,,Unsafe Act,High,SIF,Maintenance Workshop,Mechanical,1.0,
Incident observation 754: Reversed a forklift in a shared aisle during a night shift created a forklift contact. The driver did not check the blind spot. The reported outcome was a crushed foot requiring treatment. A safer method was available nearby.,1,original_trusted,,,,,,,
Worker climbed into bin to clear obstruction. Conveyor started while inside. Leg caught - crushed. Conveyor not locked out. Worker not in communication with control room. No clear procedure for bin entry.,1,original_trusted,,,,,,,
Incident observation 1184: Worked below overhead lifting activity during material movement created a falling-object impact. The barricaded area was entered without authorization. The reported outcome was a serious head injury. The pre-job checklist was incomplete.,1,,Unsafe Act,High,SIF,Maintenance Workshop,Mechanical,1.0,
Incident observation 639: Continued operating a boiler above its limit while preparing equipment for service created a pressure-vessel overpressure. A safety interlock had been bypassed. The reported outcome was an explosion with life-threatening injuries. A safer method was available nearby.,1,,Unsafe Act,High,SIF,Maintenance Workshop,Mechanical,1.0,
Incident observation 39: Opened a pressurized acid line while preparing equipment for service created a chemical release. A face shield and chemical suit were not worn. The reported outcome was permanent eye damage and chemical burns. A safer method was available nearby.,1,original_trusted,,,,,,,
Incident observation 1269: Cleared a jam on a running conveyor during normal production created a machine entanglement. Lockout-tagout was not applied. The reported outcome was an amputation injury. The hazard was visible before work began.,1,original_trusted,,,,,,,
Incident observation 104: Drove a forklift carrying an oversized load during material movement created a mobile-equipment overturn. The load capacity and travel route were not checked. The reported outcome was serious crush injuries. The pre-job checklist was incomplete.,1,original_trusted,,,,,,,
Radiation source mishandled - worker exposed. Overexposure to industrial radiography source. Worker didn't use remote handling. Not qualified to handle source. Exposure limits exceeded. Medical monitoring required long-term.,1,,Unsafe Act,High,SIF,Radiography Area,QC Inspection,1.0,
Incident observation 174: Inspected a rotating shaft during a scheduled inspection created a rotating-equipment entanglement. The guard had been removed and equipment remained energized. The reported outcome was a severe arm injury. The worker received a verbal reminder but continued.,1,,Unsafe Act,High,SIF,Maintenance Workshop,Mechanical,1.0,
Pipe wrench slipped - worker fell off platform. Worker not using fall protection. Platform at 3 meters. Wrist and ankle fractures. Wrench not properly adjusted. Work surface slippery with oil.,1,reviewed_corrected_sif_1,,,,,,,
Incident observation 64: Worked below overhead lifting activity during material movement created a falling-object impact. The barricaded area was entered without authorization. The reported outcome was a serious head injury. The pre-job checklist was incomplete.,1,,Unsafe Act,High,SIF,Maintenance Workshop,Mechanical,1.0,
"Unsafe work report: a worker worked below overhead lifting activity during material movement. The barricaded area was entered without authorization, creating a falling-object impact event. Result: a serious head injury. The hazard was visible before work began.",1,original_trusted,,,,,,,
"During routine maintenance, a worker experienced fall from an elevated work platform after they installed pipe supports. Fall arrest lanyard was not connected. Outcome: multiple fractures and a serious head injury. The supervisor was not informed before the task started.",1,original_trusted,,,,,,,
Acid spill from damaged container in transit. Workers not wearing chemical suits. PPE available but not worn. Skin exposure caused chemical burns. Two workers hospitalized. Spill entered drain - environmental violation.,1,original_trusted,,,,,,,
Worker found unconscious in storage area - oxygen deficiency. Argon leak from piping. Worker entered without gas monitor. Low oxygen measured 15% after entry. Another worker found him. Resuscitated but brain damage.,1,,Unsafe Act,High,SIF,Storage Area,Operations,1.0,
Incident observation 834: Entered a vessel to inspect an internal valve during a night shift created a confined-space oxygen deficiency. The entry permit and atmosphere test were skipped. The reported outcome was loss of consciousness requiring emergency rescue. A safer method was available nearby.,1,original_trusted,,,,,,,
"Unsafe work report: a worker walked beneath a crane load while completing an urgent task. The exclusion zone was ignored, creating a suspended-load strike event. Result: a crushed leg requiring surgery. The worker received a verbal reminder but continued.",1,,Unsafe Act,High,SIF,Construction Zone,Projects,1.0,
Incident observation 889: Entered an unsupported trench during routine maintenance created a excavation collapse. Shoring and a safe-entry inspection were missing. The reported outcome was burial injuries and emergency extraction. The worker received a verbal reminder but continued.,1,original_trusted,,,,,,,
Incident observation 994: Entered a vessel to inspect an internal valve during a night shift created a confined-space oxygen deficiency. The entry permit and atmosphere test were skipped. The reported outcome was loss of consciousness requiring emergency rescue. A safer method was available nearby.,1,original_trusted,,,,,,,
Incident observation 184: Drove a forklift carrying an oversized load during material movement created a mobile-equipment overturn. The load capacity and travel route were not checked. The reported outcome was serious crush injuries. The pre-job checklist was incomplete.,1,original_trusted,,,,,,,
Incident observation 744: Drove a forklift carrying an oversized load during material movement created a mobile-equipment overturn. The load capacity and travel route were not checked. The reported outcome was serious crush injuries. The pre-job checklist was incomplete.,1,,Unsafe Act,High,SIF,Maintenance Workshop,Mechanical,1.0,
Incident observation 849: Installed pipe supports during routine maintenance created a fall from an elevated work platform. Fall arrest lanyard was not connected. The reported outcome was multiple fractures and a serious head injury. The worker received a verbal reminder but continued.,1,original_trusted,,,,,,,
Rotating equipment started while worker was cleaning. Worker's long hair caught in shaft. Scalped - severe injury. Equipment not locked out. Co-worker hit stop button by chance. No hair restraint used.,1,original_trusted,,,,,,,
Confined space communications failure - worker disoriented. Worker in tank - alone. Radio not functioning. No tender outside. Worker became confused in low oxygen. Self-rescue - but barely. Violated entry permit.,1,original_trusted,,,,,,,
Incident observation 564: Walked beneath a crane load while completing an urgent task created a suspended-load strike. The exclusion zone was ignored. The reported outcome was a crushed leg requiring surgery. The supervisor was not informed before the task started.,1,,Unsafe Act,High,SIF,Maintenance Workshop,Mechanical,1.0,
Incident observation 984: Drove a forklift carrying an oversized load during material movement created a mobile-equipment overturn. The load capacity and travel route were not checked. The reported outcome was serious crush injuries. The pre-job checklist was incomplete.,1,,Unsafe Act,High,SIF,Maintenance Workshop,Mechanical,1.0,
Incident observation 29: Raised a metal ladder near utility lines during normal production created a overhead-power-line contact. Minimum approach distance was not maintained. The reported outcome was electrical burns and cardiac arrest. The hazard was visible before work began.,1,,Unsafe Act,High,SIF,Maintenance Workshop,Mechanical,1.0,
Worker climbed on top of rail car to inspect. Fell 5 meters. Broken pelvis and rib. No fall protection used. Worker not trained for height work. Supervisor allowed unsafe practice. Medical evacuation required.,1,,Unsafe Act,High,SIF,Railway Loading Area,Operations Logistics,1.0,
Incident observation 224: Worked below overhead lifting activity during material movement created a falling-object impact. The barricaded area was entered without authorization. The reported outcome was a serious head injury. The pre-job checklist was incomplete.,1,,Unsafe Act,High,SIF,Maintenance Workshop,Mechanical,1.0,
"A worker entered an unsupported trench during routine maintenance, despite the fact that shoring and a safe-entry inspection were missing. The exposure involved excavation collapse, resulting in burial injuries and emergency extraction. The hazard was visible before work began.",1,original_trusted,,,,,,,
"Unsafe work report: a worker opened a pressurized acid line while preparing equipment for service. A face shield and chemical suit were not worn, creating a chemical release event. Result: permanent eye damage and chemical burns. The supervisor was not informed before the task started.",1,,Unsafe Act,High,SIF,Construction Zone,Projects,1.0,
Worker standing under suspended load. Sling broke - load dropped. Worker jumped but debris struck leg. Broken leg injury. Worker entered restricted area under load. Crane operator signaled danger but worker ignored.,1,,Unsafe Act,High,SIF,Lifting Area,Rigging Operations,1.0,
Steam line release in enclosed area - worker burned. Worker in pump room. Steam condensation released. Worker didn't hear warning. Burns to 30% body. Maintenance on line without proper lockout. Supervisor absent.,1,,Unsafe Act,High,SIF,Pump Room,Operations Mechanical,1.0,
Incident observation 9: Entered an unsupported trench during routine maintenance created a excavation collapse. Shoring and a safe-entry inspection were missing. The reported outcome was burial injuries and emergency extraction. The worker received a verbal reminder but continued.,1,original_trusted,,,,,,,
Hydrogen cylinder leaked near welding area. Explosion occurred. Two workers killed. Cylinder damaged during transport. Cylinder not properly secured. Welding sparks ignited gas. Multiple safety failures identified.,1,,Unsafe Act,High,SIF,Welding Area,Operations Mechanical,1.0,
Incident observation 884: Walked beneath a crane load while completing an urgent task created a suspended-load strike. The exclusion zone was ignored. The reported outcome was a crushed leg requiring surgery. The supervisor was not informed before the task started.,1,,Unsafe Act,High,SIF,Maintenance Workshop,Mechanical,1.0,
"During routine maintenance, a worker experienced excavation collapse after they entered an unsupported trench. Shoring and a safe-entry inspection were missing. Outcome: burial injuries and emergency extraction. The supervisor was not informed before the task started.",1,,Unsafe Act,High,SIF,Process Unit,Operations,1.0,
Incident observation 1059: Opened an energized switchboard during planned shutdown work created a arc flash. Arc-rated ppe and isolation were not used. The reported outcome was severe burns to the face and hands. The pre-job checklist was incomplete.,1,,Unsafe Act,High,SIF,Maintenance Workshop,Mechanical,1.0,
Incident observation 559: Continued operating a boiler above its limit while preparing equipment for service created a pressure-vessel overpressure. A safety interlock had been bypassed. The reported outcome was an explosion with life-threatening injuries. A safer method was available nearby.,1,,Unsafe Act,High,SIF,Maintenance Workshop,Mechanical,1.0,
Falling steel beam struck worker's helmet - concussed. Worker in path of crane. Beam fell from height. Worker not looking up. Warning given but worker not responding. Hard hat saved life - but severe concussion.,1,original_trusted,,,,,,,
Incident observation 24: Drove a forklift carrying an oversized load during material movement created a mobile-equipment overturn. The load capacity and travel route were not checked. The reported outcome was serious crush injuries. The pre-job checklist was incomplete.,1,,Unsafe Act,High,SIF,Maintenance Workshop,Mechanical,1.0,
Incident observation 464: Worked below overhead lifting activity during material movement created a falling-object impact. The barricaded area was entered without authorization. The reported outcome was a serious head injury. The pre-job checklist was incomplete.,1,,Unsafe Act,High,SIF,Maintenance Workshop,Mechanical,1.0,
Incident observation 1044: Walked beneath a crane load while completing an urgent task created a suspended-load strike. The exclusion zone was ignored. The reported outcome was a crushed leg requiring surgery. The supervisor was not informed before the task started.,1,,Unsafe Act,High,SIF,Maintenance Workshop,Mechanical,1.0,
Incident observation 619: Worked on a live steam line during planned shutdown work created a steam release. The line was not isolated and depressurized. The reported outcome was deep thermal burns. The pre-job checklist was incomplete.,1,original_trusted,,,,,,,
Pipe flange gasket failed - hot oil spray. Worker's face and hands severely burned. Worker not wearing face shield. PPE available but not used. Temperature 300°C - immediate severe burns.,1,original_trusted,,,,,,,
Caustic soda injection - worker's eyes exposed. Emergency shower used. But delayed. Vision affected. Worker not wearing goggles. Only safety glasses. Procedure required goggles. Chemical splashed from line. Permanent damage possible.,1,original_trusted,,,,,,,
Incident observation 234: Disconnected a pressurized hydraulic hose during a night shift created a high-pressure hose whip. Pressure was not isolated before disconnection. The reported outcome was facial fractures and a broken jaw. A safer method was available nearby.,1,,Unsafe Act,High,SIF,Maintenance Workshop,Mechanical,1.0,
"A worker raised a metal ladder near utility lines during normal production, despite the fact that minimum approach distance was not maintained. The exposure involved overhead-power-line contact, resulting in electrical burns and cardiac arrest. The supervisor was not informed before the task started.",1,original_trusted,,,,,,,
"While during normal production, a worker cleared a jam on a running conveyor. The unsafe act was that lockout-tagout was not applied. This led to machine entanglement; outcome was an amputation injury. The worker received a verbal reminder but continued.",1,original_trusted,,,,,,,
Incident observation 1014: Welded beside a tank connection during a scheduled inspection created a flammable-vapour ignition. The hot-work permit and gas test were bypassed. The reported outcome was a flash fire with serious burns. The worker received a verbal reminder but continued.,1,original_trusted,,,,,,,
Incident observation 114: Reversed a forklift in a shared aisle during a night shift created a forklift contact. The driver did not check the blind spot. The reported outcome was a crushed foot requiring treatment. A safer method was available nearby.,1,original_trusted,,,,,,,
"Two workers fell from mobile elevated work platform when platform tilted. Platform operated on uneven ground without outriggers deployed. Workers not wearing lanyards attached to anchor points. One spinal injury, other leg fracture.",1,,Unsafe Act,High,SIF,Tank Farm Area,Operations Maintenance,1.0,
Mobile crane outrigger on soft ground. Crane tipped during lift. Operator thrown from cab. Broken bones. Outrigger pads not used. Ground not assessed. Load within capacity but ground unstable.,1,original_trusted,,,,,,,
Incident observation 229: Cleared a jam on a running conveyor during normal production created a machine entanglement. Lockout-tagout was not applied. The reported outcome was an amputation injury. The hazard was visible before work began.,1,,Unsafe Act,High,SIF,Maintenance Workshop,Mechanical,1.0,
"While preparing equipment for service, a worker experienced pressure-vessel overpressure after they continued operating a boiler above its limit. A safety interlock had been bypassed. Outcome: an explosion with life-threatening injuries. The hazard was visible before work began.",1,original_trusted,,,,,,,
Incident observation 314: Disconnected a pressurized hydraulic hose during a night shift created a high-pressure hose whip. Pressure was not isolated before disconnection. The reported outcome was facial fractures and a broken jaw. A safer method was available nearby.,1,,Unsafe Act,High,SIF,Maintenance Workshop,Mechanical,1.0,
"Two workers fell from mobile elevated work platform when platform tilted. Platform operated on uneven ground without outriggers deployed. Workers not wearing lanyards attached to anchor points. One spinal injury, other leg fracture.",1,original_trusted,,,,,,,
Truck bed falling - worker crushed. Hydraulic system failed. No prop used. Worker underneath changing tires. Support system malfunctioning. Worker's chest crushed. CPR attempted - worker died. Preventable.,1,,Unsafe Act,High,SIF,Maintenance Shop,Transport Logistics,1.0,
Incident observation 914: Entered a vessel to inspect an internal valve during a night shift created a confined-space oxygen deficiency. The entry permit and atmosphere test were skipped. The reported outcome was loss of consciousness requiring emergency rescue. A safer method was available nearby.,1,original_trusted,,,,,,,
Incident observation 254: Inspected a rotating shaft during a scheduled inspection created a rotating-equipment entanglement. The guard had been removed and equipment remained energized. The reported outcome was a severe arm injury. The worker received a verbal reminder but continued.,1,,Unsafe Act,High,SIF,Maintenance Workshop,Mechanical,1.0,
Incident observation 1209: Entered an unsupported trench during routine maintenance created a excavation collapse. Shoring and a safe-entry inspection were missing. The reported outcome was burial injuries and emergency extraction. The worker received a verbal reminder but continued.,1,original_trusted,,,,,,,
Work at height - anchor point failed. Worker fell 6 meters. Suspension trauma but survived. Anchor not load rated. Non-certified anchor used. Worker trusted supervisor's direction. No fall arrest certification.,1,original_trusted,,,,,,,
Incident observation 944: Worked below overhead lifting activity during material movement created a falling-object impact. The barricaded area was entered without authorization. The reported outcome was a serious head injury. The pre-job checklist was incomplete.,1,original_trusted,,,,,,,
"During material movement, a worker experienced mobile-equipment overturn after they drove a forklift carrying an oversized load. The load capacity and travel route were not checked. Outcome: serious crush injuries. The worker received a verbal reminder but continued.",1,,Unsafe Act,High,SIF,Process Unit,Operations,1.0,
Incident observation 1189: Cleared a jam on a running conveyor during normal production created a machine entanglement. Lockout-tagout was not applied. The reported outcome was an amputation injury. The hazard was visible before work began.,1,original_trusted,,,,,,,
Incident observation 804: Walked beneath a crane load while completing an urgent task created a suspended-load strike. The exclusion zone was ignored. The reported outcome was a crushed leg requiring surgery. The supervisor was not informed before the task started.,1,original_trusted,,,,,,,
Incident observation 104: Drove a forklift carrying an oversized load during material movement created a mobile-equipment overturn. The load capacity and travel route were not checked. The reported outcome was serious crush injuries. The pre-job checklist was incomplete.,1,,Unsafe Act,High,SIF,Maintenance Workshop,Mechanical,1.0,
"During a night shift, a worker experienced forklift contact after they reversed a forklift in a shared aisle. The driver did not check the blind spot. Outcome: a crushed foot requiring treatment. The hazard was visible before work began.",1,original_trusted,,,,,,,
Incident observation 274: Reversed a forklift in a shared aisle during a night shift created a forklift contact. The driver did not check the blind spot. The reported outcome was a crushed foot requiring treatment. A safer method was available nearby.,1,,Unsafe Act,Medium,SIF,Loading Bay,Logistics,1.0,
Flammable liquid spilled on floor - not cleaned up immediately. Worker smoking in unauthorized area nearby. Cigarette ignited vapor. Worker's clothing caught fire. Second-degree burns. Smoking policy violated.,1,original_trusted,,,,,,,
Incident observation 269: Raised a metal ladder near utility lines during normal production created a overhead-power-line contact. Minimum approach distance was not maintained. The reported outcome was electrical burns and cardiac arrest. The hazard was visible before work began.,1,,Unsafe Act,High,SIF,Maintenance Workshop,Mechanical,1.0,
Incident observation 1259: Worked on a live steam line during planned shutdown work created a steam release. The line was not isolated and depressurized. The reported outcome was deep thermal burns. The pre-job checklist was incomplete.,1,original_trusted,,,,,,,
Worker standing under suspended load. Sling broke - load dropped. Worker jumped but debris struck leg. Broken leg injury. Worker entered restricted area under load. Crane operator signaled danger but worker ignored.,1,original_trusted,,,,,,,
Worker using defective jack - load fell. Pinched worker's hand. Amputation of fingers. Jack had known defects - not tagged out. Manager instructed continued use. Worker fearful of reporting.,1,original_trusted,,,,,,,
"While preparing equipment for service, a worker experienced chemical release after they opened a pressurized acid line. A face shield and chemical suit were not worn. Outcome: permanent eye damage and chemical burns. The hazard was visible before work began.",1,,Unsafe Act,High,SIF,Process Unit,Operations,1.0,
Hand injuries from press machine. Machine had two-hand controls bypassed. Worker using one-hand operation. Fingers crushed when die closed. Safety guards removed. Machine not properly safeguarded.,1,original_trusted,,,,,,,
