report_id,report_type,report_date,site,unit,activity,description_clean,sif_label,binary_sif,sif_probability,life_saving_rules,hazard_energy,barrier_failure,credible_consequence,recommended_action,evidence_text,status
OIL-UC-0101,unsafe conditions,02-08-2026,Duliajan Oilfield,Wellhead Cluster 4,Wellhead pressure monitoring,H2S gas detector alarm at wellhead cluster found set to silent/bypass mode during routine patrol; no work order raised to restore audible alarm.,High,1,0.64,Process Safety; Confined Space,Chemical/Process,Absent - audible gas alarm deliberately bypassed with no restoration order,"Undetected H2S release exposes crew to toxic gas without warning, potential fatality","Restore alarm immediately, investigate why it was bypassed, add bypass-detection check to daily patrol checklist",alarm ... found set to silent/bypass mode,Resolved
OIL-UC-0102,unsafe conditions,05-08-2026,Digboi Refinery,Crude Distillation Unit,Piping inspection,"External corrosion observed on a process piping elbow near CDU, insulation jacket torn and inspection tag shows date overdue by 6 months.",High,1,0.6,Process Safety,Chemical/Process,Degraded - mechanical integrity inspection overdue on a corroding pressure boundary,"Loss of containment of hydrocarbon under pressure, fire or toxic release",Schedule urgent NDT inspection of the elbow; review overdue inspection backlog for the unit,inspection tag shows date overdue by 6 months,Open
OIL-UC-0103,unsafe conditions,09-08-2026,Jorhat Operations,33kV Substation,Electrical maintenance walkdown,Cable gland at substation switchgear found cracked with visible insulation exposed; area not cordoned off or tagged out.,High,1,0.58,Energy Isolation,Electrical,Absent - no isolation or barricade around exposed live conductor,Arc-flash or electrocution to personnel passing near the switchgear,"Isolate and de-energize immediately, barricade area, replace gland before re-energizing",insulation exposed; area not cordoned off,Open
OIL-UC-0104,unsafe conditions,12-08-2026,Moran Oilfield,Mud Pit Platform,Mud circulation monitoring,"Guardrail section on mud pit platform (working height 2.2 m) missing after recent maintenance, no barricade or warning tape installed in its place.",High,1,0.53,Line of Fire,Gravity,Absent - fall-prevention barrier removed and not reinstated,"Fall from height into mud pit, drowning or fall-impact injury","Install temporary barricade now, reinstate guardrail before next shift, add post-maintenance handover checklist item",guardrail section ... missing ... no barricade or warning tape,Open
OIL-UC-0105,unsafe conditions,15-08-2026,Offshore Rig-04,Main Deck Crane,Heavy lift / material transfer,"Crane sling for the main deck lift showing frayed strands beyond the discard criteria in the rigging inspection log, still in active use.",Critical,1,0.71,Line of Fire; Lifting Operations,Mechanical (suspended load),Absent - defective rigging in service past discard criteria,"Sling failure drops suspended load onto deck crew, potential fatality","Stop the lift, quarantine and replace the sling immediately, audit all rigging gear against discard criteria",frayed strands beyond the discard criteria,Resolved
OIL-UC-0106,unsafe conditions,18-08-2026,Guwahati Pipeline Station,Valve Station 2,Cathodic protection monitoring,Cathodic protection rectifier at Valve Station 2 reading zero output for over a week; corrosion monitoring log shows no follow-up action logged.,Medium,1,0.36,Process Safety,Chemical/Process,Absent - corrosion-prevention barrier non-functional with no compensating inspection,Accelerated external corrosion leading to pipeline wall loss and eventual leak,"Repair rectifier urgently, run interim manual corrosion survey, escalate to pipeline integrity team",reading zero output for over a week,Open
OIL-UC-0107,unsafe conditions,21-08-2026,Duliajan Oilfield,Produced Water Tank,Confined space entry preparation,Confined space entry permit for produced water tank cleaning issued without a documented gas test result in the last 2 hours as required by procedure.,High,1,0.55,Confined Space; Work Authorisation,Chemical/Process,Degraded - permit approval process bypassed the mandatory gas-test verification step,"Entry into an unverified atmosphere, asphyxiation or toxic exposure","Halt entry, perform gas test immediately, reissue permit only after verified reading, retrain permit issuers",issued without a documented gas test result,Open
OIL-UC-0108,unsafe conditions,24-08-2026,Digboi Refinery,Flare Stack Area,Flare system monitoring,Flare pilot light monitoring camera at the refinery flare stack found non-functional for 5 days; control room relying on periodic visual walk-checks only.,Medium,1,0.31,Process Safety,Thermal,Degraded - continuous pilot-monitoring barrier replaced by infrequent manual checks,Undetected flare-out allows unburned flammable gas release to atmosphere,"Repair monitoring camera, increase interim visual-check frequency, log compensating measure in shift handover",camera ... found non-functional for 5 days,Open
OIL-UC-0109,unsafe conditions,27-08-2026,Jorhat Operations,Forklift Battery Charging Bay,Battery charging,Forklift battery charging bay found with charging in progress despite the ventilation extractor fan being switched off due to a tripped breaker.,Medium,1,0.34,Energy Isolation,Chemical/Process (hydrogen off-gas),Absent - ventilation control not functioning during an active charging operation,"Hydrogen off-gas accumulation in an unventilated bay, explosion risk from a stray spark","Stop charging until ventilation restored, reset/repair breaker, add ventilation-status check to charging SOP",ventilation extractor fan being switched off,Resolved
OIL-UC-0110,unsafe conditions,30-08-2026,Moran Oilfield,Drilling Rig Floor,Blowout preventer readiness check,"BOP (blowout preventer) function test at the drilling rig found overdue against the scheduled interval, well continuing to be drilled without the test being performed.",Critical,1,0.74,Process Safety; Well Control,Chemical/Process (well pressure),Absent - critical well-control barrier readiness unverified while operations continue,"BOP failure during a well-control event leads to uncontrolled blowout, fire, and multiple fatalities","Suspend drilling, perform BOP function test immediately, do not resume until verified pass",function test ... found overdue ... drilled without the test being performed,Open
OIL-UC-0111,unsafe conditions,10-01-2026,Duliajan Oilfield,Wellpad 12,Well testing,Pressure gauge on wellhead choke manifold found with cracked glass face and no isolation valve tested in past 6 months.,High,1,0.56,Process Safety,Mechanical/Pressure,Degraded - gauge integrity untested,Gauge failure masks true wellhead pressure leading to overpressure event,Replace gauge and test isolation valve immediately,cracked glass face,Open
OIL-UC-0112,unsafe conditions,15-01-2026,Duliajan Oilfield,Separator Station,Oil-water separation,"Relief valve on production separator found rusted shut during walkdown, unable to lift when manually tested.",Critical,1,0.7,Process Safety,Mechanical/Pressure,Absent - relief valve non-functional,Separator overpressure causing vessel rupture,Isolate and replace relief valve before restart,rusted shut ... unable to lift,Open
OIL-UC-0113,unsafe conditions,20-01-2026,Digboi Refinery,Hydrocracker Unit,Catalyst handling,Nitrogen purge line for catalyst regeneration found with a damaged check valve allowing possible backflow of hydrocarbon vapor.,High,1,0.52,Process Safety,Chemical/Process,Degraded - backflow prevention barrier damaged,Hydrocarbon vapor ingress into nitrogen system causing explosive atmosphere,Replace check valve and pressure-test purge line,damaged check valve allowing possible backflow,Resolved
OIL-UC-0114,unsafe conditions,25-01-2026,Digboi Refinery,Tank Farm,Product blending,Static electricity bonding cable at the blending manifold found disconnected at one end.,High,1,0.5,Energy Isolation; Static Control,Electrical (static),Absent - bonding continuity broken,Static discharge ignites flammable vapor during blending,Reconnect and test bonding cable before next blend,bonding cable ... found disconnected,Open
OIL-UC-0115,unsafe conditions,30-01-2026,Jorhat Operations,Workshop,Grinding operation,Grinding wheel guard on bench grinder found removed; operator observed working without eye protection nearby.,Medium,1,0.3,Line of Fire,Mechanical,Absent - machine guard removed,Flying debris or wheel fragment injury to eyes/face,Reinstall guard immediately and stop use until fixed,guard ... found removed,Open
OIL-UC-0116,unsafe conditions,04-02-2026,Jorhat Operations,Diesel Generator Yard,Backup power testing,Diesel generator exhaust routed close to a flammable material storage shed with less than 1 m clearance.,Medium,1,0.33,Process Safety,Thermal,Absent - safe separation distance not maintained,Hot exhaust ignites stored flammable material,Relocate storage or reroute exhaust to meet clearance standard,less than 1 m clearance,Open
OIL-UC-0117,unsafe conditions,09-02-2026,Moran Oilfield,Rig Substructure,Rig up activity,Scaffold plank on rig substructure found split and taped over rather than replaced.,High,1,0.48,Line of Fire,Gravity,Degraded - structural integrity of working platform compromised,Plank failure causes fall from height,"Replace plank, inspect full scaffold before further use",split and taped over rather than replaced,Resolved
OIL-UC-0118,unsafe conditions,14-02-2026,Moran Oilfield,Mud Logging Cabin,Gas monitoring,Combustible gas detector inside mud logging cabin showing 'sensor fault' error for over 24 hours with no replacement sensor requested.,High,1,0.51,Process Safety,Chemical/Process,Absent - gas detection barrier down inside occupied cabin,Undetected gas influx into occupied space,"Replace sensor urgently, evacuate cabin if fault persists",sensor fault' error for over 24 hours,Open
OIL-UC-0119,unsafe conditions,19-02-2026,Offshore Rig-04,Helideck,Helicopter operations,Helideck firefighting foam monitor found with expired inspection tag and low foam concentrate level.,Critical,1,0.65,Emergency Response,Thermal,Absent - firefighting readiness barrier compromised on helideck,Inadequate fire response during a helicopter incident,Refill foam concentrate and recertify monitor before next flight ops,expired inspection tag and low foam concentrate level,Open
OIL-UC-0120,unsafe conditions,24-02-2026,Offshore Rig-04,Mud Pump Room,Mud pumping,Mud pump room ventilation fan found seized; room temperature significantly elevated during operation.,Medium,1,0.29,Process Safety,Thermal,Degraded - ventilation control not functioning,Heat stress to personnel and potential vapor accumulation,"Repair fan, implement interim heat-stress monitoring",ventilation fan found seized,Open
OIL-UC-0121,unsafe conditions,01-03-2026,Guwahati Pipeline Station,Pig Launcher,Pigging operation,"Pig launcher pressure gauge and vent valve found with no recent calibration record, launcher opened without confirming zero pressure via a second method.",Critical,1,0.6,Process Safety; Energy Isolation,Mechanical/Pressure,Absent - independent pressure verification barrier missing,Launcher opened under residual pressure ejecting components at high energy,"Halt pigging operations, calibrate gauge, mandate dual verification before opening",opened without confirming zero pressure via a second method,Resolved
OIL-UC-0122,unsafe conditions,06-03-2026,Guwahati Pipeline Station,Metering Skid,Custody transfer metering,"Metering skid enclosure found with door interlock defeated using tape, allowing access while skid was energized.",Medium,1,0.35,Energy Isolation,Electrical,Absent - interlock defeated,Contact with energized components during access,"Remove tape, repair interlock, disable access until barrier restored",door interlock defeated using tape,Open
OIL-UC-0123,unsafe conditions,11-03-2026,Duliajan Oilfield,Flowline Right-of-Way,Flowline inspection,"Flowline right-of-way found with unauthorized excavation by a third party within 5 m of the pipeline, no OIL representative present.",High,1,0.49,Process Safety,Mechanical/Gravity,Absent - third-party encroachment control not enforced,Excavation strikes live flowline causing rupture,"Stop excavation, notify pipeline integrity team, enforce ROW monitoring",unauthorized excavation ... within 5 m,Open
OIL-UC-0124,unsafe conditions,16-03-2026,Duliajan Oilfield,Gas Compressor Station,Compression operation,"Compressor vibration monitoring system alarm disabled by operator to avoid nuisance trips during a difficult startup, not re-enabled after startup completed.",High,1,0.5,Process Safety,Mechanical,Absent - vibration protection barrier disabled and not restored,Undetected mechanical failure leads to catastrophic compressor failure,"Re-enable alarm immediately, review procedure for temporary alarm suppression",disabled ... not re-enabled after startup completed,Open
OIL-UC-0125,unsafe conditions,21-03-2026,Digboi Refinery,Boiler House,Steam generation,Boiler safety valve test overdue by 3 months; boiler continues to operate at full pressure.,Critical,1,0.68,Process Safety,Thermal/Pressure,Absent - overpressure protection unverified,Boiler overpressure causing explosion,"Schedule immediate safety valve test, reduce operating pressure as interim measure",test overdue by 3 months,Resolved
OIL-UC-0126,unsafe conditions,26-03-2026,Digboi Refinery,Effluent Treatment Plant,Wastewater handling,Handrail around the aeration tank at ETP found corroded through in one section.,Medium,1,0.31,Line of Fire,Gravity,Degraded - fall protection barrier weakened,Worker falls into aeration tank,Cordon area and replace corroded handrail section,corroded through in one section,Open
OIL-UC-0127,unsafe conditions,31-03-2026,Jorhat Operations,Fuel Storage Depot,Drum storage,Flammable liquid drums stored in the open yard without secondary containment or spill berm.,Medium,1,0.3,Process Safety,Chemical/Process,Absent - spill containment barrier absent,Uncontrolled spill spreads and finds an ignition source,Relocate drums to bunded storage area,without secondary containment or spill berm,Open
OIL-UC-0128,unsafe conditions,05-04-2026,Jorhat Operations,Vehicle Workshop,Vehicle jacking/lifting,Vehicle lift found operating past its annual load-test certification date with no re-test scheduled.,Medium,1,0.28,Line of Fire,Gravity,Degraded - lifting equipment certification lapsed,"Lift failure while vehicle raised, causes crush injury",Withdraw lift from service until re-tested and certified,past its annual load-test certification date,Open
OIL-UC-0129,unsafe conditions,10-04-2026,Moran Oilfield,Wellhead Area,Snubbing operation,"Snubbing unit anchor bolts found loose during pre-job inspection, job proceeding on schedule without torque re-check.",Critical,1,0.66,Line of Fire; Well Control,Mechanical,Absent - equipment anchoring barrier compromised before high-energy operation,Snubbing unit shifts under load causing well-control loss,"Halt job, torque and verify all anchor bolts before resuming",anchor bolts found loose ... proceeding ... without torque re-check,Resolved
OIL-UC-0130,unsafe conditions,15-04-2026,Moran Oilfield,Camp Site,Diesel storage,Diesel storage tank at field camp found without a fire extinguisher within the mandated 15 m radius.,Low,0,0.15,Emergency Response,Thermal,Absent - fire response equipment missing at storage point,Delayed fire response to a diesel storage fire,Place a rated extinguisher at the storage point immediately,without a fire extinguisher within the mandated 15 m radius,Open
OIL-UC-0131,unsafe conditions,20-04-2026,Offshore Rig-04,Accommodation Module,Fire safety systems,"Smoke detector in accommodation corridor found covered with tape, apparently to stop false alarms.",Medium,1,0.33,Emergency Response,Thermal,Absent - fire detection barrier defeated,Delayed fire detection in occupied living quarters,"Remove tape, test detector, investigate root cause of nuisance alarms",covered with tape,Open
OIL-UC-0132,unsafe conditions,25-04-2026,Offshore Rig-04,Moon Pool Area,ROV operations,"Moon pool guard grating found with a missing panel section, unguarded opening over open water.",High,1,0.47,Line of Fire,Gravity,Absent - fall/drop-through barrier missing,Personnel fall through opening into moon pool,"Cordon area, install temporary cover, replace grating panel","missing panel section, unguarded opening",Open
OIL-UC-0133,unsafe conditions,30-04-2026,Guwahati Pipeline Station,SCADA Control Room,Remote monitoring,"SCADA leak-detection software flagged as running on an unsupported, unpatched version for over a year.",Medium,1,0.32,Process Safety,Chemical/Process,Degraded - software-based detection barrier unmaintained,Delayed or missed leak detection alerts,Prioritize SCADA software update and patch cycle,"unsupported, unpatched version for over a year",Resolved
OIL-UC-0134,unsafe conditions,05-05-2026,Guwahati Pipeline Station,Block Valve Station,Emergency shutdown testing,"Remote-operated block valve failed to close fully during scheduled ESD test, left in partially open position afterward.",Critical,1,0.62,Process Safety,Mechanical/Pressure,Absent - emergency isolation barrier confirmed non-functional,Inability to isolate pipeline section during a real emergency,"Repair valve immediately, do not consider station ESD-ready until re-tested",failed to close fully ... left in partially open position,Open
OIL-UC-0135,unsafe conditions,10-05-2026,Duliajan Oilfield,Central Tank Farm,Tank gauging,"Tank overfill protection (independent high-high level switch) on Tank 3 found bypassed with a jumper wire during a previous maintenance activity, not removed.",Critical,1,0.7,Process Safety,Chemical/Process,Absent - independent overfill barrier bypassed and left in place,"Tank overfill during filling operation, spill and vapor cloud formation","Remove jumper immediately, verify switch function, audit all tanks for similar bypasses",bypassed with a jumper wire ... not removed,Open
OIL-UC-0136,unsafe conditions,15-05-2026,Duliajan Oilfield,Access Road,Heavy vehicle movement,"Access road to Wellpad 7 has a washed-out culvert crossing after recent rain, heavy vehicles continuing to use the route.",Medium,1,0.3,Safe Driving,Gravity,Absent - safe route control not enforced after ground condition change,Vehicle rollover or collapse of crossing under load,"Close route to heavy vehicles until repaired, arrange alternate route",washed-out culvert crossing ... vehicles continuing to use the route,Open
OIL-UC-0137,unsafe conditions,20-05-2026,Digboi Refinery,LPG Bottling Plant,Cylinder filling,"LPG cylinder filling scale found reading inconsistently, operators compensating by filling 'by feel' rather than recalibrating.",High,1,0.45,Process Safety,Chemical/Process,Degraded - fill-quantity control barrier unreliable,Overfilled cylinders create overpressure/BLEVE risk downstream,"Stop filling line, recalibrate scale before resuming",reading inconsistently ... filling 'by feel',Resolved
OIL-UC-0138,unsafe conditions,25-05-2026,Digboi Refinery,Cooling Tower,Water treatment,"Cooling tower access platform found with algae buildup making the walking surface visibly slippery, no anti-slip treatment applied.",Low,0,0.14,Line of Fire,Gravity,Degraded - walking-surface condition control lapsed,Slip and fall from elevated platform,"Clean surface and apply anti-slip coating, add to routine cleaning schedule",algae buildup making the walking surface visibly slippery,Open
OIL-UC-0139,unsafe conditions,30-05-2026,Jorhat Operations,Warehouse,Material storage,"Pallet racking at the warehouse found with a bent support beam on the second level, no inspection or load-reduction action taken.",Medium,1,0.34,Line of Fire,Gravity,Degraded - structural storage integrity compromised,Racking collapse drops stored material onto personnel below,"Reduce load on affected bay, schedule structural inspection",bent support beam ... no inspection or load-reduction action taken,Open
OIL-UC-0140,unsafe conditions,04-06-2026,Jorhat Operations,Compressed Gas Store,Cylinder storage,Oxygen and acetylene cylinders found stored together in the same cage without the required separation distance.,Medium,1,0.3,Process Safety,Chemical/Process,Absent - incompatible-material segregation barrier not maintained,Fire/explosion risk from oxygen-fuel gas proximity,"Separate cylinders immediately per storage code, retrain store staff",stored together in the same cage without the required separation,Open
OIL-UC-0141,unsafe conditions,09-06-2026,Moran Oilfield,Well Test Separator,Well testing,Well test separator pressure relief discharge line found routed toward an occupied walkway rather than to a safe location.,High,1,0.46,Process Safety,Mechanical/Pressure,Absent - safe discharge routing not provided,Relief discharge sprays personnel in walkway during a pressure event,Reroute discharge line to a safe/designated area before further testing,discharge line found routed toward an occupied walkway,Resolved
OIL-UC-0142,unsafe conditions,14-06-2026,Moran Oilfield,Fuel Tank Truck Bay,Tanker unloading,Tanker unloading bay found without a wheel chock in use while hose connection was in progress.,Medium,1,0.27,Line of Fire,Mechanical Motion,Absent - vehicle-movement control not applied during connected operation,"Tanker rolls during unloading, hose rupture and product release",Enforce wheel-chock use as mandatory pre-connection step,without a wheel chock in use while hose connection was in progress,Open
OIL-UC-0143,unsafe conditions,19-06-2026,Offshore Rig-04,Life Boat Station,Emergency preparedness,"Lifeboat davit found with a hydraulic fluid leak, lowering mechanism response noticeably slower than normal during routine drill.",High,1,0.44,Emergency Response,Mechanical,Degraded - emergency evacuation equipment reliability compromised,Delayed or failed lifeboat launch during a real emergency,"Repair hydraulic leak, re-test davit before certifying readiness",hydraulic fluid leak ... lowering mechanism ... slower than normal,Open
OIL-UC-0144,unsafe conditions,24-06-2026,Offshore Rig-04,Drill Floor,Pipe handling,"Pipe handling elevator latch found not engaging fully on inspection, crew reported compensating manually.",High,1,0.5,Line of Fire,Mechanical/Gravity,Degraded - load-holding barrier on lifting equipment unreliable,Dropped drill pipe onto drill floor personnel,"Stop pipe handling, repair or replace elevator before resuming operations",latch found not engaging fully ... compensating manually,Open
OIL-UC-0145,unsafe conditions,29-06-2026,Guwahati Pipeline Station,Fire Water System,Fire protection,"Fire water pump found in 'manual only' mode with auto-start disabled, no compensating watch posted.",Critical,1,0.6,Emergency Response,Thermal,Absent - automatic fire response barrier disabled,Delayed fire water availability during an incipient fire,Restore auto-start mode immediately or post continuous watch until restored,"auto-start disabled, no compensating watch posted",Resolved
OIL-UC-0146,unsafe conditions,04-07-2026,Guwahati Pipeline Station,Perimeter Fence,Site security,"Section of perimeter fence near the valve station found breached, unrestricted access to a high-pressure area.",Medium,1,0.29,Process Safety,Mechanical/Pressure,Absent - physical access control barrier breached,Unauthorized/uncontrolled access to high-energy equipment,Repair fence and increase patrol frequency until restored,section of perimeter fence ... found breached,Open
OIL-UC-0147,unsafe conditions,09-07-2026,Duliajan Oilfield,Wellpad 9,Artificial lift operation,"Sucker rod pumping unit counterweight guard found missing, unit continuing to operate in automatic mode.",High,1,0.48,Line of Fire,Mechanical,Absent - moving-machinery guard missing on operating equipment,Contact injury from moving counterweight,Stop unit and reinstall guard before restarting,counterweight guard found missing ... continuing to operate,Open
OIL-UC-0148,unsafe conditions,14-07-2026,Duliajan Oilfield,Chemical Injection Skid,Corrosion inhibitor injection,"Chemical injection skid found with a leaking pump seal, corrosion inhibitor pooling on the skid deck without secondary containment.",Medium,1,0.28,Process Safety,Chemical/Process,Degraded - containment barrier ineffective for leaking equipment,"Chemical exposure to personnel, slip hazard, environmental release","Repair seal, clean spill, verify containment tray drains are functional",pooling on the skid deck without secondary containment,Open
OIL-UC-0149,unsafe conditions,19-07-2026,Digboi Refinery,Nitrogen Generation Plant,Inert gas supply,"Confined space warning signage at nitrogen plant vessel entry found faded and illegible, no interim signage posted.",Medium,1,0.31,Confined Space,Chemical/Process,Degraded - hazard communication barrier ineffective,Personnel enter an oxygen-deficient space without adequate warning,"Replace signage immediately, verify all confined space entries are additionally covered by permit",signage ... found faded and illegible,Resolved
OIL-UC-0150,unsafe conditions,24-07-2026,Digboi Refinery,Hydrogen Unit,Hydrogen compression,Hydrogen leak detection tape near a compressor flange found discolored (indicating a past leak) but no corrective work order raised.,High,1,0.53,Process Safety,Chemical/Process,Degraded - leak indication observed but not acted upon,Recurrence of hydrogen leak near an ignition-prone compressor area,"Raise a work order immediately, inspect flange, monitor with a gas detector until repaired",tape ... found discolored ... no corrective work order raised,Open
OIL-UC-0151,unsafe conditions,29-07-2026,Jorhat Operations,Fire Station,Emergency response readiness,"Fire tender at Jorhat operations found with hydraulic pump pressure below operational minimum, vehicle still listed as 'ready' on the readiness board.",Critical,1,0.63,Emergency Response,Thermal,Absent - emergency response asset readiness misrepresented,Inadequate firefighting capability dispatched during a real emergency,"Correct readiness board immediately, repair pump, verify before next shift",pressure below operational minimum ... still listed as 'ready',Open
OIL-UC-0152,unsafe conditions,03-08-2026,Jorhat Operations,Training Center,Safety training facility,Fire extinguisher training rig at the training center found with an expired propane cylinder used for live-fire demonstrations.,Medium,1,0.27,Emergency Response,Thermal,Degraded - training equipment maintenance lapsed,Uncontrolled flare-up during a training demonstration,Replace cylinder and verify certification before next training session,expired propane cylinder used for live-fire demonstrations,Open
OIL-UC-0153,unsafe conditions,08-08-2026,Moran Oilfield,Cementing Unit,Well cementing operation,"Cementing unit high-pressure hose found with a visible bulge near the coupling, unit continuing pumping operations.",Critical,1,0.67,Line of Fire; Process Safety,Mechanical/Pressure,Absent - pressure-containment integrity of hose compromised during active pumping,Hose rupture under pressure causes whip/spray injury to crew,"Stop pumping immediately, replace hose before resuming",visible bulge near the coupling ... continuing pumping operations,Resolved
OIL-UC-0154,unsafe conditions,13-08-2026,Moran Oilfield,Generator Shed,Power generation,"Generator shed found with accumulated oily rags near the exhaust manifold, no spontaneous-combustion housekeeping check performed.",Medium,1,0.26,Process Safety,Thermal,Absent - housekeeping/ignition-source control lapsed,Spontaneous combustion of oily rags near a hot exhaust,"Remove rags, implement daily housekeeping check near hot equipment",accumulated oily rags near the exhaust manifold,Open
OIL-UC-0155,unsafe conditions,18-08-2026,Offshore Rig-04,Ballast Control Room,Rig stability management,"Ballast control system alarm for tank level deviation found silenced by operator during a busy period, not reactivated after the period ended.",Critical,1,0.6,Process Safety,Gravity/Mechanical,Absent - stability-monitoring barrier silenced and not restored,Undetected ballast imbalance affecting rig stability,"Reactivate alarm immediately, review procedure for temporary alarm silencing",silenced by operator ... not reactivated after the period ended,Open
OIL-UC-0156,unsafe conditions,23-08-2026,Offshore Rig-04,Chemical Storage Container,Drilling fluid additives,"Chemical storage container on deck found with door seal damaged, allowing seawater ingress observed pooling around drums.",Medium,1,0.28,Process Safety,Chemical/Process,Degraded - container integrity barrier compromised,Corrosion/reaction risk from water contact with stored chemicals,"Repair seal, relocate affected drums, inspect for damage",seawater ingress observed pooling around drums,Open
OIL-UC-0157,unsafe conditions,28-08-2026,Guwahati Pipeline Station,Odorization Skid,Gas odorization,"Odorant injection pump found with output significantly below the calibrated rate, gas odor levels downstream noted as 'faint' by field crew.",High,1,0.46,Process Safety,Chemical/Process,Degraded - leak-warning barrier (odorization) underperforming,Gas leak downstream goes undetected by smell due to insufficient odorant,"Recalibrate/repair injection pump, verify odor levels at multiple downstream points",output significantly below the calibrated rate,Resolved
OIL-UC-0158,unsafe conditions,02-09-2026,Guwahati Pipeline Station,Control Room,Alarm management,"Control room alarm system found with over 40 standing/unacknowledged alarms accumulated, operators reportedly no longer reviewing individual alarms.",High,1,0.5,Process Safety,Chemical/Process,Degraded - alarm-response barrier ineffective due to alarm flooding,Critical alarm missed among the backlog during an actual upset,"Clear and triage the standing alarm backlog, implement alarm rationalization review",over 40 standing/unacknowledged alarms accumulated,Open
OIL-UC-0159,unsafe conditions,07-09-2026,Duliajan Oilfield,Explosives/Perforating Store,Well perforation prep,Perforating gun storage magazine found with the required lightning protection grounding strap disconnected.,Critical,1,0.66,Process Safety,Electrical,Absent - lightning-strike protection barrier disconnected on an explosives store,"Lightning strike initiates explosives, catastrophic event","Reconnect grounding strap immediately, verify continuity, restrict storage use until confirmed",lightning protection grounding strap disconnected,Open
OIL-UC-0160,unsafe conditions,19-07-2026,Duliajan Oilfield,Produced Water Reinjection Well,Water injection,"Reinjection wellhead pressure relief system found with the relief line outlet blocked by dried sediment, discovered during routine test.",High,1,0.5,Process Safety,Mechanical/Pressure,Absent - relief pathway obstructed,"Overpressure at reinjection wellhead unable to relieve, potential equipment failure","Clear blockage immediately, implement periodic relief-line flow test",relief line outlet blocked by dried sediment,Open
OIL-UC-0200,unsafe conditions,01-03-2026,Duliajan Oilfield,Admin Office,General housekeeping,"Fire exit route in the admin building found partially obstructed by stacked stationery boxes, exit door itself unobstructed and functional.",Low,0,0.12,Emergency Response,None/Low,Degraded - egress clearance reduced but exit remains usable,Minor delay evacuating during an office-only fire,Clear boxes and mark clearance zone,partially obstructed by stacked stationery boxes,Resolved
OIL-UC-0201,unsafe conditions,04-03-2026,Digboi Refinery,Canteen,Food service area,"Canteen floor near the beverage counter found with a small water spill, no wet-floor sign placed for about 10 minutes before being noticed.",Low,0,0.1,Line of Fire,Gravity (minor),Degraded - slip warning delayed,Minor slip injury in a low-traffic non-process area,"Place wet-floor signage promptly, add spot-check to canteen routine","small water spill, no wet-floor sign",Open
OIL-UC-0202,unsafe conditions,07-03-2026,Jorhat Operations,Office Corridor,General facility upkeep,"Ceiling tile in the administrative corridor found slightly discolored from a past minor roof leak, no active leak observed and area is non-electrical.",Low,0,0.08,,,Functioning - no active hazard,"Cosmetic issue only, low likelihood of any injury",Replace tile during next maintenance cycle,slightly discolored from a past minor roof leak,Open
OIL-UC-0203,unsafe conditions,10-03-2026,Moran Oilfield,Break Room,Rest area,Break room noticeboard found with an outdated safety poster still displayed alongside current ones.,Low,0,0.05,,,Degraded - minor communication clutter,"Negligible, potential minor confusion only",Remove outdated poster at next review,outdated safety poster still displayed,Open
OIL-UC-0204,unsafe conditions,13-03-2026,Offshore Rig-04,Recreation Room,Crew welfare,"Recreation room chair found with a slightly loose leg, wobble noted but not a fall risk during normal use.",Low,0,0.07,,Gravity (minimal),Degraded - minor equipment wear,"Negligible, minor discomfort only",Repair or replace chair during routine maintenance,"slightly loose leg, wobble noted",Resolved
OIL-UC-0205,unsafe conditions,16-03-2026,Guwahati Pipeline Station,Visitor Reception,Administrative area,"Visitor sign-in register found with several entries missing the mandatory safety induction checkbox, though inductions were verbally confirmed by staff.",Low,0,0.09,Work Authorisation,,Degraded - documentation completeness lapse,"Negligible, an administrative gap rather than a live hazard",Retrain reception staff on register completion,missing the mandatory safety induction checkbox,Open
OIL-UC-0206,unsafe conditions,19-03-2026,Duliajan Oilfield,Store Room,Inventory storage,Non-hazardous spare parts store found with boxes stacked slightly above the recommended height line marked on the wall.,Low,0,0.11,Line of Fire,Gravity (minor),Degraded - storage height guideline not followed,Minor risk of a box falling from a low stack,Restack to marked height line,stacked slightly above the recommended height line,Open
OIL-UC-0207,unsafe conditions,22-03-2026,Digboi Refinery,Landscaped Area,Grounds maintenance,Garden hose left across a low-traffic pedestrian path near the landscaped area outside the main gate.,Low,0,0.06,Line of Fire,Gravity (trip),Degraded - minor trip hazard in a non-operational area,"Minor trip, low likelihood of significant injury",Coil and store hose after use,hose left across a low-traffic pedestrian path,Open
OIL-UC-0208,unsafe conditions,25-03-2026,Jorhat Operations,Two-Wheeler Parking,Employee parking,"Employee two-wheeler parking area found with uneven gravel surface in one corner, away from vehicle movement paths.",Low,0,0.08,,Gravity (minor),Degraded - surface maintenance lapse in low-risk area,"Minor stumble, unlikely to cause significant injury",Level gravel during next grounds maintenance,uneven gravel surface in one corner,Resolved
OIL-UC-0209,unsafe conditions,28-03-2026,Moran Oilfield,Laundry Room,Camp facilities,Camp laundry room found with a lint buildup inside the dryer vent noted during a routine facilities check.,Low,0,0.13,Process Safety (minor),Thermal (minor),Degraded - routine maintenance overdue on a low-energy appliance,Low-likelihood minor fire risk in a domestic-scale appliance,Schedule dryer vent cleaning,lint buildup inside the dryer vent,Open
OIL-UC-0210,unsafe conditions,31-03-2026,Offshore Rig-04,Utility Room,Crew welfare,"Utility room shelf found slightly overloaded with cleaning supplies, within the room's overall weight capacity.",Low,0,0.05,,Gravity (minimal),Functioning - within capacity despite appearing full,Negligible,Redistribute items for tidiness,slightly overloaded with cleaning supplies,Open
OIL-UC-0211,unsafe conditions,03-04-2026,Guwahati Pipeline Station,Bicycle Shed,Facility upkeep,"Bicycle shed roof found with a minor rust patch, no leak or structural concern identified.",Low,0,0.04,,,Functioning,"Cosmetic, negligible",Monitor at next facility inspection,"minor rust patch, no leak or structural concern",Open
OIL-UC-0212,unsafe conditions,06-04-2026,Duliajan Oilfield,HSE Notice Board,Communication,HSE notice board found with the monthly safety statistics poster one week overdue for update.,Low,0,0.06,,,Degraded - communication cadence lapse,"Negligible, informational gap only",Update poster and set calendar reminder,one week overdue for update,Resolved
OIL-UC-0213,unsafe conditions,09-04-2026,Digboi Refinery,Admin Parking Lot,Vehicle parking,Admin building parking lot found with faded lane-marking paint in the visitor section.,Low,0,0.07,Safe Driving (minor),Mechanical Motion (minor),Degraded - visual guidance faded in low-speed area,Minor risk of parking misjudgment at low speed,Repaint lane markings at next facility upkeep cycle,faded lane-marking paint in the visitor section,Open
OIL-UC-0214,unsafe conditions,12-04-2026,Jorhat Operations,Security Gate,Site access,"Security gate logbook found with a pen missing, guard used a personal pen to maintain the log without interruption.",Low,0,0.03,,,Functioning - log maintained despite minor supply gap,Negligible,Restock stationery at gate,pen missing ... used a personal pen,Open
OIL-UC-0215,unsafe conditions,15-04-2026,Moran Oilfield,Drying Yard,Equipment drying area,"Small puddle of rainwater found in the equipment drying yard, away from any electrical or process equipment.",Low,0,0.05,Line of Fire (minor),Gravity (minor),Functioning - no hazardous interaction present,"Negligible, minor slip risk only","Allow natural drainage, monitor after heavy rain",small puddle of rainwater ... away from any electrical or process equipment,Open
OIL-UC-0216,unsafe conditions,18-04-2026,Digboi Refinery,Amine Regeneration Unit,H2S stripping,Amine unit H2S monitoring system found completely offline for 2 days with no interim monitoring plan implemented.,Critical,1,0.72,Process Safety,Chemical/Process,Absent - toxic gas detection barrier fully down with no compensating measure,Undetected H2S release causing fatality risk to personnel,Shut down unit until monitoring restored or deploy portable detectors immediately,monitoring system found completely offline for 2 days,Resolved
OIL-UC-0217,unsafe conditions,21-04-2026,Duliajan Oilfield,High Pressure Gas Well,Gas well testing,"High-pressure gas well choke manifold found with two of three isolation valves seized open, unable to isolate well in an emergency.",Critical,1,0.75,Process Safety; Well Control,Mechanical/Pressure,Absent - emergency isolation capability critically compromised,"Inability to shut in well during a blowout scenario, potential catastrophic event","Stop operations, free or replace seized valves before continuing",two of three isolation valves seized open,Open
OIL-UC-0218,unsafe conditions,24-04-2026,Offshore Rig-04,Gas Detection Network,Platform-wide monitoring,"Platform-wide fixed gas detection network found with the central controller displaying a persistent fault code, no alarms reaching the control room for over 12 hours.",Critical,1,0.73,Process Safety,Chemical/Process,Absent - platform-wide detection barrier non-functional,Undetected gas release anywhere on the platform with no automatic alarm,"Escalate to emergency maintenance immediately, post manual gas-watch until restored",no alarms reaching the control room for over 12 hours,Open
OIL-UC-0219,unsafe conditions,27-04-2026,Guwahati Pipeline Station,Mainline Block Valve,Pipeline isolation,"Mainline block valve actuator found with a failed pneumatic supply line, valve unable to be remotely closed during the monthly ESD test.",Critical,1,0.7,Process Safety,Mechanical/Pressure,Absent - remote emergency isolation for the mainline confirmed non-functional,Inability to isolate a major pipeline section during a rupture event,"Repair pneumatic supply immediately, station a manual-override-trained operator until fixed",unable to be remotely closed during the monthly ESD test,Open
OIL-UC-0220,unsafe conditions,30-04-2026,Moran Oilfield,Drilling Rig,Well control equipment,"Kick detection flow sensors on the drilling rig found giving erratic readings during active drilling, crew relying on visual pit-level checks only.",Critical,1,0.69,Process Safety; Well Control,Chemical/Process (well kick),Degraded - primary well-control detection barrier unreliable during active operations,Delayed kick detection leading to uncontrolled well influx,"Halt drilling, repair sensors, verify function before resuming",erratic readings ... relying on visual pit-level checks only,Resolved
OIL-UC-0221,unsafe conditions,03-05-2026,Digboi Refinery,Sulphur Recovery Unit,Sulphur processing,"Sulphur recovery unit tail gas incinerator found operating with its flame-failure detection system disabled after a false-trip incident, not yet re-enabled.",Critical,1,0.68,Process Safety,Thermal/Chemical,Absent - flame-failure safety barrier disabled and left off,Undetected flame-out allows unburned toxic tail gas release,"Re-enable flame-failure detection immediately, investigate false-trip cause separately",flame-failure detection system disabled ... not yet re-enabled,Open
OIL-UC-0222,unsafe conditions,06-05-2026,Duliajan Oilfield,Crude Oil Pipeline Pump Station,Pump operation,"Pump station overpressure trip (PSHH) found bypassed at the DCS level during a vendor software update, bypass not removed after update completed.",Critical,1,0.71,Process Safety,Mechanical/Pressure,Absent - high-high pressure trip barrier bypassed and left in place,"Pump station overpressure event, potential pipeline rupture","Remove bypass immediately, verify trip function, review change-management process for vendor work",PSHH ... bypassed ... not removed after update completed,Open
OIL-UC-0223,unsafe conditions,09-05-2026,Jorhat Operations,Chemical Warehouse,Hazardous material storage,"Chemical warehouse sprinkler system found with the main control valve closed and tagged 'under maintenance' with no completion date, warehouse remaining in full operational use.",Critical,1,0.66,Emergency Response,Thermal,Absent - fire suppression barrier for a hazardous-material store disabled indefinitely,Uncontrolled fire spread in a chemical storage area,Restore sprinkler system or relocate/reduce inventory until fixed,main control valve closed ... no completion date,Open
OIL-UC-0224,unsafe conditions,12-05-2026,Offshore Rig-04,Wellhead Platform,Subsea safety valve,"Subsea safety valve (SCSSV) test found overdue by 4 months, well continuing production without the test being performed.",Critical,1,0.74,Process Safety; Well Control,Chemical/Process,Absent - subsurface well-control barrier readiness unverified during continued production,SCSSV failure during an uncontrolled event allows uncontrolled flow,"Schedule SCSSV test at earliest safe opportunity, evaluate need for interim production curtailment",test found overdue by 4 months ... continuing production without the test,Resolved
OIL-UC-0225,unsafe conditions,15-05-2026,Guwahati Pipeline Station,LPG Transfer Point,Product transfer,LPG transfer point found with the emergency shutdown pull-cord physically disconnected from the shutdown valve linkage.,Critical,1,0.7,Emergency Response; Process Safety,Chemical/Process,Absent - manual emergency shutdown capability non-functional at an LPG transfer point,"Inability to manually stop transfer during a release, escalation to major fire/explosion",Reconnect and function-test the shutdown linkage before resuming transfers,pull-cord physically disconnected from the shutdown valve linkage,Open
OIL-UC-0226,unsafe conditions,18-05-2026,Duliajan Oilfield,Water Treatment Plant,Chlorination,"Chlorine gas cylinder changeover area found with the emergency chlorine leak detector's audible alarm volume set very low, barely audible over ambient plant noise.",Medium,1,0.37,Process Safety,Chemical/Process,Degraded - alarm audibility reduced in a noisy work environment,Delayed response to a chlorine leak during cylinder changeover,"Increase alarm volume/add visual beacon, verify audibility at typical noise levels",alarm volume set very low,Open
OIL-UC-0227,unsafe conditions,21-05-2026,Digboi Refinery,Pipe Rack,Piping support,"Pipe rack support beam found with visible surface rust at a load-bearing weld, no structural assessment yet requested.",Medium,1,0.35,Process Safety,Mechanical/Gravity,Degraded - structural integrity of a load-bearing element unassessed after visible corrosion,Potential pipe rack sag or localized failure over time,"Request structural assessment of the weld, monitor until inspected",visible surface rust at a load-bearing weld,Open
OIL-UC-0228,unsafe conditions,24-05-2026,Jorhat Operations,Diesel Fuel Island,Vehicle refueling,"Diesel fuel island nozzle found with a slow drip after release, small stain accumulating on the ground beneath.",High,1,0.42,Process Safety,Chemical/Process,Degraded - nozzle seal barrier leaking,Accumulated fuel creates slip and minor fire-fuel-source risk,"Replace nozzle seal, clean stained area",slow drip after release,Resolved
OIL-UC-0229,unsafe conditions,27-05-2026,Moran Oilfield,Air Compressor Skid,Instrument air supply,Instrument air compressor found with its low-pressure alarm setpoint miscalibrated to trigger well below the level needed to maintain fail-safe valve positions.,High,1,0.47,Process Safety,Mechanical/Pressure,Degraded - alarm setpoint error undermines fail-safe design margin,Fail-safe valves may not activate reliably during an air-supply loss,"Recalibrate alarm setpoint to design value, verify against fail-safe valve requirements",setpoint miscalibrated to trigger well below the level needed,Open
OIL-UC-1000,unsafe conditions,15-01-2025,Duliajan Oilfield,Workover Rig Site,Contractor oversight visit,Noticeboard near Workover Rig Site displaying a safety poster overdue for its 3-month scheduled update.,Low,0,0.07,,Degraded - communication cadence lapse,"Negligible, informational gap only",Update poster and set a reminder for the next review cycle,overdue for its,Noticeboard near Workover Rig Site displaying a safety poste,Open
OIL-UC-1001,unsafe conditions,11-12-2025,Digboi Refinery,Benzene Storage Tank Farm,Contractor oversight visit,"Walkway near Benzene Storage Tank Farm found with a small patch of loose gravel, 8 metres from any vehicle or process route.",Low,0,0.13,Gravity (minor),Degraded - minor surface wear in a low-traffic area,"Minor stumble risk, low likelihood of significant injury",Level the patch during next grounds maintenance round,loose gravel,Walkway near Benzene Storage Tank Farm found with a small pa,Open
OIL-UC-1002,unsafe conditions,04-09-2024,Jorhat Operations,Central Workshop,Pre-operation verification,"Storage shelf near Central Workshop found with non-hazardous spares stacked slightly above the marked height line, about 39 cm over.",Low,0,0.03,Gravity (minor),Degraded - storage height guideline not followed,Minor risk of an item falling from a low shelf,Restack items to the marked height line,stacked slightly above the marked height line,Storage shelf near Central Workshop found with non-hazardous,Resolved
OIL-UC-1003,unsafe conditions,27-12-2025,Moran Oilfield,Mud Logging Cabin,Audit/compliance walkthrough,"Chair in the rest area near Mud Logging Cabin found with a slightly loose leg, wobble noted but stable under normal use, reported 16 days ago.",Low,0,0.11,Gravity (minimal),Degraded - minor furniture wear,"Negligible, minor discomfort only",Repair or replace during routine facilities maintenance,slightly loose leg,Chair in the rest area near Mud Logging Cabin found with a s,Open
OIL-UC-1004,unsafe conditions,25-01-2026,Offshore Rig-04,Helideck,Pre-operation verification,"Faded lane-marking paint observed near the Helideck parking area, visibility reduced by roughly 36%.",Low,0,0.06,Mechanical Motion (minor),Degraded - visual guidance faded in a low-speed area,Minor risk of parking misjudgement at low speed,Repaint lane markings at next facility upkeep cycle,faded lane-marking paint,Faded lane-marking paint observed near the Helideck parking,Open
OIL-UC-1005,unsafe conditions,16-05-2026,Guwahati Pipeline Station,LCNG/LNG Dispensing Station,Emergency-readiness drill prep,"Small water stain noted on a ceiling tile near LCNG/LNG Dispensing Station, traced to an old, now-repaired roof leak; no active leak for over 2 weeks.",Low,0,0.13,,Functioning - no active hazard present,"Cosmetic issue only, negligible likelihood of harm",Replace tile at next maintenance cycle,water stain ... no active leak,Small water stain noted on a ceiling tile near LCNG/LNG Disp,Open
OIL-UC-1006,unsafe conditions,22-07-2026,Duliajan Oilfield,Perforating Gun Store,Shift changeover check,"Visitor log near Perforating Gun Store found with 23 entries missing the induction-confirmation checkbox, though inductions were verbally confirmed by staff.",Low,0,0.05,,Degraded - documentation completeness lapse,"Negligible, an administrative gap rather than a live hazard",Retrain reception/gate staff on register completion,missing the induction-confirmation checkbox,Visitor log near Perforating Gun Store found with 23 entries,Resolved
OIL-UC-1007,unsafe conditions,03-06-2025,Digboi Refinery,Boiler House,Routine inspection round,"Garden hose found coiled loosely across a low-traffic pedestrian path near Boiler House, left out for approximately 8 hours.",Low,0,0.08,Gravity (trip),Degraded - minor trip hazard in a non-operational area,"Minor trip, low likelihood of significant injury",Coil and store hose immediately after use,hose ... left across a low-traffic pedestrian path,Garden hose found coiled loosely across a low-traffic pedest,Open
OIL-UC-1008,unsafe conditions,15-07-2024,Jorhat Operations,Diesel Fuel Island,Audit/compliance walkthrough,"Lint buildup observed inside a utility dryer vent near Diesel Fuel Island, last cleaned approximately 24 months ago.",Low,0,0.06,Thermal (minor),Degraded - routine maintenance overdue on a low-energy appliance,Low-likelihood minor fire risk in a domestic-scale appliance,Schedule vent cleaning,lint buildup,Lint buildup observed inside a utility dryer vent near Diese,Open
OIL-UC-1009,unsafe conditions,23-06-2025,Moran Oilfield,Telescopic Mast Assembly,Audit/compliance walkthrough,"Utility shelf near Telescopic Mast Assembly found with cleaning supplies stacked neatly but close to the marked capacity line, about 31% full.",Low,0,0.05,Gravity (minimal),Functioning - within capacity despite appearing full,Negligible,Redistribute items for tidiness during next tidy-up,close to the marked capacity line,Utility shelf near Telescopic Mast Assembly found with clean,Open
OIL-UC-1010,unsafe conditions,24-02-2026,Offshore Rig-04,Catwalk / V-Door,Shift changeover check,"Small puddle of rainwater observed near Catwalk / V-Door, 37 metres away from any electrical or process equipment.",Low,0,0.14,Gravity (minor),Functioning - no hazardous interaction present,"Negligible, minor slip risk only","Allow natural drainage, monitor after heavy rain",small puddle of rainwater,Small puddle of rainwater observed near Catwalk / V-Door,Resolved
OIL-UC-1011,unsafe conditions,17-07-2024,Guwahati Pipeline Station,220kV Cable Trench (RCC),Scheduled maintenance walkdown,"Outdated version of a general facility map displayed near 220kV Cable Trench (RCC), superseded layout approximately 38 months old.",Low,0,0.12,,Degraded - minor informational lapse,"Negligible, unlikely to cause any operational confusion",Replace with the current facility map,outdated version,Outdated version of a general facility map displayed near 22,Open
OIL-UC-1012,unsafe conditions,12-09-2024,Duliajan Oilfield,Central Tank Farm,Routine inspection round,"Bicycle/scooter parking area near Central Tank Farm found with uneven surface in one corner, away from any vehicle movement path, noted 20 days ago.",Low,0,0.14,Gravity (minor),Degraded - surface maintenance lapse in a low-risk area,"Minor stumble, unlikely to cause significant injury",Level surface during next grounds maintenance,uneven surface in one corner,Bicycle/scooter parking area near Central Tank Farm found wi,Open
OIL-UC-1013,unsafe conditions,09-06-2025,Digboi Refinery,Battery Room,Pre-operation verification,Security logbook near Battery Room found with a supply gap (pen missing) for about 19 hours; log itself was maintained without interruption.,Low,0,0.11,,Functioning - log maintained despite minor supply gap,Negligible,Restock stationery at the post,supply gap,Security logbook near Battery Room found with a supply gap (,Open
OIL-UC-1014,unsafe conditions,01-03-2025,Jorhat Operations,Fire Station,Shift changeover check,"Minor rust patch observed on a non-structural roof panel near Fire Station, no leak or structural concern identified over 25 months of monitoring.",Low,0,0.06,,Functioning,"Cosmetic, negligible",Monitor at next scheduled facility inspection,minor rust patch,Minor rust patch observed on a non-structural roof panel nea,Resolved
OIL-UC-1015,unsafe conditions,29-11-2025,Moran Oilfield,Telescopic Mast Assembly,Audit/compliance walkthrough,"Break-room refrigerator near Telescopic Mast Assembly found running slightly warm (6 degrees above setpoint), no food-safety incident reported.",Low,0,0.11,,Degraded - minor appliance drift,"Negligible, food-quality concern rather than safety",Service refrigerator at next facilities round,running slightly warm,Break-room refrigerator near Telescopic Mast Assembly found,Open
OIL-UC-1016,unsafe conditions,18-03-2026,Offshore Rig-04,Helideck,Pre-operation verification,Signage near Helideck directing to the muster point found slightly faded but still legible from 12 metres.,Low,0,0.08,,Degraded - signage clarity reduced but still functional,"Negligible, minor readability concern",Replace signage at next scheduled refresh,slightly faded but still legible,Signage near Helideck directing to the muster point found sl,Open
OIL-UC-1017,unsafe conditions,28-07-2024,Guwahati Pipeline Station,SCADA Control Room,Emergency-readiness drill prep,"Non-critical spare-parts bin near SCADA Control Room found unlabeled for approximately 22 weeks, contents still identifiable by staff.",Low,0,0.13,,Degraded - inventory labeling lapse,"Negligible, minor efficiency impact only",Relabel bin at next inventory round,unlabeled,Non-critical spare-parts bin near SCADA Control Room found u,Open
OIL-UC-1018,unsafe conditions,02-03-2025,Duliajan Oilfield,Central Tank Farm,Emergency-readiness drill prep,Low-traffic footpath near Central Tank Farm found with overgrown vegetation encroaching about 4 cm into the walkway.,Low,0,0.07,Gravity (minor),Degraded - vegetation maintenance overdue in a low-risk area,"Minor obstruction, low likelihood of injury",Trim vegetation at next grounds maintenance,overgrown vegetation,Low-traffic footpath near Central Tank Farm found with overg,Resolved
OIL-UC-1019,unsafe conditions,19-04-2025,Digboi Refinery,Reboiler Furnace Bay,Audit/compliance walkthrough,Notice board near Reboiler Furnace Bay found with 15 outdated circulars still pinned alongside current ones.,Low,0,0.14,,Degraded - minor communication clutter,"Negligible, potential minor confusion only",Remove outdated circulars at next review,outdated circulars,Notice board near Reboiler Furnace Bay found with 15 outdate,Open
OIL-UC-1020,unsafe conditions,21-03-2026,Jorhat Operations,Fire Station,Pre-operation verification,Noticeboard near Fire Station displaying a safety poster overdue for its 33-month scheduled update.,Low,0,0.15,,Degraded - communication cadence lapse,"Negligible, informational gap only",Update poster and set a reminder for the next review cycle,overdue for its,Noticeboard near Fire Station displaying a safety poster ove,Open
OIL-UC-1021,unsafe conditions,03-07-2026,Moran Oilfield,Well Test Separator,Shift changeover check,"Walkway near Well Test Separator found with a small patch of loose gravel, 11 metres from any vehicle or process route.",Low,0,0.05,Gravity (minor),Degraded - minor surface wear in a low-traffic area,"Minor stumble risk, low likelihood of significant injury",Level the patch during next grounds maintenance round,loose gravel,Walkway near Well Test Separator found with a small patch of,Open
OIL-UC-1022,unsafe conditions,13-08-2025,Offshore Rig-04,SPM Mooring Buoy Support Vessel,Shift changeover check,"Storage shelf near SPM Mooring Buoy Support Vessel found with non-hazardous spares stacked slightly above the marked height line, about 36 cm over.",Low,0,0.13,Gravity (minor),Degraded - storage height guideline not followed,Minor risk of an item falling from a low shelf,Restack items to the marked height line,stacked slightly above the marked height line,Storage shelf near SPM Mooring Buoy Support Vessel found wit,Resolved
OIL-UC-1023,unsafe conditions,20-10-2024,Guwahati Pipeline Station,Pipeline ROW River Crossing,Scheduled maintenance walkdown,"Chair in the rest area near Pipeline ROW River Crossing found with a slightly loose leg, wobble noted but stable under normal use, reported 25 days ago.",Low,0,0.16,Gravity (minimal),Degraded - minor furniture wear,"Negligible, minor discomfort only",Repair or replace during routine facilities maintenance,slightly loose leg,Chair in the rest area near Pipeline ROW River Crossing foun,Open
OIL-UC-1024,unsafe conditions,21-09-2024,Duliajan Oilfield,Water Treatment Plant,Emergency-readiness drill prep,"Faded lane-marking paint observed near the Water Treatment Plant parking area, visibility reduced by roughly 7%.",Low,0,0.04,Mechanical Motion (minor),Degraded - visual guidance faded in a low-speed area,Minor risk of parking misjudgement at low speed,Repaint lane markings at next facility upkeep cycle,faded lane-marking paint,Faded lane-marking paint observed near the Water Treatment P,Open
OIL-UC-1025,unsafe conditions,01-02-2026,Digboi Refinery,Benzene Storage Tank Farm,Emergency-readiness drill prep,"Small water stain noted on a ceiling tile near Benzene Storage Tank Farm, traced to an old, now-repaired roof leak; no active leak for over 12 weeks.",Low,0,0.12,,Functioning - no active hazard present,"Cosmetic issue only, negligible likelihood of harm",Replace tile at next maintenance cycle,water stain ... no active leak,Small water stain noted on a ceiling tile near Benzene Stora,Open
OIL-UC-1026,unsafe conditions,23-09-2025,Jorhat Operations,Central Workshop,Pre-operation verification,"Visitor log near Central Workshop found with 26 entries missing the induction-confirmation checkbox, though inductions were verbally confirmed by staff.",Low,0,0.11,,Degraded - documentation completeness lapse,"Negligible, an administrative gap rather than a live hazard",Retrain reception/gate staff on register completion,missing the induction-confirmation checkbox,Visitor log near Central Workshop found with 26 entries miss,Resolved
OIL-UC-1027,unsafe conditions,12-06-2024,Moran Oilfield,Camp Site,Audit/compliance walkthrough,"Garden hose found coiled loosely across a low-traffic pedestrian path near Camp Site, left out for approximately 18 hours.",Low,0,0.14,Gravity (trip),Degraded - minor trip hazard in a non-operational area,"Minor trip, low likelihood of significant injury",Coil and store hose immediately after use,hose ... left across a low-traffic pedestrian path,Garden hose found coiled loosely across a low-traffic pedest,Open
OIL-UC-1028,unsafe conditions,19-03-2026,Offshore Rig-04,Catwalk / V-Door,Emergency-readiness drill prep,"Lint buildup observed inside a utility dryer vent near Catwalk / V-Door, last cleaned approximately 36 months ago.",Low,0,0.06,Thermal (minor),Degraded - routine maintenance overdue on a low-energy appliance,Low-likelihood minor fire risk in a domestic-scale appliance,Schedule vent cleaning,lint buildup,Lint buildup observed inside a utility dryer vent near Catwa,Open
OIL-UC-1029,unsafe conditions,08-09-2025,Guwahati Pipeline Station,220kV Cable Trench (RCC),Shift changeover check,"Utility shelf near 220kV Cable Trench (RCC) found with cleaning supplies stacked neatly but close to the marked capacity line, about 9% full.",Low,0,0.09,Gravity (minimal),Functioning - within capacity despite appearing full,Negligible,Redistribute items for tidiness during next tidy-up,close to the marked capacity line,Utility shelf near 220kV Cable Trench (RCC) found with clean,Open
OIL-UC-1030,unsafe conditions,02-11-2025,Duliajan Oilfield,Wellhead Cluster 3,Audit/compliance walkthrough,"Small puddle of rainwater observed near Wellhead Cluster 3, 18 metres away from any electrical or process equipment.",Low,0,0.13,Gravity (minor),Functioning - no hazardous interaction present,"Negligible, minor slip risk only","Allow natural drainage, monitor after heavy rain",small puddle of rainwater,Small puddle of rainwater observed near Wellhead Cluster 3,Resolved
OIL-UC-1031,unsafe conditions,14-02-2026,Digboi Refinery,Reboiler Furnace Bay,Emergency-readiness drill prep,"Outdated version of a general facility map displayed near Reboiler Furnace Bay, superseded layout approximately 21 months old.",Low,0,0.11,,Degraded - minor informational lapse,"Negligible, unlikely to cause any operational confusion",Replace with the current facility map,outdated version,Outdated version of a general facility map displayed near Re,Open
OIL-UC-1032,unsafe conditions,05-12-2025,Jorhat Operations,Fire Station,Shift changeover check,"Bicycle/scooter parking area near Fire Station found with uneven surface in one corner, away from any vehicle movement path, noted 11 days ago.",Low,0,0.13,Gravity (minor),Degraded - surface maintenance lapse in a low-risk area,"Minor stumble, unlikely to cause significant injury",Level surface during next grounds maintenance,uneven surface in one corner,Bicycle/scooter parking area near Fire Station found with un,Open
OIL-UC-1033,unsafe conditions,14-10-2025,Moran Oilfield,Rig Floor Catwalk / V-Door,Routine inspection round,Security logbook near Rig Floor Catwalk / V-Door found with a supply gap (pen missing) for about 35 hours; log itself was maintained without interruption.,Low,0,0.11,,Functioning - log maintained despite minor supply gap,Negligible,Restock stationery at the post,supply gap,Security logbook near Rig Floor Catwalk / V-Door found with,Open
OIL-UC-1034,unsafe conditions,11-04-2025,Offshore Rig-04,Drill Floor,Shift changeover check,"Minor rust patch observed on a non-structural roof panel near Drill Floor, no leak or structural concern identified over 9 months of monitoring.",Low,0,0.14,,Functioning,"Cosmetic, negligible",Monitor at next scheduled facility inspection,minor rust patch,Minor rust patch observed on a non-structural roof panel nea,Resolved
OIL-UC-1035,unsafe conditions,20-08-2024,Guwahati Pipeline Station,SCADA Control Room,Scheduled maintenance walkdown,"Break-room refrigerator near SCADA Control Room found running slightly warm (5 degrees above setpoint), no food-safety incident reported.",Low,0,0.14,,Degraded - minor appliance drift,"Negligible, food-quality concern rather than safety",Service refrigerator at next facilities round,running slightly warm,Break-room refrigerator near SCADA Control Room found runnin,Open
OIL-UC-1036,unsafe conditions,19-07-2026,Duliajan Oilfield,Workover Rig Site,Emergency-readiness drill prep,Signage near Workover Rig Site directing to the muster point found slightly faded but still legible from 33 metres.,Low,0,0.04,,Degraded - signage clarity reduced but still functional,"Negligible, minor readability concern",Replace signage at next scheduled refresh,slightly faded but still legible,Signage near Workover Rig Site directing to the muster point,Open
OIL-UC-1037,unsafe conditions,15-12-2025,Digboi Refinery,LPG Bottling Plant,Scheduled maintenance walkdown,"Non-critical spare-parts bin near LPG Bottling Plant found unlabeled for approximately 10 weeks, contents still identifiable by staff.",Low,0,0.12,,Degraded - inventory labeling lapse,"Negligible, minor efficiency impact only",Relabel bin at next inventory round,unlabeled,Non-critical spare-parts bin near LPG Bottling Plant found u,Open
OIL-UC-1038,unsafe conditions,08-08-2025,Jorhat Operations,Fire Station,Audit/compliance walkthrough,Low-traffic footpath near Fire Station found with overgrown vegetation encroaching about 18 cm into the walkway.,Low,0,0.14,Gravity (minor),Degraded - vegetation maintenance overdue in a low-risk area,"Minor obstruction, low likelihood of injury",Trim vegetation at next grounds maintenance,overgrown vegetation,Low-traffic footpath near Fire Station found with overgrown,Resolved
OIL-UC-1039,unsafe conditions,23-12-2024,Moran Oilfield,Mud Logging Cabin,Emergency-readiness drill prep,Notice board near Mud Logging Cabin found with 36 outdated circulars still pinned alongside current ones.,Low,0,0.12,,Degraded - minor communication clutter,"Negligible, potential minor confusion only",Remove outdated circulars at next review,outdated circulars,Notice board near Mud Logging Cabin found with 36 outdated c,Open
OIL-UC-1040,unsafe conditions,23-08-2025,Offshore Rig-04,Moon Pool Area,Contractor oversight visit,Noticeboard near Moon Pool Area displaying a safety poster overdue for its 27-month scheduled update.,Low,0,0.11,,Degraded - communication cadence lapse,"Negligible, informational gap only",Update poster and set a reminder for the next review cycle,overdue for its,Noticeboard near Moon Pool Area displaying a safety poster o,Open
OIL-UC-1041,unsafe conditions,13-05-2025,Guwahati Pipeline Station,TTPA (Tank Truck Parking Area),Scheduled maintenance walkdown,"Walkway near TTPA (Tank Truck Parking Area) found with a small patch of loose gravel, 9 metres from any vehicle or process route.",Low,0,0.06,Gravity (minor),Degraded - minor surface wear in a low-traffic area,"Minor stumble risk, low likelihood of significant injury",Level the patch during next grounds maintenance round,loose gravel,Walkway near TTPA (Tank Truck Parking Area) found with a sma,Open
OIL-UC-1042,unsafe conditions,12-01-2025,Duliajan Oilfield,Wellhead Cluster 3,Audit/compliance walkthrough,"Storage shelf near Wellhead Cluster 3 found with non-hazardous spares stacked slightly above the marked height line, about 39 cm over.",Low,0,0.06,Gravity (minor),Degraded - storage height guideline not followed,Minor risk of an item falling from a low shelf,Restack items to the marked height line,stacked slightly above the marked height line,Storage shelf near Wellhead Cluster 3 found with non-hazardo,Resolved
OIL-UC-1043,unsafe conditions,21-01-2025,Digboi Refinery,Naphtha Splitter Unit,Contractor oversight visit,"Chair in the rest area near Naphtha Splitter Unit found with a slightly loose leg, wobble noted but stable under normal use, reported 6 days ago.",Low,0,0.11,Gravity (minimal),Degraded - minor furniture wear,"Negligible, minor discomfort only",Repair or replace during routine facilities maintenance,slightly loose leg,Chair in the rest area near Naphtha Splitter Unit found with,Open
OIL-UC-1044,unsafe conditions,09-11-2025,Jorhat Operations,Central Workshop,Emergency-readiness drill prep,"Faded lane-marking paint observed near the Central Workshop parking area, visibility reduced by roughly 4%.",Low,0,0.07,Mechanical Motion (minor),Degraded - visual guidance faded in a low-speed area,Minor risk of parking misjudgement at low speed,Repaint lane markings at next facility upkeep cycle,faded lane-marking paint,Faded lane-marking paint observed near the Central Workshop,Open
OIL-UC-1045,unsafe conditions,05-12-2025,Moran Oilfield,Mud Logging Cabin,Contractor oversight visit,"Small water stain noted on a ceiling tile near Mud Logging Cabin, traced to an old, now-repaired roof leak; no active leak for over 19 weeks.",Low,0,0.09,,Functioning - no active hazard present,"Cosmetic issue only, negligible likelihood of harm",Replace tile at next maintenance cycle,water stain ... no active leak,Small water stain noted on a ceiling tile near Mud Logging C,Open
OIL-UC-1046,unsafe conditions,13-08-2026,Offshore Rig-04,Main Deck Crane,Audit/compliance walkthrough,"Visitor log near Main Deck Crane found with 38 entries missing the induction-confirmation checkbox, though inductions were verbally confirmed by staff.",Low,0,0.09,,Degraded - documentation completeness lapse,"Negligible, an administrative gap rather than a live hazard",Retrain reception/gate staff on register completion,missing the induction-confirmation checkbox,Visitor log near Main Deck Crane found with 38 entries missi,Resolved
OIL-UC-1047,unsafe conditions,06-04-2026,Guwahati Pipeline Station,TTPA (Tank Truck Parking Area),Scheduled maintenance walkdown,"Garden hose found coiled loosely across a low-traffic pedestrian path near TTPA (Tank Truck Parking Area), left out for approximately 28 hours.",Low,0,0.04,Gravity (trip),Degraded - minor trip hazard in a non-operational area,"Minor trip, low likelihood of significant injury",Coil and store hose immediately after use,hose ... left across a low-traffic pedestrian path,Garden hose found coiled loosely across a low-traffic pedest,Open
OIL-UC-1048,unsafe conditions,17-06-2026,Duliajan Oilfield,Perforating Gun Store,Pre-operation verification,"Lint buildup observed inside a utility dryer vent near Perforating Gun Store, last cleaned approximately 24 months ago.",Low,0,0.08,Thermal (minor),Degraded - routine maintenance overdue on a low-energy appliance,Low-likelihood minor fire risk in a domestic-scale appliance,Schedule vent cleaning,lint buildup,Lint buildup observed inside a utility dryer vent near Perfo,Open
OIL-UC-1049,unsafe conditions,14-05-2025,Digboi Refinery,Naphtha Splitter Unit,Routine inspection round,"Utility shelf near Naphtha Splitter Unit found with cleaning supplies stacked neatly but close to the marked capacity line, about 8% full.",Low,0,0.08,Gravity (minimal),Functioning - within capacity despite appearing full,Negligible,Redistribute items for tidiness during next tidy-up,close to the marked capacity line,Utility shelf near Naphtha Splitter Unit found with cleaning,Open
OIL-UC-1050,unsafe conditions,02-12-2025,Jorhat Operations,Diesel Fuel Island,Scheduled maintenance walkdown,"Small puddle of rainwater observed near Diesel Fuel Island, 8 metres away from any electrical or process equipment.",Low,0,0.05,Gravity (minor),Functioning - no hazardous interaction present,"Negligible, minor slip risk only","Allow natural drainage, monitor after heavy rain",small puddle of rainwater,Small puddle of rainwater observed near Diesel Fuel Island,Resolved
OIL-UC-1051,unsafe conditions,17-09-2025,Moran Oilfield,Well Test Separator,Pre-operation verification,"Outdated version of a general facility map displayed near Well Test Separator, superseded layout approximately 10 months old.",Low,0,0.05,,Degraded - minor informational lapse,"Negligible, unlikely to cause any operational confusion",Replace with the current facility map,outdated version,Outdated version of a general facility map displayed near We,Open
OIL-UC-1052,unsafe conditions,16-12-2025,Offshore Rig-04,Helideck,Pre-operation verification,"Bicycle/scooter parking area near Helideck found with uneven surface in one corner, away from any vehicle movement path, noted 6 days ago.",Low,0,0.14,Gravity (minor),Degraded - surface maintenance lapse in a low-risk area,"Minor stumble, unlikely to cause significant injury",Level surface during next grounds maintenance,uneven surface in one corner,Bicycle/scooter parking area near Helideck found with uneven,Open
OIL-UC-1053,unsafe conditions,16-06-2024,Guwahati Pipeline Station,Mainline Block Valve Station,Contractor oversight visit,Security logbook near Mainline Block Valve Station found with a supply gap (pen missing) for about 5 hours; log itself was maintained without interruption.,Low,0,0.16,,Functioning - log maintained despite minor supply gap,Negligible,Restock stationery at the post,supply gap,Security logbook near Mainline Block Valve Station found wit,Open
OIL-UC-1054,unsafe conditions,06-10-2025,Duliajan Oilfield,Workover Rig Site,Scheduled maintenance walkdown,"Minor rust patch observed on a non-structural roof panel near Workover Rig Site, no leak or structural concern identified over 17 months of monitoring.",Low,0,0.08,,Functioning,"Cosmetic, negligible",Monitor at next scheduled facility inspection,minor rust patch,Minor rust patch observed on a non-structural roof panel nea,Resolved
OIL-UC-1055,unsafe conditions,03-06-2024,Digboi Refinery,Ethanol Storage Tanks,Routine inspection round,"Break-room refrigerator near Ethanol Storage Tanks found running slightly warm (27 degrees above setpoint), no food-safety incident reported.",Low,0,0.05,,Degraded - minor appliance drift,"Negligible, food-quality concern rather than safety",Service refrigerator at next facilities round,running slightly warm,Break-room refrigerator near Ethanol Storage Tanks found run,Open
OIL-UC-1056,unsafe conditions,20-03-2025,Jorhat Operations,Compressed Gas Store,Emergency-readiness drill prep,Signage near Compressed Gas Store directing to the muster point found slightly faded but still legible from 18 metres.,Low,0,0.13,,Degraded - signage clarity reduced but still functional,"Negligible, minor readability concern",Replace signage at next scheduled refresh,slightly faded but still legible,Signage near Compressed Gas Store directing to the muster po,Open
OIL-UC-1057,unsafe conditions,06-11-2024,Moran Oilfield,Well Test Separator,Contractor oversight visit,"Non-critical spare-parts bin near Well Test Separator found unlabeled for approximately 37 weeks, contents still identifiable by staff.",Low,0,0.12,,Degraded - inventory labeling lapse,"Negligible, minor efficiency impact only",Relabel bin at next inventory round,unlabeled,Non-critical spare-parts bin near Well Test Separator found,Open
OIL-UC-1058,unsafe conditions,15-01-2026,Offshore Rig-04,Helideck,Scheduled maintenance walkdown,Low-traffic footpath near Helideck found with overgrown vegetation encroaching about 20 cm into the walkway.,Low,0,0.16,Gravity (minor),Degraded - vegetation maintenance overdue in a low-risk area,"Minor obstruction, low likelihood of injury",Trim vegetation at next grounds maintenance,overgrown vegetation,Low-traffic footpath near Helideck found with overgrown vege,Resolved
OIL-UC-1059,unsafe conditions,02-10-2025,Guwahati Pipeline Station,Pig Launcher,Routine inspection round,Notice board near Pig Launcher found with 22 outdated circulars still pinned alongside current ones.,Low,0,0.04,,Degraded - minor communication clutter,"Negligible, potential minor confusion only",Remove outdated circulars at next review,outdated circulars,Notice board near Pig Launcher found with 22 outdated circul,Open
OIL-UC-1060,unsafe conditions,08-12-2024,Duliajan Oilfield,Gas Compressor Station,Audit/compliance walkthrough,Noticeboard near Gas Compressor Station displaying a safety poster overdue for its 5-month scheduled update.,Low,0,0.04,,Degraded - communication cadence lapse,"Negligible, informational gap only",Update poster and set a reminder for the next review cycle,overdue for its,Noticeboard near Gas Compressor Station displaying a safety,Open
OIL-UC-1061,unsafe conditions,27-01-2025,Digboi Refinery,Reboiler Furnace Bay,Routine inspection round,"Walkway near Reboiler Furnace Bay found with a small patch of loose gravel, 40 metres from any vehicle or process route.",Low,0,0.12,Gravity (minor),Degraded - minor surface wear in a low-traffic area,"Minor stumble risk, low likelihood of significant injury",Level the patch during next grounds maintenance round,loose gravel,Walkway near Reboiler Furnace Bay found with a small patch o,Open
OIL-UC-1062,unsafe conditions,30-01-2026,Jorhat Operations,Compressed Gas Store,Audit/compliance walkthrough,"Storage shelf near Compressed Gas Store found with non-hazardous spares stacked slightly above the marked height line, about 9 cm over.",Low,0,0.06,Gravity (minor),Degraded - storage height guideline not followed,Minor risk of an item falling from a low shelf,Restack items to the marked height line,stacked slightly above the marked height line,Storage shelf near Compressed Gas Store found with non-hazar,Resolved
OIL-UC-1063,unsafe conditions,31-12-2025,Moran Oilfield,Drilling Rig Substructure,Pre-operation verification,"Chair in the rest area near Drilling Rig Substructure found with a slightly loose leg, wobble noted but stable under normal use, reported 7 days ago.",Low,0,0.12,Gravity (minimal),Degraded - minor furniture wear,"Negligible, minor discomfort only",Repair or replace during routine facilities maintenance,slightly loose leg,Chair in the rest area near Drilling Rig Substructure found,Open
OIL-UC-1064,unsafe conditions,04-06-2026,Offshore Rig-04,SPM Mooring Buoy Support Vessel,Shift changeover check,"Faded lane-marking paint observed near the SPM Mooring Buoy Support Vessel parking area, visibility reduced by roughly 22%.",Low,0,0.06,Mechanical Motion (minor),Degraded - visual guidance faded in a low-speed area,Minor risk of parking misjudgement at low speed,Repaint lane markings at next facility upkeep cycle,faded lane-marking paint,Faded lane-marking paint observed near the SPM Mooring Buoy,Open
OIL-UC-1065,unsafe conditions,19-04-2026,Guwahati Pipeline Station,220kV Cable Trench (RCC),Shift changeover check,"Small water stain noted on a ceiling tile near 220kV Cable Trench (RCC), traced to an old, now-repaired roof leak; no active leak for over 17 weeks.",Low,0,0.08,,Functioning - no active hazard present,"Cosmetic issue only, negligible likelihood of harm",Replace tile at next maintenance cycle,water stain ... no active leak,Small water stain noted on a ceiling tile near 220kV Cable T,Open
OIL-UC-1066,unsafe conditions,14-08-2024,Duliajan Oilfield,Flowline ROW Section 4,Shift changeover check,"Visitor log near Flowline ROW Section 4 found with 31 entries missing the induction-confirmation checkbox, though inductions were verbally confirmed by staff.",Low,0,0.15,,Degraded - documentation completeness lapse,"Negligible, an administrative gap rather than a live hazard",Retrain reception/gate staff on register completion,missing the induction-confirmation checkbox,Visitor log near Flowline ROW Section 4 found with 31 entrie,Resolved
OIL-UC-1067,unsafe conditions,11-09-2024,Digboi Refinery,Naphtha Splitter Unit,Audit/compliance walkthrough,"Garden hose found coiled loosely across a low-traffic pedestrian path near Naphtha Splitter Unit, left out for approximately 31 hours.",Low,0,0.16,Gravity (trip),Degraded - minor trip hazard in a non-operational area,"Minor trip, low likelihood of significant injury",Coil and store hose immediately after use,hose ... left across a low-traffic pedestrian path,Garden hose found coiled loosely across a low-traffic pedest,Open
OIL-UC-1068,unsafe conditions,14-10-2024,Jorhat Operations,Central Workshop,Scheduled maintenance walkdown,"Lint buildup observed inside a utility dryer vent near Central Workshop, last cleaned approximately 36 months ago.",Low,0,0.1,Thermal (minor),Degraded - routine maintenance overdue on a low-energy appliance,Low-likelihood minor fire risk in a domestic-scale appliance,Schedule vent cleaning,lint buildup,Lint buildup observed inside a utility dryer vent near Centr,Open
OIL-UC-1069,unsafe conditions,09-11-2024,Moran Oilfield,Cementing Unit,Scheduled maintenance walkdown,"Utility shelf near Cementing Unit found with cleaning supplies stacked neatly but close to the marked capacity line, about 6% full.",Low,0,0.08,Gravity (minimal),Functioning - within capacity despite appearing full,Negligible,Redistribute items for tidiness during next tidy-up,close to the marked capacity line,Utility shelf near Cementing Unit found with cleaning suppli,Open
OIL-UC-1070,unsafe conditions,01-04-2026,Offshore Rig-04,Life Boat Station,Contractor oversight visit,"Small puddle of rainwater observed near Life Boat Station, 36 metres away from any electrical or process equipment.",Low,0,0.07,Gravity (minor),Functioning - no hazardous interaction present,"Negligible, minor slip risk only","Allow natural drainage, monitor after heavy rain",small puddle of rainwater,Small puddle of rainwater observed near Life Boat Station,Resolved
OIL-UC-1071,unsafe conditions,15-09-2024,Guwahati Pipeline Station,Pig Launcher,Shift changeover check,"Outdated version of a general facility map displayed near Pig Launcher, superseded layout approximately 37 months old.",Low,0,0.15,,Degraded - minor informational lapse,"Negligible, unlikely to cause any operational confusion",Replace with the current facility map,outdated version,Outdated version of a general facility map displayed near Pi,Open
OIL-UC-1072,unsafe conditions,01-07-2026,Duliajan Oilfield,Gas Compressor Station,Routine inspection round,"Bicycle/scooter parking area near Gas Compressor Station found with uneven surface in one corner, away from any vehicle movement path, noted 18 days ago.",Low,0,0.15,Gravity (minor),Degraded - surface maintenance lapse in a low-risk area,"Minor stumble, unlikely to cause significant injury",Level surface during next grounds maintenance,uneven surface in one corner,Bicycle/scooter parking area near Gas Compressor Station fou,Open
OIL-UC-1073,unsafe conditions,02-01-2025,Digboi Refinery,LPG Bottling Plant,Shift changeover check,Security logbook near LPG Bottling Plant found with a supply gap (pen missing) for about 11 hours; log itself was maintained without interruption.,Low,0,0.07,,Functioning - log maintained despite minor supply gap,Negligible,Restock stationery at the post,supply gap,Security logbook near LPG Bottling Plant found with a supply,Open
OIL-UC-1074,unsafe conditions,26-02-2025,Jorhat Operations,Fleet Operations Yard,Scheduled maintenance walkdown,"Minor rust patch observed on a non-structural roof panel near Fleet Operations Yard, no leak or structural concern identified over 23 months of monitoring.",Low,0,0.12,,Functioning,"Cosmetic, negligible",Monitor at next scheduled facility inspection,minor rust patch,Minor rust patch observed on a non-structural roof panel nea,Resolved
OIL-UC-1075,unsafe conditions,23-07-2024,Moran Oilfield,Camp Site,Shift changeover check,"Break-room refrigerator near Camp Site found running slightly warm (33 degrees above setpoint), no food-safety incident reported.",Low,0,0.15,,Degraded - minor appliance drift,"Negligible, food-quality concern rather than safety",Service refrigerator at next facilities round,running slightly warm,Break-room refrigerator near Camp Site found running slightl,Open
OIL-UC-1076,unsafe conditions,04-06-2024,Offshore Rig-04,Catwalk / V-Door,Emergency-readiness drill prep,Signage near Catwalk / V-Door directing to the muster point found slightly faded but still legible from 29 metres.,Low,0,0.07,,Degraded - signage clarity reduced but still functional,"Negligible, minor readability concern",Replace signage at next scheduled refresh,slightly faded but still legible,Signage near Catwalk / V-Door directing to the muster point,Open
OIL-UC-1077,unsafe conditions,13-11-2024,Guwahati Pipeline Station,220kV Cable Trench (RCC),Contractor oversight visit,"Non-critical spare-parts bin near 220kV Cable Trench (RCC) found unlabeled for approximately 10 weeks, contents still identifiable by staff.",Low,0,0.16,,Degraded - inventory labeling lapse,"Negligible, minor efficiency impact only",Relabel bin at next inventory round,unlabeled,Non-critical spare-parts bin near 220kV Cable Trench (RCC) f,Open
OIL-UC-1078,unsafe conditions,10-06-2024,Duliajan Oilfield,Water Treatment Plant,Contractor oversight visit,Low-traffic footpath near Water Treatment Plant found with overgrown vegetation encroaching about 37 cm into the walkway.,Low,0,0.09,Gravity (minor),Degraded - vegetation maintenance overdue in a low-risk area,"Minor obstruction, low likelihood of injury",Trim vegetation at next grounds maintenance,overgrown vegetation,Low-traffic footpath near Water Treatment Plant found with o,Resolved
OIL-UC-1079,unsafe conditions,11-12-2025,Digboi Refinery,Reboiler Furnace Bay,Contractor oversight visit,Notice board near Reboiler Furnace Bay found with 6 outdated circulars still pinned alongside current ones.,Low,0,0.15,,Degraded - minor communication clutter,"Negligible, potential minor confusion only",Remove outdated circulars at next review,outdated circulars,Notice board near Reboiler Furnace Bay found with 6 outdated,Open
OIL-UC-1080,unsafe conditions,15-08-2025,Jorhat Operations,Central Workshop,Audit/compliance walkthrough,Noticeboard near Central Workshop displaying a safety poster overdue for its 25-month scheduled update.,Low,0,0.1,,Degraded - communication cadence lapse,"Negligible, informational gap only",Update poster and set a reminder for the next review cycle,overdue for its,Noticeboard near Central Workshop displaying a safety poster,Open
OIL-UC-1081,unsafe conditions,25-08-2026,Moran Oilfield,Mud Logging Cabin,Shift changeover check,"Walkway near Mud Logging Cabin found with a small patch of loose gravel, 4 metres from any vehicle or process route.",Low,0,0.08,Gravity (minor),Degraded - minor surface wear in a low-traffic area,"Minor stumble risk, low likelihood of significant injury",Level the patch during next grounds maintenance round,loose gravel,Walkway near Mud Logging Cabin found with a small patch of l,Open
OIL-UC-1082,unsafe conditions,14-04-2026,Offshore Rig-04,Drill Floor,Scheduled maintenance walkdown,"Storage shelf near Drill Floor found with non-hazardous spares stacked slightly above the marked height line, about 24 cm over.",Low,0,0.12,Gravity (minor),Degraded - storage height guideline not followed,Minor risk of an item falling from a low shelf,Restack items to the marked height line,stacked slightly above the marked height line,Storage shelf near Drill Floor found with non-hazardous spar,Resolved
OIL-UC-1083,unsafe conditions,22-07-2025,Guwahati Pipeline Station,Mainline Block Valve Station,Emergency-readiness drill prep,"Chair in the rest area near Mainline Block Valve Station found with a slightly loose leg, wobble noted but stable under normal use, reported 24 days ago.",Low,0,0.1,Gravity (minimal),Degraded - minor furniture wear,"Negligible, minor discomfort only",Repair or replace during routine facilities maintenance,slightly loose leg,Chair in the rest area near Mainline Block Valve Station fou,Open
OIL-UC-1084,unsafe conditions,29-08-2026,Duliajan Oilfield,Gas Compressor Station,Emergency-readiness drill prep,"Faded lane-marking paint observed near the Gas Compressor Station parking area, visibility reduced by roughly 17%.",Low,0,0.05,Mechanical Motion (minor),Degraded - visual guidance faded in a low-speed area,Minor risk of parking misjudgement at low speed,Repaint lane markings at next facility upkeep cycle,faded lane-marking paint,Faded lane-marking paint observed near the Gas Compressor St,Open
OIL-UC-1085,unsafe conditions,07-05-2025,Digboi Refinery,Benzene Storage Tank Farm,Routine inspection round,"Small water stain noted on a ceiling tile near Benzene Storage Tank Farm, traced to an old, now-repaired roof leak; no active leak for over 28 weeks.",Low,0,0.05,,Functioning - no active hazard present,"Cosmetic issue only, negligible likelihood of harm",Replace tile at next maintenance cycle,water stain ... no active leak,Small water stain noted on a ceiling tile near Benzene Stora,Open
OIL-UC-1086,unsafe conditions,23-06-2026,Jorhat Operations,Diesel Fuel Island,Emergency-readiness drill prep,"Visitor log near Diesel Fuel Island found with 28 entries missing the induction-confirmation checkbox, though inductions were verbally confirmed by staff.",Low,0,0.12,,Degraded - documentation completeness lapse,"Negligible, an administrative gap rather than a live hazard",Retrain reception/gate staff on register completion,missing the induction-confirmation checkbox,Visitor log near Diesel Fuel Island found with 28 entries mi,Resolved
OIL-UC-1087,unsafe conditions,20-05-2026,Moran Oilfield,Rig Floor Catwalk / V-Door,Shift changeover check,"Garden hose found coiled loosely across a low-traffic pedestrian path near Rig Floor Catwalk / V-Door, left out for approximately 17 hours.",Low,0,0.05,Gravity (trip),Degraded - minor trip hazard in a non-operational area,"Minor trip, low likelihood of significant injury",Coil and store hose immediately after use,hose ... left across a low-traffic pedestrian path,Garden hose found coiled loosely across a low-traffic pedest,Open
OIL-UC-1088,unsafe conditions,25-09-2025,Offshore Rig-04,Catwalk / V-Door,Emergency-readiness drill prep,"Lint buildup observed inside a utility dryer vent near Catwalk / V-Door, last cleaned approximately 26 months ago.",Low,0,0.04,Thermal (minor),Degraded - routine maintenance overdue on a low-energy appliance,Low-likelihood minor fire risk in a domestic-scale appliance,Schedule vent cleaning,lint buildup,Lint buildup observed inside a utility dryer vent near Catwa,Open
OIL-UC-1089,unsafe conditions,25-05-2025,Guwahati Pipeline Station,SCADA Control Room,Emergency-readiness drill prep,"Utility shelf near SCADA Control Room found with cleaning supplies stacked neatly but close to the marked capacity line, about 14% full.",Low,0,0.15,Gravity (minimal),Functioning - within capacity despite appearing full,Negligible,Redistribute items for tidiness during next tidy-up,close to the marked capacity line,Utility shelf near SCADA Control Room found with cleaning su,Open
OIL-UC-1090,unsafe conditions,15-12-2024,Duliajan Oilfield,Flowline ROW Section 4,Scheduled maintenance walkdown,"Small puddle of rainwater observed near Flowline ROW Section 4, 16 metres away from any electrical or process equipment.",Low,0,0.03,Gravity (minor),Functioning - no hazardous interaction present,"Negligible, minor slip risk only","Allow natural drainage, monitor after heavy rain",small puddle of rainwater,Small puddle of rainwater observed near Flowline ROW Section,Resolved
OIL-UC-1091,unsafe conditions,01-08-2026,Digboi Refinery,Battery Room,Shift changeover check,"Outdated version of a general facility map displayed near Battery Room, superseded layout approximately 23 months old.",Low,0,0.14,,Degraded - minor informational lapse,"Negligible, unlikely to cause any operational confusion",Replace with the current facility map,outdated version,Outdated version of a general facility map displayed near Ba,Open
OIL-UC-1092,unsafe conditions,27-04-2026,Jorhat Operations,Warehouse,Contractor oversight visit,"Bicycle/scooter parking area near Warehouse found with uneven surface in one corner, away from any vehicle movement path, noted 24 days ago.",Low,0,0.1,Gravity (minor),Degraded - surface maintenance lapse in a low-risk area,"Minor stumble, unlikely to cause significant injury",Level surface during next grounds maintenance,uneven surface in one corner,Bicycle/scooter parking area near Warehouse found with uneve,Open
OIL-UC-1093,unsafe conditions,27-09-2024,Moran Oilfield,Rig Floor Catwalk / V-Door,Shift changeover check,Security logbook near Rig Floor Catwalk / V-Door found with a supply gap (pen missing) for about 36 hours; log itself was maintained without interruption.,Low,0,0.15,,Functioning - log maintained despite minor supply gap,Negligible,Restock stationery at the post,supply gap,Security logbook near Rig Floor Catwalk / V-Door found with,Open
OIL-UC-1094,unsafe conditions,27-02-2025,Offshore Rig-04,Moon Pool Area,Audit/compliance walkthrough,"Minor rust patch observed on a non-structural roof panel near Moon Pool Area, no leak or structural concern identified over 13 months of monitoring.",Low,0,0.16,,Functioning,"Cosmetic, negligible",Monitor at next scheduled facility inspection,minor rust patch,Minor rust patch observed on a non-structural roof panel nea,Resolved
OIL-UC-1095,unsafe conditions,17-06-2026,Guwahati Pipeline Station,Pig Launcher,Audit/compliance walkthrough,"Break-room refrigerator near Pig Launcher found running slightly warm (8 degrees above setpoint), no food-safety incident reported.",Low,0,0.09,,Degraded - minor appliance drift,"Negligible, food-quality concern rather than safety",Service refrigerator at next facilities round,running slightly warm,Break-room refrigerator near Pig Launcher found running slig,Open
OIL-UC-1096,unsafe conditions,27-09-2024,Duliajan Oilfield,Chemical Injection Skid,Audit/compliance walkthrough,Signage near Chemical Injection Skid directing to the muster point found slightly faded but still legible from 29 metres.,Low,0,0.16,,Degraded - signage clarity reduced but still functional,"Negligible, minor readability concern",Replace signage at next scheduled refresh,slightly faded but still legible,Signage near Chemical Injection Skid directing to the muster,Open
OIL-UC-1097,unsafe conditions,27-05-2026,Digboi Refinery,Battery Room,Scheduled maintenance walkdown,"Non-critical spare-parts bin near Battery Room found unlabeled for approximately 38 weeks, contents still identifiable by staff.",Low,0,0.06,,Degraded - inventory labeling lapse,"Negligible, minor efficiency impact only",Relabel bin at next inventory round,unlabeled,Non-critical spare-parts bin near Battery Room found unlabel,Open
OIL-UC-1098,unsafe conditions,04-12-2025,Jorhat Operations,Compressed Gas Store,Audit/compliance walkthrough,Low-traffic footpath near Compressed Gas Store found with overgrown vegetation encroaching about 2 cm into the walkway.,Low,0,0.15,Gravity (minor),Degraded - vegetation maintenance overdue in a low-risk area,"Minor obstruction, low likelihood of injury",Trim vegetation at next grounds maintenance,overgrown vegetation,Low-traffic footpath near Compressed Gas Store found with ov,Resolved
OIL-UC-1099,unsafe conditions,12-04-2026,Moran Oilfield,Telescopic Mast Assembly,Shift changeover check,Notice board near Telescopic Mast Assembly found with 14 outdated circulars still pinned alongside current ones.,Low,0,0.09,,Degraded - minor communication clutter,"Negligible, potential minor confusion only",Remove outdated circulars at next review,outdated circulars,Notice board near Telescopic Mast Assembly found with 14 out,Open
OIL-UC-1100,unsafe conditions,08-06-2026,Offshore Rig-04,Mud Pump Room,Contractor oversight visit,Noticeboard near Mud Pump Room displaying a safety poster overdue for its 22-month scheduled update.,Low,0,0.14,,Degraded - communication cadence lapse,"Negligible, informational gap only",Update poster and set a reminder for the next review cycle,overdue for its,Noticeboard near Mud Pump Room displaying a safety poster ov,Open
OIL-UC-1101,unsafe conditions,01-05-2025,Guwahati Pipeline Station,LCNG/LNG Dispensing Station,Shift changeover check,"Walkway near LCNG/LNG Dispensing Station found with a small patch of loose gravel, 34 metres from any vehicle or process route.",Low,0,0.12,Gravity (minor),Degraded - minor surface wear in a low-traffic area,"Minor stumble risk, low likelihood of significant injury",Level the patch during next grounds maintenance round,loose gravel,Walkway near LCNG/LNG Dispensing Station found with a small,Open
OIL-UC-1102,unsafe conditions,05-08-2025,Duliajan Oilfield,Perforating Gun Store,Audit/compliance walkthrough,"Storage shelf near Perforating Gun Store found with non-hazardous spares stacked slightly above the marked height line, about 20 cm over.",Low,0,0.05,Gravity (minor),Degraded - storage height guideline not followed,Minor risk of an item falling from a low shelf,Restack items to the marked height line,stacked slightly above the marked height line,Storage shelf near Perforating Gun Store found with non-haza,Resolved
OIL-UC-1103,unsafe conditions,21-07-2025,Digboi Refinery,Battery Room,Audit/compliance walkthrough,"Chair in the rest area near Battery Room found with a slightly loose leg, wobble noted but stable under normal use, reported 13 days ago.",Low,0,0.1,Gravity (minimal),Degraded - minor furniture wear,"Negligible, minor discomfort only",Repair or replace during routine facilities maintenance,slightly loose leg,Chair in the rest area near Battery Room found with a slight,Open
OIL-UC-1104,unsafe conditions,15-08-2025,Jorhat Operations,Training Center,Shift changeover check,"Faded lane-marking paint observed near the Training Center parking area, visibility reduced by roughly 2%.",Low,0,0.07,Mechanical Motion (minor),Degraded - visual guidance faded in a low-speed area,Minor risk of parking misjudgement at low speed,Repaint lane markings at next facility upkeep cycle,faded lane-marking paint,Faded lane-marking paint observed near the Training Center p,Open
OIL-UC-1105,unsafe conditions,20-09-2025,Moran Oilfield,Rig Floor Catwalk / V-Door,Audit/compliance walkthrough,"Small water stain noted on a ceiling tile near Rig Floor Catwalk / V-Door, traced to an old, now-repaired roof leak; no active leak for over 39 weeks.",Low,0,0.12,,Functioning - no active hazard present,"Cosmetic issue only, negligible likelihood of harm",Replace tile at next maintenance cycle,water stain ... no active leak,Small water stain noted on a ceiling tile near Rig Floor Cat,Open
OIL-UC-1106,unsafe conditions,28-09-2025,Offshore Rig-04,Life Boat Station,Contractor oversight visit,"Visitor log near Life Boat Station found with 30 entries missing the induction-confirmation checkbox, though inductions were verbally confirmed by staff.",Low,0,0.06,,Degraded - documentation completeness lapse,"Negligible, an administrative gap rather than a live hazard",Retrain reception/gate staff on register completion,missing the induction-confirmation checkbox,Visitor log near Life Boat Station found with 30 entries mis,Resolved
OIL-UC-1107,unsafe conditions,11-03-2026,Guwahati Pipeline Station,Metering Skid,Shift changeover check,"Garden hose found coiled loosely across a low-traffic pedestrian path near Metering Skid, left out for approximately 7 hours.",Low,0,0.1,Gravity (trip),Degraded - minor trip hazard in a non-operational area,"Minor trip, low likelihood of significant injury",Coil and store hose immediately after use,hose ... left across a low-traffic pedestrian path,Garden hose found coiled loosely across a low-traffic pedest,Open
OIL-UC-1108,unsafe conditions,27-01-2025,Duliajan Oilfield,Chemical Injection Skid,Emergency-readiness drill prep,"Lint buildup observed inside a utility dryer vent near Chemical Injection Skid, last cleaned approximately 7 months ago.",Low,0,0.15,Thermal (minor),Degraded - routine maintenance overdue on a low-energy appliance,Low-likelihood minor fire risk in a domestic-scale appliance,Schedule vent cleaning,lint buildup,Lint buildup observed inside a utility dryer vent near Chemi,Open
OIL-UC-1109,unsafe conditions,26-06-2024,Digboi Refinery,Hydrocracker Unit,Emergency-readiness drill prep,"Utility shelf near Hydrocracker Unit found with cleaning supplies stacked neatly but close to the marked capacity line, about 16% full.",Low,0,0.06,Gravity (minimal),Functioning - within capacity despite appearing full,Negligible,Redistribute items for tidiness during next tidy-up,close to the marked capacity line,Utility shelf near Hydrocracker Unit found with cleaning sup,Open
OIL-UC-1110,unsafe conditions,27-07-2026,Jorhat Operations,Central Workshop,Pre-operation verification,"Small puddle of rainwater observed near Central Workshop, 17 metres away from any electrical or process equipment.",Low,0,0.11,Gravity (minor),Functioning - no hazardous interaction present,"Negligible, minor slip risk only","Allow natural drainage, monitor after heavy rain",small puddle of rainwater,Small puddle of rainwater observed near Central Workshop,Resolved
OIL-UC-1111,unsafe conditions,11-01-2026,Moran Oilfield,Drilling Rig Substructure,Pre-operation verification,"Outdated version of a general facility map displayed near Drilling Rig Substructure, superseded layout approximately 31 months old.",Low,0,0.15,,Degraded - minor informational lapse,"Negligible, unlikely to cause any operational confusion",Replace with the current facility map,outdated version,Outdated version of a general facility map displayed near Dr,Open
OIL-UC-1112,unsafe conditions,30-10-2024,Offshore Rig-04,Helideck,Pre-operation verification,"Bicycle/scooter parking area near Helideck found with uneven surface in one corner, away from any vehicle movement path, noted 26 days ago.",Low,0,0.08,Gravity (minor),Degraded - surface maintenance lapse in a low-risk area,"Minor stumble, unlikely to cause significant injury",Level surface during next grounds maintenance,uneven surface in one corner,Bicycle/scooter parking area near Helideck found with uneven,Open
OIL-UC-1113,unsafe conditions,28-11-2024,Guwahati Pipeline Station,Pig Launcher,Emergency-readiness drill prep,Security logbook near Pig Launcher found with a supply gap (pen missing) for about 8 hours; log itself was maintained without interruption.,Low,0,0.09,,Functioning - log maintained despite minor supply gap,Negligible,Restock stationery at the post,supply gap,Security logbook near Pig Launcher found with a supply gap (,Open
OIL-UC-1114,unsafe conditions,03-10-2024,Duliajan Oilfield,Water Treatment Plant,Audit/compliance walkthrough,"Minor rust patch observed on a non-structural roof panel near Water Treatment Plant, no leak or structural concern identified over 5 months of monitoring.",Low,0,0.06,,Functioning,"Cosmetic, negligible",Monitor at next scheduled facility inspection,minor rust patch,Minor rust patch observed on a non-structural roof panel nea,Resolved
OIL-UC-1115,unsafe conditions,26-11-2025,Digboi Refinery,Effluent Treatment Plant,Emergency-readiness drill prep,"Break-room refrigerator near Effluent Treatment Plant found running slightly warm (10 degrees above setpoint), no food-safety incident reported.",Low,0,0.09,,Degraded - minor appliance drift,"Negligible, food-quality concern rather than safety",Service refrigerator at next facilities round,running slightly warm,Break-room refrigerator near Effluent Treatment Plant found,Open
OIL-UC-1116,unsafe conditions,28-08-2025,Jorhat Operations,Training Center,Shift changeover check,Signage near Training Center directing to the muster point found slightly faded but still legible from 40 metres.,Low,0,0.15,,Degraded - signage clarity reduced but still functional,"Negligible, minor readability concern",Replace signage at next scheduled refresh,slightly faded but still legible,Signage near Training Center directing to the muster point f,Open
OIL-UC-1117,unsafe conditions,14-12-2025,Moran Oilfield,Camp Site,Pre-operation verification,"Non-critical spare-parts bin near Camp Site found unlabeled for approximately 34 weeks, contents still identifiable by staff.",Low,0,0.14,,Degraded - inventory labeling lapse,"Negligible, minor efficiency impact only",Relabel bin at next inventory round,unlabeled,Non-critical spare-parts bin near Camp Site found unlabeled,Open
OIL-UC-1118,unsafe conditions,04-09-2025,Offshore Rig-04,Life Boat Station,Contractor oversight visit,Low-traffic footpath near Life Boat Station found with overgrown vegetation encroaching about 12 cm into the walkway.,Low,0,0.14,Gravity (minor),Degraded - vegetation maintenance overdue in a low-risk area,"Minor obstruction, low likelihood of injury",Trim vegetation at next grounds maintenance,overgrown vegetation,Low-traffic footpath near Life Boat Station found with overg,Resolved
OIL-UC-1119,unsafe conditions,25-07-2026,Guwahati Pipeline Station,LCNG/LNG Dispensing Station,Emergency-readiness drill prep,Notice board near LCNG/LNG Dispensing Station found with 17 outdated circulars still pinned alongside current ones.,Low,0,0.11,,Degraded - minor communication clutter,"Negligible, potential minor confusion only",Remove outdated circulars at next review,outdated circulars,Notice board near LCNG/LNG Dispensing Station found with 17,Open
OIL-UC-1120,unsafe conditions,01-06-2026,Duliajan Oilfield,Water Treatment Plant,Shift changeover check,Noticeboard near Water Treatment Plant displaying a safety poster overdue for its 17-month scheduled update.,Low,0,0.09,,Degraded - communication cadence lapse,"Negligible, informational gap only",Update poster and set a reminder for the next review cycle,overdue for its,Noticeboard near Water Treatment Plant displaying a safety p,Open
OIL-UC-1121,unsafe conditions,06-12-2025,Digboi Refinery,Hydrocracker Unit,Shift changeover check,"Walkway near Hydrocracker Unit found with a small patch of loose gravel, 17 metres from any vehicle or process route.",Low,0,0.07,Gravity (minor),Degraded - minor surface wear in a low-traffic area,"Minor stumble risk, low likelihood of significant injury",Level the patch during next grounds maintenance round,loose gravel,Walkway near Hydrocracker Unit found with a small patch of l,Open
OIL-UC-1122,unsafe conditions,12-05-2026,Jorhat Operations,Central Workshop,Scheduled maintenance walkdown,"Storage shelf near Central Workshop found with non-hazardous spares stacked slightly above the marked height line, about 10 cm over.",Low,0,0.06,Gravity (minor),Degraded - storage height guideline not followed,Minor risk of an item falling from a low shelf,Restack items to the marked height line,stacked slightly above the marked height line,Storage shelf near Central Workshop found with non-hazardous,Resolved
OIL-UC-1123,unsafe conditions,05-05-2025,Moran Oilfield,Mud Logging Cabin,Routine inspection round,"Chair in the rest area near Mud Logging Cabin found with a slightly loose leg, wobble noted but stable under normal use, reported 15 days ago.",Low,0,0.08,Gravity (minimal),Degraded - minor furniture wear,"Negligible, minor discomfort only",Repair or replace during routine facilities maintenance,slightly loose leg,Chair in the rest area near Mud Logging Cabin found with a s,Open
OIL-UC-1124,unsafe conditions,05-08-2025,Offshore Rig-04,SPM Mooring Buoy Support Vessel,Pre-operation verification,"Faded lane-marking paint observed near the SPM Mooring Buoy Support Vessel parking area, visibility reduced by roughly 31%.",Low,0,0.04,Mechanical Motion (minor),Degraded - visual guidance faded in a low-speed area,Minor risk of parking misjudgement at low speed,Repaint lane markings at next facility upkeep cycle,faded lane-marking paint,Faded lane-marking paint observed near the SPM Mooring Buoy,Open
OIL-UC-1125,unsafe conditions,24-07-2026,Guwahati Pipeline Station,Pipeline ROW River Crossing,Contractor oversight visit,"Small water stain noted on a ceiling tile near Pipeline ROW River Crossing, traced to an old, now-repaired roof leak; no active leak for over 39 weeks.",Low,0,0.03,,Functioning - no active hazard present,"Cosmetic issue only, negligible likelihood of harm",Replace tile at next maintenance cycle,water stain ... no active leak,Small water stain noted on a ceiling tile near Pipeline ROW,Open
OIL-UC-1126,unsafe conditions,02-04-2025,Duliajan Oilfield,Perforating Gun Store,Routine inspection round,"Visitor log near Perforating Gun Store found with 32 entries missing the induction-confirmation checkbox, though inductions were verbally confirmed by staff.",Low,0,0.15,,Degraded - documentation completeness lapse,"Negligible, an administrative gap rather than a live hazard",Retrain reception/gate staff on register completion,missing the induction-confirmation checkbox,Visitor log near Perforating Gun Store found with 32 entries,Resolved
OIL-UC-1127,unsafe conditions,12-12-2025,Digboi Refinery,Battery Room,Audit/compliance walkthrough,"Garden hose found coiled loosely across a low-traffic pedestrian path near Battery Room, left out for approximately 28 hours.",Low,0,0.13,Gravity (trip),Degraded - minor trip hazard in a non-operational area,"Minor trip, low likelihood of significant injury",Coil and store hose immediately after use,hose ... left across a low-traffic pedestrian path,Garden hose found coiled loosely across a low-traffic pedest,Open
OIL-UC-1128,unsafe conditions,07-03-2025,Jorhat Operations,Diesel Fuel Island,Scheduled maintenance walkdown,"Lint buildup observed inside a utility dryer vent near Diesel Fuel Island, last cleaned approximately 40 months ago.",Low,0,0.09,Thermal (minor),Degraded - routine maintenance overdue on a low-energy appliance,Low-likelihood minor fire risk in a domestic-scale appliance,Schedule vent cleaning,lint buildup,Lint buildup observed inside a utility dryer vent near Diese,Open
OIL-UC-1129,unsafe conditions,16-04-2026,Moran Oilfield,Well Test Separator,Routine inspection round,"Utility shelf near Well Test Separator found with cleaning supplies stacked neatly but close to the marked capacity line, about 33% full.",Low,0,0.08,Gravity (minimal),Functioning - within capacity despite appearing full,Negligible,Redistribute items for tidiness during next tidy-up,close to the marked capacity line,Utility shelf near Well Test Separator found with cleaning s,Open
OIL-UC-1130,unsafe conditions,09-10-2024,Offshore Rig-04,Accommodation Module,Emergency-readiness drill prep,"Small puddle of rainwater observed near Accommodation Module, 12 metres away from any electrical or process equipment.",Low,0,0.09,Gravity (minor),Functioning - no hazardous interaction present,"Negligible, minor slip risk only","Allow natural drainage, monitor after heavy rain",small puddle of rainwater,Small puddle of rainwater observed near Accommodation Module,Resolved
OIL-UC-1131,unsafe conditions,28-06-2024,Guwahati Pipeline Station,Pig Launcher,Audit/compliance walkthrough,"Outdated version of a general facility map displayed near Pig Launcher, superseded layout approximately 27 months old.",Low,0,0.1,,Degraded - minor informational lapse,"Negligible, unlikely to cause any operational confusion",Replace with the current facility map,outdated version,Outdated version of a general facility map displayed near Pi,Open
OIL-UC-1132,unsafe conditions,04-12-2024,Duliajan Oilfield,Workover Rig Site,Scheduled maintenance walkdown,"Bicycle/scooter parking area near Workover Rig Site found with uneven surface in one corner, away from any vehicle movement path, noted 29 days ago.",Low,0,0.14,Gravity (minor),Degraded - surface maintenance lapse in a low-risk area,"Minor stumble, unlikely to cause significant injury",Level surface during next grounds maintenance,uneven surface in one corner,Bicycle/scooter parking area near Workover Rig Site found wi,Open
OIL-UC-1133,unsafe conditions,09-09-2025,Digboi Refinery,Naphtha Splitter Unit,Pre-operation verification,Security logbook near Naphtha Splitter Unit found with a supply gap (pen missing) for about 18 hours; log itself was maintained without interruption.,Low,0,0.07,,Functioning - log maintained despite minor supply gap,Negligible,Restock stationery at the post,supply gap,Security logbook near Naphtha Splitter Unit found with a sup,Open
OIL-UC-1134,unsafe conditions,12-03-2025,Jorhat Operations,Warehouse,Emergency-readiness drill prep,"Minor rust patch observed on a non-structural roof panel near Warehouse, no leak or structural concern identified over 23 months of monitoring.",Low,0,0.14,,Functioning,"Cosmetic, negligible",Monitor at next scheduled facility inspection,minor rust patch,Minor rust patch observed on a non-structural roof panel nea,Resolved
OIL-UC-1135,unsafe conditions,25-09-2025,Moran Oilfield,Rig Floor Catwalk / V-Door,Shift changeover check,"Break-room refrigerator near Rig Floor Catwalk / V-Door found running slightly warm (28 degrees above setpoint), no food-safety incident reported.",Low,0,0.14,,Degraded - minor appliance drift,"Negligible, food-quality concern rather than safety",Service refrigerator at next facilities round,running slightly warm,Break-room refrigerator near Rig Floor Catwalk / V-Door foun,Open
OIL-UC-1136,unsafe conditions,25-05-2025,Offshore Rig-04,Drill Floor,Routine inspection round,Signage near Drill Floor directing to the muster point found slightly faded but still legible from 36 metres.,Low,0,0.16,,Degraded - signage clarity reduced but still functional,"Negligible, minor readability concern",Replace signage at next scheduled refresh,slightly faded but still legible,Signage near Drill Floor directing to the muster point found,Open
OIL-UC-1137,unsafe conditions,12-07-2024,Guwahati Pipeline Station,SCADA Control Room,Emergency-readiness drill prep,"Non-critical spare-parts bin near SCADA Control Room found unlabeled for approximately 6 weeks, contents still identifiable by staff.",Low,0,0.15,,Degraded - inventory labeling lapse,"Negligible, minor efficiency impact only",Relabel bin at next inventory round,unlabeled,Non-critical spare-parts bin near SCADA Control Room found u,Open
OIL-UC-1138,unsafe conditions,27-02-2026,Duliajan Oilfield,Wellhead Cluster 3,Scheduled maintenance walkdown,Low-traffic footpath near Wellhead Cluster 3 found with overgrown vegetation encroaching about 17 cm into the walkway.,Low,0,0.14,Gravity (minor),Degraded - vegetation maintenance overdue in a low-risk area,"Minor obstruction, low likelihood of injury",Trim vegetation at next grounds maintenance,overgrown vegetation,Low-traffic footpath near Wellhead Cluster 3 found with over,Resolved
OIL-UC-1139,unsafe conditions,26-09-2024,Digboi Refinery,Benzene Storage Tank Farm,Scheduled maintenance walkdown,Notice board near Benzene Storage Tank Farm found with 17 outdated circulars still pinned alongside current ones.,Low,0,0.09,,Degraded - minor communication clutter,"Negligible, potential minor confusion only",Remove outdated circulars at next review,outdated circulars,Notice board near Benzene Storage Tank Farm found with 17 ou,Open
OIL-UC-1140,unsafe conditions,26-07-2026,Jorhat Operations,Training Center,Pre-operation verification,Noticeboard near Training Center displaying a safety poster overdue for its 15-month scheduled update.,Low,0,0.12,,Degraded - communication cadence lapse,"Negligible, informational gap only",Update poster and set a reminder for the next review cycle,overdue for its,Noticeboard near Training Center displaying a safety poster,Open
OIL-UC-1141,unsafe conditions,06-07-2026,Moran Oilfield,Cementing Unit,Audit/compliance walkthrough,"Walkway near Cementing Unit found with a small patch of loose gravel, 12 metres from any vehicle or process route.",Low,0,0.11,Gravity (minor),Degraded - minor surface wear in a low-traffic area,"Minor stumble risk, low likelihood of significant injury",Level the patch during next grounds maintenance round,loose gravel,Walkway near Cementing Unit found with a small patch of loos,Open
OIL-UC-1142,unsafe conditions,27-06-2024,Offshore Rig-04,Catwalk / V-Door,Shift changeover check,"Storage shelf near Catwalk / V-Door found with non-hazardous spares stacked slightly above the marked height line, about 12 cm over.",Low,0,0.04,Gravity (minor),Degraded - storage height guideline not followed,Minor risk of an item falling from a low shelf,Restack items to the marked height line,stacked slightly above the marked height line,Storage shelf near Catwalk / V-Door found with non-hazardous,Resolved
OIL-UC-1143,unsafe conditions,20-06-2025,Guwahati Pipeline Station,LCNG/LNG Dispensing Station,Contractor oversight visit,"Chair in the rest area near LCNG/LNG Dispensing Station found with a slightly loose leg, wobble noted but stable under normal use, reported 38 days ago.",Low,0,0.15,Gravity (minimal),Degraded - minor furniture wear,"Negligible, minor discomfort only",Repair or replace during routine facilities maintenance,slightly loose leg,Chair in the rest area near LCNG/LNG Dispensing Station foun,Open
OIL-UC-1144,unsafe conditions,05-03-2026,Duliajan Oilfield,Perforating Gun Store,Routine inspection round,"Faded lane-marking paint observed near the Perforating Gun Store parking area, visibility reduced by roughly 14%.",Low,0,0.11,Mechanical Motion (minor),Degraded - visual guidance faded in a low-speed area,Minor risk of parking misjudgement at low speed,Repaint lane markings at next facility upkeep cycle,faded lane-marking paint,Faded lane-marking paint observed near the Perforating Gun S,Open
OIL-UC-1145,unsafe conditions,02-05-2026,Digboi Refinery,Ethanol Storage Tanks,Contractor oversight visit,"Small water stain noted on a ceiling tile near Ethanol Storage Tanks, traced to an old, now-repaired roof leak; no active leak for over 8 weeks.",Low,0,0.13,,Functioning - no active hazard present,"Cosmetic issue only, negligible likelihood of harm",Replace tile at next maintenance cycle,water stain ... no active leak,Small water stain noted on a ceiling tile near Ethanol Stora,Open
OIL-UC-1146,unsafe conditions,11-08-2026,Jorhat Operations,Training Center,Emergency-readiness drill prep,"Visitor log near Training Center found with 9 entries missing the induction-confirmation checkbox, though inductions were verbally confirmed by staff.",Low,0,0.16,,Degraded - documentation completeness lapse,"Negligible, an administrative gap rather than a live hazard",Retrain reception/gate staff on register completion,missing the induction-confirmation checkbox,Visitor log near Training Center found with 9 entries missin,Resolved
OIL-UC-1147,unsafe conditions,15-06-2025,Moran Oilfield,Drilling Rig Substructure,Audit/compliance walkthrough,"Garden hose found coiled loosely across a low-traffic pedestrian path near Drilling Rig Substructure, left out for approximately 24 hours.",Low,0,0.09,Gravity (trip),Degraded - minor trip hazard in a non-operational area,"Minor trip, low likelihood of significant injury",Coil and store hose immediately after use,hose ... left across a low-traffic pedestrian path,Garden hose found coiled loosely across a low-traffic pedest,Open
OIL-UC-1148,unsafe conditions,05-08-2025,Offshore Rig-04,Catwalk / V-Door,Contractor oversight visit,"Lint buildup observed inside a utility dryer vent near Catwalk / V-Door, last cleaned approximately 34 months ago.",Low,0,0.07,Thermal (minor),Degraded - routine maintenance overdue on a low-energy appliance,Low-likelihood minor fire risk in a domestic-scale appliance,Schedule vent cleaning,lint buildup,Lint buildup observed inside a utility dryer vent near Catwa,Open
OIL-UC-1149,unsafe conditions,13-03-2026,Guwahati Pipeline Station,TTPA (Tank Truck Parking Area),Pre-operation verification,"Utility shelf near TTPA (Tank Truck Parking Area) found with cleaning supplies stacked neatly but close to the marked capacity line, about 8% full.",Low,0,0.15,Gravity (minimal),Functioning - within capacity despite appearing full,Negligible,Redistribute items for tidiness during next tidy-up,close to the marked capacity line,Utility shelf near TTPA (Tank Truck Parking Area) found with,Open
OIL-UC-1150,unsafe conditions,17-11-2025,Duliajan Oilfield,Water Treatment Plant,Pre-operation verification,"Small puddle of rainwater observed near Water Treatment Plant, 11 metres away from any electrical or process equipment.",Low,0,0.05,Gravity (minor),Functioning - no hazardous interaction present,"Negligible, minor slip risk only","Allow natural drainage, monitor after heavy rain",small puddle of rainwater,Small puddle of rainwater observed near Water Treatment Plan,Resolved
OIL-UC-1151,unsafe conditions,21-08-2025,Digboi Refinery,Hydrocracker Unit,Emergency-readiness drill prep,"Outdated version of a general facility map displayed near Hydrocracker Unit, superseded layout approximately 36 months old.",Low,0,0.09,,Degraded - minor informational lapse,"Negligible, unlikely to cause any operational confusion",Replace with the current facility map,outdated version,Outdated version of a general facility map displayed near Hy,Open
OIL-UC-1152,unsafe conditions,07-02-2025,Jorhat Operations,Diesel Fuel Island,Shift changeover check,"Bicycle/scooter parking area near Diesel Fuel Island found with uneven surface in one corner, away from any vehicle movement path, noted 39 days ago.",Low,0,0.07,Gravity (minor),Degraded - surface maintenance lapse in a low-risk area,"Minor stumble, unlikely to cause significant injury",Level surface during next grounds maintenance,uneven surface in one corner,Bicycle/scooter parking area near Diesel Fuel Island found w,Open
OIL-UC-1153,unsafe conditions,05-02-2025,Moran Oilfield,Rig Floor Catwalk / V-Door,Shift changeover check,Security logbook near Rig Floor Catwalk / V-Door found with a supply gap (pen missing) for about 7 hours; log itself was maintained without interruption.,Low,0,0.14,,Functioning - log maintained despite minor supply gap,Negligible,Restock stationery at the post,supply gap,Security logbook near Rig Floor Catwalk / V-Door found with,Open
OIL-UC-1154,unsafe conditions,11-05-2025,Offshore Rig-04,Life Boat Station,Audit/compliance walkthrough,"Minor rust patch observed on a non-structural roof panel near Life Boat Station, no leak or structural concern identified over 38 months of monitoring.",Low,0,0.12,,Functioning,"Cosmetic, negligible",Monitor at next scheduled facility inspection,minor rust patch,Minor rust patch observed on a non-structural roof panel nea,Resolved
OIL-UC-1155,unsafe conditions,13-10-2025,Guwahati Pipeline Station,Pig Launcher,Emergency-readiness drill prep,"Break-room refrigerator near Pig Launcher found running slightly warm (33 degrees above setpoint), no food-safety incident reported.",Low,0,0.07,,Degraded - minor appliance drift,"Negligible, food-quality concern rather than safety",Service refrigerator at next facilities round,running slightly warm,Break-room refrigerator near Pig Launcher found running slig,Open
OIL-UC-1156,unsafe conditions,14-03-2025,Duliajan Oilfield,Central Tank Farm,Emergency-readiness drill prep,Signage near Central Tank Farm directing to the muster point found slightly faded but still legible from 24 metres.,Low,0,0.06,,Degraded - signage clarity reduced but still functional,"Negligible, minor readability concern",Replace signage at next scheduled refresh,slightly faded but still legible,Signage near Central Tank Farm directing to the muster point,Open
OIL-UC-1157,unsafe conditions,13-12-2024,Digboi Refinery,Hydrocracker Unit,Routine inspection round,"Non-critical spare-parts bin near Hydrocracker Unit found unlabeled for approximately 37 weeks, contents still identifiable by staff.",Low,0,0.1,,Degraded - inventory labeling lapse,"Negligible, minor efficiency impact only",Relabel bin at next inventory round,unlabeled,Non-critical spare-parts bin near Hydrocracker Unit found un,Open
OIL-UC-1158,unsafe conditions,21-12-2025,Jorhat Operations,Central Workshop,Contractor oversight visit,Low-traffic footpath near Central Workshop found with overgrown vegetation encroaching about 17 cm into the walkway.,Low,0,0.08,Gravity (minor),Degraded - vegetation maintenance overdue in a low-risk area,"Minor obstruction, low likelihood of injury",Trim vegetation at next grounds maintenance,overgrown vegetation,Low-traffic footpath near Central Workshop found with overgr,Resolved
OIL-UC-1159,unsafe conditions,30-05-2026,Moran Oilfield,Rig Floor Catwalk / V-Door,Contractor oversight visit,Notice board near Rig Floor Catwalk / V-Door found with 17 outdated circulars still pinned alongside current ones.,Low,0,0.09,,Degraded - minor communication clutter,"Negligible, potential minor confusion only",Remove outdated circulars at next review,outdated circulars,Notice board near Rig Floor Catwalk / V-Door found with 17 o,Open
OIL-UC-1160,unsafe conditions,29-03-2025,Offshore Rig-04,Life Boat Station,Emergency-readiness drill prep,Noticeboard near Life Boat Station displaying a safety poster overdue for its 30-month scheduled update.,Low,0,0.03,,Degraded - communication cadence lapse,"Negligible, informational gap only",Update poster and set a reminder for the next review cycle,overdue for its,Noticeboard near Life Boat Station displaying a safety poste,Open
OIL-UC-1161,unsafe conditions,11-04-2026,Guwahati Pipeline Station,SCADA Control Room,Contractor oversight visit,"Walkway near SCADA Control Room found with a small patch of loose gravel, 27 metres from any vehicle or process route.",Low,0,0.06,Gravity (minor),Degraded - minor surface wear in a low-traffic area,"Minor stumble risk, low likelihood of significant injury",Level the patch during next grounds maintenance round,loose gravel,Walkway near SCADA Control Room found with a small patch of,Open
OIL-UC-1162,unsafe conditions,10-08-2025,Duliajan Oilfield,Chemical Injection Skid,Audit/compliance walkthrough,"Storage shelf near Chemical Injection Skid found with non-hazardous spares stacked slightly above the marked height line, about 32 cm over.",Low,0,0.1,Gravity (minor),Degraded - storage height guideline not followed,Minor risk of an item falling from a low shelf,Restack items to the marked height line,stacked slightly above the marked height line,Storage shelf near Chemical Injection Skid found with non-ha,Resolved
OIL-UC-1163,unsafe conditions,05-03-2025,Digboi Refinery,LPG Bottling Plant,Shift changeover check,"Chair in the rest area near LPG Bottling Plant found with a slightly loose leg, wobble noted but stable under normal use, reported 23 days ago.",Low,0,0.12,Gravity (minimal),Degraded - minor furniture wear,"Negligible, minor discomfort only",Repair or replace during routine facilities maintenance,slightly loose leg,Chair in the rest area near LPG Bottling Plant found with a,Open
OIL-UC-1164,unsafe conditions,15-12-2024,Jorhat Operations,Warehouse,Scheduled maintenance walkdown,"Faded lane-marking paint observed near the Warehouse parking area, visibility reduced by roughly 18%.",Low,0,0.05,Mechanical Motion (minor),Degraded - visual guidance faded in a low-speed area,Minor risk of parking misjudgement at low speed,Repaint lane markings at next facility upkeep cycle,faded lane-marking paint,Faded lane-marking paint observed near the Warehouse parking,Open
OIL-UC-1165,unsafe conditions,21-07-2026,Moran Oilfield,Cementing Unit,Contractor oversight visit,"Small water stain noted on a ceiling tile near Cementing Unit, traced to an old, now-repaired roof leak; no active leak for over 9 weeks.",Low,0,0.1,,Functioning - no active hazard present,"Cosmetic issue only, negligible likelihood of harm",Replace tile at next maintenance cycle,water stain ... no active leak,Small water stain noted on a ceiling tile near Cementing Uni,Open
OIL-UC-1166,unsafe conditions,11-03-2025,Offshore Rig-04,Main Deck Crane,Scheduled maintenance walkdown,"Visitor log near Main Deck Crane found with 14 entries missing the induction-confirmation checkbox, though inductions were verbally confirmed by staff.",Low,0,0.13,,Degraded - documentation completeness lapse,"Negligible, an administrative gap rather than a live hazard",Retrain reception/gate staff on register completion,missing the induction-confirmation checkbox,Visitor log near Main Deck Crane found with 14 entries missi,Resolved
OIL-UC-1167,unsafe conditions,19-01-2025,Guwahati Pipeline Station,LCNG/LNG Dispensing Station,Emergency-readiness drill prep,"Garden hose found coiled loosely across a low-traffic pedestrian path near LCNG/LNG Dispensing Station, left out for approximately 8 hours.",Low,0,0.06,Gravity (trip),Degraded - minor trip hazard in a non-operational area,"Minor trip, low likelihood of significant injury",Coil and store hose immediately after use,hose ... left across a low-traffic pedestrian path,Garden hose found coiled loosely across a low-traffic pedest,Open
OIL-UC-1168,unsafe conditions,29-11-2025,Duliajan Oilfield,Chemical Injection Skid,Shift changeover check,"Lint buildup observed inside a utility dryer vent near Chemical Injection Skid, last cleaned approximately 13 months ago.",Low,0,0.03,Thermal (minor),Degraded - routine maintenance overdue on a low-energy appliance,Low-likelihood minor fire risk in a domestic-scale appliance,Schedule vent cleaning,lint buildup,Lint buildup observed inside a utility dryer vent near Chemi,Open
OIL-UC-1169,unsafe conditions,19-12-2025,Digboi Refinery,Benzene Storage Tank Farm,Routine inspection round,"Utility shelf near Benzene Storage Tank Farm found with cleaning supplies stacked neatly but close to the marked capacity line, about 19% full.",Low,0,0.16,Gravity (minimal),Functioning - within capacity despite appearing full,Negligible,Redistribute items for tidiness during next tidy-up,close to the marked capacity line,Utility shelf near Benzene Storage Tank Farm found with clea,Open
OIL-UC-1170,unsafe conditions,16-10-2025,Jorhat Operations,Warehouse,Contractor oversight visit,"Small puddle of rainwater observed near Warehouse, 10 metres away from any electrical or process equipment.",Low,0,0.14,Gravity (minor),Functioning - no hazardous interaction present,"Negligible, minor slip risk only","Allow natural drainage, monitor after heavy rain",small puddle of rainwater,Small puddle of rainwater observed near Warehouse,Resolved
OIL-UC-1171,unsafe conditions,04-10-2025,Moran Oilfield,Drilling Rig Substructure,Audit/compliance walkthrough,"Outdated version of a general facility map displayed near Drilling Rig Substructure, superseded layout approximately 2 months old.",Low,0,0.07,,Degraded - minor informational lapse,"Negligible, unlikely to cause any operational confusion",Replace with the current facility map,outdated version,Outdated version of a general facility map displayed near Dr,Open
OIL-UC-1172,unsafe conditions,14-02-2025,Offshore Rig-04,Life Boat Station,Scheduled maintenance walkdown,"Bicycle/scooter parking area near Life Boat Station found with uneven surface in one corner, away from any vehicle movement path, noted 23 days ago.",Low,0,0.16,Gravity (minor),Degraded - surface maintenance lapse in a low-risk area,"Minor stumble, unlikely to cause significant injury",Level surface during next grounds maintenance,uneven surface in one corner,Bicycle/scooter parking area near Life Boat Station found wi,Open
OIL-UC-1173,unsafe conditions,17-10-2025,Guwahati Pipeline Station,TTPA (Tank Truck Parking Area),Emergency-readiness drill prep,Security logbook near TTPA (Tank Truck Parking Area) found with a supply gap (pen missing) for about 9 hours; log itself was maintained without interruption.,Low,0,0.04,,Functioning - log maintained despite minor supply gap,Negligible,Restock stationery at the post,supply gap,Security logbook near TTPA (Tank Truck Parking Area) found w,Open
OIL-UC-1174,unsafe conditions,03-11-2024,Duliajan Oilfield,Workover Rig Site,Contractor oversight visit,"Minor rust patch observed on a non-structural roof panel near Workover Rig Site, no leak or structural concern identified over 38 months of monitoring.",Low,0,0.12,,Functioning,"Cosmetic, negligible",Monitor at next scheduled facility inspection,minor rust patch,Minor rust patch observed on a non-structural roof panel nea,Resolved
OIL-UC-1175,unsafe conditions,10-02-2025,Digboi Refinery,Benzene Storage Tank Farm,Shift changeover check,"Break-room refrigerator near Benzene Storage Tank Farm found running slightly warm (38 degrees above setpoint), no food-safety incident reported.",Low,0,0.04,,Degraded - minor appliance drift,"Negligible, food-quality concern rather than safety",Service refrigerator at next facilities round,running slightly warm,Break-room refrigerator near Benzene Storage Tank Farm found,Open
OIL-UC-1176,unsafe conditions,01-02-2026,Jorhat Operations,Central Workshop,Emergency-readiness drill prep,Signage near Central Workshop directing to the muster point found slightly faded but still legible from 37 metres.,Low,0,0.08,,Degraded - signage clarity reduced but still functional,"Negligible, minor readability concern",Replace signage at next scheduled refresh,slightly faded but still legible,Signage near Central Workshop directing to the muster point,Open
OIL-UC-1177,unsafe conditions,05-09-2025,Moran Oilfield,Rig Floor Catwalk / V-Door,Emergency-readiness drill prep,"Non-critical spare-parts bin near Rig Floor Catwalk / V-Door found unlabeled for approximately 16 weeks, contents still identifiable by staff.",Low,0,0.1,,Degraded - inventory labeling lapse,"Negligible, minor efficiency impact only",Relabel bin at next inventory round,unlabeled,Non-critical spare-parts bin near Rig Floor Catwalk / V-Door,Open
OIL-UC-1178,unsafe conditions,14-08-2025,Offshore Rig-04,Life Boat Station,Emergency-readiness drill prep,Low-traffic footpath near Life Boat Station found with overgrown vegetation encroaching about 21 cm into the walkway.,Low,0,0.11,Gravity (minor),Degraded - vegetation maintenance overdue in a low-risk area,"Minor obstruction, low likelihood of injury",Trim vegetation at next grounds maintenance,overgrown vegetation,Low-traffic footpath near Life Boat Station found with overg,Resolved
OIL-UC-1179,unsafe conditions,28-06-2026,Guwahati Pipeline Station,LCNG/LNG Dispensing Station,Audit/compliance walkthrough,Notice board near LCNG/LNG Dispensing Station found with 38 outdated circulars still pinned alongside current ones.,Low,0,0.04,,Degraded - minor communication clutter,"Negligible, potential minor confusion only",Remove outdated circulars at next review,outdated circulars,Notice board near LCNG/LNG Dispensing Station found with 38,Open
OIL-UC-1180,unsafe conditions,08-04-2026,Duliajan Oilfield,Workover Rig Site,Contractor oversight visit,Noticeboard near Workover Rig Site displaying a safety poster overdue for its 15-month scheduled update.,Low,0,0.06,,Degraded - communication cadence lapse,"Negligible, informational gap only",Update poster and set a reminder for the next review cycle,overdue for its,Noticeboard near Workover Rig Site displaying a safety poste,Open
OIL-UC-1181,unsafe conditions,16-08-2024,Digboi Refinery,Reboiler Furnace Bay,Scheduled maintenance walkdown,"Walkway near Reboiler Furnace Bay found with a small patch of loose gravel, 12 metres from any vehicle or process route.",Low,0,0.05,Gravity (minor),Degraded - minor surface wear in a low-traffic area,"Minor stumble risk, low likelihood of significant injury",Level the patch during next grounds maintenance round,loose gravel,Walkway near Reboiler Furnace Bay found with a small patch o,Open
OIL-UC-1182,unsafe conditions,30-01-2026,Jorhat Operations,Fire Station,Pre-operation verification,"Storage shelf near Fire Station found with non-hazardous spares stacked slightly above the marked height line, about 2 cm over.",Low,0,0.09,Gravity (minor),Degraded - storage height guideline not followed,Minor risk of an item falling from a low shelf,Restack items to the marked height line,stacked slightly above the marked height line,Storage shelf near Fire Station found with non-hazardous spa,Resolved
OIL-UC-1183,unsafe conditions,25-05-2026,Moran Oilfield,Well Test Separator,Routine inspection round,"Chair in the rest area near Well Test Separator found with a slightly loose leg, wobble noted but stable under normal use, reported 20 days ago.",Low,0,0.06,Gravity (minimal),Degraded - minor furniture wear,"Negligible, minor discomfort only",Repair or replace during routine facilities maintenance,slightly loose leg,Chair in the rest area near Well Test Separator found with a,Open
OIL-UC-1184,unsafe conditions,26-02-2025,Offshore Rig-04,Moon Pool Area,Routine inspection round,"Faded lane-marking paint observed near the Moon Pool Area parking area, visibility reduced by roughly 31%.",Low,0,0.12,Mechanical Motion (minor),Degraded - visual guidance faded in a low-speed area,Minor risk of parking misjudgement at low speed,Repaint lane markings at next facility upkeep cycle,faded lane-marking paint,Faded lane-marking paint observed near the Moon Pool Area pa,Open
OIL-UC-1185,unsafe conditions,26-03-2026,Guwahati Pipeline Station,SCADA Control Room,Routine inspection round,"Small water stain noted on a ceiling tile near SCADA Control Room, traced to an old, now-repaired roof leak; no active leak for over 29 weeks.",Low,0,0.1,,Functioning - no active hazard present,"Cosmetic issue only, negligible likelihood of harm",Replace tile at next maintenance cycle,water stain ... no active leak,Small water stain noted on a ceiling tile near SCADA Control,Open
OIL-UC-1186,unsafe conditions,01-08-2024,Duliajan Oilfield,Gas Compressor Station,Emergency-readiness drill prep,"Visitor log near Gas Compressor Station found with 19 entries missing the induction-confirmation checkbox, though inductions were verbally confirmed by staff.",Low,0,0.05,,Degraded - documentation completeness lapse,"Negligible, an administrative gap rather than a live hazard",Retrain reception/gate staff on register completion,missing the induction-confirmation checkbox,Visitor log near Gas Compressor Station found with 19 entrie,Resolved
OIL-UC-1187,unsafe conditions,04-01-2026,Digboi Refinery,Benzene Storage Tank Farm,Audit/compliance walkthrough,"Garden hose found coiled loosely across a low-traffic pedestrian path near Benzene Storage Tank Farm, left out for approximately 21 hours.",Low,0,0.13,Gravity (trip),Degraded - minor trip hazard in a non-operational area,"Minor trip, low likelihood of significant injury",Coil and store hose immediately after use,hose ... left across a low-traffic pedestrian path,Garden hose found coiled loosely across a low-traffic pedest,Open
OIL-UC-1188,unsafe conditions,08-04-2025,Jorhat Operations,Warehouse,Routine inspection round,"Lint buildup observed inside a utility dryer vent near Warehouse, last cleaned approximately 30 months ago.",Low,0,0.09,Thermal (minor),Degraded - routine maintenance overdue on a low-energy appliance,Low-likelihood minor fire risk in a domestic-scale appliance,Schedule vent cleaning,lint buildup,Lint buildup observed inside a utility dryer vent near Wareh,Open
OIL-UC-1189,unsafe conditions,19-10-2025,Moran Oilfield,Telescopic Mast Assembly,Shift changeover check,"Utility shelf near Telescopic Mast Assembly found with cleaning supplies stacked neatly but close to the marked capacity line, about 27% full.",Low,0,0.1,Gravity (minimal),Functioning - within capacity despite appearing full,Negligible,Redistribute items for tidiness during next tidy-up,close to the marked capacity line,Utility shelf near Telescopic Mast Assembly found with clean,Open
OIL-UC-1190,unsafe conditions,17-08-2025,Offshore Rig-04,Life Boat Station,Audit/compliance walkthrough,"Small puddle of rainwater observed near Life Boat Station, 7 metres away from any electrical or process equipment.",Low,0,0.04,Gravity (minor),Functioning - no hazardous interaction present,"Negligible, minor slip risk only","Allow natural drainage, monitor after heavy rain",small puddle of rainwater,Small puddle of rainwater observed near Life Boat Station,Resolved
OIL-UC-1191,unsafe conditions,21-01-2025,Guwahati Pipeline Station,220kV Cable Trench (RCC),Shift changeover check,"Outdated version of a general facility map displayed near 220kV Cable Trench (RCC), superseded layout approximately 40 months old.",Low,0,0.03,,Degraded - minor informational lapse,"Negligible, unlikely to cause any operational confusion",Replace with the current facility map,outdated version,Outdated version of a general facility map displayed near 22,Open
OIL-UC-1192,unsafe conditions,15-07-2026,Duliajan Oilfield,Wellhead Cluster 3,Audit/compliance walkthrough,"Bicycle/scooter parking area near Wellhead Cluster 3 found with uneven surface in one corner, away from any vehicle movement path, noted 19 days ago.",Low,0,0.04,Gravity (minor),Degraded - surface maintenance lapse in a low-risk area,"Minor stumble, unlikely to cause significant injury",Level surface during next grounds maintenance,uneven surface in one corner,Bicycle/scooter parking area near Wellhead Cluster 3 found w,Open
OIL-UC-1193,unsafe conditions,12-03-2025,Digboi Refinery,Benzene Storage Tank Farm,Audit/compliance walkthrough,Security logbook near Benzene Storage Tank Farm found with a supply gap (pen missing) for about 32 hours; log itself was maintained without interruption.,Low,0,0.11,,Functioning - log maintained despite minor supply gap,Negligible,Restock stationery at the post,supply gap,Security logbook near Benzene Storage Tank Farm found with a,Open
OIL-UC-1194,unsafe conditions,17-10-2025,Jorhat Operations,Fire Station,Pre-operation verification,"Minor rust patch observed on a non-structural roof panel near Fire Station, no leak or structural concern identified over 39 months of monitoring.",Low,0,0.11,,Functioning,"Cosmetic, negligible",Monitor at next scheduled facility inspection,minor rust patch,Minor rust patch observed on a non-structural roof panel nea,Resolved
OIL-UC-1195,unsafe conditions,25-04-2025,Moran Oilfield,Drilling Rig Substructure,Shift changeover check,"Break-room refrigerator near Drilling Rig Substructure found running slightly warm (32 degrees above setpoint), no food-safety incident reported.",Low,0,0.08,,Degraded - minor appliance drift,"Negligible, food-quality concern rather than safety",Service refrigerator at next facilities round,running slightly warm,Break-room refrigerator near Drilling Rig Substructure found,Open
OIL-UC-1196,unsafe conditions,21-10-2025,Offshore Rig-04,Catwalk / V-Door,Shift changeover check,Signage near Catwalk / V-Door directing to the muster point found slightly faded but still legible from 12 metres.,Low,0,0.08,,Degraded - signage clarity reduced but still functional,"Negligible, minor readability concern",Replace signage at next scheduled refresh,slightly faded but still legible,Signage near Catwalk / V-Door directing to the muster point,Open
OIL-UC-1197,unsafe conditions,08-07-2024,Guwahati Pipeline Station,LCNG/LNG Dispensing Station,Emergency-readiness drill prep,"Non-critical spare-parts bin near LCNG/LNG Dispensing Station found unlabeled for approximately 27 weeks, contents still identifiable by staff.",Low,0,0.13,,Degraded - inventory labeling lapse,"Negligible, minor efficiency impact only",Relabel bin at next inventory round,unlabeled,Non-critical spare-parts bin near LCNG/LNG Dispensing Statio,Open
OIL-UC-1198,unsafe conditions,27-09-2024,Duliajan Oilfield,Water Treatment Plant,Shift changeover check,Low-traffic footpath near Water Treatment Plant found with overgrown vegetation encroaching about 7 cm into the walkway.,Low,0,0.06,Gravity (minor),Degraded - vegetation maintenance overdue in a low-risk area,"Minor obstruction, low likelihood of injury",Trim vegetation at next grounds maintenance,overgrown vegetation,Low-traffic footpath near Water Treatment Plant found with o,Resolved
OIL-UC-1199,unsafe conditions,05-04-2026,Digboi Refinery,Battery Room,Emergency-readiness drill prep,Notice board near Battery Room found with 34 outdated circulars still pinned alongside current ones.,Low,0,0.16,,Degraded - minor communication clutter,"Negligible, potential minor confusion only",Remove outdated circulars at next review,outdated circulars,Notice board near Battery Room found with 34 outdated circul,Open
OIL-UC-1200,unsafe conditions,10-12-2024,Jorhat Operations,Diesel Fuel Island,Pre-operation verification,Noticeboard near Diesel Fuel Island displaying a safety poster overdue for its 36-month scheduled update.,Low,0,0.08,,Degraded - communication cadence lapse,"Negligible, informational gap only",Update poster and set a reminder for the next review cycle,overdue for its,Noticeboard near Diesel Fuel Island displaying a safety post,Open
OIL-UC-1201,unsafe conditions,03-03-2026,Moran Oilfield,Camp Site,Audit/compliance walkthrough,"Walkway near Camp Site found with a small patch of loose gravel, 25 metres from any vehicle or process route.",Low,0,0.13,Gravity (minor),Degraded - minor surface wear in a low-traffic area,"Minor stumble risk, low likelihood of significant injury",Level the patch during next grounds maintenance round,loose gravel,Walkway near Camp Site found with a small patch of loose gra,Open
OIL-UC-1202,unsafe conditions,13-10-2024,Offshore Rig-04,Life Boat Station,Scheduled maintenance walkdown,"Storage shelf near Life Boat Station found with non-hazardous spares stacked slightly above the marked height line, about 5 cm over.",Low,0,0.06,Gravity (minor),Degraded - storage height guideline not followed,Minor risk of an item falling from a low shelf,Restack items to the marked height line,stacked slightly above the marked height line,Storage shelf near Life Boat Station found with non-hazardou,Resolved
OIL-UC-1203,unsafe conditions,30-06-2024,Guwahati Pipeline Station,LCNG/LNG Dispensing Station,Contractor oversight visit,"Chair in the rest area near LCNG/LNG Dispensing Station found with a slightly loose leg, wobble noted but stable under normal use, reported 30 days ago.",Low,0,0.09,Gravity (minimal),Degraded - minor furniture wear,"Negligible, minor discomfort only",Repair or replace during routine facilities maintenance,slightly loose leg,Chair in the rest area near LCNG/LNG Dispensing Station foun,Open
OIL-UC-1204,unsafe conditions,18-12-2025,Duliajan Oilfield,Central Tank Farm,Shift changeover check,"Faded lane-marking paint observed near the Central Tank Farm parking area, visibility reduced by roughly 12%.",Low,0,0.1,Mechanical Motion (minor),Degraded - visual guidance faded in a low-speed area,Minor risk of parking misjudgement at low speed,Repaint lane markings at next facility upkeep cycle,faded lane-marking paint,Faded lane-marking paint observed near the Central Tank Farm,Open
OIL-UC-1205,unsafe conditions,25-09-2024,Digboi Refinery,Battery Room,Scheduled maintenance walkdown,"Small water stain noted on a ceiling tile near Battery Room, traced to an old, now-repaired roof leak; no active leak for over 7 weeks.",Low,0,0.16,,Functioning - no active hazard present,"Cosmetic issue only, negligible likelihood of harm",Replace tile at next maintenance cycle,water stain ... no active leak,Small water stain noted on a ceiling tile near Battery Room,Open
OIL-UC-1206,unsafe conditions,24-10-2025,Jorhat Operations,Compressed Gas Store,Contractor oversight visit,"Visitor log near Compressed Gas Store found with 9 entries missing the induction-confirmation checkbox, though inductions were verbally confirmed by staff.",Low,0,0.14,,Degraded - documentation completeness lapse,"Negligible, an administrative gap rather than a live hazard",Retrain reception/gate staff on register completion,missing the induction-confirmation checkbox,Visitor log near Compressed Gas Store found with 9 entries m,Resolved
OIL-UC-1207,unsafe conditions,31-07-2025,Moran Oilfield,Telescopic Mast Assembly,Audit/compliance walkthrough,"Garden hose found coiled loosely across a low-traffic pedestrian path near Telescopic Mast Assembly, left out for approximately 20 hours.",Low,0,0.12,Gravity (trip),Degraded - minor trip hazard in a non-operational area,"Minor trip, low likelihood of significant injury",Coil and store hose immediately after use,hose ... left across a low-traffic pedestrian path,Garden hose found coiled loosely across a low-traffic pedest,Open
OIL-UC-1208,unsafe conditions,27-10-2024,Offshore Rig-04,Life Boat Station,Scheduled maintenance walkdown,"Lint buildup observed inside a utility dryer vent near Life Boat Station, last cleaned approximately 32 months ago.",Low,0,0.09,Thermal (minor),Degraded - routine maintenance overdue on a low-energy appliance,Low-likelihood minor fire risk in a domestic-scale appliance,Schedule vent cleaning,lint buildup,Lint buildup observed inside a utility dryer vent near Life,Open
OIL-UC-1209,unsafe conditions,18-10-2024,Guwahati Pipeline Station,Pipeline ROW River Crossing,Audit/compliance walkthrough,"Utility shelf near Pipeline ROW River Crossing found with cleaning supplies stacked neatly but close to the marked capacity line, about 14% full.",Low,0,0.1,Gravity (minimal),Functioning - within capacity despite appearing full,Negligible,Redistribute items for tidiness during next tidy-up,close to the marked capacity line,Utility shelf near Pipeline ROW River Crossing found with cl,Open
OIL-UC-1210,unsafe conditions,30-07-2025,Duliajan Oilfield,Workover Rig Site,Emergency-readiness drill prep,"Small puddle of rainwater observed near Workover Rig Site, 19 metres away from any electrical or process equipment.",Low,0,0.13,Gravity (minor),Functioning - no hazardous interaction present,"Negligible, minor slip risk only","Allow natural drainage, monitor after heavy rain",small puddle of rainwater,Small puddle of rainwater observed near Workover Rig Site,Resolved
OIL-UC-1211,unsafe conditions,17-03-2025,Digboi Refinery,Boiler House,Shift changeover check,"Outdated version of a general facility map displayed near Boiler House, superseded layout approximately 34 months old.",Low,0,0.14,,Degraded - minor informational lapse,"Negligible, unlikely to cause any operational confusion",Replace with the current facility map,outdated version,Outdated version of a general facility map displayed near Bo,Open
OIL-UC-1212,unsafe conditions,07-04-2026,Jorhat Operations,Fleet Operations Yard,Emergency-readiness drill prep,"Bicycle/scooter parking area near Fleet Operations Yard found with uneven surface in one corner, away from any vehicle movement path, noted 21 days ago.",Low,0,0.11,Gravity (minor),Degraded - surface maintenance lapse in a low-risk area,"Minor stumble, unlikely to cause significant injury",Level surface during next grounds maintenance,uneven surface in one corner,Bicycle/scooter parking area near Fleet Operations Yard foun,Open
OIL-UC-1213,unsafe conditions,20-05-2025,Moran Oilfield,Well Test Separator,Pre-operation verification,Security logbook near Well Test Separator found with a supply gap (pen missing) for about 11 hours; log itself was maintained without interruption.,Low,0,0.1,,Functioning - log maintained despite minor supply gap,Negligible,Restock stationery at the post,supply gap,Security logbook near Well Test Separator found with a suppl,Open
OIL-UC-1214,unsafe conditions,10-09-2025,Offshore Rig-04,Mud Pump Room,Emergency-readiness drill prep,"Minor rust patch observed on a non-structural roof panel near Mud Pump Room, no leak or structural concern identified over 37 months of monitoring.",Low,0,0.1,,Functioning,"Cosmetic, negligible",Monitor at next scheduled facility inspection,minor rust patch,Minor rust patch observed on a non-structural roof panel nea,Resolved
OIL-UC-1215,unsafe conditions,28-06-2025,Guwahati Pipeline Station,220kV Cable Trench (RCC),Contractor oversight visit,"Break-room refrigerator near 220kV Cable Trench (RCC) found running slightly warm (14 degrees above setpoint), no food-safety incident reported.",Low,0,0.06,,Degraded - minor appliance drift,"Negligible, food-quality concern rather than safety",Service refrigerator at next facilities round,running slightly warm,Break-room refrigerator near 220kV Cable Trench (RCC) found,Open
OIL-UC-1216,unsafe conditions,28-09-2025,Duliajan Oilfield,Central Tank Farm,Routine inspection round,Signage near Central Tank Farm directing to the muster point found slightly faded but still legible from 28 metres.,Low,0,0.07,,Degraded - signage clarity reduced but still functional,"Negligible, minor readability concern",Replace signage at next scheduled refresh,slightly faded but still legible,Signage near Central Tank Farm directing to the muster point,Open
OIL-UC-1217,unsafe conditions,30-03-2026,Digboi Refinery,Battery Room,Contractor oversight visit,"Non-critical spare-parts bin near Battery Room found unlabeled for approximately 26 weeks, contents still identifiable by staff.",Low,0,0.13,,Degraded - inventory labeling lapse,"Negligible, minor efficiency impact only",Relabel bin at next inventory round,unlabeled,Non-critical spare-parts bin near Battery Room found unlabel,Open
OIL-UC-1218,unsafe conditions,26-01-2026,Jorhat Operations,Fire Station,Routine inspection round,Low-traffic footpath near Fire Station found with overgrown vegetation encroaching about 33 cm into the walkway.,Low,0,0.05,Gravity (minor),Degraded - vegetation maintenance overdue in a low-risk area,"Minor obstruction, low likelihood of injury",Trim vegetation at next grounds maintenance,overgrown vegetation,Low-traffic footpath near Fire Station found with overgrown,Resolved
OIL-UC-1219,unsafe conditions,11-09-2024,Moran Oilfield,Cementing Unit,Emergency-readiness drill prep,Notice board near Cementing Unit found with 8 outdated circulars still pinned alongside current ones.,Low,0,0.14,,Degraded - minor communication clutter,"Negligible, potential minor confusion only",Remove outdated circulars at next review,outdated circulars,Notice board near Cementing Unit found with 8 outdated circu,Open
OIL-UC-1220,unsafe conditions,25-07-2025,Offshore Rig-04,SPM Mooring Buoy Support Vessel,Routine inspection round,Noticeboard near SPM Mooring Buoy Support Vessel displaying a safety poster overdue for its 31-month scheduled update.,Low,0,0.12,,Degraded - communication cadence lapse,"Negligible, informational gap only",Update poster and set a reminder for the next review cycle,overdue for its,Noticeboard near SPM Mooring Buoy Support Vessel displaying,Open
OIL-UC-1221,unsafe conditions,27-02-2025,Guwahati Pipeline Station,Metering Skid,Pre-operation verification,"Walkway near Metering Skid found with a small patch of loose gravel, 6 metres from any vehicle or process route.",Low,0,0.13,Gravity (minor),Degraded - minor surface wear in a low-traffic area,"Minor stumble risk, low likelihood of significant injury",Level the patch during next grounds maintenance round,loose gravel,Walkway near Metering Skid found with a small patch of loose,Open
OIL-UC-1222,unsafe conditions,03-05-2025,Duliajan Oilfield,Chemical Injection Skid,Contractor oversight visit,"Storage shelf near Chemical Injection Skid found with non-hazardous spares stacked slightly above the marked height line, about 27 cm over.",Low,0,0.04,Gravity (minor),Degraded - storage height guideline not followed,Minor risk of an item falling from a low shelf,Restack items to the marked height line,stacked slightly above the marked height line,Storage shelf near Chemical Injection Skid found with non-ha,Resolved
OIL-UC-1223,unsafe conditions,18-07-2026,Digboi Refinery,LPG Bottling Plant,Shift changeover check,"Chair in the rest area near LPG Bottling Plant found with a slightly loose leg, wobble noted but stable under normal use, reported 26 days ago.",Low,0,0.11,Gravity (minimal),Degraded - minor furniture wear,"Negligible, minor discomfort only",Repair or replace during routine facilities maintenance,slightly loose leg,Chair in the rest area near LPG Bottling Plant found with a,Open
OIL-UC-1224,unsafe conditions,27-01-2025,Jorhat Operations,Compressed Gas Store,Routine inspection round,"Faded lane-marking paint observed near the Compressed Gas Store parking area, visibility reduced by roughly 36%.",Low,0,0.11,Mechanical Motion (minor),Degraded - visual guidance faded in a low-speed area,Minor risk of parking misjudgement at low speed,Repaint lane markings at next facility upkeep cycle,faded lane-marking paint,Faded lane-marking paint observed near the Compressed Gas St,Open
OIL-UC-1225,unsafe conditions,19-08-2025,Moran Oilfield,Telescopic Mast Assembly,Scheduled maintenance walkdown,"Small water stain noted on a ceiling tile near Telescopic Mast Assembly, traced to an old, now-repaired roof leak; no active leak for over 20 weeks.",Low,0,0.13,,Functioning - no active hazard present,"Cosmetic issue only, negligible likelihood of harm",Replace tile at next maintenance cycle,water stain ... no active leak,Small water stain noted on a ceiling tile near Telescopic Ma,Open
OIL-UC-1226,unsafe conditions,03-04-2025,Offshore Rig-04,Catwalk / V-Door,Pre-operation verification,"Visitor log near Catwalk / V-Door found with 8 entries missing the induction-confirmation checkbox, though inductions were verbally confirmed by staff.",Low,0,0.05,,Degraded - documentation completeness lapse,"Negligible, an administrative gap rather than a live hazard",Retrain reception/gate staff on register completion,missing the induction-confirmation checkbox,Visitor log near Catwalk / V-Door found with 8 entries missi,Resolved
OIL-UC-1227,unsafe conditions,28-03-2025,Guwahati Pipeline Station,Pig Launcher,Shift changeover check,"Garden hose found coiled loosely across a low-traffic pedestrian path near Pig Launcher, left out for approximately 4 hours.",Low,0,0.13,Gravity (trip),Degraded - minor trip hazard in a non-operational area,"Minor trip, low likelihood of significant injury",Coil and store hose immediately after use,hose ... left across a low-traffic pedestrian path,Garden hose found coiled loosely across a low-traffic pedest,Open
OIL-UC-1228,unsafe conditions,26-11-2025,Duliajan Oilfield,Chemical Injection Skid,Pre-operation verification,"Lint buildup observed inside a utility dryer vent near Chemical Injection Skid, last cleaned approximately 25 months ago.",Low,0,0.05,Thermal (minor),Degraded - routine maintenance overdue on a low-energy appliance,Low-likelihood minor fire risk in a domestic-scale appliance,Schedule vent cleaning,lint buildup,Lint buildup observed inside a utility dryer vent near Chemi,Open
OIL-UC-1229,unsafe conditions,22-11-2024,Digboi Refinery,Battery Room,Contractor oversight visit,"Utility shelf near Battery Room found with cleaning supplies stacked neatly but close to the marked capacity line, about 38% full.",Low,0,0.13,Gravity (minimal),Functioning - within capacity despite appearing full,Negligible,Redistribute items for tidiness during next tidy-up,close to the marked capacity line,Utility shelf near Battery Room found with cleaning supplies,Open
OIL-UC-1230,unsafe conditions,25-02-2026,Jorhat Operations,Fire Station,Audit/compliance walkthrough,"Small puddle of rainwater observed near Fire Station, 7 metres away from any electrical or process equipment.",Low,0,0.14,Gravity (minor),Functioning - no hazardous interaction present,"Negligible, minor slip risk only","Allow natural drainage, monitor after heavy rain",small puddle of rainwater,Small puddle of rainwater observed near Fire Station,Resolved
OIL-UC-1231,unsafe conditions,25-10-2024,Moran Oilfield,Telescopic Mast Assembly,Pre-operation verification,"Outdated version of a general facility map displayed near Telescopic Mast Assembly, superseded layout approximately 17 months old.",Low,0,0.15,,Degraded - minor informational lapse,"Negligible, unlikely to cause any operational confusion",Replace with the current facility map,outdated version,Outdated version of a general facility map displayed near Te,Open
OIL-UC-1232,unsafe conditions,17-02-2025,Offshore Rig-04,Helideck,Contractor oversight visit,"Bicycle/scooter parking area near Helideck found with uneven surface in one corner, away from any vehicle movement path, noted 31 days ago.",Low,0,0.06,Gravity (minor),Degraded - surface maintenance lapse in a low-risk area,"Minor stumble, unlikely to cause significant injury",Level surface during next grounds maintenance,uneven surface in one corner,Bicycle/scooter parking area near Helideck found with uneven,Open
OIL-UC-1233,unsafe conditions,09-11-2024,Guwahati Pipeline Station,Pig Launcher,Shift changeover check,Security logbook near Pig Launcher found with a supply gap (pen missing) for about 31 hours; log itself was maintained without interruption.,Low,0,0.12,,Functioning - log maintained despite minor supply gap,Negligible,Restock stationery at the post,supply gap,Security logbook near Pig Launcher found with a supply gap (,Open
OIL-UC-1234,unsafe conditions,03-04-2025,Duliajan Oilfield,Workover Rig Site,Shift changeover check,"Minor rust patch observed on a non-structural roof panel near Workover Rig Site, no leak or structural concern identified over 30 months of monitoring.",Low,0,0.16,,Functioning,"Cosmetic, negligible",Monitor at next scheduled facility inspection,minor rust patch,Minor rust patch observed on a non-structural roof panel nea,Resolved
OIL-UC-1235,unsafe conditions,21-12-2024,Digboi Refinery,Battery Room,Pre-operation verification,"Break-room refrigerator near Battery Room found running slightly warm (18 degrees above setpoint), no food-safety incident reported.",Low,0,0.14,,Degraded - minor appliance drift,"Negligible, food-quality concern rather than safety",Service refrigerator at next facilities round,running slightly warm,Break-room refrigerator near Battery Room found running slig,Open
OIL-UC-1236,unsafe conditions,07-01-2026,Jorhat Operations,Compressed Gas Store,Routine inspection round,Signage near Compressed Gas Store directing to the muster point found slightly faded but still legible from 32 metres.,Low,0,0.06,,Degraded - signage clarity reduced but still functional,"Negligible, minor readability concern",Replace signage at next scheduled refresh,slightly faded but still legible,Signage near Compressed Gas Store directing to the muster po,Open
OIL-UC-1237,unsafe conditions,30-03-2025,Moran Oilfield,Cementing Unit,Shift changeover check,"Non-critical spare-parts bin near Cementing Unit found unlabeled for approximately 38 weeks, contents still identifiable by staff.",Low,0,0.16,,Degraded - inventory labeling lapse,"Negligible, minor efficiency impact only",Relabel bin at next inventory round,unlabeled,Non-critical spare-parts bin near Cementing Unit found unlab,Open
OIL-UC-1238,unsafe conditions,04-05-2026,Offshore Rig-04,Drill Floor,Shift changeover check,Low-traffic footpath near Drill Floor found with overgrown vegetation encroaching about 27 cm into the walkway.,Low,0,0.03,Gravity (minor),Degraded - vegetation maintenance overdue in a low-risk area,"Minor obstruction, low likelihood of injury",Trim vegetation at next grounds maintenance,overgrown vegetation,Low-traffic footpath near Drill Floor found with overgrown v,Resolved
OIL-UC-1239,unsafe conditions,21-03-2025,Guwahati Pipeline Station,Pig Launcher,Contractor oversight visit,Notice board near Pig Launcher found with 40 outdated circulars still pinned alongside current ones.,Low,0,0.09,,Degraded - minor communication clutter,"Negligible, potential minor confusion only",Remove outdated circulars at next review,outdated circulars,Notice board near Pig Launcher found with 40 outdated circul,Open
OIL-UC-1240,unsafe conditions,14-03-2026,Duliajan Oilfield,Central Tank Farm,Emergency-readiness drill prep,Noticeboard near Central Tank Farm displaying a safety poster overdue for its 40-month scheduled update.,Low,0,0.08,,Degraded - communication cadence lapse,"Negligible, informational gap only",Update poster and set a reminder for the next review cycle,overdue for its,Noticeboard near Central Tank Farm displaying a safety poste,Open
OIL-UC-1241,unsafe conditions,26-07-2026,Digboi Refinery,Ethanol Storage Tanks,Contractor oversight visit,"Walkway near Ethanol Storage Tanks found with a small patch of loose gravel, 18 metres from any vehicle or process route.",Low,0,0.13,Gravity (minor),Degraded - minor surface wear in a low-traffic area,"Minor stumble risk, low likelihood of significant injury",Level the patch during next grounds maintenance round,loose gravel,Walkway near Ethanol Storage Tanks found with a small patch,Open
OIL-UC-1242,unsafe conditions,05-03-2026,Jorhat Operations,Fleet Operations Yard,Contractor oversight visit,"Storage shelf near Fleet Operations Yard found with non-hazardous spares stacked slightly above the marked height line, about 10 cm over.",Low,0,0.04,Gravity (minor),Degraded - storage height guideline not followed,Minor risk of an item falling from a low shelf,Restack items to the marked height line,stacked slightly above the marked height line,Storage shelf near Fleet Operations Yard found with non-haza,Resolved
OIL-UC-1243,unsafe conditions,05-07-2024,Moran Oilfield,Telescopic Mast Assembly,Shift changeover check,"Chair in the rest area near Telescopic Mast Assembly found with a slightly loose leg, wobble noted but stable under normal use, reported 4 days ago.",Low,0,0.13,Gravity (minimal),Degraded - minor furniture wear,"Negligible, minor discomfort only",Repair or replace during routine facilities maintenance,slightly loose leg,Chair in the rest area near Telescopic Mast Assembly found w,Open
OIL-UC-1244,unsafe conditions,01-05-2025,Offshore Rig-04,Mud Pump Room,Routine inspection round,"Faded lane-marking paint observed near the Mud Pump Room parking area, visibility reduced by roughly 10%.",Low,0,0.15,Mechanical Motion (minor),Degraded - visual guidance faded in a low-speed area,Minor risk of parking misjudgement at low speed,Repaint lane markings at next facility upkeep cycle,faded lane-marking paint,Faded lane-marking paint observed near the Mud Pump Room par,Open
OIL-UC-1245,unsafe conditions,05-12-2025,Guwahati Pipeline Station,Pipeline ROW River Crossing,Scheduled maintenance walkdown,"Small water stain noted on a ceiling tile near Pipeline ROW River Crossing, traced to an old, now-repaired roof leak; no active leak for over 13 weeks.",Low,0,0.05,,Functioning - no active hazard present,"Cosmetic issue only, negligible likelihood of harm",Replace tile at next maintenance cycle,water stain ... no active leak,Small water stain noted on a ceiling tile near Pipeline ROW,Open
OIL-UC-1246,unsafe conditions,16-11-2024,Duliajan Oilfield,Chemical Injection Skid,Audit/compliance walkthrough,"Visitor log near Chemical Injection Skid found with 35 entries missing the induction-confirmation checkbox, though inductions were verbally confirmed by staff.",Low,0,0.15,,Degraded - documentation completeness lapse,"Negligible, an administrative gap rather than a live hazard",Retrain reception/gate staff on register completion,missing the induction-confirmation checkbox,Visitor log near Chemical Injection Skid found with 35 entri,Resolved
OIL-UC-1247,unsafe conditions,13-05-2025,Digboi Refinery,Hydrocracker Unit,Emergency-readiness drill prep,"Garden hose found coiled loosely across a low-traffic pedestrian path near Hydrocracker Unit, left out for approximately 32 hours.",Low,0,0.07,Gravity (trip),Degraded - minor trip hazard in a non-operational area,"Minor trip, low likelihood of significant injury",Coil and store hose immediately after use,hose ... left across a low-traffic pedestrian path,Garden hose found coiled loosely across a low-traffic pedest,Open
OIL-UC-1248,unsafe conditions,23-10-2024,Jorhat Operations,Diesel Fuel Island,Pre-operation verification,"Lint buildup observed inside a utility dryer vent near Diesel Fuel Island, last cleaned approximately 9 months ago.",Low,0,0.16,Thermal (minor),Degraded - routine maintenance overdue on a low-energy appliance,Low-likelihood minor fire risk in a domestic-scale appliance,Schedule vent cleaning,lint buildup,Lint buildup observed inside a utility dryer vent near Diese,Open
OIL-UC-1249,unsafe conditions,22-04-2026,Moran Oilfield,Rig Floor Catwalk / V-Door,Emergency-readiness drill prep,"Utility shelf near Rig Floor Catwalk / V-Door found with cleaning supplies stacked neatly but close to the marked capacity line, about 16% full.",Low,0,0.12,Gravity (minimal),Functioning - within capacity despite appearing full,Negligible,Redistribute items for tidiness during next tidy-up,close to the marked capacity line,Utility shelf near Rig Floor Catwalk / V-Door found with cle,Open
OIL-UC-2000,unsafe conditions,10-07-2025,Duliajan Oilfield,Perforating Gun Store,Shift changeover check,"Alarm audibility at Perforating Gun Store found reduced, volume measured roughly 37% below the standard threshold against ambient plant noise.",Medium,1,0.3,Process Safety,Chemical/Process,Degraded - alarm audibility reduced in a noisy work environment,Delayed response to a release or upset condition,"Increase alarm volume/add visual beacon, verify audibility",Alarm audibility at Perforating Gun Store found reduced,Resolved
OIL-UC-2001,unsafe conditions,13-06-2025,Digboi Refinery,Naphtha Splitter Unit,Audit/compliance walkthrough,"Support beam near Naphtha Splitter Unit found with visible surface rust at a load-bearing weld, corrosion depth estimated at 18 mm.",Medium,1,0.3,Process Safety,Mechanical/Gravity,Degraded - structural integrity of a load-bearing element unassessed after visible corrosion,Potential localized structural failure over time,"Request structural assessment of the weld, monitor until inspected",Support beam near Naphtha Splitter Unit found with visible s,Open
OIL-UC-2002,unsafe conditions,16-03-2026,Jorhat Operations,Fleet Operations Yard,Audit/compliance walkthrough,"Nozzle/valve seal at Fleet Operations Yard found with a slow drip, small stain accumulating over approximately 18 hours.",Medium,1,0.34,Process Safety,Chemical/Process,Degraded - seal barrier leaking,Accumulated product creates slip and minor fire-fuel-source risk,"Replace seal, clean stained area",Nozzle/valve seal at Fleet Operations Yard found with a slow,Open
OIL-UC-2003,unsafe conditions,26-06-2024,Moran Oilfield,Cementing Unit,Contractor oversight visit,"Low-pressure alarm setpoint at Cementing Unit found miscalibrated by roughly 8%, triggering well below the level needed for fail-safe response.",Medium,1,0.32,Process Safety,Mechanical/Pressure,Degraded - alarm setpoint error undermines fail-safe design margin,Fail-safe equipment may not activate reliably during a supply loss,"Recalibrate setpoint to design value, verify against fail-safe requirements",Low-pressure alarm setpoint at Cementing Unit found miscalib,Open
OIL-UC-2004,unsafe conditions,04-08-2024,Offshore Rig-04,SPM Mooring Buoy Support Vessel,Audit/compliance walkthrough,Confined-space warning signage at SPM Mooring Buoy Support Vessel found faded and difficult to read from beyond 22 metres.,Medium,1,0.32,Confined Space,Chemical/Process,Degraded - hazard communication barrier weakened,Personnel may enter a hazardous space without adequate warning,"Replace signage immediately, verify entries are additionally covered by permit",Confined-space warning signage at SPM Mooring Buoy Support V,Resolved
OIL-UC-2005,unsafe conditions,22-10-2024,Guwahati Pipeline Station,TTPA (Tank Truck Parking Area),Contractor oversight visit,"Leak-indication tape near a flange at TTPA (Tank Truck Parking Area) found discolored, consistent with a past minor release roughly 21 weeks ago; no work order raised.",Medium,1,0.35,Process Safety,Chemical/Process,Degraded - leak indication observed but not acted upon,Recurrence of a leak near an ignition-prone area,"Raise a work order immediately, inspect flange, monitor with a gas detector",Leak-indication tape near a flange at TTPA (Tank Truck Parki,Open
OIL-UC-2006,unsafe conditions,27-09-2024,Duliajan Oilfield,Wellhead Cluster 3,Shift changeover check,SCADA/monitoring software at Wellhead Cluster 3 flagged as running an unpatched version for approximately 4 months.,Medium,1,0.45,Process Safety,Chemical/Process,Degraded - software-based detection barrier unmaintained,Delayed or missed detection alerts,Prioritize software update and patch cycle,SCADA/monitoring software at Wellhead Cluster 3 flagged as r,Open
OIL-UC-2007,unsafe conditions,08-09-2025,Digboi Refinery,Reboiler Furnace Bay,Audit/compliance walkthrough,"Standing/unacknowledged alarms accumulated in the control interface for Reboiler Furnace Bay, approximately 17 outstanding at time of check.",Medium,1,0.3,Process Safety,Chemical/Process,Degraded - alarm-response barrier weakened by alarm flooding,A critical alarm could be missed among the backlog during an upset,"Clear and triage the standing alarm backlog, review alarm rationalization",Standing/unacknowledged alarms accumulated in the control in,Open
OIL-UC-2008,unsafe conditions,15-06-2026,Jorhat Operations,Warehouse,Pre-operation verification,"Handrail section near Warehouse found corroded through in one section, load-bearing capacity untested for 36 months.",Medium,1,0.38,Line of Fire,Gravity,Degraded - fall-protection barrier weakened,Worker could fall from an elevated or edge area,Cordon the area and replace the corroded section,Handrail section near Warehouse found corroded through in on,Resolved
OIL-UC-2009,unsafe conditions,15-10-2025,Moran Oilfield,Mud Logging Cabin,Contractor oversight visit,Vehicle-lift/lifting aid at Mud Logging Cabin found operating 28 months past its load-test certification date with no re-test scheduled.,Medium,1,0.3,Line of Fire,Gravity,Degraded - lifting equipment certification lapsed,"Equipment failure while a load is raised, causing crush injury",Withdraw from service until re-tested and certified,Vehicle-lift/lifting aid at Mud Logging Cabin found operatin,Open
OIL-UC-2010,unsafe conditions,09-01-2025,Offshore Rig-04,Accommodation Module,Routine inspection round,Cathodic-protection or corrosion-monitoring reading at Accommodation Module found reading zero output for over 19 days; no compensating inspection logged.,Medium,1,0.4,Process Safety,Chemical/Process,Absent - corrosion-prevention barrier non-functional with no compensating inspection,Accelerated external corrosion leading to eventual wall loss and leak,"Repair immediately, run an interim manual survey, escalate to integrity team",Cathodic-protection or corrosion-monitoring reading at Accom,Open
OIL-UC-2011,unsafe conditions,10-09-2024,Guwahati Pipeline Station,TTPA (Tank Truck Parking Area),Scheduled maintenance walkdown,"Ventilation fan at TTPA (Tank Truck Parking Area) found seized, area temperature elevated by approximately 30 degrees during operation.",Medium,1,0.43,Process Safety,Thermal,Degraded - ventilation control not functioning,Heat stress to personnel and potential vapor accumulation,"Repair fan, implement interim heat-stress monitoring",Ventilation fan at TTPA (Tank Truck Parking Area) found seiz,Open
OIL-UC-2012,unsafe conditions,13-07-2025,Duliajan Oilfield,Chemical Injection Skid,Contractor oversight visit,"Journey/route risk advisory for the route past Chemical Injection Skid found not updated for the current season, last revised 36 months ago.",Medium,1,0.34,Safe Driving,Gravity/Motor Vehicle,Absent - no current route-risk communication control,"Vehicle caught in a seasonal hazard (flooding, landslide, etc.)",Issue an updated seasonal route-risk advisory before further transit,Journey/route risk advisory for the route past Chemical Inje,Resolved
OIL-UC-2013,unsafe conditions,09-09-2025,Digboi Refinery,Hydrocracker Unit,Routine inspection round,"Fire extinguisher near Hydrocracker Unit found with an inspection tag 14 months overdue, unit otherwise appearing intact.",Medium,1,0.44,Emergency Response,Thermal,Degraded - fire-response readiness unverified,Extinguisher may not function reliably during an incipient fire,"Inspect and recertify immediately, replace if faulty",Fire extinguisher near Hydrocracker Unit found with an inspe,Open
OIL-UC-2014,unsafe conditions,22-06-2024,Jorhat Operations,Central Workshop,Contractor oversight visit,"Access-road culvert crossing near Central Workshop found partially washed out after recent rain, heavy vehicles continuing to use the route for 15 days since.",Medium,1,0.39,Safe Driving,Gravity,Absent - safe route control not enforced after a ground-condition change,Vehicle rollover or collapse of crossing under load,"Close route to heavy vehicles until repaired, arrange an alternate route",Access-road culvert crossing near Central Workshop found par,Open
OIL-UC-2015,unsafe conditions,15-08-2026,Moran Oilfield,Drilling Rig Substructure,Scheduled maintenance walkdown,"Chemical-injection skid at Drilling Rig Substructure found with a leaking pump seal, product pooling on the skid deck for an estimated 23 hours before being noticed.",Medium,1,0.45,Process Safety,Chemical/Process,Degraded - containment barrier ineffective for leaking equipment,"Chemical exposure to personnel, slip hazard, environmental release","Repair seal, clean spill, verify containment tray drains",Chemical-injection skid at Drilling Rig Substructure found w,Open
OIL-UC-2016,unsafe conditions,30-12-2024,Offshore Rig-04,Helideck,Emergency-readiness drill prep,"Racking/shelving at Helideck found with a bent support member on an upper level, load unreduced for 6 days since discovery.",Medium,1,0.41,Line of Fire,Gravity,Degraded - structural storage integrity compromised,Racking collapse drops stored material onto personnel below,"Reduce load on affected bay, schedule structural inspection",Racking/shelving at Helideck found with a bent support membe,Resolved
OIL-UC-2017,unsafe conditions,17-08-2026,Guwahati Pipeline Station,SCADA Control Room,Shift changeover check,"Incompatible materials found stored together near SCADA Control Room (oxidizing and flammable classes), separation short of code by roughly 16 cm.",Medium,1,0.41,Process Safety,Chemical/Process,Absent - incompatible-material segregation barrier not maintained,Fire/explosion risk from incompatible material proximity,"Separate materials immediately per storage code, retrain store staff",Incompatible materials found stored together near SCADA Cont,Open
OIL-UC-2018,unsafe conditions,12-10-2024,Duliajan Oilfield,Wellhead Cluster 3,Emergency-readiness drill prep,"Wheel-chock use not enforced during a connected transfer operation at Wellhead Cluster 3, observed on 19 occasions this month.",Medium,1,0.45,Line of Fire,Mechanical Motion,Absent - vehicle-movement control not applied during connected operation,"Vehicle rolls during transfer, hose rupture and product release",Enforce wheel-chock use as a mandatory pre-connection step,Wheel-chock use not enforced during a connected transfer ope,Open
OIL-UC-2019,unsafe conditions,08-04-2026,Digboi Refinery,LPG Bottling Plant,Emergency-readiness drill prep,"Emergency shutdown pull-station near LPG Bottling Plant found with a damaged cover, response time estimated 18 seconds slower in a test.",Medium,1,0.31,Emergency Response,Process Safety,Degraded - manual emergency stop reliability reduced,Slower manual intervention during an escalating event,"Repair cover, re-test activation time, verify against target response time",Emergency shutdown pull-station near LPG Bottling Plant foun,Open
OIL-UC-2020,unsafe conditions,18-08-2026,Jorhat Operations,Diesel Fuel Island,Scheduled maintenance walkdown,"Alarm audibility at Diesel Fuel Island found reduced, volume measured roughly 3% below the standard threshold against ambient plant noise.",Medium,1,0.28,Process Safety,Chemical/Process,Degraded - alarm audibility reduced in a noisy work environment,Delayed response to a release or upset condition,"Increase alarm volume/add visual beacon, verify audibility",Alarm audibility at Diesel Fuel Island found reduced,Resolved
OIL-UC-2021,unsafe conditions,26-11-2024,Moran Oilfield,Rig Floor Catwalk / V-Door,Audit/compliance walkthrough,"Support beam near Rig Floor Catwalk / V-Door found with visible surface rust at a load-bearing weld, corrosion depth estimated at 17 mm.",Medium,1,0.34,Process Safety,Mechanical/Gravity,Degraded - structural integrity of a load-bearing element unassessed after visible corrosion,Potential localized structural failure over time,"Request structural assessment of the weld, monitor until inspected",Support beam near Rig Floor Catwalk / V-Door found with visi,Open
OIL-UC-2022,unsafe conditions,21-11-2025,Offshore Rig-04,Moon Pool Area,Scheduled maintenance walkdown,"Nozzle/valve seal at Moon Pool Area found with a slow drip, small stain accumulating over approximately 5 hours.",Medium,1,0.41,Process Safety,Chemical/Process,Degraded - seal barrier leaking,Accumulated product creates slip and minor fire-fuel-source risk,"Replace seal, clean stained area",Nozzle/valve seal at Moon Pool Area found with a slow drip,Open
OIL-UC-2023,unsafe conditions,06-06-2025,Guwahati Pipeline Station,Mainline Block Valve Station,Pre-operation verification,"Low-pressure alarm setpoint at Mainline Block Valve Station found miscalibrated by roughly 6%, triggering well below the level needed for fail-safe response.",Medium,1,0.36,Process Safety,Mechanical/Pressure,Degraded - alarm setpoint error undermines fail-safe design margin,Fail-safe equipment may not activate reliably during a supply loss,"Recalibrate setpoint to design value, verify against fail-safe requirements",Low-pressure alarm setpoint at Mainline Block Valve Station,Open
OIL-UC-2024,unsafe conditions,20-02-2026,Duliajan Oilfield,Workover Rig Site,Audit/compliance walkthrough,Confined-space warning signage at Workover Rig Site found faded and difficult to read from beyond 30 metres.,Medium,1,0.32,Confined Space,Chemical/Process,Degraded - hazard communication barrier weakened,Personnel may enter a hazardous space without adequate warning,"Replace signage immediately, verify entries are additionally covered by permit",Confined-space warning signage at Workover Rig Site found fa,Resolved
OIL-UC-2025,unsafe conditions,02-07-2024,Digboi Refinery,Naphtha Splitter Unit,Shift changeover check,"Leak-indication tape near a flange at Naphtha Splitter Unit found discolored, consistent with a past minor release roughly 35 weeks ago; no work order raised.",Medium,1,0.36,Process Safety,Chemical/Process,Degraded - leak indication observed but not acted upon,Recurrence of a leak near an ignition-prone area,"Raise a work order immediately, inspect flange, monitor with a gas detector",Leak-indication tape near a flange at Naphtha Splitter Unit,Open
OIL-UC-2026,unsafe conditions,04-05-2026,Jorhat Operations,Central Workshop,Emergency-readiness drill prep,SCADA/monitoring software at Central Workshop flagged as running an unpatched version for approximately 32 months.,Medium,1,0.35,Process Safety,Chemical/Process,Degraded - software-based detection barrier unmaintained,Delayed or missed detection alerts,Prioritize software update and patch cycle,SCADA/monitoring software at Central Workshop flagged as run,Open
OIL-UC-2027,unsafe conditions,15-08-2024,Moran Oilfield,Drilling Rig Substructure,Contractor oversight visit,"Standing/unacknowledged alarms accumulated in the control interface for Drilling Rig Substructure, approximately 33 outstanding at time of check.",Medium,1,0.43,Process Safety,Chemical/Process,Degraded - alarm-response barrier weakened by alarm flooding,A critical alarm could be missed among the backlog during an upset,"Clear and triage the standing alarm backlog, review alarm rationalization",Standing/unacknowledged alarms accumulated in the control in,Open
OIL-UC-2028,unsafe conditions,08-10-2024,Offshore Rig-04,Catwalk / V-Door,Audit/compliance walkthrough,"Handrail section near Catwalk / V-Door found corroded through in one section, load-bearing capacity untested for 22 months.",Medium,1,0.31,Line of Fire,Gravity,Degraded - fall-protection barrier weakened,Worker could fall from an elevated or edge area,Cordon the area and replace the corroded section,Handrail section near Catwalk / V-Door found corroded throug,Resolved
OIL-UC-2029,unsafe conditions,26-06-2025,Guwahati Pipeline Station,LCNG/LNG Dispensing Station,Audit/compliance walkthrough,Vehicle-lift/lifting aid at LCNG/LNG Dispensing Station found operating 39 months past its load-test certification date with no re-test scheduled.,Medium,1,0.4,Line of Fire,Gravity,Degraded - lifting equipment certification lapsed,"Equipment failure while a load is raised, causing crush injury",Withdraw from service until re-tested and certified,Vehicle-lift/lifting aid at LCNG/LNG Dispensing Station foun,Open
OIL-UC-2030,unsafe conditions,10-09-2024,Duliajan Oilfield,Flowline ROW Section 4,Audit/compliance walkthrough,Cathodic-protection or corrosion-monitoring reading at Flowline ROW Section 4 found reading zero output for over 31 days; no compensating inspection logged.,Medium,1,0.38,Process Safety,Chemical/Process,Absent - corrosion-prevention barrier non-functional with no compensating inspection,Accelerated external corrosion leading to eventual wall loss and leak,"Repair immediately, run an interim manual survey, escalate to integrity team",Cathodic-protection or corrosion-monitoring reading at Flowl,Open
OIL-UC-2031,unsafe conditions,15-08-2025,Digboi Refinery,Reboiler Furnace Bay,Contractor oversight visit,"Ventilation fan at Reboiler Furnace Bay found seized, area temperature elevated by approximately 37 degrees during operation.",Medium,1,0.43,Process Safety,Thermal,Degraded - ventilation control not functioning,Heat stress to personnel and potential vapor accumulation,"Repair fan, implement interim heat-stress monitoring",Ventilation fan at Reboiler Furnace Bay found seized,Open
OIL-UC-2032,unsafe conditions,08-09-2025,Jorhat Operations,Compressed Gas Store,Pre-operation verification,"Journey/route risk advisory for the route past Compressed Gas Store found not updated for the current season, last revised 16 months ago.",Medium,1,0.34,Safe Driving,Gravity/Motor Vehicle,Absent - no current route-risk communication control,"Vehicle caught in a seasonal hazard (flooding, landslide, etc.)",Issue an updated seasonal route-risk advisory before further transit,Journey/route risk advisory for the route past Compressed Ga,Resolved
OIL-UC-2033,unsafe conditions,12-08-2025,Moran Oilfield,Well Test Separator,Contractor oversight visit,"Fire extinguisher near Well Test Separator found with an inspection tag 28 months overdue, unit otherwise appearing intact.",Medium,1,0.3,Emergency Response,Thermal,Degraded - fire-response readiness unverified,Extinguisher may not function reliably during an incipient fire,"Inspect and recertify immediately, replace if faulty",Fire extinguisher near Well Test Separator found with an ins,Open
OIL-UC-2034,unsafe conditions,05-05-2026,Offshore Rig-04,Mud Pump Room,Shift changeover check,"Access-road culvert crossing near Mud Pump Room found partially washed out after recent rain, heavy vehicles continuing to use the route for 18 days since.",Medium,1,0.44,Safe Driving,Gravity,Absent - safe route control not enforced after a ground-condition change,Vehicle rollover or collapse of crossing under load,"Close route to heavy vehicles until repaired, arrange an alternate route",Access-road culvert crossing near Mud Pump Room found partia,Open
OIL-UC-2035,unsafe conditions,04-09-2024,Guwahati Pipeline Station,TTPA (Tank Truck Parking Area),Routine inspection round,"Chemical-injection skid at TTPA (Tank Truck Parking Area) found with a leaking pump seal, product pooling on the skid deck for an estimated 6 hours before being noticed.",Medium,1,0.42,Process Safety,Chemical/Process,Degraded - containment barrier ineffective for leaking equipment,"Chemical exposure to personnel, slip hazard, environmental release","Repair seal, clean spill, verify containment tray drains",Chemical-injection skid at TTPA (Tank Truck Parking Area) fo,Open
OIL-UC-2036,unsafe conditions,12-10-2024,Duliajan Oilfield,Perforating Gun Store,Contractor oversight visit,"Racking/shelving at Perforating Gun Store found with a bent support member on an upper level, load unreduced for 8 days since discovery.",Medium,1,0.41,Line of Fire,Gravity,Degraded - structural storage integrity compromised,Racking collapse drops stored material onto personnel below,"Reduce load on affected bay, schedule structural inspection",Racking/shelving at Perforating Gun Store found with a bent,Resolved
OIL-UC-2037,unsafe conditions,28-12-2025,Digboi Refinery,LPG Bottling Plant,Audit/compliance walkthrough,"Incompatible materials found stored together near LPG Bottling Plant (oxidizing and flammable classes), separation short of code by roughly 5 cm.",Medium,1,0.44,Process Safety,Chemical/Process,Absent - incompatible-material segregation barrier not maintained,Fire/explosion risk from incompatible material proximity,"Separate materials immediately per storage code, retrain store staff",Incompatible materials found stored together near LPG Bottli,Open
OIL-UC-2038,unsafe conditions,13-04-2026,Jorhat Operations,Warehouse,Pre-operation verification,"Wheel-chock use not enforced during a connected transfer operation at Warehouse, observed on 9 occasions this month.",Medium,1,0.34,Line of Fire,Mechanical Motion,Absent - vehicle-movement control not applied during connected operation,"Vehicle rolls during transfer, hose rupture and product release",Enforce wheel-chock use as a mandatory pre-connection step,Wheel-chock use not enforced during a connected transfer ope,Open
OIL-UC-2039,unsafe conditions,23-07-2024,Moran Oilfield,Rig Floor Catwalk / V-Door,Emergency-readiness drill prep,"Emergency shutdown pull-station near Rig Floor Catwalk / V-Door found with a damaged cover, response time estimated 29 seconds slower in a test.",Medium,1,0.44,Emergency Response,Process Safety,Degraded - manual emergency stop reliability reduced,Slower manual intervention during an escalating event,"Repair cover, re-test activation time, verify against target response time",Emergency shutdown pull-station near Rig Floor Catwalk / V-D,Open
OIL-UC-2040,unsafe conditions,13-01-2026,Offshore Rig-04,Moon Pool Area,Shift changeover check,"Alarm audibility at Moon Pool Area found reduced, volume measured roughly 40% below the standard threshold against ambient plant noise.",Medium,1,0.34,Process Safety,Chemical/Process,Degraded - alarm audibility reduced in a noisy work environment,Delayed response to a release or upset condition,"Increase alarm volume/add visual beacon, verify audibility",Alarm audibility at Moon Pool Area found reduced,Resolved
OIL-UC-2041,unsafe conditions,19-09-2024,Guwahati Pipeline Station,SCADA Control Room,Contractor oversight visit,"Support beam near SCADA Control Room found with visible surface rust at a load-bearing weld, corrosion depth estimated at 11 mm.",Medium,1,0.36,Process Safety,Mechanical/Gravity,Degraded - structural integrity of a load-bearing element unassessed after visible corrosion,Potential localized structural failure over time,"Request structural assessment of the weld, monitor until inspected",Support beam near SCADA Control Room found with visible surf,Open
OIL-UC-2042,unsafe conditions,13-03-2025,Duliajan Oilfield,Chemical Injection Skid,Shift changeover check,"Nozzle/valve seal at Chemical Injection Skid found with a slow drip, small stain accumulating over approximately 37 hours.",Medium,1,0.3,Process Safety,Chemical/Process,Degraded - seal barrier leaking,Accumulated product creates slip and minor fire-fuel-source risk,"Replace seal, clean stained area",Nozzle/valve seal at Chemical Injection Skid found with a sl,Open
OIL-UC-2043,unsafe conditions,26-07-2026,Digboi Refinery,Ethanol Storage Tanks,Emergency-readiness drill prep,"Low-pressure alarm setpoint at Ethanol Storage Tanks found miscalibrated by roughly 29%, triggering well below the level needed for fail-safe response.",Medium,1,0.38,Process Safety,Mechanical/Pressure,Degraded - alarm setpoint error undermines fail-safe design margin,Fail-safe equipment may not activate reliably during a supply loss,"Recalibrate setpoint to design value, verify against fail-safe requirements",Low-pressure alarm setpoint at Ethanol Storage Tanks found m,Open
OIL-UC-2044,unsafe conditions,05-04-2026,Jorhat Operations,Diesel Fuel Island,Routine inspection round,Confined-space warning signage at Diesel Fuel Island found faded and difficult to read from beyond 37 metres.,Medium,1,0.38,Confined Space,Chemical/Process,Degraded - hazard communication barrier weakened,Personnel may enter a hazardous space without adequate warning,"Replace signage immediately, verify entries are additionally covered by permit",Confined-space warning signage at Diesel Fuel Island found f,Resolved
OIL-UC-2045,unsafe conditions,21-05-2026,Moran Oilfield,Rig Floor Catwalk / V-Door,Routine inspection round,"Leak-indication tape near a flange at Rig Floor Catwalk / V-Door found discolored, consistent with a past minor release roughly 19 weeks ago; no work order raised.",Medium,1,0.31,Process Safety,Chemical/Process,Degraded - leak indication observed but not acted upon,Recurrence of a leak near an ignition-prone area,"Raise a work order immediately, inspect flange, monitor with a gas detector",Leak-indication tape near a flange at Rig Floor Catwalk / V-,Open
OIL-UC-2046,unsafe conditions,25-10-2024,Offshore Rig-04,Moon Pool Area,Shift changeover check,SCADA/monitoring software at Moon Pool Area flagged as running an unpatched version for approximately 23 months.,Medium,1,0.28,Process Safety,Chemical/Process,Degraded - software-based detection barrier unmaintained,Delayed or missed detection alerts,Prioritize software update and patch cycle,SCADA/monitoring software at Moon Pool Area flagged as runni,Open
OIL-UC-2047,unsafe conditions,02-07-2024,Guwahati Pipeline Station,Pipeline ROW River Crossing,Scheduled maintenance walkdown,"Standing/unacknowledged alarms accumulated in the control interface for Pipeline ROW River Crossing, approximately 6 outstanding at time of check.",Medium,1,0.41,Process Safety,Chemical/Process,Degraded - alarm-response barrier weakened by alarm flooding,A critical alarm could be missed among the backlog during an upset,"Clear and triage the standing alarm backlog, review alarm rationalization",Standing/unacknowledged alarms accumulated in the control in,Open
OIL-UC-2048,unsafe conditions,08-09-2025,Duliajan Oilfield,Workover Rig Site,Scheduled maintenance walkdown,"Handrail section near Workover Rig Site found corroded through in one section, load-bearing capacity untested for 35 months.",Medium,1,0.34,Line of Fire,Gravity,Degraded - fall-protection barrier weakened,Worker could fall from an elevated or edge area,Cordon the area and replace the corroded section,Handrail section near Workover Rig Site found corroded throu,Resolved
OIL-UC-2049,unsafe conditions,29-04-2025,Digboi Refinery,Boiler House,Shift changeover check,Vehicle-lift/lifting aid at Boiler House found operating 12 months past its load-test certification date with no re-test scheduled.,Medium,1,0.33,Line of Fire,Gravity,Degraded - lifting equipment certification lapsed,"Equipment failure while a load is raised, causing crush injury",Withdraw from service until re-tested and certified,Vehicle-lift/lifting aid at Boiler House found operating 12,Open
OIL-UC-2050,unsafe conditions,24-07-2024,Jorhat Operations,Diesel Fuel Island,Audit/compliance walkthrough,Cathodic-protection or corrosion-monitoring reading at Diesel Fuel Island found reading zero output for over 38 days; no compensating inspection logged.,Medium,1,0.29,Process Safety,Chemical/Process,Absent - corrosion-prevention barrier non-functional with no compensating inspection,Accelerated external corrosion leading to eventual wall loss and leak,"Repair immediately, run an interim manual survey, escalate to integrity team",Cathodic-protection or corrosion-monitoring reading at Diese,Open
OIL-UC-2051,unsafe conditions,22-04-2026,Moran Oilfield,Mud Logging Cabin,Emergency-readiness drill prep,"Ventilation fan at Mud Logging Cabin found seized, area temperature elevated by approximately 12 degrees during operation.",Medium,1,0.39,Process Safety,Thermal,Degraded - ventilation control not functioning,Heat stress to personnel and potential vapor accumulation,"Repair fan, implement interim heat-stress monitoring",Ventilation fan at Mud Logging Cabin found seized,Open
OIL-UC-2052,unsafe conditions,11-10-2025,Offshore Rig-04,Catwalk / V-Door,Pre-operation verification,"Journey/route risk advisory for the route past Catwalk / V-Door found not updated for the current season, last revised 19 months ago.",Medium,1,0.39,Safe Driving,Gravity/Motor Vehicle,Absent - no current route-risk communication control,"Vehicle caught in a seasonal hazard (flooding, landslide, etc.)",Issue an updated seasonal route-risk advisory before further transit,Journey/route risk advisory for the route past Catwalk / V-D,Resolved
OIL-UC-2053,unsafe conditions,07-11-2025,Guwahati Pipeline Station,TTPA (Tank Truck Parking Area),Shift changeover check,"Fire extinguisher near TTPA (Tank Truck Parking Area) found with an inspection tag 28 months overdue, unit otherwise appearing intact.",Medium,1,0.32,Emergency Response,Thermal,Degraded - fire-response readiness unverified,Extinguisher may not function reliably during an incipient fire,"Inspect and recertify immediately, replace if faulty",Fire extinguisher near TTPA (Tank Truck Parking Area) found,Open
OIL-UC-2054,unsafe conditions,26-04-2026,Duliajan Oilfield,Workover Rig Site,Pre-operation verification,"Access-road culvert crossing near Workover Rig Site found partially washed out after recent rain, heavy vehicles continuing to use the route for 24 days since.",Medium,1,0.3,Safe Driving,Gravity,Absent - safe route control not enforced after a ground-condition change,Vehicle rollover or collapse of crossing under load,"Close route to heavy vehicles until repaired, arrange an alternate route",Access-road culvert crossing near Workover Rig Site found pa,Open
OIL-UC-2055,unsafe conditions,12-01-2025,Digboi Refinery,Effluent Treatment Plant,Contractor oversight visit,"Chemical-injection skid at Effluent Treatment Plant found with a leaking pump seal, product pooling on the skid deck for an estimated 35 hours before being noticed.",Medium,1,0.33,Process Safety,Chemical/Process,Degraded - containment barrier ineffective for leaking equipment,"Chemical exposure to personnel, slip hazard, environmental release","Repair seal, clean spill, verify containment tray drains",Chemical-injection skid at Effluent Treatment Plant found wi,Open
OIL-UC-2056,unsafe conditions,05-04-2025,Jorhat Operations,Compressed Gas Store,Routine inspection round,"Racking/shelving at Compressed Gas Store found with a bent support member on an upper level, load unreduced for 40 days since discovery.",Medium,1,0.28,Line of Fire,Gravity,Degraded - structural storage integrity compromised,Racking collapse drops stored material onto personnel below,"Reduce load on affected bay, schedule structural inspection",Racking/shelving at Compressed Gas Store found with a bent s,Resolved
OIL-UC-2057,unsafe conditions,02-05-2025,Moran Oilfield,Mud Logging Cabin,Emergency-readiness drill prep,"Incompatible materials found stored together near Mud Logging Cabin (oxidizing and flammable classes), separation short of code by roughly 10 cm.",Medium,1,0.32,Process Safety,Chemical/Process,Absent - incompatible-material segregation barrier not maintained,Fire/explosion risk from incompatible material proximity,"Separate materials immediately per storage code, retrain store staff",Incompatible materials found stored together near Mud Loggin,Open
OIL-UC-2058,unsafe conditions,27-11-2024,Offshore Rig-04,Catwalk / V-Door,Pre-operation verification,"Wheel-chock use not enforced during a connected transfer operation at Catwalk / V-Door, observed on 2 occasions this month.",Medium,1,0.41,Line of Fire,Mechanical Motion,Absent - vehicle-movement control not applied during connected operation,"Vehicle rolls during transfer, hose rupture and product release",Enforce wheel-chock use as a mandatory pre-connection step,Wheel-chock use not enforced during a connected transfer ope,Open
OIL-UC-2059,unsafe conditions,26-10-2025,Guwahati Pipeline Station,Metering Skid,Audit/compliance walkthrough,"Emergency shutdown pull-station near Metering Skid found with a damaged cover, response time estimated 26 seconds slower in a test.",Medium,1,0.4,Emergency Response,Process Safety,Degraded - manual emergency stop reliability reduced,Slower manual intervention during an escalating event,"Repair cover, re-test activation time, verify against target response time",Emergency shutdown pull-station near Metering Skid found wit,Open
OIL-UC-2060,unsafe conditions,14-07-2024,Duliajan Oilfield,Chemical Injection Skid,Pre-operation verification,"Alarm audibility at Chemical Injection Skid found reduced, volume measured roughly 6% below the standard threshold against ambient plant noise.",Medium,1,0.43,Process Safety,Chemical/Process,Degraded - alarm audibility reduced in a noisy work environment,Delayed response to a release or upset condition,"Increase alarm volume/add visual beacon, verify audibility",Alarm audibility at Chemical Injection Skid found reduced,Resolved
OIL-UC-2061,unsafe conditions,17-04-2025,Digboi Refinery,Battery Room,Pre-operation verification,"Support beam near Battery Room found with visible surface rust at a load-bearing weld, corrosion depth estimated at 3 mm.",Medium,1,0.44,Process Safety,Mechanical/Gravity,Degraded - structural integrity of a load-bearing element unassessed after visible corrosion,Potential localized structural failure over time,"Request structural assessment of the weld, monitor until inspected",Support beam near Battery Room found with visible surface ru,Open
OIL-UC-2062,unsafe conditions,18-03-2026,Jorhat Operations,Training Center,Audit/compliance walkthrough,"Nozzle/valve seal at Training Center found with a slow drip, small stain accumulating over approximately 29 hours.",Medium,1,0.35,Process Safety,Chemical/Process,Degraded - seal barrier leaking,Accumulated product creates slip and minor fire-fuel-source risk,"Replace seal, clean stained area",Nozzle/valve seal at Training Center found with a slow drip,Open
OIL-UC-2063,unsafe conditions,29-04-2025,Moran Oilfield,Well Test Separator,Routine inspection round,"Low-pressure alarm setpoint at Well Test Separator found miscalibrated by roughly 20%, triggering well below the level needed for fail-safe response.",Medium,1,0.35,Process Safety,Mechanical/Pressure,Degraded - alarm setpoint error undermines fail-safe design margin,Fail-safe equipment may not activate reliably during a supply loss,"Recalibrate setpoint to design value, verify against fail-safe requirements",Low-pressure alarm setpoint at Well Test Separator found mis,Open
OIL-UC-2064,unsafe conditions,06-06-2025,Offshore Rig-04,Main Deck Crane,Emergency-readiness drill prep,Confined-space warning signage at Main Deck Crane found faded and difficult to read from beyond 31 metres.,Medium,1,0.4,Confined Space,Chemical/Process,Degraded - hazard communication barrier weakened,Personnel may enter a hazardous space without adequate warning,"Replace signage immediately, verify entries are additionally covered by permit",Confined-space warning signage at Main Deck Crane found fade,Resolved
OIL-UC-2065,unsafe conditions,21-08-2025,Guwahati Pipeline Station,Mainline Block Valve Station,Emergency-readiness drill prep,"Leak-indication tape near a flange at Mainline Block Valve Station found discolored, consistent with a past minor release roughly 29 weeks ago; no work order raised.",Medium,1,0.3,Process Safety,Chemical/Process,Degraded - leak indication observed but not acted upon,Recurrence of a leak near an ignition-prone area,"Raise a work order immediately, inspect flange, monitor with a gas detector",Leak-indication tape near a flange at Mainline Block Valve S,Open
OIL-UC-2066,unsafe conditions,14-04-2025,Duliajan Oilfield,Perforating Gun Store,Routine inspection round,SCADA/monitoring software at Perforating Gun Store flagged as running an unpatched version for approximately 35 months.,Medium,1,0.35,Process Safety,Chemical/Process,Degraded - software-based detection barrier unmaintained,Delayed or missed detection alerts,Prioritize software update and patch cycle,SCADA/monitoring software at Perforating Gun Store flagged a,Open
OIL-UC-2067,unsafe conditions,18-08-2024,Digboi Refinery,Boiler House,Shift changeover check,"Standing/unacknowledged alarms accumulated in the control interface for Boiler House, approximately 16 outstanding at time of check.",Medium,1,0.41,Process Safety,Chemical/Process,Degraded - alarm-response barrier weakened by alarm flooding,A critical alarm could be missed among the backlog during an upset,"Clear and triage the standing alarm backlog, review alarm rationalization",Standing/unacknowledged alarms accumulated in the control in,Open
OIL-UC-2068,unsafe conditions,04-08-2026,Jorhat Operations,Training Center,Audit/compliance walkthrough,"Handrail section near Training Center found corroded through in one section, load-bearing capacity untested for 9 months.",Medium,1,0.37,Line of Fire,Gravity,Degraded - fall-protection barrier weakened,Worker could fall from an elevated or edge area,Cordon the area and replace the corroded section,Handrail section near Training Center found corroded through,Resolved
OIL-UC-2069,unsafe conditions,23-03-2026,Moran Oilfield,Cementing Unit,Contractor oversight visit,Vehicle-lift/lifting aid at Cementing Unit found operating 24 months past its load-test certification date with no re-test scheduled.,Medium,1,0.44,Line of Fire,Gravity,Degraded - lifting equipment certification lapsed,"Equipment failure while a load is raised, causing crush injury",Withdraw from service until re-tested and certified,Vehicle-lift/lifting aid at Cementing Unit found operating 2,Open
OIL-UC-2070,unsafe conditions,20-12-2024,Offshore Rig-04,Main Deck Crane,Routine inspection round,Cathodic-protection or corrosion-monitoring reading at Main Deck Crane found reading zero output for over 17 days; no compensating inspection logged.,Medium,1,0.3,Process Safety,Chemical/Process,Absent - corrosion-prevention barrier non-functional with no compensating inspection,Accelerated external corrosion leading to eventual wall loss and leak,"Repair immediately, run an interim manual survey, escalate to integrity team",Cathodic-protection or corrosion-monitoring reading at Main,Open
OIL-UC-2071,unsafe conditions,03-04-2026,Guwahati Pipeline Station,Metering Skid,Scheduled maintenance walkdown,"Ventilation fan at Metering Skid found seized, area temperature elevated by approximately 40 degrees during operation.",Medium,1,0.41,Process Safety,Thermal,Degraded - ventilation control not functioning,Heat stress to personnel and potential vapor accumulation,"Repair fan, implement interim heat-stress monitoring",Ventilation fan at Metering Skid found seized,Open
OIL-UC-2072,unsafe conditions,19-09-2025,Duliajan Oilfield,Workover Rig Site,Emergency-readiness drill prep,"Journey/route risk advisory for the route past Workover Rig Site found not updated for the current season, last revised 13 months ago.",Medium,1,0.39,Safe Driving,Gravity/Motor Vehicle,Absent - no current route-risk communication control,"Vehicle caught in a seasonal hazard (flooding, landslide, etc.)",Issue an updated seasonal route-risk advisory before further transit,Journey/route risk advisory for the route past Workover Rig,Resolved
OIL-UC-2073,unsafe conditions,02-03-2026,Digboi Refinery,Effluent Treatment Plant,Contractor oversight visit,"Fire extinguisher near Effluent Treatment Plant found with an inspection tag 38 months overdue, unit otherwise appearing intact.",Medium,1,0.39,Emergency Response,Thermal,Degraded - fire-response readiness unverified,Extinguisher may not function reliably during an incipient fire,"Inspect and recertify immediately, replace if faulty",Fire extinguisher near Effluent Treatment Plant found with a,Open
OIL-UC-2074,unsafe conditions,24-09-2025,Jorhat Operations,Warehouse,Scheduled maintenance walkdown,"Access-road culvert crossing near Warehouse found partially washed out after recent rain, heavy vehicles continuing to use the route for 22 days since.",Medium,1,0.35,Safe Driving,Gravity,Absent - safe route control not enforced after a ground-condition change,Vehicle rollover or collapse of crossing under load,"Close route to heavy vehicles until repaired, arrange an alternate route",Access-road culvert crossing near Warehouse found partially,Open
OIL-UC-2075,unsafe conditions,28-07-2024,Moran Oilfield,Well Test Separator,Emergency-readiness drill prep,"Chemical-injection skid at Well Test Separator found with a leaking pump seal, product pooling on the skid deck for an estimated 21 hours before being noticed.",Medium,1,0.33,Process Safety,Chemical/Process,Degraded - containment barrier ineffective for leaking equipment,"Chemical exposure to personnel, slip hazard, environmental release","Repair seal, clean spill, verify containment tray drains",Chemical-injection skid at Well Test Separator found with a,Open
OIL-UC-2076,unsafe conditions,06-09-2025,Offshore Rig-04,Mud Pump Room,Routine inspection round,"Racking/shelving at Mud Pump Room found with a bent support member on an upper level, load unreduced for 34 days since discovery.",Medium,1,0.33,Line of Fire,Gravity,Degraded - structural storage integrity compromised,Racking collapse drops stored material onto personnel below,"Reduce load on affected bay, schedule structural inspection",Racking/shelving at Mud Pump Room found with a bent support,Resolved
OIL-UC-2077,unsafe conditions,18-08-2024,Guwahati Pipeline Station,Pig Launcher,Shift changeover check,"Incompatible materials found stored together near Pig Launcher (oxidizing and flammable classes), separation short of code by roughly 5 cm.",Medium,1,0.42,Process Safety,Chemical/Process,Absent - incompatible-material segregation barrier not maintained,Fire/explosion risk from incompatible material proximity,"Separate materials immediately per storage code, retrain store staff",Incompatible materials found stored together near Pig Launch,Open
OIL-UC-2078,unsafe conditions,16-01-2026,Duliajan Oilfield,Workover Rig Site,Audit/compliance walkthrough,"Wheel-chock use not enforced during a connected transfer operation at Workover Rig Site, observed on 40 occasions this month.",Medium,1,0.35,Line of Fire,Mechanical Motion,Absent - vehicle-movement control not applied during connected operation,"Vehicle rolls during transfer, hose rupture and product release",Enforce wheel-chock use as a mandatory pre-connection step,Wheel-chock use not enforced during a connected transfer ope,Open
OIL-UC-2079,unsafe conditions,07-01-2026,Digboi Refinery,LPG Bottling Plant,Pre-operation verification,"Emergency shutdown pull-station near LPG Bottling Plant found with a damaged cover, response time estimated 4 seconds slower in a test.",Medium,1,0.43,Emergency Response,Process Safety,Degraded - manual emergency stop reliability reduced,Slower manual intervention during an escalating event,"Repair cover, re-test activation time, verify against target response time",Emergency shutdown pull-station near LPG Bottling Plant foun,Open
OIL-UC-2080,unsafe conditions,27-10-2025,Jorhat Operations,Fleet Operations Yard,Shift changeover check,"Alarm audibility at Fleet Operations Yard found reduced, volume measured roughly 14% below the standard threshold against ambient plant noise.",Medium,1,0.38,Process Safety,Chemical/Process,Degraded - alarm audibility reduced in a noisy work environment,Delayed response to a release or upset condition,"Increase alarm volume/add visual beacon, verify audibility",Alarm audibility at Fleet Operations Yard found reduced,Resolved
OIL-UC-2081,unsafe conditions,18-05-2025,Moran Oilfield,Mud Logging Cabin,Pre-operation verification,"Support beam near Mud Logging Cabin found with visible surface rust at a load-bearing weld, corrosion depth estimated at 5 mm.",Medium,1,0.3,Process Safety,Mechanical/Gravity,Degraded - structural integrity of a load-bearing element unassessed after visible corrosion,Potential localized structural failure over time,"Request structural assessment of the weld, monitor until inspected",Support beam near Mud Logging Cabin found with visible surfa,Open
OIL-UC-2082,unsafe conditions,09-02-2025,Offshore Rig-04,Catwalk / V-Door,Contractor oversight visit,"Nozzle/valve seal at Catwalk / V-Door found with a slow drip, small stain accumulating over approximately 34 hours.",Medium,1,0.31,Process Safety,Chemical/Process,Degraded - seal barrier leaking,Accumulated product creates slip and minor fire-fuel-source risk,"Replace seal, clean stained area",Nozzle/valve seal at Catwalk / V-Door found with a slow drip,Open
OIL-UC-2083,unsafe conditions,10-11-2024,Guwahati Pipeline Station,TTPA (Tank Truck Parking Area),Audit/compliance walkthrough,"Low-pressure alarm setpoint at TTPA (Tank Truck Parking Area) found miscalibrated by roughly 30%, triggering well below the level needed for fail-safe response.",Medium,1,0.37,Process Safety,Mechanical/Pressure,Degraded - alarm setpoint error undermines fail-safe design margin,Fail-safe equipment may not activate reliably during a supply loss,"Recalibrate setpoint to design value, verify against fail-safe requirements",Low-pressure alarm setpoint at TTPA (Tank Truck Parking Area,Open
OIL-UC-2084,unsafe conditions,03-08-2026,Duliajan Oilfield,Chemical Injection Skid,Shift changeover check,Confined-space warning signage at Chemical Injection Skid found faded and difficult to read from beyond 25 metres.,Medium,1,0.35,Confined Space,Chemical/Process,Degraded - hazard communication barrier weakened,Personnel may enter a hazardous space without adequate warning,"Replace signage immediately, verify entries are additionally covered by permit",Confined-space warning signage at Chemical Injection Skid fo,Resolved
OIL-UC-2085,unsafe conditions,25-03-2026,Digboi Refinery,Boiler House,Routine inspection round,"Leak-indication tape near a flange at Boiler House found discolored, consistent with a past minor release roughly 40 weeks ago; no work order raised.",Medium,1,0.41,Process Safety,Chemical/Process,Degraded - leak indication observed but not acted upon,Recurrence of a leak near an ignition-prone area,"Raise a work order immediately, inspect flange, monitor with a gas detector",Leak-indication tape near a flange at Boiler House found dis,Open
OIL-UC-2086,unsafe conditions,26-04-2026,Jorhat Operations,Warehouse,Shift changeover check,SCADA/monitoring software at Warehouse flagged as running an unpatched version for approximately 6 months.,Medium,1,0.3,Process Safety,Chemical/Process,Degraded - software-based detection barrier unmaintained,Delayed or missed detection alerts,Prioritize software update and patch cycle,SCADA/monitoring software at Warehouse flagged as running an,Open
OIL-UC-2087,unsafe conditions,04-04-2026,Moran Oilfield,Well Test Separator,Shift changeover check,"Standing/unacknowledged alarms accumulated in the control interface for Well Test Separator, approximately 20 outstanding at time of check.",Medium,1,0.4,Process Safety,Chemical/Process,Degraded - alarm-response barrier weakened by alarm flooding,A critical alarm could be missed among the backlog during an upset,"Clear and triage the standing alarm backlog, review alarm rationalization",Standing/unacknowledged alarms accumulated in the control in,Open
OIL-UC-2088,unsafe conditions,23-10-2024,Offshore Rig-04,Main Deck Crane,Routine inspection round,"Handrail section near Main Deck Crane found corroded through in one section, load-bearing capacity untested for 23 months.",Medium,1,0.38,Line of Fire,Gravity,Degraded - fall-protection barrier weakened,Worker could fall from an elevated or edge area,Cordon the area and replace the corroded section,Handrail section near Main Deck Crane found corroded through,Resolved
OIL-UC-2089,unsafe conditions,07-07-2025,Guwahati Pipeline Station,220kV Cable Trench (RCC),Contractor oversight visit,Vehicle-lift/lifting aid at 220kV Cable Trench (RCC) found operating 21 months past its load-test certification date with no re-test scheduled.,Medium,1,0.4,Line of Fire,Gravity,Degraded - lifting equipment certification lapsed,"Equipment failure while a load is raised, causing crush injury",Withdraw from service until re-tested and certified,Vehicle-lift/lifting aid at 220kV Cable Trench (RCC) found o,Open
OIL-UC-2090,unsafe conditions,14-04-2025,Duliajan Oilfield,Gas Compressor Station,Contractor oversight visit,Cathodic-protection or corrosion-monitoring reading at Gas Compressor Station found reading zero output for over 40 days; no compensating inspection logged.,Medium,1,0.44,Process Safety,Chemical/Process,Absent - corrosion-prevention barrier non-functional with no compensating inspection,Accelerated external corrosion leading to eventual wall loss and leak,"Repair immediately, run an interim manual survey, escalate to integrity team",Cathodic-protection or corrosion-monitoring reading at Gas C,Open
OIL-UC-2091,unsafe conditions,09-10-2024,Digboi Refinery,LPG Bottling Plant,Contractor oversight visit,"Ventilation fan at LPG Bottling Plant found seized, area temperature elevated by approximately 26 degrees during operation.",Medium,1,0.41,Process Safety,Thermal,Degraded - ventilation control not functioning,Heat stress to personnel and potential vapor accumulation,"Repair fan, implement interim heat-stress monitoring",Ventilation fan at LPG Bottling Plant found seized,Open
OIL-UC-2092,unsafe conditions,08-08-2025,Jorhat Operations,Fleet Operations Yard,Routine inspection round,"Journey/route risk advisory for the route past Fleet Operations Yard found not updated for the current season, last revised 35 months ago.",Medium,1,0.39,Safe Driving,Gravity/Motor Vehicle,Absent - no current route-risk communication control,"Vehicle caught in a seasonal hazard (flooding, landslide, etc.)",Issue an updated seasonal route-risk advisory before further transit,Journey/route risk advisory for the route past Fleet Operati,Resolved
OIL-UC-2093,unsafe conditions,02-12-2024,Moran Oilfield,Camp Site,Routine inspection round,"Fire extinguisher near Camp Site found with an inspection tag 25 months overdue, unit otherwise appearing intact.",Medium,1,0.34,Emergency Response,Thermal,Degraded - fire-response readiness unverified,Extinguisher may not function reliably during an incipient fire,"Inspect and recertify immediately, replace if faulty",Fire extinguisher near Camp Site found with an inspection ta,Open
OIL-UC-2094,unsafe conditions,18-01-2025,Offshore Rig-04,Helideck,Emergency-readiness drill prep,"Access-road culvert crossing near Helideck found partially washed out after recent rain, heavy vehicles continuing to use the route for 23 days since.",Medium,1,0.36,Safe Driving,Gravity,Absent - safe route control not enforced after a ground-condition change,Vehicle rollover or collapse of crossing under load,"Close route to heavy vehicles until repaired, arrange an alternate route",Access-road culvert crossing near Helideck found partially w,Open
OIL-UC-2095,unsafe conditions,17-08-2026,Guwahati Pipeline Station,Metering Skid,Routine inspection round,"Chemical-injection skid at Metering Skid found with a leaking pump seal, product pooling on the skid deck for an estimated 11 hours before being noticed.",Medium,1,0.33,Process Safety,Chemical/Process,Degraded - containment barrier ineffective for leaking equipment,"Chemical exposure to personnel, slip hazard, environmental release","Repair seal, clean spill, verify containment tray drains",Chemical-injection skid at Metering Skid found with a leakin,Open
OIL-UC-2096,unsafe conditions,27-06-2026,Duliajan Oilfield,Workover Rig Site,Emergency-readiness drill prep,"Racking/shelving at Workover Rig Site found with a bent support member on an upper level, load unreduced for 34 days since discovery.",Medium,1,0.37,Line of Fire,Gravity,Degraded - structural storage integrity compromised,Racking collapse drops stored material onto personnel below,"Reduce load on affected bay, schedule structural inspection",Racking/shelving at Workover Rig Site found with a bent supp,Resolved
OIL-UC-2097,unsafe conditions,25-07-2026,Digboi Refinery,LPG Bottling Plant,Contractor oversight visit,"Incompatible materials found stored together near LPG Bottling Plant (oxidizing and flammable classes), separation short of code by roughly 4 cm.",Medium,1,0.34,Process Safety,Chemical/Process,Absent - incompatible-material segregation barrier not maintained,Fire/explosion risk from incompatible material proximity,"Separate materials immediately per storage code, retrain store staff",Incompatible materials found stored together near LPG Bottli,Open
OIL-UC-2098,unsafe conditions,14-11-2024,Jorhat Operations,Training Center,Audit/compliance walkthrough,"Wheel-chock use not enforced during a connected transfer operation at Training Center, observed on 10 occasions this month.",Medium,1,0.34,Line of Fire,Mechanical Motion,Absent - vehicle-movement control not applied during connected operation,"Vehicle rolls during transfer, hose rupture and product release",Enforce wheel-chock use as a mandatory pre-connection step,Wheel-chock use not enforced during a connected transfer ope,Open
OIL-UC-2099,unsafe conditions,26-07-2025,Moran Oilfield,Mud Logging Cabin,Contractor oversight visit,"Emergency shutdown pull-station near Mud Logging Cabin found with a damaged cover, response time estimated 12 seconds slower in a test.",Medium,1,0.35,Emergency Response,Process Safety,Degraded - manual emergency stop reliability reduced,Slower manual intervention during an escalating event,"Repair cover, re-test activation time, verify against target response time",Emergency shutdown pull-station near Mud Logging Cabin found,Open
OIL-UC-2100,unsafe conditions,11-07-2026,Offshore Rig-04,Mud Pump Room,Pre-operation verification,"Alarm audibility at Mud Pump Room found reduced, volume measured roughly 17% below the standard threshold against ambient plant noise.",Medium,1,0.38,Process Safety,Chemical/Process,Degraded - alarm audibility reduced in a noisy work environment,Delayed response to a release or upset condition,"Increase alarm volume/add visual beacon, verify audibility",Alarm audibility at Mud Pump Room found reduced,Resolved
OIL-UC-2101,unsafe conditions,13-08-2026,Guwahati Pipeline Station,TTPA (Tank Truck Parking Area),Audit/compliance walkthrough,"Support beam near TTPA (Tank Truck Parking Area) found with visible surface rust at a load-bearing weld, corrosion depth estimated at 16 mm.",Medium,1,0.32,Process Safety,Mechanical/Gravity,Degraded - structural integrity of a load-bearing element unassessed after visible corrosion,Potential localized structural failure over time,"Request structural assessment of the weld, monitor until inspected",Support beam near TTPA (Tank Truck Parking Area) found with,Open
OIL-UC-2102,unsafe conditions,06-01-2026,Duliajan Oilfield,Water Treatment Plant,Shift changeover check,"Nozzle/valve seal at Water Treatment Plant found with a slow drip, small stain accumulating over approximately 14 hours.",Medium,1,0.4,Process Safety,Chemical/Process,Degraded - seal barrier leaking,Accumulated product creates slip and minor fire-fuel-source risk,"Replace seal, clean stained area",Nozzle/valve seal at Water Treatment Plant found with a slow,Open
OIL-UC-2103,unsafe conditions,27-06-2025,Digboi Refinery,Effluent Treatment Plant,Emergency-readiness drill prep,"Low-pressure alarm setpoint at Effluent Treatment Plant found miscalibrated by roughly 31%, triggering well below the level needed for fail-safe response.",Medium,1,0.33,Process Safety,Mechanical/Pressure,Degraded - alarm setpoint error undermines fail-safe design margin,Fail-safe equipment may not activate reliably during a supply loss,"Recalibrate setpoint to design value, verify against fail-safe requirements",Low-pressure alarm setpoint at Effluent Treatment Plant foun,Open
OIL-UC-2104,unsafe conditions,22-12-2024,Jorhat Operations,Training Center,Pre-operation verification,Confined-space warning signage at Training Center found faded and difficult to read from beyond 35 metres.,Medium,1,0.44,Confined Space,Chemical/Process,Degraded - hazard communication barrier weakened,Personnel may enter a hazardous space without adequate warning,"Replace signage immediately, verify entries are additionally covered by permit",Confined-space warning signage at Training Center found fade,Resolved
OIL-UC-2105,unsafe conditions,24-07-2024,Moran Oilfield,Rig Floor Catwalk / V-Door,Scheduled maintenance walkdown,"Leak-indication tape near a flange at Rig Floor Catwalk / V-Door found discolored, consistent with a past minor release roughly 40 weeks ago; no work order raised.",Medium,1,0.43,Process Safety,Chemical/Process,Degraded - leak indication observed but not acted upon,Recurrence of a leak near an ignition-prone area,"Raise a work order immediately, inspect flange, monitor with a gas detector",Leak-indication tape near a flange at Rig Floor Catwalk / V-,Open
OIL-UC-2106,unsafe conditions,30-05-2026,Offshore Rig-04,Life Boat Station,Audit/compliance walkthrough,SCADA/monitoring software at Life Boat Station flagged as running an unpatched version for approximately 25 months.,Medium,1,0.44,Process Safety,Chemical/Process,Degraded - software-based detection barrier unmaintained,Delayed or missed detection alerts,Prioritize software update and patch cycle,SCADA/monitoring software at Life Boat Station flagged as ru,Open
OIL-UC-2107,unsafe conditions,07-03-2025,Guwahati Pipeline Station,Mainline Block Valve Station,Routine inspection round,"Standing/unacknowledged alarms accumulated in the control interface for Mainline Block Valve Station, approximately 20 outstanding at time of check.",Medium,1,0.41,Process Safety,Chemical/Process,Degraded - alarm-response barrier weakened by alarm flooding,A critical alarm could be missed among the backlog during an upset,"Clear and triage the standing alarm backlog, review alarm rationalization",Standing/unacknowledged alarms accumulated in the control in,Open
OIL-UC-2108,unsafe conditions,02-09-2024,Duliajan Oilfield,Water Treatment Plant,Scheduled maintenance walkdown,"Handrail section near Water Treatment Plant found corroded through in one section, load-bearing capacity untested for 34 months.",Medium,1,0.42,Line of Fire,Gravity,Degraded - fall-protection barrier weakened,Worker could fall from an elevated or edge area,Cordon the area and replace the corroded section,Handrail section near Water Treatment Plant found corroded t,Resolved
OIL-UC-2109,unsafe conditions,30-07-2025,Digboi Refinery,Ethanol Storage Tanks,Shift changeover check,Vehicle-lift/lifting aid at Ethanol Storage Tanks found operating 30 months past its load-test certification date with no re-test scheduled.,Medium,1,0.44,Line of Fire,Gravity,Degraded - lifting equipment certification lapsed,"Equipment failure while a load is raised, causing crush injury",Withdraw from service until re-tested and certified,Vehicle-lift/lifting aid at Ethanol Storage Tanks found oper,Open
OIL-UC-2110,unsafe conditions,01-07-2025,Jorhat Operations,Central Workshop,Audit/compliance walkthrough,Cathodic-protection or corrosion-monitoring reading at Central Workshop found reading zero output for over 27 days; no compensating inspection logged.,Medium,1,0.34,Process Safety,Chemical/Process,Absent - corrosion-prevention barrier non-functional with no compensating inspection,Accelerated external corrosion leading to eventual wall loss and leak,"Repair immediately, run an interim manual survey, escalate to integrity team",Cathodic-protection or corrosion-monitoring reading at Centr,Open
OIL-UC-2111,unsafe conditions,10-09-2024,Moran Oilfield,Drilling Rig Substructure,Scheduled maintenance walkdown,"Ventilation fan at Drilling Rig Substructure found seized, area temperature elevated by approximately 25 degrees during operation.",Medium,1,0.28,Process Safety,Thermal,Degraded - ventilation control not functioning,Heat stress to personnel and potential vapor accumulation,"Repair fan, implement interim heat-stress monitoring",Ventilation fan at Drilling Rig Substructure found seized,Open
OIL-UC-2112,unsafe conditions,27-09-2025,Offshore Rig-04,Mud Pump Room,Scheduled maintenance walkdown,"Journey/route risk advisory for the route past Mud Pump Room found not updated for the current season, last revised 11 months ago.",Medium,1,0.29,Safe Driving,Gravity/Motor Vehicle,Absent - no current route-risk communication control,"Vehicle caught in a seasonal hazard (flooding, landslide, etc.)",Issue an updated seasonal route-risk advisory before further transit,Journey/route risk advisory for the route past Mud Pump Room,Resolved
OIL-UC-2113,unsafe conditions,21-08-2024,Guwahati Pipeline Station,Metering Skid,Pre-operation verification,"Fire extinguisher near Metering Skid found with an inspection tag 32 months overdue, unit otherwise appearing intact.",Medium,1,0.38,Emergency Response,Thermal,Degraded - fire-response readiness unverified,Extinguisher may not function reliably during an incipient fire,"Inspect and recertify immediately, replace if faulty",Fire extinguisher near Metering Skid found with an inspectio,Open
OIL-UC-2114,unsafe conditions,14-12-2025,Duliajan Oilfield,Wellhead Cluster 3,Scheduled maintenance walkdown,"Access-road culvert crossing near Wellhead Cluster 3 found partially washed out after recent rain, heavy vehicles continuing to use the route for 18 days since.",Medium,1,0.42,Safe Driving,Gravity,Absent - safe route control not enforced after a ground-condition change,Vehicle rollover or collapse of crossing under load,"Close route to heavy vehicles until repaired, arrange an alternate route",Access-road culvert crossing near Wellhead Cluster 3 found p,Open
OIL-UC-2115,unsafe conditions,30-01-2025,Digboi Refinery,LPG Bottling Plant,Routine inspection round,"Chemical-injection skid at LPG Bottling Plant found with a leaking pump seal, product pooling on the skid deck for an estimated 29 hours before being noticed.",Medium,1,0.41,Process Safety,Chemical/Process,Degraded - containment barrier ineffective for leaking equipment,"Chemical exposure to personnel, slip hazard, environmental release","Repair seal, clean spill, verify containment tray drains",Chemical-injection skid at LPG Bottling Plant found with a l,Open
OIL-UC-2116,unsafe conditions,17-03-2026,Jorhat Operations,Warehouse,Routine inspection round,"Racking/shelving at Warehouse found with a bent support member on an upper level, load unreduced for 9 days since discovery.",Medium,1,0.32,Line of Fire,Gravity,Degraded - structural storage integrity compromised,Racking collapse drops stored material onto personnel below,"Reduce load on affected bay, schedule structural inspection",Racking/shelving at Warehouse found with a bent support memb,Resolved
OIL-UC-2117,unsafe conditions,25-10-2025,Moran Oilfield,Rig Floor Catwalk / V-Door,Routine inspection round,"Incompatible materials found stored together near Rig Floor Catwalk / V-Door (oxidizing and flammable classes), separation short of code by roughly 31 cm.",Medium,1,0.3,Process Safety,Chemical/Process,Absent - incompatible-material segregation barrier not maintained,Fire/explosion risk from incompatible material proximity,"Separate materials immediately per storage code, retrain store staff",Incompatible materials found stored together near Rig Floor,Open
OIL-UC-2118,unsafe conditions,03-02-2025,Offshore Rig-04,SPM Mooring Buoy Support Vessel,Contractor oversight visit,"Wheel-chock use not enforced during a connected transfer operation at SPM Mooring Buoy Support Vessel, observed on 3 occasions this month.",Medium,1,0.37,Line of Fire,Mechanical Motion,Absent - vehicle-movement control not applied during connected operation,"Vehicle rolls during transfer, hose rupture and product release",Enforce wheel-chock use as a mandatory pre-connection step,Wheel-chock use not enforced during a connected transfer ope,Open
OIL-UC-2119,unsafe conditions,28-05-2025,Guwahati Pipeline Station,Metering Skid,Pre-operation verification,"Emergency shutdown pull-station near Metering Skid found with a damaged cover, response time estimated 20 seconds slower in a test.",Medium,1,0.28,Emergency Response,Process Safety,Degraded - manual emergency stop reliability reduced,Slower manual intervention during an escalating event,"Repair cover, re-test activation time, verify against target response time",Emergency shutdown pull-station near Metering Skid found wit,Open
OIL-UC-2120,unsafe conditions,16-04-2026,Duliajan Oilfield,Central Tank Farm,Pre-operation verification,"Alarm audibility at Central Tank Farm found reduced, volume measured roughly 38% below the standard threshold against ambient plant noise.",Medium,1,0.31,Process Safety,Chemical/Process,Degraded - alarm audibility reduced in a noisy work environment,Delayed response to a release or upset condition,"Increase alarm volume/add visual beacon, verify audibility",Alarm audibility at Central Tank Farm found reduced,Resolved
OIL-UC-2121,unsafe conditions,21-11-2025,Digboi Refinery,Reboiler Furnace Bay,Shift changeover check,"Support beam near Reboiler Furnace Bay found with visible surface rust at a load-bearing weld, corrosion depth estimated at 35 mm.",Medium,1,0.29,Process Safety,Mechanical/Gravity,Degraded - structural integrity of a load-bearing element unassessed after visible corrosion,Potential localized structural failure over time,"Request structural assessment of the weld, monitor until inspected",Support beam near Reboiler Furnace Bay found with visible su,Open
OIL-UC-2122,unsafe conditions,20-12-2025,Jorhat Operations,Training Center,Emergency-readiness drill prep,"Nozzle/valve seal at Training Center found with a slow drip, small stain accumulating over approximately 34 hours.",Medium,1,0.45,Process Safety,Chemical/Process,Degraded - seal barrier leaking,Accumulated product creates slip and minor fire-fuel-source risk,"Replace seal, clean stained area",Nozzle/valve seal at Training Center found with a slow drip,Open
OIL-UC-2123,unsafe conditions,13-03-2026,Moran Oilfield,Drilling Rig Substructure,Emergency-readiness drill prep,"Low-pressure alarm setpoint at Drilling Rig Substructure found miscalibrated by roughly 26%, triggering well below the level needed for fail-safe response.",Medium,1,0.36,Process Safety,Mechanical/Pressure,Degraded - alarm setpoint error undermines fail-safe design margin,Fail-safe equipment may not activate reliably during a supply loss,"Recalibrate setpoint to design value, verify against fail-safe requirements",Low-pressure alarm setpoint at Drilling Rig Substructure fou,Open
OIL-UC-2124,unsafe conditions,01-06-2025,Offshore Rig-04,Accommodation Module,Shift changeover check,Confined-space warning signage at Accommodation Module found faded and difficult to read from beyond 25 metres.,Medium,1,0.41,Confined Space,Chemical/Process,Degraded - hazard communication barrier weakened,Personnel may enter a hazardous space without adequate warning,"Replace signage immediately, verify entries are additionally covered by permit",Confined-space warning signage at Accommodation Module found,Resolved
OIL-UC-2125,unsafe conditions,06-03-2026,Guwahati Pipeline Station,Mainline Block Valve Station,Scheduled maintenance walkdown,"Leak-indication tape near a flange at Mainline Block Valve Station found discolored, consistent with a past minor release roughly 24 weeks ago; no work order raised.",Medium,1,0.4,Process Safety,Chemical/Process,Degraded - leak indication observed but not acted upon,Recurrence of a leak near an ignition-prone area,"Raise a work order immediately, inspect flange, monitor with a gas detector",Leak-indication tape near a flange at Mainline Block Valve S,Open
OIL-UC-2126,unsafe conditions,15-10-2024,Duliajan Oilfield,Workover Rig Site,Contractor oversight visit,SCADA/monitoring software at Workover Rig Site flagged as running an unpatched version for approximately 39 months.,Medium,1,0.41,Process Safety,Chemical/Process,Degraded - software-based detection barrier unmaintained,Delayed or missed detection alerts,Prioritize software update and patch cycle,SCADA/monitoring software at Workover Rig Site flagged as ru,Open
OIL-UC-2127,unsafe conditions,21-03-2026,Digboi Refinery,Naphtha Splitter Unit,Audit/compliance walkthrough,"Standing/unacknowledged alarms accumulated in the control interface for Naphtha Splitter Unit, approximately 24 outstanding at time of check.",Medium,1,0.34,Process Safety,Chemical/Process,Degraded - alarm-response barrier weakened by alarm flooding,A critical alarm could be missed among the backlog during an upset,"Clear and triage the standing alarm backlog, review alarm rationalization",Standing/unacknowledged alarms accumulated in the control in,Open
OIL-UC-2128,unsafe conditions,04-12-2024,Jorhat Operations,Fire Station,Contractor oversight visit,"Handrail section near Fire Station found corroded through in one section, load-bearing capacity untested for 31 months.",Medium,1,0.36,Line of Fire,Gravity,Degraded - fall-protection barrier weakened,Worker could fall from an elevated or edge area,Cordon the area and replace the corroded section,Handrail section near Fire Station found corroded through in,Resolved
OIL-UC-2129,unsafe conditions,12-09-2025,Moran Oilfield,Rig Floor Catwalk / V-Door,Routine inspection round,Vehicle-lift/lifting aid at Rig Floor Catwalk / V-Door found operating 10 months past its load-test certification date with no re-test scheduled.,Medium,1,0.4,Line of Fire,Gravity,Degraded - lifting equipment certification lapsed,"Equipment failure while a load is raised, causing crush injury",Withdraw from service until re-tested and certified,Vehicle-lift/lifting aid at Rig Floor Catwalk / V-Door found,Open
OIL-UC-2130,unsafe conditions,22-12-2024,Offshore Rig-04,Drill Floor,Scheduled maintenance walkdown,Cathodic-protection or corrosion-monitoring reading at Drill Floor found reading zero output for over 20 days; no compensating inspection logged.,Medium,1,0.29,Process Safety,Chemical/Process,Absent - corrosion-prevention barrier non-functional with no compensating inspection,Accelerated external corrosion leading to eventual wall loss and leak,"Repair immediately, run an interim manual survey, escalate to integrity team",Cathodic-protection or corrosion-monitoring reading at Drill,Open
OIL-UC-2131,unsafe conditions,09-12-2025,Guwahati Pipeline Station,Pig Launcher,Shift changeover check,"Ventilation fan at Pig Launcher found seized, area temperature elevated by approximately 22 degrees during operation.",Medium,1,0.37,Process Safety,Thermal,Degraded - ventilation control not functioning,Heat stress to personnel and potential vapor accumulation,"Repair fan, implement interim heat-stress monitoring",Ventilation fan at Pig Launcher found seized,Open
OIL-UC-2132,unsafe conditions,13-12-2024,Duliajan Oilfield,Water Treatment Plant,Routine inspection round,"Journey/route risk advisory for the route past Water Treatment Plant found not updated for the current season, last revised 18 months ago.",Medium,1,0.41,Safe Driving,Gravity/Motor Vehicle,Absent - no current route-risk communication control,"Vehicle caught in a seasonal hazard (flooding, landslide, etc.)",Issue an updated seasonal route-risk advisory before further transit,Journey/route risk advisory for the route past Water Treatme,Resolved
OIL-UC-2133,unsafe conditions,03-04-2026,Digboi Refinery,Hydrocracker Unit,Emergency-readiness drill prep,"Fire extinguisher near Hydrocracker Unit found with an inspection tag 24 months overdue, unit otherwise appearing intact.",Medium,1,0.41,Emergency Response,Thermal,Degraded - fire-response readiness unverified,Extinguisher may not function reliably during an incipient fire,"Inspect and recertify immediately, replace if faulty",Fire extinguisher near Hydrocracker Unit found with an inspe,Open
OIL-UC-2134,unsafe conditions,22-08-2025,Jorhat Operations,Warehouse,Routine inspection round,"Access-road culvert crossing near Warehouse found partially washed out after recent rain, heavy vehicles continuing to use the route for 19 days since.",Medium,1,0.42,Safe Driving,Gravity,Absent - safe route control not enforced after a ground-condition change,Vehicle rollover or collapse of crossing under load,"Close route to heavy vehicles until repaired, arrange an alternate route",Access-road culvert crossing near Warehouse found partially,Open
OIL-UC-2135,unsafe conditions,09-12-2024,Moran Oilfield,Well Test Separator,Pre-operation verification,"Chemical-injection skid at Well Test Separator found with a leaking pump seal, product pooling on the skid deck for an estimated 30 hours before being noticed.",Medium,1,0.34,Process Safety,Chemical/Process,Degraded - containment barrier ineffective for leaking equipment,"Chemical exposure to personnel, slip hazard, environmental release","Repair seal, clean spill, verify containment tray drains",Chemical-injection skid at Well Test Separator found with a,Open
OIL-UC-2136,unsafe conditions,14-11-2025,Offshore Rig-04,Life Boat Station,Shift changeover check,"Racking/shelving at Life Boat Station found with a bent support member on an upper level, load unreduced for 33 days since discovery.",Medium,1,0.44,Line of Fire,Gravity,Degraded - structural storage integrity compromised,Racking collapse drops stored material onto personnel below,"Reduce load on affected bay, schedule structural inspection",Racking/shelving at Life Boat Station found with a bent supp,Resolved
OIL-UC-2137,unsafe conditions,15-08-2025,Guwahati Pipeline Station,LCNG/LNG Dispensing Station,Contractor oversight visit,"Incompatible materials found stored together near LCNG/LNG Dispensing Station (oxidizing and flammable classes), separation short of code by roughly 7 cm.",Medium,1,0.35,Process Safety,Chemical/Process,Absent - incompatible-material segregation barrier not maintained,Fire/explosion risk from incompatible material proximity,"Separate materials immediately per storage code, retrain store staff",Incompatible materials found stored together near LCNG/LNG D,Open
OIL-UC-2138,unsafe conditions,21-08-2024,Duliajan Oilfield,Gas Compressor Station,Shift changeover check,"Wheel-chock use not enforced during a connected transfer operation at Gas Compressor Station, observed on 36 occasions this month.",Medium,1,0.33,Line of Fire,Mechanical Motion,Absent - vehicle-movement control not applied during connected operation,"Vehicle rolls during transfer, hose rupture and product release",Enforce wheel-chock use as a mandatory pre-connection step,Wheel-chock use not enforced during a connected transfer ope,Open
OIL-UC-2139,unsafe conditions,05-06-2026,Digboi Refinery,Boiler House,Shift changeover check,"Emergency shutdown pull-station near Boiler House found with a damaged cover, response time estimated 20 seconds slower in a test.",Medium,1,0.36,Emergency Response,Process Safety,Degraded - manual emergency stop reliability reduced,Slower manual intervention during an escalating event,"Repair cover, re-test activation time, verify against target response time",Emergency shutdown pull-station near Boiler House found with,Open
OIL-UC-2140,unsafe conditions,01-09-2025,Jorhat Operations,Compressed Gas Store,Contractor oversight visit,"Alarm audibility at Compressed Gas Store found reduced, volume measured roughly 12% below the standard threshold against ambient plant noise.",Medium,1,0.36,Process Safety,Chemical/Process,Degraded - alarm audibility reduced in a noisy work environment,Delayed response to a release or upset condition,"Increase alarm volume/add visual beacon, verify audibility",Alarm audibility at Compressed Gas Store found reduced,Resolved
OIL-UC-2141,unsafe conditions,09-03-2025,Moran Oilfield,Drilling Rig Substructure,Audit/compliance walkthrough,"Support beam near Drilling Rig Substructure found with visible surface rust at a load-bearing weld, corrosion depth estimated at 24 mm.",Medium,1,0.45,Process Safety,Mechanical/Gravity,Degraded - structural integrity of a load-bearing element unassessed after visible corrosion,Potential localized structural failure over time,"Request structural assessment of the weld, monitor until inspected",Support beam near Drilling Rig Substructure found with visib,Open
OIL-UC-2142,unsafe conditions,08-06-2025,Offshore Rig-04,Drill Floor,Contractor oversight visit,"Nozzle/valve seal at Drill Floor found with a slow drip, small stain accumulating over approximately 6 hours.",Medium,1,0.39,Process Safety,Chemical/Process,Degraded - seal barrier leaking,Accumulated product creates slip and minor fire-fuel-source risk,"Replace seal, clean stained area",Nozzle/valve seal at Drill Floor found with a slow drip,Open
OIL-UC-2143,unsafe conditions,26-04-2026,Guwahati Pipeline Station,Metering Skid,Scheduled maintenance walkdown,"Low-pressure alarm setpoint at Metering Skid found miscalibrated by roughly 3%, triggering well below the level needed for fail-safe response.",Medium,1,0.42,Process Safety,Mechanical/Pressure,Degraded - alarm setpoint error undermines fail-safe design margin,Fail-safe equipment may not activate reliably during a supply loss,"Recalibrate setpoint to design value, verify against fail-safe requirements",Low-pressure alarm setpoint at Metering Skid found miscalibr,Open
OIL-UC-2144,unsafe conditions,07-08-2026,Duliajan Oilfield,Water Treatment Plant,Scheduled maintenance walkdown,Confined-space warning signage at Water Treatment Plant found faded and difficult to read from beyond 4 metres.,Medium,1,0.29,Confined Space,Chemical/Process,Degraded - hazard communication barrier weakened,Personnel may enter a hazardous space without adequate warning,"Replace signage immediately, verify entries are additionally covered by permit",Confined-space warning signage at Water Treatment Plant foun,Resolved
OIL-UC-2145,unsafe conditions,04-07-2024,Digboi Refinery,Boiler House,Pre-operation verification,"Leak-indication tape near a flange at Boiler House found discolored, consistent with a past minor release roughly 25 weeks ago; no work order raised.",Medium,1,0.44,Process Safety,Chemical/Process,Degraded - leak indication observed but not acted upon,Recurrence of a leak near an ignition-prone area,"Raise a work order immediately, inspect flange, monitor with a gas detector",Leak-indication tape near a flange at Boiler House found dis,Open
OIL-UC-2146,unsafe conditions,15-06-2025,Jorhat Operations,Training Center,Contractor oversight visit,SCADA/monitoring software at Training Center flagged as running an unpatched version for approximately 11 months.,Medium,1,0.36,Process Safety,Chemical/Process,Degraded - software-based detection barrier unmaintained,Delayed or missed detection alerts,Prioritize software update and patch cycle,SCADA/monitoring software at Training Center flagged as runn,Open
OIL-UC-2147,unsafe conditions,19-10-2024,Moran Oilfield,Cementing Unit,Emergency-readiness drill prep,"Standing/unacknowledged alarms accumulated in the control interface for Cementing Unit, approximately 30 outstanding at time of check.",Medium,1,0.29,Process Safety,Chemical/Process,Degraded - alarm-response barrier weakened by alarm flooding,A critical alarm could be missed among the backlog during an upset,"Clear and triage the standing alarm backlog, review alarm rationalization",Standing/unacknowledged alarms accumulated in the control in,Open
OIL-UC-2148,unsafe conditions,13-03-2025,Offshore Rig-04,SPM Mooring Buoy Support Vessel,Pre-operation verification,"Handrail section near SPM Mooring Buoy Support Vessel found corroded through in one section, load-bearing capacity untested for 25 months.",Medium,1,0.33,Line of Fire,Gravity,Degraded - fall-protection barrier weakened,Worker could fall from an elevated or edge area,Cordon the area and replace the corroded section,Handrail section near SPM Mooring Buoy Support Vessel found,Resolved
OIL-UC-2149,unsafe conditions,25-10-2025,Guwahati Pipeline Station,SCADA Control Room,Routine inspection round,Vehicle-lift/lifting aid at SCADA Control Room found operating 9 months past its load-test certification date with no re-test scheduled.,Medium,1,0.41,Line of Fire,Gravity,Degraded - lifting equipment certification lapsed,"Equipment failure while a load is raised, causing crush injury",Withdraw from service until re-tested and certified,Vehicle-lift/lifting aid at SCADA Control Room found operati,Open
OIL-UC-2150,unsafe conditions,22-02-2025,Duliajan Oilfield,Perforating Gun Store,Routine inspection round,Cathodic-protection or corrosion-monitoring reading at Perforating Gun Store found reading zero output for over 37 days; no compensating inspection logged.,Medium,1,0.32,Process Safety,Chemical/Process,Absent - corrosion-prevention barrier non-functional with no compensating inspection,Accelerated external corrosion leading to eventual wall loss and leak,"Repair immediately, run an interim manual survey, escalate to integrity team",Cathodic-protection or corrosion-monitoring reading at Perfo,Open
OIL-UC-2151,unsafe conditions,16-10-2025,Digboi Refinery,Effluent Treatment Plant,Audit/compliance walkthrough,"Ventilation fan at Effluent Treatment Plant found seized, area temperature elevated by approximately 15 degrees during operation.",Medium,1,0.33,Process Safety,Thermal,Degraded - ventilation control not functioning,Heat stress to personnel and potential vapor accumulation,"Repair fan, implement interim heat-stress monitoring",Ventilation fan at Effluent Treatment Plant found seized,Open
OIL-UC-2152,unsafe conditions,06-09-2025,Jorhat Operations,Fire Station,Scheduled maintenance walkdown,"Journey/route risk advisory for the route past Fire Station found not updated for the current season, last revised 9 months ago.",Medium,1,0.42,Safe Driving,Gravity/Motor Vehicle,Absent - no current route-risk communication control,"Vehicle caught in a seasonal hazard (flooding, landslide, etc.)",Issue an updated seasonal route-risk advisory before further transit,Journey/route risk advisory for the route past Fire Station,Resolved
OIL-UC-2153,unsafe conditions,24-04-2025,Moran Oilfield,Mud Logging Cabin,Routine inspection round,"Fire extinguisher near Mud Logging Cabin found with an inspection tag 30 months overdue, unit otherwise appearing intact.",Medium,1,0.42,Emergency Response,Thermal,Degraded - fire-response readiness unverified,Extinguisher may not function reliably during an incipient fire,"Inspect and recertify immediately, replace if faulty",Fire extinguisher near Mud Logging Cabin found with an inspe,Open
OIL-UC-2154,unsafe conditions,04-04-2025,Offshore Rig-04,Mud Pump Room,Audit/compliance walkthrough,"Access-road culvert crossing near Mud Pump Room found partially washed out after recent rain, heavy vehicles continuing to use the route for 6 days since.",Medium,1,0.37,Safe Driving,Gravity,Absent - safe route control not enforced after a ground-condition change,Vehicle rollover or collapse of crossing under load,"Close route to heavy vehicles until repaired, arrange an alternate route",Access-road culvert crossing near Mud Pump Room found partia,Open
OIL-UC-2155,unsafe conditions,16-01-2025,Guwahati Pipeline Station,Metering Skid,Emergency-readiness drill prep,"Chemical-injection skid at Metering Skid found with a leaking pump seal, product pooling on the skid deck for an estimated 13 hours before being noticed.",Medium,1,0.34,Process Safety,Chemical/Process,Degraded - containment barrier ineffective for leaking equipment,"Chemical exposure to personnel, slip hazard, environmental release","Repair seal, clean spill, verify containment tray drains",Chemical-injection skid at Metering Skid found with a leakin,Open
OIL-UC-2156,unsafe conditions,19-08-2026,Duliajan Oilfield,Workover Rig Site,Emergency-readiness drill prep,"Racking/shelving at Workover Rig Site found with a bent support member on an upper level, load unreduced for 14 days since discovery.",Medium,1,0.3,Line of Fire,Gravity,Degraded - structural storage integrity compromised,Racking collapse drops stored material onto personnel below,"Reduce load on affected bay, schedule structural inspection",Racking/shelving at Workover Rig Site found with a bent supp,Resolved
OIL-UC-2157,unsafe conditions,13-06-2025,Digboi Refinery,Effluent Treatment Plant,Shift changeover check,"Incompatible materials found stored together near Effluent Treatment Plant (oxidizing and flammable classes), separation short of code by roughly 3 cm.",Medium,1,0.37,Process Safety,Chemical/Process,Absent - incompatible-material segregation barrier not maintained,Fire/explosion risk from incompatible material proximity,"Separate materials immediately per storage code, retrain store staff",Incompatible materials found stored together near Effluent T,Open
OIL-UC-2158,unsafe conditions,28-08-2024,Jorhat Operations,Compressed Gas Store,Scheduled maintenance walkdown,"Wheel-chock use not enforced during a connected transfer operation at Compressed Gas Store, observed on 37 occasions this month.",Medium,1,0.38,Line of Fire,Mechanical Motion,Absent - vehicle-movement control not applied during connected operation,"Vehicle rolls during transfer, hose rupture and product release",Enforce wheel-chock use as a mandatory pre-connection step,Wheel-chock use not enforced during a connected transfer ope,Open
OIL-UC-2159,unsafe conditions,07-06-2026,Moran Oilfield,Drilling Rig Substructure,Pre-operation verification,"Emergency shutdown pull-station near Drilling Rig Substructure found with a damaged cover, response time estimated 21 seconds slower in a test.",Medium,1,0.45,Emergency Response,Process Safety,Degraded - manual emergency stop reliability reduced,Slower manual intervention during an escalating event,"Repair cover, re-test activation time, verify against target response time",Emergency shutdown pull-station near Drilling Rig Substructu,Open
OIL-UC-2160,unsafe conditions,10-01-2026,Offshore Rig-04,Life Boat Station,Pre-operation verification,"Alarm audibility at Life Boat Station found reduced, volume measured roughly 35% below the standard threshold against ambient plant noise.",Medium,1,0.41,Process Safety,Chemical/Process,Degraded - alarm audibility reduced in a noisy work environment,Delayed response to a release or upset condition,"Increase alarm volume/add visual beacon, verify audibility",Alarm audibility at Life Boat Station found reduced,Resolved
OIL-UC-2161,unsafe conditions,04-09-2025,Guwahati Pipeline Station,Mainline Block Valve Station,Shift changeover check,"Support beam near Mainline Block Valve Station found with visible surface rust at a load-bearing weld, corrosion depth estimated at 10 mm.",Medium,1,0.39,Process Safety,Mechanical/Gravity,Degraded - structural integrity of a load-bearing element unassessed after visible corrosion,Potential localized structural failure over time,"Request structural assessment of the weld, monitor until inspected",Support beam near Mainline Block Valve Station found with vi,Open
OIL-UC-2162,unsafe conditions,08-08-2026,Duliajan Oilfield,Water Treatment Plant,Shift changeover check,"Nozzle/valve seal at Water Treatment Plant found with a slow drip, small stain accumulating over approximately 35 hours.",Medium,1,0.3,Process Safety,Chemical/Process,Degraded - seal barrier leaking,Accumulated product creates slip and minor fire-fuel-source risk,"Replace seal, clean stained area",Nozzle/valve seal at Water Treatment Plant found with a slow,Open
OIL-UC-2163,unsafe conditions,11-10-2024,Digboi Refinery,LPG Bottling Plant,Scheduled maintenance walkdown,"Low-pressure alarm setpoint at LPG Bottling Plant found miscalibrated by roughly 39%, triggering well below the level needed for fail-safe response.",Medium,1,0.41,Process Safety,Mechanical/Pressure,Degraded - alarm setpoint error undermines fail-safe design margin,Fail-safe equipment may not activate reliably during a supply loss,"Recalibrate setpoint to design value, verify against fail-safe requirements",Low-pressure alarm setpoint at LPG Bottling Plant found misc,Open
OIL-UC-2164,unsafe conditions,06-10-2024,Jorhat Operations,Compressed Gas Store,Emergency-readiness drill prep,Confined-space warning signage at Compressed Gas Store found faded and difficult to read from beyond 34 metres.,Medium,1,0.29,Confined Space,Chemical/Process,Degraded - hazard communication barrier weakened,Personnel may enter a hazardous space without adequate warning,"Replace signage immediately, verify entries are additionally covered by permit",Confined-space warning signage at Compressed Gas Store found,Resolved
OIL-UC-2165,unsafe conditions,27-04-2025,Moran Oilfield,Camp Site,Shift changeover check,"Leak-indication tape near a flange at Camp Site found discolored, consistent with a past minor release roughly 11 weeks ago; no work order raised.",Medium,1,0.31,Process Safety,Chemical/Process,Degraded - leak indication observed but not acted upon,Recurrence of a leak near an ignition-prone area,"Raise a work order immediately, inspect flange, monitor with a gas detector",Leak-indication tape near a flange at Camp Site found discol,Open
OIL-UC-2166,unsafe conditions,20-08-2024,Offshore Rig-04,Helideck,Audit/compliance walkthrough,SCADA/monitoring software at Helideck flagged as running an unpatched version for approximately 24 months.,Medium,1,0.43,Process Safety,Chemical/Process,Degraded - software-based detection barrier unmaintained,Delayed or missed detection alerts,Prioritize software update and patch cycle,SCADA/monitoring software at Helideck flagged as running an,Open
OIL-UC-2167,unsafe conditions,09-03-2025,Guwahati Pipeline Station,LCNG/LNG Dispensing Station,Contractor oversight visit,"Standing/unacknowledged alarms accumulated in the control interface for LCNG/LNG Dispensing Station, approximately 14 outstanding at time of check.",Medium,1,0.44,Process Safety,Chemical/Process,Degraded - alarm-response barrier weakened by alarm flooding,A critical alarm could be missed among the backlog during an upset,"Clear and triage the standing alarm backlog, review alarm rationalization",Standing/unacknowledged alarms accumulated in the control in,Open
OIL-UC-2168,unsafe conditions,28-10-2025,Duliajan Oilfield,Gas Compressor Station,Audit/compliance walkthrough,"Handrail section near Gas Compressor Station found corroded through in one section, load-bearing capacity untested for 21 months.",Medium,1,0.37,Line of Fire,Gravity,Degraded - fall-protection barrier weakened,Worker could fall from an elevated or edge area,Cordon the area and replace the corroded section,Handrail section near Gas Compressor Station found corroded,Resolved
OIL-UC-2169,unsafe conditions,06-04-2026,Digboi Refinery,Benzene Storage Tank Farm,Audit/compliance walkthrough,Vehicle-lift/lifting aid at Benzene Storage Tank Farm found operating 39 months past its load-test certification date with no re-test scheduled.,Medium,1,0.31,Line of Fire,Gravity,Degraded - lifting equipment certification lapsed,"Equipment failure while a load is raised, causing crush injury",Withdraw from service until re-tested and certified,Vehicle-lift/lifting aid at Benzene Storage Tank Farm found,Open
OIL-UC-2170,unsafe conditions,30-12-2025,Jorhat Operations,Training Center,Shift changeover check,Cathodic-protection or corrosion-monitoring reading at Training Center found reading zero output for over 40 days; no compensating inspection logged.,Medium,1,0.42,Process Safety,Chemical/Process,Absent - corrosion-prevention barrier non-functional with no compensating inspection,Accelerated external corrosion leading to eventual wall loss and leak,"Repair immediately, run an interim manual survey, escalate to integrity team",Cathodic-protection or corrosion-monitoring reading at Train,Open
OIL-UC-2171,unsafe conditions,19-03-2026,Moran Oilfield,Drilling Rig Substructure,Routine inspection round,"Ventilation fan at Drilling Rig Substructure found seized, area temperature elevated by approximately 3 degrees during operation.",Medium,1,0.29,Process Safety,Thermal,Degraded - ventilation control not functioning,Heat stress to personnel and potential vapor accumulation,"Repair fan, implement interim heat-stress monitoring",Ventilation fan at Drilling Rig Substructure found seized,Open
OIL-UC-2172,unsafe conditions,23-02-2026,Offshore Rig-04,Moon Pool Area,Emergency-readiness drill prep,"Journey/route risk advisory for the route past Moon Pool Area found not updated for the current season, last revised 15 months ago.",Medium,1,0.38,Safe Driving,Gravity/Motor Vehicle,Absent - no current route-risk communication control,"Vehicle caught in a seasonal hazard (flooding, landslide, etc.)",Issue an updated seasonal route-risk advisory before further transit,Journey/route risk advisory for the route past Moon Pool Are,Resolved
OIL-UC-2173,unsafe conditions,20-03-2026,Guwahati Pipeline Station,Pig Launcher,Contractor oversight visit,"Fire extinguisher near Pig Launcher found with an inspection tag 33 months overdue, unit otherwise appearing intact.",Medium,1,0.37,Emergency Response,Thermal,Degraded - fire-response readiness unverified,Extinguisher may not function reliably during an incipient fire,"Inspect and recertify immediately, replace if faulty",Fire extinguisher near Pig Launcher found with an inspection,Open
OIL-UC-2174,unsafe conditions,03-05-2026,Duliajan Oilfield,Flowline ROW Section 4,Scheduled maintenance walkdown,"Access-road culvert crossing near Flowline ROW Section 4 found partially washed out after recent rain, heavy vehicles continuing to use the route for 32 days since.",Medium,1,0.42,Safe Driving,Gravity,Absent - safe route control not enforced after a ground-condition change,Vehicle rollover or collapse of crossing under load,"Close route to heavy vehicles until repaired, arrange an alternate route",Access-road culvert crossing near Flowline ROW Section 4 fou,Open
OIL-UC-2175,unsafe conditions,01-08-2024,Digboi Refinery,Battery Room,Pre-operation verification,"Chemical-injection skid at Battery Room found with a leaking pump seal, product pooling on the skid deck for an estimated 21 hours before being noticed.",Medium,1,0.29,Process Safety,Chemical/Process,Degraded - containment barrier ineffective for leaking equipment,"Chemical exposure to personnel, slip hazard, environmental release","Repair seal, clean spill, verify containment tray drains",Chemical-injection skid at Battery Room found with a leaking,Open
OIL-UC-2176,unsafe conditions,26-12-2024,Jorhat Operations,Fire Station,Pre-operation verification,"Racking/shelving at Fire Station found with a bent support member on an upper level, load unreduced for 30 days since discovery.",Medium,1,0.36,Line of Fire,Gravity,Degraded - structural storage integrity compromised,Racking collapse drops stored material onto personnel below,"Reduce load on affected bay, schedule structural inspection",Racking/shelving at Fire Station found with a bent support m,Resolved
OIL-UC-2177,unsafe conditions,06-06-2026,Moran Oilfield,Cementing Unit,Scheduled maintenance walkdown,"Incompatible materials found stored together near Cementing Unit (oxidizing and flammable classes), separation short of code by roughly 40 cm.",Medium,1,0.33,Process Safety,Chemical/Process,Absent - incompatible-material segregation barrier not maintained,Fire/explosion risk from incompatible material proximity,"Separate materials immediately per storage code, retrain store staff",Incompatible materials found stored together near Cementing,Open
OIL-UC-2178,unsafe conditions,15-06-2025,Offshore Rig-04,Mud Pump Room,Pre-operation verification,"Wheel-chock use not enforced during a connected transfer operation at Mud Pump Room, observed on 24 occasions this month.",Medium,1,0.3,Line of Fire,Mechanical Motion,Absent - vehicle-movement control not applied during connected operation,"Vehicle rolls during transfer, hose rupture and product release",Enforce wheel-chock use as a mandatory pre-connection step,Wheel-chock use not enforced during a connected transfer ope,Open
OIL-UC-2179,unsafe conditions,01-03-2025,Guwahati Pipeline Station,Mainline Block Valve Station,Scheduled maintenance walkdown,"Emergency shutdown pull-station near Mainline Block Valve Station found with a damaged cover, response time estimated 22 seconds slower in a test.",Medium,1,0.36,Emergency Response,Process Safety,Degraded - manual emergency stop reliability reduced,Slower manual intervention during an escalating event,"Repair cover, re-test activation time, verify against target response time",Emergency shutdown pull-station near Mainline Block Valve St,Open
OIL-UC-2180,unsafe conditions,25-03-2025,Duliajan Oilfield,Water Treatment Plant,Scheduled maintenance walkdown,"Alarm audibility at Water Treatment Plant found reduced, volume measured roughly 17% below the standard threshold against ambient plant noise.",Medium,1,0.3,Process Safety,Chemical/Process,Degraded - alarm audibility reduced in a noisy work environment,Delayed response to a release or upset condition,"Increase alarm volume/add visual beacon, verify audibility",Alarm audibility at Water Treatment Plant found reduced,Resolved
OIL-UC-2181,unsafe conditions,11-11-2024,Digboi Refinery,Battery Room,Scheduled maintenance walkdown,"Support beam near Battery Room found with visible surface rust at a load-bearing weld, corrosion depth estimated at 28 mm.",Medium,1,0.44,Process Safety,Mechanical/Gravity,Degraded - structural integrity of a load-bearing element unassessed after visible corrosion,Potential localized structural failure over time,"Request structural assessment of the weld, monitor until inspected",Support beam near Battery Room found with visible surface ru,Open
OIL-UC-2182,unsafe conditions,12-12-2024,Jorhat Operations,Diesel Fuel Island,Audit/compliance walkthrough,"Nozzle/valve seal at Diesel Fuel Island found with a slow drip, small stain accumulating over approximately 22 hours.",Medium,1,0.4,Process Safety,Chemical/Process,Degraded - seal barrier leaking,Accumulated product creates slip and minor fire-fuel-source risk,"Replace seal, clean stained area",Nozzle/valve seal at Diesel Fuel Island found with a slow dr,Open
OIL-UC-2183,unsafe conditions,22-09-2025,Moran Oilfield,Rig Floor Catwalk / V-Door,Pre-operation verification,"Low-pressure alarm setpoint at Rig Floor Catwalk / V-Door found miscalibrated by roughly 12%, triggering well below the level needed for fail-safe response.",Medium,1,0.45,Process Safety,Mechanical/Pressure,Degraded - alarm setpoint error undermines fail-safe design margin,Fail-safe equipment may not activate reliably during a supply loss,"Recalibrate setpoint to design value, verify against fail-safe requirements",Low-pressure alarm setpoint at Rig Floor Catwalk / V-Door fo,Open
OIL-UC-2184,unsafe conditions,08-07-2025,Offshore Rig-04,Life Boat Station,Pre-operation verification,Confined-space warning signage at Life Boat Station found faded and difficult to read from beyond 21 metres.,Medium,1,0.28,Confined Space,Chemical/Process,Degraded - hazard communication barrier weakened,Personnel may enter a hazardous space without adequate warning,"Replace signage immediately, verify entries are additionally covered by permit",Confined-space warning signage at Life Boat Station found fa,Resolved
OIL-UC-2185,unsafe conditions,20-07-2024,Guwahati Pipeline Station,TTPA (Tank Truck Parking Area),Scheduled maintenance walkdown,"Leak-indication tape near a flange at TTPA (Tank Truck Parking Area) found discolored, consistent with a past minor release roughly 17 weeks ago; no work order raised.",Medium,1,0.38,Process Safety,Chemical/Process,Degraded - leak indication observed but not acted upon,Recurrence of a leak near an ignition-prone area,"Raise a work order immediately, inspect flange, monitor with a gas detector",Leak-indication tape near a flange at TTPA (Tank Truck Parki,Open
OIL-UC-2186,unsafe conditions,01-04-2026,Duliajan Oilfield,Wellhead Cluster 3,Pre-operation verification,SCADA/monitoring software at Wellhead Cluster 3 flagged as running an unpatched version for approximately 20 months.,Medium,1,0.38,Process Safety,Chemical/Process,Degraded - software-based detection barrier unmaintained,Delayed or missed detection alerts,Prioritize software update and patch cycle,SCADA/monitoring software at Wellhead Cluster 3 flagged as r,Open
OIL-UC-2187,unsafe conditions,19-09-2024,Digboi Refinery,Effluent Treatment Plant,Audit/compliance walkthrough,"Standing/unacknowledged alarms accumulated in the control interface for Effluent Treatment Plant, approximately 20 outstanding at time of check.",Medium,1,0.28,Process Safety,Chemical/Process,Degraded - alarm-response barrier weakened by alarm flooding,A critical alarm could be missed among the backlog during an upset,"Clear and triage the standing alarm backlog, review alarm rationalization",Standing/unacknowledged alarms accumulated in the control in,Open
OIL-UC-2188,unsafe conditions,23-07-2026,Jorhat Operations,Compressed Gas Store,Shift changeover check,"Handrail section near Compressed Gas Store found corroded through in one section, load-bearing capacity untested for 10 months.",Medium,1,0.4,Line of Fire,Gravity,Degraded - fall-protection barrier weakened,Worker could fall from an elevated or edge area,Cordon the area and replace the corroded section,Handrail section near Compressed Gas Store found corroded th,Resolved
OIL-UC-2189,unsafe conditions,05-01-2026,Moran Oilfield,Well Test Separator,Routine inspection round,Vehicle-lift/lifting aid at Well Test Separator found operating 25 months past its load-test certification date with no re-test scheduled.,Medium,1,0.35,Line of Fire,Gravity,Degraded - lifting equipment certification lapsed,"Equipment failure while a load is raised, causing crush injury",Withdraw from service until re-tested and certified,Vehicle-lift/lifting aid at Well Test Separator found operat,Open
OIL-UC-2190,unsafe conditions,15-08-2024,Offshore Rig-04,SPM Mooring Buoy Support Vessel,Shift changeover check,Cathodic-protection or corrosion-monitoring reading at SPM Mooring Buoy Support Vessel found reading zero output for over 14 days; no compensating inspection logged.,Medium,1,0.37,Process Safety,Chemical/Process,Absent - corrosion-prevention barrier non-functional with no compensating inspection,Accelerated external corrosion leading to eventual wall loss and leak,"Repair immediately, run an interim manual survey, escalate to integrity team",Cathodic-protection or corrosion-monitoring reading at SPM M,Open
OIL-UC-2191,unsafe conditions,14-03-2025,Guwahati Pipeline Station,Pipeline ROW River Crossing,Pre-operation verification,"Ventilation fan at Pipeline ROW River Crossing found seized, area temperature elevated by approximately 34 degrees during operation.",Medium,1,0.41,Process Safety,Thermal,Degraded - ventilation control not functioning,Heat stress to personnel and potential vapor accumulation,"Repair fan, implement interim heat-stress monitoring",Ventilation fan at Pipeline ROW River Crossing found seized,Open
OIL-UC-2192,unsafe conditions,23-08-2026,Duliajan Oilfield,Workover Rig Site,Routine inspection round,"Journey/route risk advisory for the route past Workover Rig Site found not updated for the current season, last revised 10 months ago.",Medium,1,0.35,Safe Driving,Gravity/Motor Vehicle,Absent - no current route-risk communication control,"Vehicle caught in a seasonal hazard (flooding, landslide, etc.)",Issue an updated seasonal route-risk advisory before further transit,Journey/route risk advisory for the route past Workover Rig,Resolved
OIL-UC-2193,unsafe conditions,21-12-2024,Digboi Refinery,Boiler House,Shift changeover check,"Fire extinguisher near Boiler House found with an inspection tag 37 months overdue, unit otherwise appearing intact.",Medium,1,0.41,Emergency Response,Thermal,Degraded - fire-response readiness unverified,Extinguisher may not function reliably during an incipient fire,"Inspect and recertify immediately, replace if faulty",Fire extinguisher near Boiler House found with an inspection,Open
OIL-UC-2194,unsafe conditions,17-07-2024,Jorhat Operations,Training Center,Pre-operation verification,"Access-road culvert crossing near Training Center found partially washed out after recent rain, heavy vehicles continuing to use the route for 34 days since.",Medium,1,0.37,Safe Driving,Gravity,Absent - safe route control not enforced after a ground-condition change,Vehicle rollover or collapse of crossing under load,"Close route to heavy vehicles until repaired, arrange an alternate route",Access-road culvert crossing near Training Center found part,Open
OIL-UC-2195,unsafe conditions,29-09-2025,Moran Oilfield,Drilling Rig Substructure,Contractor oversight visit,"Chemical-injection skid at Drilling Rig Substructure found with a leaking pump seal, product pooling on the skid deck for an estimated 10 hours before being noticed.",Medium,1,0.34,Process Safety,Chemical/Process,Degraded - containment barrier ineffective for leaking equipment,"Chemical exposure to personnel, slip hazard, environmental release","Repair seal, clean spill, verify containment tray drains",Chemical-injection skid at Drilling Rig Substructure found w,Open
OIL-UC-2196,unsafe conditions,10-11-2025,Offshore Rig-04,SPM Mooring Buoy Support Vessel,Scheduled maintenance walkdown,"Racking/shelving at SPM Mooring Buoy Support Vessel found with a bent support member on an upper level, load unreduced for 31 days since discovery.",Medium,1,0.38,Line of Fire,Gravity,Degraded - structural storage integrity compromised,Racking collapse drops stored material onto personnel below,"Reduce load on affected bay, schedule structural inspection",Racking/shelving at SPM Mooring Buoy Support Vessel found wi,Resolved
OIL-UC-2197,unsafe conditions,08-07-2025,Guwahati Pipeline Station,Metering Skid,Audit/compliance walkthrough,"Incompatible materials found stored together near Metering Skid (oxidizing and flammable classes), separation short of code by roughly 22 cm.",Medium,1,0.33,Process Safety,Chemical/Process,Absent - incompatible-material segregation barrier not maintained,Fire/explosion risk from incompatible material proximity,"Separate materials immediately per storage code, retrain store staff",Incompatible materials found stored together near Metering S,Open
OIL-UC-2198,unsafe conditions,04-11-2025,Duliajan Oilfield,Flowline ROW Section 4,Shift changeover check,"Wheel-chock use not enforced during a connected transfer operation at Flowline ROW Section 4, observed on 39 occasions this month.",Medium,1,0.37,Line of Fire,Mechanical Motion,Absent - vehicle-movement control not applied during connected operation,"Vehicle rolls during transfer, hose rupture and product release",Enforce wheel-chock use as a mandatory pre-connection step,Wheel-chock use not enforced during a connected transfer ope,Open
OIL-UC-2199,unsafe conditions,30-09-2025,Digboi Refinery,LPG Bottling Plant,Contractor oversight visit,"Emergency shutdown pull-station near LPG Bottling Plant found with a damaged cover, response time estimated 33 seconds slower in a test.",Medium,1,0.38,Emergency Response,Process Safety,Degraded - manual emergency stop reliability reduced,Slower manual intervention during an escalating event,"Repair cover, re-test activation time, verify against target response time",Emergency shutdown pull-station near LPG Bottling Plant foun,Open
OIL-UC-2200,unsafe conditions,21-09-2024,Jorhat Operations,Diesel Fuel Island,Shift changeover check,"Alarm audibility at Diesel Fuel Island found reduced, volume measured roughly 3% below the standard threshold against ambient plant noise.",Medium,1,0.34,Process Safety,Chemical/Process,Degraded - alarm audibility reduced in a noisy work environment,Delayed response to a release or upset condition,"Increase alarm volume/add visual beacon, verify audibility",Alarm audibility at Diesel Fuel Island found reduced,Resolved
OIL-UC-2201,unsafe conditions,13-06-2026,Moran Oilfield,Well Test Separator,Shift changeover check,"Support beam near Well Test Separator found with visible surface rust at a load-bearing weld, corrosion depth estimated at 39 mm.",Medium,1,0.42,Process Safety,Mechanical/Gravity,Degraded - structural integrity of a load-bearing element unassessed after visible corrosion,Potential localized structural failure over time,"Request structural assessment of the weld, monitor until inspected",Support beam near Well Test Separator found with visible sur,Open
OIL-UC-2202,unsafe conditions,03-04-2026,Offshore Rig-04,Drill Floor,Pre-operation verification,"Nozzle/valve seal at Drill Floor found with a slow drip, small stain accumulating over approximately 40 hours.",Medium,1,0.33,Process Safety,Chemical/Process,Degraded - seal barrier leaking,Accumulated product creates slip and minor fire-fuel-source risk,"Replace seal, clean stained area",Nozzle/valve seal at Drill Floor found with a slow drip,Open
OIL-UC-2203,unsafe conditions,19-11-2025,Guwahati Pipeline Station,SCADA Control Room,Audit/compliance walkthrough,"Low-pressure alarm setpoint at SCADA Control Room found miscalibrated by roughly 5%, triggering well below the level needed for fail-safe response.",Medium,1,0.36,Process Safety,Mechanical/Pressure,Degraded - alarm setpoint error undermines fail-safe design margin,Fail-safe equipment may not activate reliably during a supply loss,"Recalibrate setpoint to design value, verify against fail-safe requirements",Low-pressure alarm setpoint at SCADA Control Room found misc,Open
OIL-UC-2204,unsafe conditions,03-07-2024,Duliajan Oilfield,Perforating Gun Store,Emergency-readiness drill prep,Confined-space warning signage at Perforating Gun Store found faded and difficult to read from beyond 11 metres.,Medium,1,0.4,Confined Space,Chemical/Process,Degraded - hazard communication barrier weakened,Personnel may enter a hazardous space without adequate warning,"Replace signage immediately, verify entries are additionally covered by permit",Confined-space warning signage at Perforating Gun Store foun,Resolved
OIL-UC-2205,unsafe conditions,03-08-2025,Digboi Refinery,Reboiler Furnace Bay,Routine inspection round,"Leak-indication tape near a flange at Reboiler Furnace Bay found discolored, consistent with a past minor release roughly 14 weeks ago; no work order raised.",Medium,1,0.35,Process Safety,Chemical/Process,Degraded - leak indication observed but not acted upon,Recurrence of a leak near an ignition-prone area,"Raise a work order immediately, inspect flange, monitor with a gas detector",Leak-indication tape near a flange at Reboiler Furnace Bay f,Open
OIL-UC-2206,unsafe conditions,27-10-2025,Jorhat Operations,Fire Station,Contractor oversight visit,SCADA/monitoring software at Fire Station flagged as running an unpatched version for approximately 28 months.,Medium,1,0.31,Process Safety,Chemical/Process,Degraded - software-based detection barrier unmaintained,Delayed or missed detection alerts,Prioritize software update and patch cycle,SCADA/monitoring software at Fire Station flagged as running,Open
OIL-UC-2207,unsafe conditions,15-06-2026,Moran Oilfield,Rig Floor Catwalk / V-Door,Emergency-readiness drill prep,"Standing/unacknowledged alarms accumulated in the control interface for Rig Floor Catwalk / V-Door, approximately 32 outstanding at time of check.",Medium,1,0.42,Process Safety,Chemical/Process,Degraded - alarm-response barrier weakened by alarm flooding,A critical alarm could be missed among the backlog during an upset,"Clear and triage the standing alarm backlog, review alarm rationalization",Standing/unacknowledged alarms accumulated in the control in,Open
OIL-UC-2208,unsafe conditions,29-04-2025,Offshore Rig-04,Drill Floor,Audit/compliance walkthrough,"Handrail section near Drill Floor found corroded through in one section, load-bearing capacity untested for 10 months.",Medium,1,0.32,Line of Fire,Gravity,Degraded - fall-protection barrier weakened,Worker could fall from an elevated or edge area,Cordon the area and replace the corroded section,Handrail section near Drill Floor found corroded through in,Resolved
OIL-UC-2209,unsafe conditions,25-11-2024,Guwahati Pipeline Station,TTPA (Tank Truck Parking Area),Pre-operation verification,Vehicle-lift/lifting aid at TTPA (Tank Truck Parking Area) found operating 35 months past its load-test certification date with no re-test scheduled.,Medium,1,0.33,Line of Fire,Gravity,Degraded - lifting equipment certification lapsed,"Equipment failure while a load is raised, causing crush injury",Withdraw from service until re-tested and certified,Vehicle-lift/lifting aid at TTPA (Tank Truck Parking Area) f,Open
OIL-UC-2210,unsafe conditions,24-04-2026,Duliajan Oilfield,Water Treatment Plant,Shift changeover check,Cathodic-protection or corrosion-monitoring reading at Water Treatment Plant found reading zero output for over 36 days; no compensating inspection logged.,Medium,1,0.37,Process Safety,Chemical/Process,Absent - corrosion-prevention barrier non-functional with no compensating inspection,Accelerated external corrosion leading to eventual wall loss and leak,"Repair immediately, run an interim manual survey, escalate to integrity team",Cathodic-protection or corrosion-monitoring reading at Water,Open
OIL-UC-2211,unsafe conditions,13-03-2025,Digboi Refinery,Hydrocracker Unit,Scheduled maintenance walkdown,"Ventilation fan at Hydrocracker Unit found seized, area temperature elevated by approximately 32 degrees during operation.",Medium,1,0.44,Process Safety,Thermal,Degraded - ventilation control not functioning,Heat stress to personnel and potential vapor accumulation,"Repair fan, implement interim heat-stress monitoring",Ventilation fan at Hydrocracker Unit found seized,Open
OIL-UC-2212,unsafe conditions,01-04-2025,Jorhat Operations,Training Center,Scheduled maintenance walkdown,"Journey/route risk advisory for the route past Training Center found not updated for the current season, last revised 21 months ago.",Medium,1,0.44,Safe Driving,Gravity/Motor Vehicle,Absent - no current route-risk communication control,"Vehicle caught in a seasonal hazard (flooding, landslide, etc.)",Issue an updated seasonal route-risk advisory before further transit,Journey/route risk advisory for the route past Training Cent,Resolved
OIL-UC-2213,unsafe conditions,23-05-2026,Moran Oilfield,Rig Floor Catwalk / V-Door,Contractor oversight visit,"Fire extinguisher near Rig Floor Catwalk / V-Door found with an inspection tag 20 months overdue, unit otherwise appearing intact.",Medium,1,0.32,Emergency Response,Thermal,Degraded - fire-response readiness unverified,Extinguisher may not function reliably during an incipient fire,"Inspect and recertify immediately, replace if faulty",Fire extinguisher near Rig Floor Catwalk / V-Door found with,Open
OIL-UC-2214,unsafe conditions,24-08-2026,Offshore Rig-04,Life Boat Station,Pre-operation verification,"Access-road culvert crossing near Life Boat Station found partially washed out after recent rain, heavy vehicles continuing to use the route for 22 days since.",Medium,1,0.34,Safe Driving,Gravity,Absent - safe route control not enforced after a ground-condition change,Vehicle rollover or collapse of crossing under load,"Close route to heavy vehicles until repaired, arrange an alternate route",Access-road culvert crossing near Life Boat Station found pa,Open
OIL-UC-2215,unsafe conditions,09-12-2025,Guwahati Pipeline Station,LCNG/LNG Dispensing Station,Routine inspection round,"Chemical-injection skid at LCNG/LNG Dispensing Station found with a leaking pump seal, product pooling on the skid deck for an estimated 20 hours before being noticed.",Medium,1,0.38,Process Safety,Chemical/Process,Degraded - containment barrier ineffective for leaking equipment,"Chemical exposure to personnel, slip hazard, environmental release","Repair seal, clean spill, verify containment tray drains",Chemical-injection skid at LCNG/LNG Dispensing Station found,Open
OIL-UC-2216,unsafe conditions,01-08-2026,Duliajan Oilfield,Perforating Gun Store,Emergency-readiness drill prep,"Racking/shelving at Perforating Gun Store found with a bent support member on an upper level, load unreduced for 27 days since discovery.",Medium,1,0.34,Line of Fire,Gravity,Degraded - structural storage integrity compromised,Racking collapse drops stored material onto personnel below,"Reduce load on affected bay, schedule structural inspection",Racking/shelving at Perforating Gun Store found with a bent,Resolved
OIL-UC-2217,unsafe conditions,02-06-2026,Digboi Refinery,Benzene Storage Tank Farm,Routine inspection round,"Incompatible materials found stored together near Benzene Storage Tank Farm (oxidizing and flammable classes), separation short of code by roughly 20 cm.",Medium,1,0.33,Process Safety,Chemical/Process,Absent - incompatible-material segregation barrier not maintained,Fire/explosion risk from incompatible material proximity,"Separate materials immediately per storage code, retrain store staff",Incompatible materials found stored together near Benzene St,Open
OIL-UC-2218,unsafe conditions,06-07-2026,Jorhat Operations,Central Workshop,Pre-operation verification,"Wheel-chock use not enforced during a connected transfer operation at Central Workshop, observed on 24 occasions this month.",Medium,1,0.39,Line of Fire,Mechanical Motion,Absent - vehicle-movement control not applied during connected operation,"Vehicle rolls during transfer, hose rupture and product release",Enforce wheel-chock use as a mandatory pre-connection step,Wheel-chock use not enforced during a connected transfer ope,Open
OIL-UC-2219,unsafe conditions,05-03-2025,Moran Oilfield,Well Test Separator,Scheduled maintenance walkdown,"Emergency shutdown pull-station near Well Test Separator found with a damaged cover, response time estimated 15 seconds slower in a test.",Medium,1,0.42,Emergency Response,Process Safety,Degraded - manual emergency stop reliability reduced,Slower manual intervention during an escalating event,"Repair cover, re-test activation time, verify against target response time",Emergency shutdown pull-station near Well Test Separator fou,Open
OIL-UC-2220,unsafe conditions,29-06-2026,Offshore Rig-04,SPM Mooring Buoy Support Vessel,Scheduled maintenance walkdown,"Alarm audibility at SPM Mooring Buoy Support Vessel found reduced, volume measured roughly 19% below the standard threshold against ambient plant noise.",Medium,1,0.3,Process Safety,Chemical/Process,Degraded - alarm audibility reduced in a noisy work environment,Delayed response to a release or upset condition,"Increase alarm volume/add visual beacon, verify audibility",Alarm audibility at SPM Mooring Buoy Support Vessel found re,Resolved
OIL-UC-2221,unsafe conditions,26-11-2025,Guwahati Pipeline Station,SCADA Control Room,Routine inspection round,"Support beam near SCADA Control Room found with visible surface rust at a load-bearing weld, corrosion depth estimated at 17 mm.",Medium,1,0.39,Process Safety,Mechanical/Gravity,Degraded - structural integrity of a load-bearing element unassessed after visible corrosion,Potential localized structural failure over time,"Request structural assessment of the weld, monitor until inspected",Support beam near SCADA Control Room found with visible surf,Open
OIL-UC-2222,unsafe conditions,05-05-2025,Duliajan Oilfield,Central Tank Farm,Routine inspection round,"Nozzle/valve seal at Central Tank Farm found with a slow drip, small stain accumulating over approximately 16 hours.",Medium,1,0.3,Process Safety,Chemical/Process,Degraded - seal barrier leaking,Accumulated product creates slip and minor fire-fuel-source risk,"Replace seal, clean stained area",Nozzle/valve seal at Central Tank Farm found with a slow dri,Open
OIL-UC-2223,unsafe conditions,06-06-2024,Digboi Refinery,Effluent Treatment Plant,Contractor oversight visit,"Low-pressure alarm setpoint at Effluent Treatment Plant found miscalibrated by roughly 8%, triggering well below the level needed for fail-safe response.",Medium,1,0.41,Process Safety,Mechanical/Pressure,Degraded - alarm setpoint error undermines fail-safe design margin,Fail-safe equipment may not activate reliably during a supply loss,"Recalibrate setpoint to design value, verify against fail-safe requirements",Low-pressure alarm setpoint at Effluent Treatment Plant foun,Open
OIL-UC-2224,unsafe conditions,01-10-2025,Jorhat Operations,Training Center,Pre-operation verification,Confined-space warning signage at Training Center found faded and difficult to read from beyond 12 metres.,Medium,1,0.39,Confined Space,Chemical/Process,Degraded - hazard communication barrier weakened,Personnel may enter a hazardous space without adequate warning,"Replace signage immediately, verify entries are additionally covered by permit",Confined-space warning signage at Training Center found fade,Resolved
OIL-UC-2225,unsafe conditions,25-04-2025,Moran Oilfield,Well Test Separator,Emergency-readiness drill prep,"Leak-indication tape near a flange at Well Test Separator found discolored, consistent with a past minor release roughly 14 weeks ago; no work order raised.",Medium,1,0.44,Process Safety,Chemical/Process,Degraded - leak indication observed but not acted upon,Recurrence of a leak near an ignition-prone area,"Raise a work order immediately, inspect flange, monitor with a gas detector",Leak-indication tape near a flange at Well Test Separator fo,Open
OIL-UC-2226,unsafe conditions,09-01-2026,Offshore Rig-04,Moon Pool Area,Emergency-readiness drill prep,SCADA/monitoring software at Moon Pool Area flagged as running an unpatched version for approximately 5 months.,Medium,1,0.3,Process Safety,Chemical/Process,Degraded - software-based detection barrier unmaintained,Delayed or missed detection alerts,Prioritize software update and patch cycle,SCADA/monitoring software at Moon Pool Area flagged as runni,Open
OIL-UC-2227,unsafe conditions,09-07-2024,Guwahati Pipeline Station,SCADA Control Room,Contractor oversight visit,"Standing/unacknowledged alarms accumulated in the control interface for SCADA Control Room, approximately 36 outstanding at time of check.",Medium,1,0.4,Process Safety,Chemical/Process,Degraded - alarm-response barrier weakened by alarm flooding,A critical alarm could be missed among the backlog during an upset,"Clear and triage the standing alarm backlog, review alarm rationalization",Standing/unacknowledged alarms accumulated in the control in,Open
OIL-UC-2228,unsafe conditions,08-07-2024,Duliajan Oilfield,Gas Compressor Station,Emergency-readiness drill prep,"Handrail section near Gas Compressor Station found corroded through in one section, load-bearing capacity untested for 28 months.",Medium,1,0.31,Line of Fire,Gravity,Degraded - fall-protection barrier weakened,Worker could fall from an elevated or edge area,Cordon the area and replace the corroded section,Handrail section near Gas Compressor Station found corroded,Resolved
OIL-UC-2229,unsafe conditions,24-03-2025,Digboi Refinery,Battery Room,Scheduled maintenance walkdown,Vehicle-lift/lifting aid at Battery Room found operating 33 months past its load-test certification date with no re-test scheduled.,Medium,1,0.44,Line of Fire,Gravity,Degraded - lifting equipment certification lapsed,"Equipment failure while a load is raised, causing crush injury",Withdraw from service until re-tested and certified,Vehicle-lift/lifting aid at Battery Room found operating 33,Open
OIL-UC-2230,unsafe conditions,18-09-2024,Jorhat Operations,Central Workshop,Shift changeover check,Cathodic-protection or corrosion-monitoring reading at Central Workshop found reading zero output for over 2 days; no compensating inspection logged.,Medium,1,0.38,Process Safety,Chemical/Process,Absent - corrosion-prevention barrier non-functional with no compensating inspection,Accelerated external corrosion leading to eventual wall loss and leak,"Repair immediately, run an interim manual survey, escalate to integrity team",Cathodic-protection or corrosion-monitoring reading at Centr,Open
OIL-UC-2231,unsafe conditions,09-12-2025,Moran Oilfield,Cementing Unit,Pre-operation verification,"Ventilation fan at Cementing Unit found seized, area temperature elevated by approximately 20 degrees during operation.",Medium,1,0.45,Process Safety,Thermal,Degraded - ventilation control not functioning,Heat stress to personnel and potential vapor accumulation,"Repair fan, implement interim heat-stress monitoring",Ventilation fan at Cementing Unit found seized,Open
OIL-UC-2232,unsafe conditions,23-09-2025,Offshore Rig-04,SPM Mooring Buoy Support Vessel,Scheduled maintenance walkdown,"Journey/route risk advisory for the route past SPM Mooring Buoy Support Vessel found not updated for the current season, last revised 33 months ago.",Medium,1,0.42,Safe Driving,Gravity/Motor Vehicle,Absent - no current route-risk communication control,"Vehicle caught in a seasonal hazard (flooding, landslide, etc.)",Issue an updated seasonal route-risk advisory before further transit,Journey/route risk advisory for the route past SPM Mooring B,Resolved
OIL-UC-2233,unsafe conditions,14-11-2024,Guwahati Pipeline Station,LCNG/LNG Dispensing Station,Emergency-readiness drill prep,"Fire extinguisher near LCNG/LNG Dispensing Station found with an inspection tag 14 months overdue, unit otherwise appearing intact.",Medium,1,0.3,Emergency Response,Thermal,Degraded - fire-response readiness unverified,Extinguisher may not function reliably during an incipient fire,"Inspect and recertify immediately, replace if faulty",Fire extinguisher near LCNG/LNG Dispensing Station found wit,Open
OIL-UC-2234,unsafe conditions,25-06-2026,Duliajan Oilfield,Water Treatment Plant,Contractor oversight visit,"Access-road culvert crossing near Water Treatment Plant found partially washed out after recent rain, heavy vehicles continuing to use the route for 18 days since.",Medium,1,0.31,Safe Driving,Gravity,Absent - safe route control not enforced after a ground-condition change,Vehicle rollover or collapse of crossing under load,"Close route to heavy vehicles until repaired, arrange an alternate route",Access-road culvert crossing near Water Treatment Plant foun,Open
OIL-UC-2235,unsafe conditions,15-12-2024,Digboi Refinery,Boiler House,Audit/compliance walkthrough,"Chemical-injection skid at Boiler House found with a leaking pump seal, product pooling on the skid deck for an estimated 20 hours before being noticed.",Medium,1,0.39,Process Safety,Chemical/Process,Degraded - containment barrier ineffective for leaking equipment,"Chemical exposure to personnel, slip hazard, environmental release","Repair seal, clean spill, verify containment tray drains",Chemical-injection skid at Boiler House found with a leaking,Open
OIL-UC-2236,unsafe conditions,02-05-2025,Jorhat Operations,Fire Station,Emergency-readiness drill prep,"Racking/shelving at Fire Station found with a bent support member on an upper level, load unreduced for 27 days since discovery.",Medium,1,0.35,Line of Fire,Gravity,Degraded - structural storage integrity compromised,Racking collapse drops stored material onto personnel below,"Reduce load on affected bay, schedule structural inspection",Racking/shelving at Fire Station found with a bent support m,Resolved
OIL-UC-2237,unsafe conditions,22-10-2024,Moran Oilfield,Drilling Rig Substructure,Contractor oversight visit,"Incompatible materials found stored together near Drilling Rig Substructure (oxidizing and flammable classes), separation short of code by roughly 27 cm.",Medium,1,0.3,Process Safety,Chemical/Process,Absent - incompatible-material segregation barrier not maintained,Fire/explosion risk from incompatible material proximity,"Separate materials immediately per storage code, retrain store staff",Incompatible materials found stored together near Drilling R,Open
OIL-UC-2238,unsafe conditions,28-06-2025,Offshore Rig-04,Life Boat Station,Scheduled maintenance walkdown,"Wheel-chock use not enforced during a connected transfer operation at Life Boat Station, observed on 22 occasions this month.",Medium,1,0.28,Line of Fire,Mechanical Motion,Absent - vehicle-movement control not applied during connected operation,"Vehicle rolls during transfer, hose rupture and product release",Enforce wheel-chock use as a mandatory pre-connection step,Wheel-chock use not enforced during a connected transfer ope,Open
OIL-UC-2239,unsafe conditions,04-05-2025,Guwahati Pipeline Station,SCADA Control Room,Emergency-readiness drill prep,"Emergency shutdown pull-station near SCADA Control Room found with a damaged cover, response time estimated 30 seconds slower in a test.",Medium,1,0.33,Emergency Response,Process Safety,Degraded - manual emergency stop reliability reduced,Slower manual intervention during an escalating event,"Repair cover, re-test activation time, verify against target response time",Emergency shutdown pull-station near SCADA Control Room foun,Open
OIL-UC-2240,unsafe conditions,23-02-2025,Duliajan Oilfield,Flowline ROW Section 4,Contractor oversight visit,"Alarm audibility at Flowline ROW Section 4 found reduced, volume measured roughly 39% below the standard threshold against ambient plant noise.",Medium,1,0.38,Process Safety,Chemical/Process,Degraded - alarm audibility reduced in a noisy work environment,Delayed response to a release or upset condition,"Increase alarm volume/add visual beacon, verify audibility",Alarm audibility at Flowline ROW Section 4 found reduced,Resolved
OIL-UC-2241,unsafe conditions,20-09-2025,Digboi Refinery,Boiler House,Routine inspection round,"Support beam near Boiler House found with visible surface rust at a load-bearing weld, corrosion depth estimated at 17 mm.",Medium,1,0.39,Process Safety,Mechanical/Gravity,Degraded - structural integrity of a load-bearing element unassessed after visible corrosion,Potential localized structural failure over time,"Request structural assessment of the weld, monitor until inspected",Support beam near Boiler House found with visible surface ru,Open
OIL-UC-2242,unsafe conditions,22-05-2026,Jorhat Operations,Warehouse,Pre-operation verification,"Nozzle/valve seal at Warehouse found with a slow drip, small stain accumulating over approximately 12 hours.",Medium,1,0.4,Process Safety,Chemical/Process,Degraded - seal barrier leaking,Accumulated product creates slip and minor fire-fuel-source risk,"Replace seal, clean stained area",Nozzle/valve seal at Warehouse found with a slow drip,Open
OIL-UC-2243,unsafe conditions,30-03-2025,Moran Oilfield,Rig Floor Catwalk / V-Door,Contractor oversight visit,"Low-pressure alarm setpoint at Rig Floor Catwalk / V-Door found miscalibrated by roughly 21%, triggering well below the level needed for fail-safe response.",Medium,1,0.3,Process Safety,Mechanical/Pressure,Degraded - alarm setpoint error undermines fail-safe design margin,Fail-safe equipment may not activate reliably during a supply loss,"Recalibrate setpoint to design value, verify against fail-safe requirements",Low-pressure alarm setpoint at Rig Floor Catwalk / V-Door fo,Open
OIL-UC-2244,unsafe conditions,03-10-2025,Offshore Rig-04,Mud Pump Room,Scheduled maintenance walkdown,Confined-space warning signage at Mud Pump Room found faded and difficult to read from beyond 16 metres.,Medium,1,0.44,Confined Space,Chemical/Process,Degraded - hazard communication barrier weakened,Personnel may enter a hazardous space without adequate warning,"Replace signage immediately, verify entries are additionally covered by permit",Confined-space warning signage at Mud Pump Room found faded,Resolved
OIL-UC-2245,unsafe conditions,18-06-2025,Guwahati Pipeline Station,Metering Skid,Contractor oversight visit,"Leak-indication tape near a flange at Metering Skid found discolored, consistent with a past minor release roughly 31 weeks ago; no work order raised.",Medium,1,0.45,Process Safety,Chemical/Process,Degraded - leak indication observed but not acted upon,Recurrence of a leak near an ignition-prone area,"Raise a work order immediately, inspect flange, monitor with a gas detector",Leak-indication tape near a flange at Metering Skid found di,Open
OIL-UC-2246,unsafe conditions,31-08-2026,Duliajan Oilfield,Perforating Gun Store,Pre-operation verification,SCADA/monitoring software at Perforating Gun Store flagged as running an unpatched version for approximately 37 months.,Medium,1,0.41,Process Safety,Chemical/Process,Degraded - software-based detection barrier unmaintained,Delayed or missed detection alerts,Prioritize software update and patch cycle,SCADA/monitoring software at Perforating Gun Store flagged a,Open
OIL-UC-2247,unsafe conditions,16-08-2026,Digboi Refinery,Ethanol Storage Tanks,Contractor oversight visit,"Standing/unacknowledged alarms accumulated in the control interface for Ethanol Storage Tanks, approximately 17 outstanding at time of check.",Medium,1,0.41,Process Safety,Chemical/Process,Degraded - alarm-response barrier weakened by alarm flooding,A critical alarm could be missed among the backlog during an upset,"Clear and triage the standing alarm backlog, review alarm rationalization",Standing/unacknowledged alarms accumulated in the control in,Open
OIL-UC-2248,unsafe conditions,06-06-2025,Jorhat Operations,Central Workshop,Pre-operation verification,"Handrail section near Central Workshop found corroded through in one section, load-bearing capacity untested for 35 months.",Medium,1,0.37,Line of Fire,Gravity,Degraded - fall-protection barrier weakened,Worker could fall from an elevated or edge area,Cordon the area and replace the corroded section,Handrail section near Central Workshop found corroded throug,Resolved
OIL-UC-2249,unsafe conditions,13-12-2025,Moran Oilfield,Drilling Rig Substructure,Routine inspection round,Vehicle-lift/lifting aid at Drilling Rig Substructure found operating 38 months past its load-test certification date with no re-test scheduled.,Medium,1,0.29,Line of Fire,Gravity,Degraded - lifting equipment certification lapsed,"Equipment failure while a load is raised, causing crush injury",Withdraw from service until re-tested and certified,Vehicle-lift/lifting aid at Drilling Rig Substructure found,Open
OIL-UC-3000,unsafe conditions,01-11-2024,Moran Oilfield,Telescopic Mast Assembly,Scheduled maintenance walkdown,"Telescopic mast assembly at Telescopic Mast Assembly found with 131 structural pins showing visible wear beyond tolerance during a pre-raise inspection, raise sequence not yet halted.",Critical,1,0.71,Line of Fire; Lifting Operations,Mechanical/Gravity,Absent - mast structural integrity compromised before a raise operation,"Mast collapse during raising or drilling operations, potential multiple fatalities","Halt mast operations immediately, replace/inspect pins before any further raise",Telescopic mast assembly at Telescopic Mast Assembly found with 131 st,Open
OIL-UC-3001,unsafe conditions,27-08-2025,Offshore Rig-04,Catwalk / V-Door,Shift changeover check,"Catwalk / V-door mechanism at Catwalk / V-Door found with the pipe-handling interlock bypassed to work around a fault, drill pipe transfer continuing for 44 shifts since. (flagged during the night-shift audit)",Critical,1,0.77,Line of Fire,Mechanical/Gravity,Absent - pipe-handling safety interlock bypassed and left in place,"Uncontrolled pipe movement through the V-door strikes a floor hand, potential fatality","Stop catwalk operations, restore interlock, do not resume until function-tested",Catwalk / V-door mechanism at Catwalk / V-Door found with the pipe-han,Open
OIL-UC-3002,unsafe conditions,19-01-2026,Digboi Refinery,Reboiler Furnace Bay,Contractor oversight visit,"Reboiler furnace burner management system at Reboiler Furnace Bay found with the flame-failure trip disabled after a nuisance-trip incident 31 days ago, not yet re-enabled. (flagged during the day-shift handover)",Critical,1,0.63,Process Safety,Thermal/Chemical,Absent - flame-failure safety barrier disabled and left off,Undetected flame-out allows unburned hydrocarbon vapor release and re-ignition explosion,"Re-enable flame-failure trip immediately, investigate nuisance-trip cause separately",Reboiler furnace burner management system at Reboiler Furnace Bay foun,Resolved
OIL-UC-3003,unsafe conditions,31-08-2025,Digboi Refinery,Ethanol Storage Tanks,Routine inspection round,"Ethanol Storage Tanks found with its overfill high-high level switch untested for 127 months, tank continuing to receive scheduled fills. (identified by a contractor supervisor's walkdown)",Critical,1,0.78,Process Safety,Chemical/Process,Absent - independent overfill barrier unverified during continued filling operations,"Tank overfill releases flammable vapor cloud, explosion and fire risk","Suspend further fills until switch is tested, prioritize immediate verification",Ethanol Storage Tanks found with its overfill high-high level switch u,Open
OIL-UC-3004,unsafe conditions,31-07-2025,Digboi Refinery,LPG Bottling Plant,Pre-operation verification,"Chain conveyor soap-tray station at LPG Bottling Plant found with the guard interlock defeated to allow soap-solution top-up during operation, observed on 16 occasions. (raised during a joint HSE-operations inspection)",Critical,1,0.61,Line of Fire,Mechanical,Absent - moving-machinery guard interlock defeated during live operation,Entanglement injury to the person topping up the soap tray while conveyor is running,"Stop the practice immediately, restore interlock, provide a safe top-up procedure",Chain conveyor soap-tray station at LPG Bottling Plant found with the,Open
OIL-UC-3005,unsafe conditions,17-09-2025,Digboi Refinery,Battery Room,Audit/compliance walkthrough,"Ventilation at Battery Room found non-functional for 118 hours, hydrogen off-gas levels not independently verified during that period. (noted by the on-duty area in-charge)",Critical,1,0.59,Process Safety,Chemical/Process (hydrogen off-gas),Absent - ventilation barrier down in a hydrogen-generating enclosed space,"Hydrogen accumulation reaches explosive concentration, ignition from a stray spark","Evacuate and ventilate immediately, do not re-energize charging until airflow confirmed",Ventilation at Battery Room found non-functional for 118 hours,Open
OIL-UC-3006,unsafe conditions,23-06-2024,Duliajan Oilfield,Wellhead Cluster 3,Emergency-readiness drill prep,Work-platform edge protection at Wellhead Cluster 3 found removed for a maintenance activity 174 days ago and not yet reinstated.,Critical,1,0.65,Line of Fire,Gravity,Absent - fall-prevention barrier removed and not reinstated after work completed,"Fall from height at an active wellsite, potential fatality",Reinstate edge protection immediately or restrict access until it is,Work-platform edge protection at Wellhead Cluster 3 found removed for,Resolved
OIL-UC-3007,unsafe conditions,04-07-2026,Guwahati Pipeline Station,Pipeline ROW River Crossing,Shift changeover check,"Pipeline right-of-way at Pipeline ROW River Crossing found with third-party excavation proceeding within 103 metres of the live line, no OIL representative present to verify line-locate markings. (flagged during the night-shift audit)",Critical,1,0.76,Process Safety,Mechanical/Gravity,Absent - third-party encroachment control not enforced near a live pipeline,"Excavation strikes the pipeline causing rupture, fire, or toxic release","Stop excavation immediately, verify line-locate markings, enforce ROW monitoring",Pipeline right-of-way at Pipeline ROW River Crossing found with third-,Open
OIL-UC-3008,unsafe conditions,08-08-2025,Digboi Refinery,Effluent Treatment Plant,Audit/compliance walkthrough,"Slop-oil pump house near Effluent Treatment Plant found with its fixed fire-suppression system isolated for 57 days for unrelated maintenance, pumps remaining in active service. (flagged during the day-shift handover)",Critical,1,0.6,Emergency Response,Thermal,Absent - fire suppression barrier disabled while the hazard source remains live,Uncontrolled fire in the pump house given wet slop-oil vapor accumulation,Restore suppression system or take pumps out of service until it is back online,Slop-oil pump house near Effluent Treatment Plant found with its fixed,Open
OIL-UC-3009,unsafe conditions,01-08-2024,Jorhat Operations,Fire Station,Contractor oversight visit,"Fire tender at Fire Station found with its reverse-alarm and rear camera both non-functional for 90 days, vehicle still used for yard repositioning. (identified by a contractor supervisor's walkdown)",Critical,1,0.59,Line of Fire; Safe Driving,Mechanical Motion,Absent - reversing-hazard controls non-functional on an emergency-response vehicle,"Ground personnel struck during a reversing manoeuvre, potential fatality","Repair reverse-alarm and camera before further use, assign a spotter until fixed",Fire tender at Fire Station found with its reverse-alarm and rear came,Open
OIL-UC-3010,unsafe conditions,24-07-2025,Guwahati Pipeline Station,LCNG/LNG Dispensing Station,Pre-operation verification,"LCNG/LNG Dispensing Station found with a cryogenic leak-detection sensor reading a persistent fault code for 19 hours, dispensing continuing on manual override. (raised during a joint HSE-operations inspection)",Critical,1,0.59,Process Safety,Chemical/Process,Absent - leak-detection barrier down during continued dispensing operations,Undetected LNG/LCNG leak causes a vapor cloud fire or cold-burn exposure,"Suspend dispensing until sensor is repaired, do not rely on manual override",LCNG/LNG Dispensing Station found with a cryogenic leak-detection sens,Resolved
OIL-UC-3011,unsafe conditions,19-03-2026,Guwahati Pipeline Station,220kV Cable Trench (RCC),Emergency-readiness drill prep,220kV Cable Trench (RCC) found with fire-stop sealing missing at a joint bay for an estimated 48 metres of run. (noted by the on-duty area in-charge),Critical,1,0.61,Energy Isolation,Electrical,Absent - fire-barrier segmentation missing along a high-voltage cable route,"Cable fire propagates unimpeded along the trench, extended power loss and fire escalation",Install fire-stop sealing at the joint bay before the trench is closed up,220kV Cable Trench (RCC) found with fire-stop sealing missing at a joi,Open
OIL-UC-3012,unsafe conditions,27-06-2025,Guwahati Pipeline Station,Pipeline ROW River Crossing,Pre-operation verification,"Cable-repair excavation along Pipeline ROW River Crossing found proceeding without a confirmed permit-to-work for 167 hours, crew working directly above the buried cable route.",Critical,1,0.66,Work Authorisation; Process Safety,Mechanical/Electrical,Absent - work-authorization barrier bypassed for excavation near live infrastructure,"Excavation strikes the buried cable or adjacent pipeline, electrocution or rupture risk","Halt excavation immediately, issue a verified permit before work resumes",Cable-repair excavation along Pipeline ROW River Crossing found procee,Open
OIL-UC-3013,unsafe conditions,22-06-2025,Guwahati Pipeline Station,Metering Skid,Emergency-readiness drill prep,"Hydrostatic test rig connected at Metering Skid found with its pressure-relief device rated below the intended test pressure by roughly 116%, test proceeding as scheduled. (flagged during the night-shift audit)",Critical,1,0.78,Process Safety,Mechanical/Pressure,Absent - overpressure protection mismatched to the planned test pressure,Uncontrolled overpressure during hydrostatic testing causes equipment rupture and projectile risk,"Stop the test immediately, verify relief-device rating before resuming",Hydrostatic test rig connected at Metering Skid found with its pressur,Open
OIL-UC-3014,unsafe conditions,09-04-2026,Digboi Refinery,Boiler House,Routine inspection round,"SRV (safety relief valve) calibration bench near Boiler House found with the isolation procedure incomplete, valve under test connected to a live line for 98 minutes before being noticed. (flagged during the day-shift handover)",Critical,1,0.73,Energy Isolation,Mechanical/Pressure,Absent - isolation barrier incomplete during safety-critical calibration work,"Uncontrolled release or valve ejection during calibration, technician injury","Stop calibration immediately, complete isolation verification before resuming",SRV (safety relief valve) calibration bench near Boiler House found wi,Resolved
OIL-UC-3015,unsafe conditions,23-05-2025,Offshore Rig-04,Main Deck Crane,Scheduled maintenance walkdown,"Hook-loaded crane at Main Deck Crane found operating with its load-moment indicator giving inconsistent readings, lift proceeding without a re-calibration check for 140 lifts. (identified by a contractor supervisor's walkdown)",Critical,1,0.72,Line of Fire; Lifting Operations,Mechanical (suspended load),Degraded - overload-protection barrier unreliable during active lifting,"Crane overload and structural failure or load drop onto personnel, potential fatality","Suspend lifting immediately, recalibrate load-moment indicator before further use",Hook-loaded crane at Main Deck Crane found operating with its load-mom,Open
OIL-UC-3016,unsafe conditions,08-07-2025,Offshore Rig-04,Drill Floor,Scheduled maintenance walkdown,"Roustabout hatch/cover at Drill Floor found with a damaged locking mechanism, hatch left in a partially secured state for 32 hours during active deck operations. (raised during a joint HSE-operations inspection)",Critical,1,0.8,Line of Fire,Gravity,Absent - hatch retention barrier compromised during active operations,Hatch falls or dislodges onto personnel working below or nearby,"Secure or barricade the hatch immediately, repair locking mechanism before further use",Roustabout hatch/cover at Drill Floor found with a damaged locking mec,Open
OIL-UC-3017,unsafe conditions,15-01-2025,Offshore Rig-04,SPM Mooring Buoy Support Vessel,Scheduled maintenance walkdown,"SPM Mooring Buoy Support Vessel found with its fixed fire-detection system in fault mode for 137 hours, maintenance work continuing aboard. (noted by the on-duty area in-charge)",Critical,1,0.74,Emergency Response,Thermal,Absent - fire-detection barrier non-functional aboard a vessel with active maintenance work,"Undetected fire aboard the vessel during maintenance, crew escape delayed",Repair detection system immediately or suspend maintenance until restored,SPM Mooring Buoy Support Vessel found with its fixed fire-detection sy,Open
OIL-UC-3018,unsafe conditions,02-04-2025,Guwahati Pipeline Station,TTPA (Tank Truck Parking Area),Emergency-readiness drill prep,"TTPA (Tank Truck Parking Area) found without a designated pedestrian walkway, drivers and ground staff crossing active vehicle movement lanes an estimated 2 times per shift.",Critical,1,0.59,Line of Fire; Safe Driving,Mechanical Motion,Absent - pedestrian/vehicle segregation barrier not provided in a high-traffic yard,"Ground personnel struck by a moving tank truck during yard manoeuvring, potential fatality",Mark and enforce a segregated pedestrian walkway before further movements,TTPA (Tank Truck Parking Area) found without a designated pedestrian w,Resolved
OIL-UC-3019,unsafe conditions,09-08-2025,Guwahati Pipeline Station,Pipeline ROW River Crossing,Contractor oversight visit,"LPG pipeline route at Pipeline ROW River Crossing found being crossed by an unrelated soil-investigation drilling crew without a verified line-locate confirmation, drilling within an estimated 120 metres of the line. (flagged during the night-shift audit)",Critical,1,0.74,Process Safety; Work Authorisation,Chemical/Process,Absent - line-locate verification barrier not enforced ahead of third-party drilling,Drilling pierces the LPG pipeline causing a pressurized release and fire/explosion risk,"Stop drilling immediately, verify line-locate markings, do not resume without a confirmed permit",LPG pipeline route at Pipeline ROW River Crossing found being crossed,Open
OIL-UC-3020,unsafe conditions,09-02-2025,Moran Oilfield,Telescopic Mast Assembly,Pre-operation verification,"Telescopic mast assembly at Telescopic Mast Assembly found with 138 structural pins showing visible wear beyond tolerance during a pre-raise inspection, raise sequence not yet halted. (flagged during the day-shift handover)",Critical,1,0.76,Line of Fire; Lifting Operations,Mechanical/Gravity,Absent - mast structural integrity compromised before a raise operation,"Mast collapse during raising or drilling operations, potential multiple fatalities","Halt mast operations immediately, replace/inspect pins before any further raise",Telescopic mast assembly at Telescopic Mast Assembly found with 138 st,Open
OIL-UC-3021,unsafe conditions,11-12-2024,Offshore Rig-04,Catwalk / V-Door,Shift changeover check,"Catwalk / V-door mechanism at Catwalk / V-Door found with the pipe-handling interlock bypassed to work around a fault, drill pipe transfer continuing for 119 shifts since. (identified by a contractor supervisor's walkdown)",Critical,1,0.61,Line of Fire,Mechanical/Gravity,Absent - pipe-handling safety interlock bypassed and left in place,"Uncontrolled pipe movement through the V-door strikes a floor hand, potential fatality","Stop catwalk operations, restore interlock, do not resume until function-tested",Catwalk / V-door mechanism at Catwalk / V-Door found with the pipe-han,Open
OIL-UC-3022,unsafe conditions,04-08-2025,Digboi Refinery,Reboiler Furnace Bay,Routine inspection round,"Reboiler furnace burner management system at Reboiler Furnace Bay found with the flame-failure trip disabled after a nuisance-trip incident 30 days ago, not yet re-enabled. (raised during a joint HSE-operations inspection)",Critical,1,0.76,Process Safety,Thermal/Chemical,Absent - flame-failure safety barrier disabled and left off,Undetected flame-out allows unburned hydrocarbon vapor release and re-ignition explosion,"Re-enable flame-failure trip immediately, investigate nuisance-trip cause separately",Reboiler furnace burner management system at Reboiler Furnace Bay foun,Resolved
OIL-UC-3023,unsafe conditions,17-06-2024,Digboi Refinery,Ethanol Storage Tanks,Emergency-readiness drill prep,"Ethanol Storage Tanks found with its overfill high-high level switch untested for 159 months, tank continuing to receive scheduled fills. (noted by the on-duty area in-charge)",Critical,1,0.79,Process Safety,Chemical/Process,Absent - independent overfill barrier unverified during continued filling operations,"Tank overfill releases flammable vapor cloud, explosion and fire risk","Suspend further fills until switch is tested, prioritize immediate verification",Ethanol Storage Tanks found with its overfill high-high level switch u,Open
OIL-UC-3024,unsafe conditions,30-01-2026,Digboi Refinery,LPG Bottling Plant,Scheduled maintenance walkdown,"Chain conveyor soap-tray station at LPG Bottling Plant found with the guard interlock defeated to allow soap-solution top-up during operation, observed on 63 occasions.",Critical,1,0.59,Line of Fire,Mechanical,Absent - moving-machinery guard interlock defeated during live operation,Entanglement injury to the person topping up the soap tray while conveyor is running,"Stop the practice immediately, restore interlock, provide a safe top-up procedure",Chain conveyor soap-tray station at LPG Bottling Plant found with the,Open
OIL-UC-3025,unsafe conditions,22-05-2026,Digboi Refinery,Battery Room,Pre-operation verification,"Ventilation at Battery Room found non-functional for 10 hours, hydrogen off-gas levels not independently verified during that period. (flagged during the night-shift audit)",Critical,1,0.71,Process Safety,Chemical/Process (hydrogen off-gas),Absent - ventilation barrier down in a hydrogen-generating enclosed space,"Hydrogen accumulation reaches explosive concentration, ignition from a stray spark","Evacuate and ventilate immediately, do not re-energize charging until airflow confirmed",Ventilation at Battery Room found non-functional for 10 hours,Open
OIL-UC-3026,unsafe conditions,17-07-2025,Duliajan Oilfield,Wellhead Cluster 3,Scheduled maintenance walkdown,Work-platform edge protection at Wellhead Cluster 3 found removed for a maintenance activity 14 days ago and not yet reinstated. (flagged during the day-shift handover),Critical,1,0.74,Line of Fire,Gravity,Absent - fall-prevention barrier removed and not reinstated after work completed,"Fall from height at an active wellsite, potential fatality",Reinstate edge protection immediately or restrict access until it is,Work-platform edge protection at Wellhead Cluster 3 found removed for,Resolved
OIL-UC-3027,unsafe conditions,13-07-2026,Guwahati Pipeline Station,Pipeline ROW River Crossing,Scheduled maintenance walkdown,"Pipeline right-of-way at Pipeline ROW River Crossing found with third-party excavation proceeding within 114 metres of the live line, no OIL representative present to verify line-locate markings. (identified by a contractor supervisor's walkdown)",Critical,1,0.7,Process Safety,Mechanical/Gravity,Absent - third-party encroachment control not enforced near a live pipeline,"Excavation strikes the pipeline causing rupture, fire, or toxic release","Stop excavation immediately, verify line-locate markings, enforce ROW monitoring",Pipeline right-of-way at Pipeline ROW River Crossing found with third-,Open
OIL-UC-3028,unsafe conditions,24-03-2025,Digboi Refinery,Effluent Treatment Plant,Scheduled maintenance walkdown,"Slop-oil pump house near Effluent Treatment Plant found with its fixed fire-suppression system isolated for 16 days for unrelated maintenance, pumps remaining in active service. (raised during a joint HSE-operations inspection)",Critical,1,0.69,Emergency Response,Thermal,Absent - fire suppression barrier disabled while the hazard source remains live,Uncontrolled fire in the pump house given wet slop-oil vapor accumulation,Restore suppression system or take pumps out of service until it is back online,Slop-oil pump house near Effluent Treatment Plant found with its fixed,Open
OIL-UC-3029,unsafe conditions,11-01-2026,Jorhat Operations,Fire Station,Emergency-readiness drill prep,"Fire tender at Fire Station found with its reverse-alarm and rear camera both non-functional for 61 days, vehicle still used for yard repositioning. (noted by the on-duty area in-charge)",Critical,1,0.78,Line of Fire; Safe Driving,Mechanical Motion,Absent - reversing-hazard controls non-functional on an emergency-response vehicle,"Ground personnel struck during a reversing manoeuvre, potential fatality","Repair reverse-alarm and camera before further use, assign a spotter until fixed",Fire tender at Fire Station found with its reverse-alarm and rear came,Open
OIL-UC-3030,unsafe conditions,20-04-2026,Guwahati Pipeline Station,LCNG/LNG Dispensing Station,Audit/compliance walkthrough,"LCNG/LNG Dispensing Station found with a cryogenic leak-detection sensor reading a persistent fault code for 83 hours, dispensing continuing on manual override.",Critical,1,0.71,Process Safety,Chemical/Process,Absent - leak-detection barrier down during continued dispensing operations,Undetected LNG/LCNG leak causes a vapor cloud fire or cold-burn exposure,"Suspend dispensing until sensor is repaired, do not rely on manual override",LCNG/LNG Dispensing Station found with a cryogenic leak-detection sens,Resolved
OIL-UC-3031,unsafe conditions,25-10-2024,Guwahati Pipeline Station,220kV Cable Trench (RCC),Scheduled maintenance walkdown,220kV Cable Trench (RCC) found with fire-stop sealing missing at a joint bay for an estimated 84 metres of run. (flagged during the night-shift audit),Critical,1,0.65,Energy Isolation,Electrical,Absent - fire-barrier segmentation missing along a high-voltage cable route,"Cable fire propagates unimpeded along the trench, extended power loss and fire escalation",Install fire-stop sealing at the joint bay before the trench is closed up,220kV Cable Trench (RCC) found with fire-stop sealing missing at a joi,Open
OIL-UC-3032,unsafe conditions,04-04-2025,Guwahati Pipeline Station,Pipeline ROW River Crossing,Audit/compliance walkthrough,"Cable-repair excavation along Pipeline ROW River Crossing found proceeding without a confirmed permit-to-work for 171 hours, crew working directly above the buried cable route. (flagged during the day-shift handover)",Critical,1,0.63,Work Authorisation; Process Safety,Mechanical/Electrical,Absent - work-authorization barrier bypassed for excavation near live infrastructure,"Excavation strikes the buried cable or adjacent pipeline, electrocution or rupture risk","Halt excavation immediately, issue a verified permit before work resumes",Cable-repair excavation along Pipeline ROW River Crossing found procee,Open
OIL-UC-3033,unsafe conditions,27-01-2026,Guwahati Pipeline Station,Metering Skid,Routine inspection round,"Hydrostatic test rig connected at Metering Skid found with its pressure-relief device rated below the intended test pressure by roughly 72%, test proceeding as scheduled. (identified by a contractor supervisor's walkdown)",Critical,1,0.7,Process Safety,Mechanical/Pressure,Absent - overpressure protection mismatched to the planned test pressure,Uncontrolled overpressure during hydrostatic testing causes equipment rupture and projectile risk,"Stop the test immediately, verify relief-device rating before resuming",Hydrostatic test rig connected at Metering Skid found with its pressur,Open
OIL-UC-3034,unsafe conditions,22-12-2025,Digboi Refinery,Boiler House,Contractor oversight visit,"SRV (safety relief valve) calibration bench near Boiler House found with the isolation procedure incomplete, valve under test connected to a live line for 46 minutes before being noticed. (raised during a joint HSE-operations inspection)",Critical,1,0.73,Energy Isolation,Mechanical/Pressure,Absent - isolation barrier incomplete during safety-critical calibration work,"Uncontrolled release or valve ejection during calibration, technician injury","Stop calibration immediately, complete isolation verification before resuming",SRV (safety relief valve) calibration bench near Boiler House found wi,Resolved
OIL-UC-3035,unsafe conditions,21-03-2026,Offshore Rig-04,Main Deck Crane,Routine inspection round,"Hook-loaded crane at Main Deck Crane found operating with its load-moment indicator giving inconsistent readings, lift proceeding without a re-calibration check for 128 lifts. (noted by the on-duty area in-charge)",Critical,1,0.79,Line of Fire; Lifting Operations,Mechanical (suspended load),Degraded - overload-protection barrier unreliable during active lifting,"Crane overload and structural failure or load drop onto personnel, potential fatality","Suspend lifting immediately, recalibrate load-moment indicator before further use",Hook-loaded crane at Main Deck Crane found operating with its load-mom,Open
OIL-UC-3036,unsafe conditions,23-04-2025,Offshore Rig-04,Drill Floor,Pre-operation verification,"Roustabout hatch/cover at Drill Floor found with a damaged locking mechanism, hatch left in a partially secured state for 173 hours during active deck operations.",Critical,1,0.75,Line of Fire,Gravity,Absent - hatch retention barrier compromised during active operations,Hatch falls or dislodges onto personnel working below or nearby,"Secure or barricade the hatch immediately, repair locking mechanism before further use",Roustabout hatch/cover at Drill Floor found with a damaged locking mec,Open
OIL-UC-3037,unsafe conditions,04-04-2025,Offshore Rig-04,SPM Mooring Buoy Support Vessel,Pre-operation verification,"SPM Mooring Buoy Support Vessel found with its fixed fire-detection system in fault mode for 180 hours, maintenance work continuing aboard. (flagged during the night-shift audit)",Critical,1,0.67,Emergency Response,Thermal,Absent - fire-detection barrier non-functional aboard a vessel with active maintenance work,"Undetected fire aboard the vessel during maintenance, crew escape delayed",Repair detection system immediately or suspend maintenance until restored,SPM Mooring Buoy Support Vessel found with its fixed fire-detection sy,Open
OIL-UC-3038,unsafe conditions,28-09-2025,Guwahati Pipeline Station,TTPA (Tank Truck Parking Area),Scheduled maintenance walkdown,"TTPA (Tank Truck Parking Area) found without a designated pedestrian walkway, drivers and ground staff crossing active vehicle movement lanes an estimated 98 times per shift. (flagged during the day-shift handover)",Critical,1,0.75,Line of Fire; Safe Driving,Mechanical Motion,Absent - pedestrian/vehicle segregation barrier not provided in a high-traffic yard,"Ground personnel struck by a moving tank truck during yard manoeuvring, potential fatality",Mark and enforce a segregated pedestrian walkway before further movements,TTPA (Tank Truck Parking Area) found without a designated pedestrian w,Resolved
OIL-UC-3039,unsafe conditions,26-05-2026,Guwahati Pipeline Station,Pipeline ROW River Crossing,Emergency-readiness drill prep,"LPG pipeline route at Pipeline ROW River Crossing found being crossed by an unrelated soil-investigation drilling crew without a verified line-locate confirmation, drilling within an estimated 63 metres of the line. (identified by a contractor supervisor's walkdown)",Critical,1,0.63,Process Safety; Work Authorisation,Chemical/Process,Absent - line-locate verification barrier not enforced ahead of third-party drilling,Drilling pierces the LPG pipeline causing a pressurized release and fire/explosion risk,"Stop drilling immediately, verify line-locate markings, do not resume without a confirmed permit",LPG pipeline route at Pipeline ROW River Crossing found being crossed,Open
OIL-UC-3040,unsafe conditions,30-07-2024,Moran Oilfield,Telescopic Mast Assembly,Emergency-readiness drill prep,"Telescopic mast assembly at Telescopic Mast Assembly found with 38 structural pins showing visible wear beyond tolerance during a pre-raise inspection, raise sequence not yet halted. (raised during a joint HSE-operations inspection)",Critical,1,0.68,Line of Fire; Lifting Operations,Mechanical/Gravity,Absent - mast structural integrity compromised before a raise operation,"Mast collapse during raising or drilling operations, potential multiple fatalities","Halt mast operations immediately, replace/inspect pins before any further raise",Telescopic mast assembly at Telescopic Mast Assembly found with 38 str,Open
OIL-UC-3041,unsafe conditions,23-12-2025,Offshore Rig-04,Catwalk / V-Door,Pre-operation verification,"Catwalk / V-door mechanism at Catwalk / V-Door found with the pipe-handling interlock bypassed to work around a fault, drill pipe transfer continuing for 145 shifts since. (noted by the on-duty area in-charge)",Critical,1,0.79,Line of Fire,Mechanical/Gravity,Absent - pipe-handling safety interlock bypassed and left in place,"Uncontrolled pipe movement through the V-door strikes a floor hand, potential fatality","Stop catwalk operations, restore interlock, do not resume until function-tested",Catwalk / V-door mechanism at Catwalk / V-Door found with the pipe-han,Open
OIL-UC-3042,unsafe conditions,17-02-2025,Digboi Refinery,Reboiler Furnace Bay,Scheduled maintenance walkdown,"Reboiler furnace burner management system at Reboiler Furnace Bay found with the flame-failure trip disabled after a nuisance-trip incident 137 days ago, not yet re-enabled.",Critical,1,0.67,Process Safety,Thermal/Chemical,Absent - flame-failure safety barrier disabled and left off,Undetected flame-out allows unburned hydrocarbon vapor release and re-ignition explosion,"Re-enable flame-failure trip immediately, investigate nuisance-trip cause separately",Reboiler furnace burner management system at Reboiler Furnace Bay foun,Resolved
OIL-UC-3043,unsafe conditions,04-09-2025,Digboi Refinery,Ethanol Storage Tanks,Shift changeover check,"Ethanol Storage Tanks found with its overfill high-high level switch untested for 54 months, tank continuing to receive scheduled fills. (flagged during the night-shift audit)",Critical,1,0.72,Process Safety,Chemical/Process,Absent - independent overfill barrier unverified during continued filling operations,"Tank overfill releases flammable vapor cloud, explosion and fire risk","Suspend further fills until switch is tested, prioritize immediate verification",Ethanol Storage Tanks found with its overfill high-high level switch u,Open
OIL-UC-3044,unsafe conditions,13-12-2024,Digboi Refinery,LPG Bottling Plant,Routine inspection round,"Chain conveyor soap-tray station at LPG Bottling Plant found with the guard interlock defeated to allow soap-solution top-up during operation, observed on 96 occasions. (flagged during the day-shift handover)",Critical,1,0.7,Line of Fire,Mechanical,Absent - moving-machinery guard interlock defeated during live operation,Entanglement injury to the person topping up the soap tray while conveyor is running,"Stop the practice immediately, restore interlock, provide a safe top-up procedure",Chain conveyor soap-tray station at LPG Bottling Plant found with the,Open
OIL-UC-3045,unsafe conditions,10-02-2026,Digboi Refinery,Battery Room,Shift changeover check,"Ventilation at Battery Room found non-functional for 15 hours, hydrogen off-gas levels not independently verified during that period. (identified by a contractor supervisor's walkdown)",Critical,1,0.66,Process Safety,Chemical/Process (hydrogen off-gas),Absent - ventilation barrier down in a hydrogen-generating enclosed space,"Hydrogen accumulation reaches explosive concentration, ignition from a stray spark","Evacuate and ventilate immediately, do not re-energize charging until airflow confirmed",Ventilation at Battery Room found non-functional for 15 hours,Open
OIL-UC-3046,unsafe conditions,10-12-2024,Duliajan Oilfield,Wellhead Cluster 3,Routine inspection round,Work-platform edge protection at Wellhead Cluster 3 found removed for a maintenance activity 156 days ago and not yet reinstated. (raised during a joint HSE-operations inspection),Critical,1,0.77,Line of Fire,Gravity,Absent - fall-prevention barrier removed and not reinstated after work completed,"Fall from height at an active wellsite, potential fatality",Reinstate edge protection immediately or restrict access until it is,Work-platform edge protection at Wellhead Cluster 3 found removed for,Resolved
OIL-UC-3047,unsafe conditions,09-01-2025,Guwahati Pipeline Station,Pipeline ROW River Crossing,Contractor oversight visit,"Pipeline right-of-way at Pipeline ROW River Crossing found with third-party excavation proceeding within 152 metres of the live line, no OIL representative present to verify line-locate markings. (noted by the on-duty area in-charge)",Critical,1,0.73,Process Safety,Mechanical/Gravity,Absent - third-party encroachment control not enforced near a live pipeline,"Excavation strikes the pipeline causing rupture, fire, or toxic release","Stop excavation immediately, verify line-locate markings, enforce ROW monitoring",Pipeline right-of-way at Pipeline ROW River Crossing found with third-,Open
OIL-UC-3048,unsafe conditions,07-05-2025,Digboi Refinery,Effluent Treatment Plant,Scheduled maintenance walkdown,"Slop-oil pump house near Effluent Treatment Plant found with its fixed fire-suppression system isolated for 124 days for unrelated maintenance, pumps remaining in active service.",Critical,1,0.77,Emergency Response,Thermal,Absent - fire suppression barrier disabled while the hazard source remains live,Uncontrolled fire in the pump house given wet slop-oil vapor accumulation,Restore suppression system or take pumps out of service until it is back online,Slop-oil pump house near Effluent Treatment Plant found with its fixed,Open
OIL-UC-3049,unsafe conditions,12-12-2024,Jorhat Operations,Fire Station,Routine inspection round,"Fire tender at Fire Station found with its reverse-alarm and rear camera both non-functional for 79 days, vehicle still used for yard repositioning. (flagged during the night-shift audit)",Critical,1,0.63,Line of Fire; Safe Driving,Mechanical Motion,Absent - reversing-hazard controls non-functional on an emergency-response vehicle,"Ground personnel struck during a reversing manoeuvre, potential fatality","Repair reverse-alarm and camera before further use, assign a spotter until fixed",Fire tender at Fire Station found with its reverse-alarm and rear came,Open
OIL-UC-3050,unsafe conditions,04-10-2025,Guwahati Pipeline Station,LCNG/LNG Dispensing Station,Contractor oversight visit,"LCNG/LNG Dispensing Station found with a cryogenic leak-detection sensor reading a persistent fault code for 32 hours, dispensing continuing on manual override. (flagged during the day-shift handover)",Critical,1,0.8,Process Safety,Chemical/Process,Absent - leak-detection barrier down during continued dispensing operations,Undetected LNG/LCNG leak causes a vapor cloud fire or cold-burn exposure,"Suspend dispensing until sensor is repaired, do not rely on manual override",LCNG/LNG Dispensing Station found with a cryogenic leak-detection sens,Resolved
OIL-UC-3051,unsafe conditions,27-12-2024,Guwahati Pipeline Station,220kV Cable Trench (RCC),Contractor oversight visit,220kV Cable Trench (RCC) found with fire-stop sealing missing at a joint bay for an estimated 64 metres of run. (identified by a contractor supervisor's walkdown),Critical,1,0.71,Energy Isolation,Electrical,Absent - fire-barrier segmentation missing along a high-voltage cable route,"Cable fire propagates unimpeded along the trench, extended power loss and fire escalation",Install fire-stop sealing at the joint bay before the trench is closed up,220kV Cable Trench (RCC) found with fire-stop sealing missing at a joi,Open
OIL-UC-3052,unsafe conditions,04-08-2026,Guwahati Pipeline Station,Pipeline ROW River Crossing,Scheduled maintenance walkdown,"Cable-repair excavation along Pipeline ROW River Crossing found proceeding without a confirmed permit-to-work for 103 hours, crew working directly above the buried cable route. (raised during a joint HSE-operations inspection)",Critical,1,0.7,Work Authorisation; Process Safety,Mechanical/Electrical,Absent - work-authorization barrier bypassed for excavation near live infrastructure,"Excavation strikes the buried cable or adjacent pipeline, electrocution or rupture risk","Halt excavation immediately, issue a verified permit before work resumes",Cable-repair excavation along Pipeline ROW River Crossing found procee,Open
OIL-UC-3053,unsafe conditions,27-03-2026,Guwahati Pipeline Station,Metering Skid,Pre-operation verification,"Hydrostatic test rig connected at Metering Skid found with its pressure-relief device rated below the intended test pressure by roughly 74%, test proceeding as scheduled. (noted by the on-duty area in-charge)",Critical,1,0.68,Process Safety,Mechanical/Pressure,Absent - overpressure protection mismatched to the planned test pressure,Uncontrolled overpressure during hydrostatic testing causes equipment rupture and projectile risk,"Stop the test immediately, verify relief-device rating before resuming",Hydrostatic test rig connected at Metering Skid found with its pressur,Open
OIL-UC-3054,unsafe conditions,08-11-2025,Digboi Refinery,Boiler House,Shift changeover check,"SRV (safety relief valve) calibration bench near Boiler House found with the isolation procedure incomplete, valve under test connected to a live line for 93 minutes before being noticed.",Critical,1,0.64,Energy Isolation,Mechanical/Pressure,Absent - isolation barrier incomplete during safety-critical calibration work,"Uncontrolled release or valve ejection during calibration, technician injury","Stop calibration immediately, complete isolation verification before resuming",SRV (safety relief valve) calibration bench near Boiler House found wi,Resolved
OIL-UC-3055,unsafe conditions,10-06-2026,Offshore Rig-04,Main Deck Crane,Pre-operation verification,"Hook-loaded crane at Main Deck Crane found operating with its load-moment indicator giving inconsistent readings, lift proceeding without a re-calibration check for 129 lifts. (flagged during the night-shift audit)",Critical,1,0.6,Line of Fire; Lifting Operations,Mechanical (suspended load),Degraded - overload-protection barrier unreliable during active lifting,"Crane overload and structural failure or load drop onto personnel, potential fatality","Suspend lifting immediately, recalibrate load-moment indicator before further use",Hook-loaded crane at Main Deck Crane found operating with its load-mom,Open
OIL-UC-3056,unsafe conditions,26-12-2024,Offshore Rig-04,Drill Floor,Emergency-readiness drill prep,"Roustabout hatch/cover at Drill Floor found with a damaged locking mechanism, hatch left in a partially secured state for 122 hours during active deck operations. (flagged during the day-shift handover)",Critical,1,0.76,Line of Fire,Gravity,Absent - hatch retention barrier compromised during active operations,Hatch falls or dislodges onto personnel working below or nearby,"Secure or barricade the hatch immediately, repair locking mechanism before further use",Roustabout hatch/cover at Drill Floor found with a damaged locking mec,Open
OIL-UC-3057,unsafe conditions,29-12-2025,Offshore Rig-04,SPM Mooring Buoy Support Vessel,Shift changeover check,"SPM Mooring Buoy Support Vessel found with its fixed fire-detection system in fault mode for 96 hours, maintenance work continuing aboard. (identified by a contractor supervisor's walkdown)",Critical,1,0.67,Emergency Response,Thermal,Absent - fire-detection barrier non-functional aboard a vessel with active maintenance work,"Undetected fire aboard the vessel during maintenance, crew escape delayed",Repair detection system immediately or suspend maintenance until restored,SPM Mooring Buoy Support Vessel found with its fixed fire-detection sy,Open
OIL-UC-3058,unsafe conditions,23-02-2025,Guwahati Pipeline Station,TTPA (Tank Truck Parking Area),Contractor oversight visit,"TTPA (Tank Truck Parking Area) found without a designated pedestrian walkway, drivers and ground staff crossing active vehicle movement lanes an estimated 58 times per shift. (raised during a joint HSE-operations inspection)",Critical,1,0.61,Line of Fire; Safe Driving,Mechanical Motion,Absent - pedestrian/vehicle segregation barrier not provided in a high-traffic yard,"Ground personnel struck by a moving tank truck during yard manoeuvring, potential fatality",Mark and enforce a segregated pedestrian walkway before further movements,TTPA (Tank Truck Parking Area) found without a designated pedestrian w,Resolved
OIL-UC-3059,unsafe conditions,02-08-2025,Guwahati Pipeline Station,Pipeline ROW River Crossing,Audit/compliance walkthrough,"LPG pipeline route at Pipeline ROW River Crossing found being crossed by an unrelated soil-investigation drilling crew without a verified line-locate confirmation, drilling within an estimated 143 metres of the line. (noted by the on-duty area in-charge)",Critical,1,0.71,Process Safety; Work Authorisation,Chemical/Process,Absent - line-locate verification barrier not enforced ahead of third-party drilling,Drilling pierces the LPG pipeline causing a pressurized release and fire/explosion risk,"Stop drilling immediately, verify line-locate markings, do not resume without a confirmed permit",LPG pipeline route at Pipeline ROW River Crossing found being crossed,Open
OIL-UC-3060,unsafe conditions,22-01-2025,Moran Oilfield,Telescopic Mast Assembly,Scheduled maintenance walkdown,"Telescopic mast assembly at Telescopic Mast Assembly found with 77 structural pins showing visible wear beyond tolerance during a pre-raise inspection, raise sequence not yet halted.",Critical,1,0.62,Line of Fire; Lifting Operations,Mechanical/Gravity,Absent - mast structural integrity compromised before a raise operation,"Mast collapse during raising or drilling operations, potential multiple fatalities","Halt mast operations immediately, replace/inspect pins before any further raise",Telescopic mast assembly at Telescopic Mast Assembly found with 77 str,Open
OIL-UC-3061,unsafe conditions,25-10-2025,Offshore Rig-04,Catwalk / V-Door,Audit/compliance walkthrough,"Catwalk / V-door mechanism at Catwalk / V-Door found with the pipe-handling interlock bypassed to work around a fault, drill pipe transfer continuing for 99 shifts since. (flagged during the night-shift audit)",Critical,1,0.76,Line of Fire,Mechanical/Gravity,Absent - pipe-handling safety interlock bypassed and left in place,"Uncontrolled pipe movement through the V-door strikes a floor hand, potential fatality","Stop catwalk operations, restore interlock, do not resume until function-tested",Catwalk / V-door mechanism at Catwalk / V-Door found with the pipe-han,Open
OIL-UC-3062,unsafe conditions,12-05-2025,Digboi Refinery,Reboiler Furnace Bay,Contractor oversight visit,"Reboiler furnace burner management system at Reboiler Furnace Bay found with the flame-failure trip disabled after a nuisance-trip incident 142 days ago, not yet re-enabled. (flagged during the day-shift handover)",Critical,1,0.79,Process Safety,Thermal/Chemical,Absent - flame-failure safety barrier disabled and left off,Undetected flame-out allows unburned hydrocarbon vapor release and re-ignition explosion,"Re-enable flame-failure trip immediately, investigate nuisance-trip cause separately",Reboiler furnace burner management system at Reboiler Furnace Bay foun,Resolved
OIL-UC-3063,unsafe conditions,11-06-2026,Digboi Refinery,Ethanol Storage Tanks,Emergency-readiness drill prep,"Ethanol Storage Tanks found with its overfill high-high level switch untested for 67 months, tank continuing to receive scheduled fills. (identified by a contractor supervisor's walkdown)",Critical,1,0.76,Process Safety,Chemical/Process,Absent - independent overfill barrier unverified during continued filling operations,"Tank overfill releases flammable vapor cloud, explosion and fire risk","Suspend further fills until switch is tested, prioritize immediate verification",Ethanol Storage Tanks found with its overfill high-high level switch u,Open
OIL-UC-3064,unsafe conditions,20-11-2024,Digboi Refinery,LPG Bottling Plant,Contractor oversight visit,"Chain conveyor soap-tray station at LPG Bottling Plant found with the guard interlock defeated to allow soap-solution top-up during operation, observed on 166 occasions. (raised during a joint HSE-operations inspection)",Critical,1,0.69,Line of Fire,Mechanical,Absent - moving-machinery guard interlock defeated during live operation,Entanglement injury to the person topping up the soap tray while conveyor is running,"Stop the practice immediately, restore interlock, provide a safe top-up procedure",Chain conveyor soap-tray station at LPG Bottling Plant found with the,Open
OIL-UC-3065,unsafe conditions,12-12-2025,Digboi Refinery,Battery Room,Scheduled maintenance walkdown,"Ventilation at Battery Room found non-functional for 92 hours, hydrogen off-gas levels not independently verified during that period. (noted by the on-duty area in-charge)",Critical,1,0.61,Process Safety,Chemical/Process (hydrogen off-gas),Absent - ventilation barrier down in a hydrogen-generating enclosed space,"Hydrogen accumulation reaches explosive concentration, ignition from a stray spark","Evacuate and ventilate immediately, do not re-energize charging until airflow confirmed",Ventilation at Battery Room found non-functional for 92 hours,Open
OIL-UC-3066,unsafe conditions,08-12-2025,Duliajan Oilfield,Wellhead Cluster 3,Scheduled maintenance walkdown,Work-platform edge protection at Wellhead Cluster 3 found removed for a maintenance activity 127 days ago and not yet reinstated.,Critical,1,0.78,Line of Fire,Gravity,Absent - fall-prevention barrier removed and not reinstated after work completed,"Fall from height at an active wellsite, potential fatality",Reinstate edge protection immediately or restrict access until it is,Work-platform edge protection at Wellhead Cluster 3 found removed for,Resolved
OIL-UC-3067,unsafe conditions,16-08-2024,Guwahati Pipeline Station,Pipeline ROW River Crossing,Routine inspection round,"Pipeline right-of-way at Pipeline ROW River Crossing found with third-party excavation proceeding within 166 metres of the live line, no OIL representative present to verify line-locate markings. (flagged during the night-shift audit)",Critical,1,0.7,Process Safety,Mechanical/Gravity,Absent - third-party encroachment control not enforced near a live pipeline,"Excavation strikes the pipeline causing rupture, fire, or toxic release","Stop excavation immediately, verify line-locate markings, enforce ROW monitoring",Pipeline right-of-way at Pipeline ROW River Crossing found with third-,Open
OIL-UC-3068,unsafe conditions,28-07-2025,Digboi Refinery,Effluent Treatment Plant,Routine inspection round,"Slop-oil pump house near Effluent Treatment Plant found with its fixed fire-suppression system isolated for 173 days for unrelated maintenance, pumps remaining in active service. (flagged during the day-shift handover)",Critical,1,0.75,Emergency Response,Thermal,Absent - fire suppression barrier disabled while the hazard source remains live,Uncontrolled fire in the pump house given wet slop-oil vapor accumulation,Restore suppression system or take pumps out of service until it is back online,Slop-oil pump house near Effluent Treatment Plant found with its fixed,Open
OIL-UC-3069,unsafe conditions,09-08-2024,Jorhat Operations,Fire Station,Emergency-readiness drill prep,"Fire tender at Fire Station found with its reverse-alarm and rear camera both non-functional for 37 days, vehicle still used for yard repositioning. (identified by a contractor supervisor's walkdown)",Critical,1,0.72,Line of Fire; Safe Driving,Mechanical Motion,Absent - reversing-hazard controls non-functional on an emergency-response vehicle,"Ground personnel struck during a reversing manoeuvre, potential fatality","Repair reverse-alarm and camera before further use, assign a spotter until fixed",Fire tender at Fire Station found with its reverse-alarm and rear came,Open
OIL-UC-3070,unsafe conditions,10-09-2025,Guwahati Pipeline Station,LCNG/LNG Dispensing Station,Routine inspection round,"LCNG/LNG Dispensing Station found with a cryogenic leak-detection sensor reading a persistent fault code for 40 hours, dispensing continuing on manual override. (raised during a joint HSE-operations inspection)",Critical,1,0.63,Process Safety,Chemical/Process,Absent - leak-detection barrier down during continued dispensing operations,Undetected LNG/LCNG leak causes a vapor cloud fire or cold-burn exposure,"Suspend dispensing until sensor is repaired, do not rely on manual override",LCNG/LNG Dispensing Station found with a cryogenic leak-detection sens,Resolved
OIL-UC-3071,unsafe conditions,14-04-2026,Guwahati Pipeline Station,220kV Cable Trench (RCC),Routine inspection round,220kV Cable Trench (RCC) found with fire-stop sealing missing at a joint bay for an estimated 97 metres of run. (noted by the on-duty area in-charge),Critical,1,0.72,Energy Isolation,Electrical,Absent - fire-barrier segmentation missing along a high-voltage cable route,"Cable fire propagates unimpeded along the trench, extended power loss and fire escalation",Install fire-stop sealing at the joint bay before the trench is closed up,220kV Cable Trench (RCC) found with fire-stop sealing missing at a joi,Open
OIL-UC-3072,unsafe conditions,17-06-2024,Guwahati Pipeline Station,Pipeline ROW River Crossing,Pre-operation verification,"Cable-repair excavation along Pipeline ROW River Crossing found proceeding without a confirmed permit-to-work for 159 hours, crew working directly above the buried cable route.",Critical,1,0.73,Work Authorisation; Process Safety,Mechanical/Electrical,Absent - work-authorization barrier bypassed for excavation near live infrastructure,"Excavation strikes the buried cable or adjacent pipeline, electrocution or rupture risk","Halt excavation immediately, issue a verified permit before work resumes",Cable-repair excavation along Pipeline ROW River Crossing found procee,Open
OIL-UC-3073,unsafe conditions,13-06-2024,Guwahati Pipeline Station,Metering Skid,Audit/compliance walkthrough,"Hydrostatic test rig connected at Metering Skid found with its pressure-relief device rated below the intended test pressure by roughly 3%, test proceeding as scheduled. (flagged during the night-shift audit)",Critical,1,0.7,Process Safety,Mechanical/Pressure,Absent - overpressure protection mismatched to the planned test pressure,Uncontrolled overpressure during hydrostatic testing causes equipment rupture and projectile risk,"Stop the test immediately, verify relief-device rating before resuming",Hydrostatic test rig connected at Metering Skid found with its pressur,Open
OIL-UC-3074,unsafe conditions,01-12-2025,Digboi Refinery,Boiler House,Audit/compliance walkthrough,"SRV (safety relief valve) calibration bench near Boiler House found with the isolation procedure incomplete, valve under test connected to a live line for 6 minutes before being noticed. (flagged during the day-shift handover)",Critical,1,0.74,Energy Isolation,Mechanical/Pressure,Absent - isolation barrier incomplete during safety-critical calibration work,"Uncontrolled release or valve ejection during calibration, technician injury","Stop calibration immediately, complete isolation verification before resuming",SRV (safety relief valve) calibration bench near Boiler House found wi,Resolved
OIL-UC-3075,unsafe conditions,16-05-2026,Offshore Rig-04,Main Deck Crane,Routine inspection round,"Hook-loaded crane at Main Deck Crane found operating with its load-moment indicator giving inconsistent readings, lift proceeding without a re-calibration check for 75 lifts. (identified by a contractor supervisor's walkdown)",Critical,1,0.69,Line of Fire; Lifting Operations,Mechanical (suspended load),Degraded - overload-protection barrier unreliable during active lifting,"Crane overload and structural failure or load drop onto personnel, potential fatality","Suspend lifting immediately, recalibrate load-moment indicator before further use",Hook-loaded crane at Main Deck Crane found operating with its load-mom,Open
OIL-UC-3076,unsafe conditions,01-12-2024,Offshore Rig-04,Drill Floor,Pre-operation verification,"Roustabout hatch/cover at Drill Floor found with a damaged locking mechanism, hatch left in a partially secured state for 174 hours during active deck operations. (raised during a joint HSE-operations inspection)",Critical,1,0.76,Line of Fire,Gravity,Absent - hatch retention barrier compromised during active operations,Hatch falls or dislodges onto personnel working below or nearby,"Secure or barricade the hatch immediately, repair locking mechanism before further use",Roustabout hatch/cover at Drill Floor found with a damaged locking mec,Open
OIL-UC-3077,unsafe conditions,02-02-2025,Offshore Rig-04,SPM Mooring Buoy Support Vessel,Routine inspection round,"SPM Mooring Buoy Support Vessel found with its fixed fire-detection system in fault mode for 29 hours, maintenance work continuing aboard. (noted by the on-duty area in-charge)",Critical,1,0.7,Emergency Response,Thermal,Absent - fire-detection barrier non-functional aboard a vessel with active maintenance work,"Undetected fire aboard the vessel during maintenance, crew escape delayed",Repair detection system immediately or suspend maintenance until restored,SPM Mooring Buoy Support Vessel found with its fixed fire-detection sy,Open
OIL-UC-3078,unsafe conditions,29-05-2025,Guwahati Pipeline Station,TTPA (Tank Truck Parking Area),Audit/compliance walkthrough,"TTPA (Tank Truck Parking Area) found without a designated pedestrian walkway, drivers and ground staff crossing active vehicle movement lanes an estimated 51 times per shift.",Critical,1,0.7,Line of Fire; Safe Driving,Mechanical Motion,Absent - pedestrian/vehicle segregation barrier not provided in a high-traffic yard,"Ground personnel struck by a moving tank truck during yard manoeuvring, potential fatality",Mark and enforce a segregated pedestrian walkway before further movements,TTPA (Tank Truck Parking Area) found without a designated pedestrian w,Resolved
OIL-UC-3079,unsafe conditions,18-06-2025,Guwahati Pipeline Station,Pipeline ROW River Crossing,Emergency-readiness drill prep,"LPG pipeline route at Pipeline ROW River Crossing found being crossed by an unrelated soil-investigation drilling crew without a verified line-locate confirmation, drilling within an estimated 70 metres of the line. (flagged during the night-shift audit)",Critical,1,0.67,Process Safety; Work Authorisation,Chemical/Process,Absent - line-locate verification barrier not enforced ahead of third-party drilling,Drilling pierces the LPG pipeline causing a pressurized release and fire/explosion risk,"Stop drilling immediately, verify line-locate markings, do not resume without a confirmed permit",LPG pipeline route at Pipeline ROW River Crossing found being crossed,Open
OIL-UC-3080,unsafe conditions,15-05-2026,Moran Oilfield,Telescopic Mast Assembly,Pre-operation verification,"Telescopic mast assembly at Telescopic Mast Assembly found with 105 structural pins showing visible wear beyond tolerance during a pre-raise inspection, raise sequence not yet halted. (flagged during the day-shift handover)",Critical,1,0.7,Line of Fire; Lifting Operations,Mechanical/Gravity,Absent - mast structural integrity compromised before a raise operation,"Mast collapse during raising or drilling operations, potential multiple fatalities","Halt mast operations immediately, replace/inspect pins before any further raise",Telescopic mast assembly at Telescopic Mast Assembly found with 105 st,Open
OIL-UC-3081,unsafe conditions,22-08-2024,Offshore Rig-04,Catwalk / V-Door,Shift changeover check,"Catwalk / V-door mechanism at Catwalk / V-Door found with the pipe-handling interlock bypassed to work around a fault, drill pipe transfer continuing for 59 shifts since. (identified by a contractor supervisor's walkdown)",Critical,1,0.73,Line of Fire,Mechanical/Gravity,Absent - pipe-handling safety interlock bypassed and left in place,"Uncontrolled pipe movement through the V-door strikes a floor hand, potential fatality","Stop catwalk operations, restore interlock, do not resume until function-tested",Catwalk / V-door mechanism at Catwalk / V-Door found with the pipe-han,Open
OIL-UC-3082,unsafe conditions,03-07-2024,Digboi Refinery,Reboiler Furnace Bay,Emergency-readiness drill prep,"Reboiler furnace burner management system at Reboiler Furnace Bay found with the flame-failure trip disabled after a nuisance-trip incident 169 days ago, not yet re-enabled. (raised during a joint HSE-operations inspection)",Critical,1,0.72,Process Safety,Thermal/Chemical,Absent - flame-failure safety barrier disabled and left off,Undetected flame-out allows unburned hydrocarbon vapor release and re-ignition explosion,"Re-enable flame-failure trip immediately, investigate nuisance-trip cause separately",Reboiler furnace burner management system at Reboiler Furnace Bay foun,Resolved
OIL-UC-3083,unsafe conditions,18-12-2025,Digboi Refinery,Ethanol Storage Tanks,Pre-operation verification,"Ethanol Storage Tanks found with its overfill high-high level switch untested for 25 months, tank continuing to receive scheduled fills. (noted by the on-duty area in-charge)",Critical,1,0.66,Process Safety,Chemical/Process,Absent - independent overfill barrier unverified during continued filling operations,"Tank overfill releases flammable vapor cloud, explosion and fire risk","Suspend further fills until switch is tested, prioritize immediate verification",Ethanol Storage Tanks found with its overfill high-high level switch u,Open
OIL-UC-3084,unsafe conditions,21-05-2026,Digboi Refinery,LPG Bottling Plant,Routine inspection round,"Chain conveyor soap-tray station at LPG Bottling Plant found with the guard interlock defeated to allow soap-solution top-up during operation, observed on 123 occasions.",Critical,1,0.72,Line of Fire,Mechanical,Absent - moving-machinery guard interlock defeated during live operation,Entanglement injury to the person topping up the soap tray while conveyor is running,"Stop the practice immediately, restore interlock, provide a safe top-up procedure",Chain conveyor soap-tray station at LPG Bottling Plant found with the,Open
OIL-UC-3085,unsafe conditions,19-08-2025,Digboi Refinery,Battery Room,Routine inspection round,"Ventilation at Battery Room found non-functional for 45 hours, hydrogen off-gas levels not independently verified during that period. (flagged during the night-shift audit)",Critical,1,0.69,Process Safety,Chemical/Process (hydrogen off-gas),Absent - ventilation barrier down in a hydrogen-generating enclosed space,"Hydrogen accumulation reaches explosive concentration, ignition from a stray spark","Evacuate and ventilate immediately, do not re-energize charging until airflow confirmed",Ventilation at Battery Room found non-functional for 45 hours,Open
OIL-UC-3086,unsafe conditions,06-09-2024,Duliajan Oilfield,Wellhead Cluster 3,Emergency-readiness drill prep,Work-platform edge protection at Wellhead Cluster 3 found removed for a maintenance activity 167 days ago and not yet reinstated. (flagged during the day-shift handover),Critical,1,0.65,Line of Fire,Gravity,Absent - fall-prevention barrier removed and not reinstated after work completed,"Fall from height at an active wellsite, potential fatality",Reinstate edge protection immediately or restrict access until it is,Work-platform edge protection at Wellhead Cluster 3 found removed for,Resolved
OIL-UC-3087,unsafe conditions,10-05-2026,Guwahati Pipeline Station,Pipeline ROW River Crossing,Routine inspection round,"Pipeline right-of-way at Pipeline ROW River Crossing found with third-party excavation proceeding within 137 metres of the live line, no OIL representative present to verify line-locate markings. (identified by a contractor supervisor's walkdown)",Critical,1,0.63,Process Safety,Mechanical/Gravity,Absent - third-party encroachment control not enforced near a live pipeline,"Excavation strikes the pipeline causing rupture, fire, or toxic release","Stop excavation immediately, verify line-locate markings, enforce ROW monitoring",Pipeline right-of-way at Pipeline ROW River Crossing found with third-,Open
OIL-UC-3088,unsafe conditions,16-08-2024,Digboi Refinery,Effluent Treatment Plant,Pre-operation verification,"Slop-oil pump house near Effluent Treatment Plant found with its fixed fire-suppression system isolated for 147 days for unrelated maintenance, pumps remaining in active service. (raised during a joint HSE-operations inspection)",Critical,1,0.64,Emergency Response,Thermal,Absent - fire suppression barrier disabled while the hazard source remains live,Uncontrolled fire in the pump house given wet slop-oil vapor accumulation,Restore suppression system or take pumps out of service until it is back online,Slop-oil pump house near Effluent Treatment Plant found with its fixed,Open
OIL-UC-3089,unsafe conditions,30-12-2025,Jorhat Operations,Fire Station,Shift changeover check,"Fire tender at Fire Station found with its reverse-alarm and rear camera both non-functional for 177 days, vehicle still used for yard repositioning. (noted by the on-duty area in-charge)",Critical,1,0.78,Line of Fire; Safe Driving,Mechanical Motion,Absent - reversing-hazard controls non-functional on an emergency-response vehicle,"Ground personnel struck during a reversing manoeuvre, potential fatality","Repair reverse-alarm and camera before further use, assign a spotter until fixed",Fire tender at Fire Station found with its reverse-alarm and rear came,Open
OIL-UC-3090,unsafe conditions,19-04-2025,Guwahati Pipeline Station,LCNG/LNG Dispensing Station,Routine inspection round,"LCNG/LNG Dispensing Station found with a cryogenic leak-detection sensor reading a persistent fault code for 170 hours, dispensing continuing on manual override.",Critical,1,0.62,Process Safety,Chemical/Process,Absent - leak-detection barrier down during continued dispensing operations,Undetected LNG/LCNG leak causes a vapor cloud fire or cold-burn exposure,"Suspend dispensing until sensor is repaired, do not rely on manual override",LCNG/LNG Dispensing Station found with a cryogenic leak-detection sens,Resolved
OIL-UC-3091,unsafe conditions,11-07-2026,Guwahati Pipeline Station,220kV Cable Trench (RCC),Scheduled maintenance walkdown,220kV Cable Trench (RCC) found with fire-stop sealing missing at a joint bay for an estimated 6 metres of run. (flagged during the night-shift audit),Critical,1,0.71,Energy Isolation,Electrical,Absent - fire-barrier segmentation missing along a high-voltage cable route,"Cable fire propagates unimpeded along the trench, extended power loss and fire escalation",Install fire-stop sealing at the joint bay before the trench is closed up,220kV Cable Trench (RCC) found with fire-stop sealing missing at a joi,Open
OIL-UC-3092,unsafe conditions,30-12-2025,Guwahati Pipeline Station,Pipeline ROW River Crossing,Routine inspection round,"Cable-repair excavation along Pipeline ROW River Crossing found proceeding without a confirmed permit-to-work for 103 hours, crew working directly above the buried cable route. (flagged during the day-shift handover)",Critical,1,0.65,Work Authorisation; Process Safety,Mechanical/Electrical,Absent - work-authorization barrier bypassed for excavation near live infrastructure,"Excavation strikes the buried cable or adjacent pipeline, electrocution or rupture risk","Halt excavation immediately, issue a verified permit before work resumes",Cable-repair excavation along Pipeline ROW River Crossing found procee,Open
OIL-UC-3093,unsafe conditions,04-07-2025,Guwahati Pipeline Station,Metering Skid,Audit/compliance walkthrough,"Hydrostatic test rig connected at Metering Skid found with its pressure-relief device rated below the intended test pressure by roughly 63%, test proceeding as scheduled. (identified by a contractor supervisor's walkdown)",Critical,1,0.76,Process Safety,Mechanical/Pressure,Absent - overpressure protection mismatched to the planned test pressure,Uncontrolled overpressure during hydrostatic testing causes equipment rupture and projectile risk,"Stop the test immediately, verify relief-device rating before resuming",Hydrostatic test rig connected at Metering Skid found with its pressur,Open
OIL-UC-3094,unsafe conditions,14-07-2026,Digboi Refinery,Boiler House,Audit/compliance walkthrough,"SRV (safety relief valve) calibration bench near Boiler House found with the isolation procedure incomplete, valve under test connected to a live line for 175 minutes before being noticed. (raised during a joint HSE-operations inspection)",Critical,1,0.65,Energy Isolation,Mechanical/Pressure,Absent - isolation barrier incomplete during safety-critical calibration work,"Uncontrolled release or valve ejection during calibration, technician injury","Stop calibration immediately, complete isolation verification before resuming",SRV (safety relief valve) calibration bench near Boiler House found wi,Resolved
OIL-UC-3095,unsafe conditions,12-06-2026,Offshore Rig-04,Main Deck Crane,Emergency-readiness drill prep,"Hook-loaded crane at Main Deck Crane found operating with its load-moment indicator giving inconsistent readings, lift proceeding without a re-calibration check for 37 lifts. (noted by the on-duty area in-charge)",Critical,1,0.8,Line of Fire; Lifting Operations,Mechanical (suspended load),Degraded - overload-protection barrier unreliable during active lifting,"Crane overload and structural failure or load drop onto personnel, potential fatality","Suspend lifting immediately, recalibrate load-moment indicator before further use",Hook-loaded crane at Main Deck Crane found operating with its load-mom,Open
OIL-UC-3096,unsafe conditions,21-05-2025,Offshore Rig-04,Drill Floor,Audit/compliance walkthrough,"Roustabout hatch/cover at Drill Floor found with a damaged locking mechanism, hatch left in a partially secured state for 22 hours during active deck operations.",Critical,1,0.74,Line of Fire,Gravity,Absent - hatch retention barrier compromised during active operations,Hatch falls or dislodges onto personnel working below or nearby,"Secure or barricade the hatch immediately, repair locking mechanism before further use",Roustabout hatch/cover at Drill Floor found with a damaged locking mec,Open
OIL-UC-3097,unsafe conditions,17-08-2024,Offshore Rig-04,SPM Mooring Buoy Support Vessel,Routine inspection round,"SPM Mooring Buoy Support Vessel found with its fixed fire-detection system in fault mode for 15 hours, maintenance work continuing aboard. (flagged during the night-shift audit)",Critical,1,0.68,Emergency Response,Thermal,Absent - fire-detection barrier non-functional aboard a vessel with active maintenance work,"Undetected fire aboard the vessel during maintenance, crew escape delayed",Repair detection system immediately or suspend maintenance until restored,SPM Mooring Buoy Support Vessel found with its fixed fire-detection sy,Open
OIL-UC-3098,unsafe conditions,31-01-2026,Guwahati Pipeline Station,TTPA (Tank Truck Parking Area),Audit/compliance walkthrough,"TTPA (Tank Truck Parking Area) found without a designated pedestrian walkway, drivers and ground staff crossing active vehicle movement lanes an estimated 89 times per shift. (flagged during the day-shift handover)",Critical,1,0.75,Line of Fire; Safe Driving,Mechanical Motion,Absent - pedestrian/vehicle segregation barrier not provided in a high-traffic yard,"Ground personnel struck by a moving tank truck during yard manoeuvring, potential fatality",Mark and enforce a segregated pedestrian walkway before further movements,TTPA (Tank Truck Parking Area) found without a designated pedestrian w,Resolved
OIL-UC-3099,unsafe conditions,12-03-2026,Guwahati Pipeline Station,Pipeline ROW River Crossing,Emergency-readiness drill prep,"LPG pipeline route at Pipeline ROW River Crossing found being crossed by an unrelated soil-investigation drilling crew without a verified line-locate confirmation, drilling within an estimated 103 metres of the line. (identified by a contractor supervisor's walkdown)",Critical,1,0.65,Process Safety; Work Authorisation,Chemical/Process,Absent - line-locate verification barrier not enforced ahead of third-party drilling,Drilling pierces the LPG pipeline causing a pressurized release and fire/explosion risk,"Stop drilling immediately, verify line-locate markings, do not resume without a confirmed permit",LPG pipeline route at Pipeline ROW River Crossing found being crossed,Open
OIL-UC-3100,unsafe conditions,16-10-2025,Moran Oilfield,Telescopic Mast Assembly,Emergency-readiness drill prep,"Telescopic mast assembly at Telescopic Mast Assembly found with 71 structural pins showing visible wear beyond tolerance during a pre-raise inspection, raise sequence not yet halted. (raised during a joint HSE-operations inspection)",Critical,1,0.8,Line of Fire; Lifting Operations,Mechanical/Gravity,Absent - mast structural integrity compromised before a raise operation,"Mast collapse during raising or drilling operations, potential multiple fatalities","Halt mast operations immediately, replace/inspect pins before any further raise",Telescopic mast assembly at Telescopic Mast Assembly found with 71 str,Open
OIL-UC-3101,unsafe conditions,20-06-2025,Offshore Rig-04,Catwalk / V-Door,Shift changeover check,"Catwalk / V-door mechanism at Catwalk / V-Door found with the pipe-handling interlock bypassed to work around a fault, drill pipe transfer continuing for 60 shifts since. (noted by the on-duty area in-charge)",Critical,1,0.7,Line of Fire,Mechanical/Gravity,Absent - pipe-handling safety interlock bypassed and left in place,"Uncontrolled pipe movement through the V-door strikes a floor hand, potential fatality","Stop catwalk operations, restore interlock, do not resume until function-tested",Catwalk / V-door mechanism at Catwalk / V-Door found with the pipe-han,Open
OIL-UC-3102,unsafe conditions,08-04-2026,Digboi Refinery,Reboiler Furnace Bay,Scheduled maintenance walkdown,"Reboiler furnace burner management system at Reboiler Furnace Bay found with the flame-failure trip disabled after a nuisance-trip incident 112 days ago, not yet re-enabled.",Critical,1,0.73,Process Safety,Thermal/Chemical,Absent - flame-failure safety barrier disabled and left off,Undetected flame-out allows unburned hydrocarbon vapor release and re-ignition explosion,"Re-enable flame-failure trip immediately, investigate nuisance-trip cause separately",Reboiler furnace burner management system at Reboiler Furnace Bay foun,Resolved
OIL-UC-3103,unsafe conditions,30-03-2025,Digboi Refinery,Ethanol Storage Tanks,Routine inspection round,"Ethanol Storage Tanks found with its overfill high-high level switch untested for 99 months, tank continuing to receive scheduled fills. (flagged during the night-shift audit)",Critical,1,0.75,Process Safety,Chemical/Process,Absent - independent overfill barrier unverified during continued filling operations,"Tank overfill releases flammable vapor cloud, explosion and fire risk","Suspend further fills until switch is tested, prioritize immediate verification",Ethanol Storage Tanks found with its overfill high-high level switch u,Open
OIL-UC-3104,unsafe conditions,02-03-2025,Digboi Refinery,LPG Bottling Plant,Contractor oversight visit,"Chain conveyor soap-tray station at LPG Bottling Plant found with the guard interlock defeated to allow soap-solution top-up during operation, observed on 65 occasions. (flagged during the day-shift handover)",Critical,1,0.6,Line of Fire,Mechanical,Absent - moving-machinery guard interlock defeated during live operation,Entanglement injury to the person topping up the soap tray while conveyor is running,"Stop the practice immediately, restore interlock, provide a safe top-up procedure",Chain conveyor soap-tray station at LPG Bottling Plant found with the,Open
OIL-UC-3105,unsafe conditions,12-03-2026,Digboi Refinery,Battery Room,Pre-operation verification,"Ventilation at Battery Room found non-functional for 41 hours, hydrogen off-gas levels not independently verified during that period. (identified by a contractor supervisor's walkdown)",Critical,1,0.74,Process Safety,Chemical/Process (hydrogen off-gas),Absent - ventilation barrier down in a hydrogen-generating enclosed space,"Hydrogen accumulation reaches explosive concentration, ignition from a stray spark","Evacuate and ventilate immediately, do not re-energize charging until airflow confirmed",Ventilation at Battery Room found non-functional for 41 hours,Open
OIL-UC-3106,unsafe conditions,05-06-2025,Duliajan Oilfield,Wellhead Cluster 3,Contractor oversight visit,Work-platform edge protection at Wellhead Cluster 3 found removed for a maintenance activity 41 days ago and not yet reinstated. (raised during a joint HSE-operations inspection),Critical,1,0.67,Line of Fire,Gravity,Absent - fall-prevention barrier removed and not reinstated after work completed,"Fall from height at an active wellsite, potential fatality",Reinstate edge protection immediately or restrict access until it is,Work-platform edge protection at Wellhead Cluster 3 found removed for,Resolved
OIL-UC-3107,unsafe conditions,12-04-2025,Guwahati Pipeline Station,Pipeline ROW River Crossing,Routine inspection round,"Pipeline right-of-way at Pipeline ROW River Crossing found with third-party excavation proceeding within 29 metres of the live line, no OIL representative present to verify line-locate markings. (noted by the on-duty area in-charge)",Critical,1,0.58,Process Safety,Mechanical/Gravity,Absent - third-party encroachment control not enforced near a live pipeline,"Excavation strikes the pipeline causing rupture, fire, or toxic release","Stop excavation immediately, verify line-locate markings, enforce ROW monitoring",Pipeline right-of-way at Pipeline ROW River Crossing found with third-,Open
OIL-UC-3108,unsafe conditions,13-09-2024,Digboi Refinery,Effluent Treatment Plant,Shift changeover check,"Slop-oil pump house near Effluent Treatment Plant found with its fixed fire-suppression system isolated for 115 days for unrelated maintenance, pumps remaining in active service.",Critical,1,0.75,Emergency Response,Thermal,Absent - fire suppression barrier disabled while the hazard source remains live,Uncontrolled fire in the pump house given wet slop-oil vapor accumulation,Restore suppression system or take pumps out of service until it is back online,Slop-oil pump house near Effluent Treatment Plant found with its fixed,Open
OIL-UC-3109,unsafe conditions,03-09-2025,Jorhat Operations,Fire Station,Routine inspection round,"Fire tender at Fire Station found with its reverse-alarm and rear camera both non-functional for 35 days, vehicle still used for yard repositioning. (flagged during the night-shift audit)",Critical,1,0.62,Line of Fire; Safe Driving,Mechanical Motion,Absent - reversing-hazard controls non-functional on an emergency-response vehicle,"Ground personnel struck during a reversing manoeuvre, potential fatality","Repair reverse-alarm and camera before further use, assign a spotter until fixed",Fire tender at Fire Station found with its reverse-alarm and rear came,Open
OIL-UC-3110,unsafe conditions,14-09-2024,Guwahati Pipeline Station,LCNG/LNG Dispensing Station,Audit/compliance walkthrough,"LCNG/LNG Dispensing Station found with a cryogenic leak-detection sensor reading a persistent fault code for 144 hours, dispensing continuing on manual override. (flagged during the day-shift handover)",Critical,1,0.69,Process Safety,Chemical/Process,Absent - leak-detection barrier down during continued dispensing operations,Undetected LNG/LCNG leak causes a vapor cloud fire or cold-burn exposure,"Suspend dispensing until sensor is repaired, do not rely on manual override",LCNG/LNG Dispensing Station found with a cryogenic leak-detection sens,Resolved
OIL-UC-3111,unsafe conditions,04-09-2024,Guwahati Pipeline Station,220kV Cable Trench (RCC),Routine inspection round,220kV Cable Trench (RCC) found with fire-stop sealing missing at a joint bay for an estimated 8 metres of run. (identified by a contractor supervisor's walkdown),Critical,1,0.66,Energy Isolation,Electrical,Absent - fire-barrier segmentation missing along a high-voltage cable route,"Cable fire propagates unimpeded along the trench, extended power loss and fire escalation",Install fire-stop sealing at the joint bay before the trench is closed up,220kV Cable Trench (RCC) found with fire-stop sealing missing at a joi,Open
OIL-UC-3112,unsafe conditions,30-06-2025,Guwahati Pipeline Station,Pipeline ROW River Crossing,Audit/compliance walkthrough,"Cable-repair excavation along Pipeline ROW River Crossing found proceeding without a confirmed permit-to-work for 154 hours, crew working directly above the buried cable route. (raised during a joint HSE-operations inspection)",Critical,1,0.75,Work Authorisation; Process Safety,Mechanical/Electrical,Absent - work-authorization barrier bypassed for excavation near live infrastructure,"Excavation strikes the buried cable or adjacent pipeline, electrocution or rupture risk","Halt excavation immediately, issue a verified permit before work resumes",Cable-repair excavation along Pipeline ROW River Crossing found procee,Open
OIL-UC-3113,unsafe conditions,07-08-2026,Guwahati Pipeline Station,Metering Skid,Shift changeover check,"Hydrostatic test rig connected at Metering Skid found with its pressure-relief device rated below the intended test pressure by roughly 5%, test proceeding as scheduled. (noted by the on-duty area in-charge)",Critical,1,0.67,Process Safety,Mechanical/Pressure,Absent - overpressure protection mismatched to the planned test pressure,Uncontrolled overpressure during hydrostatic testing causes equipment rupture and projectile risk,"Stop the test immediately, verify relief-device rating before resuming",Hydrostatic test rig connected at Metering Skid found with its pressur,Open
OIL-UC-3114,unsafe conditions,04-02-2025,Digboi Refinery,Boiler House,Contractor oversight visit,"SRV (safety relief valve) calibration bench near Boiler House found with the isolation procedure incomplete, valve under test connected to a live line for 23 minutes before being noticed.",Critical,1,0.78,Energy Isolation,Mechanical/Pressure,Absent - isolation barrier incomplete during safety-critical calibration work,"Uncontrolled release or valve ejection during calibration, technician injury","Stop calibration immediately, complete isolation verification before resuming",SRV (safety relief valve) calibration bench near Boiler House found wi,Resolved
OIL-UC-3115,unsafe conditions,25-06-2025,Offshore Rig-04,Main Deck Crane,Audit/compliance walkthrough,"Hook-loaded crane at Main Deck Crane found operating with its load-moment indicator giving inconsistent readings, lift proceeding without a re-calibration check for 148 lifts. (flagged during the night-shift audit)",Critical,1,0.62,Line of Fire; Lifting Operations,Mechanical (suspended load),Degraded - overload-protection barrier unreliable during active lifting,"Crane overload and structural failure or load drop onto personnel, potential fatality","Suspend lifting immediately, recalibrate load-moment indicator before further use",Hook-loaded crane at Main Deck Crane found operating with its load-mom,Open
OIL-UC-3116,unsafe conditions,02-03-2025,Offshore Rig-04,Drill Floor,Scheduled maintenance walkdown,"Roustabout hatch/cover at Drill Floor found with a damaged locking mechanism, hatch left in a partially secured state for 45 hours during active deck operations. (flagged during the day-shift handover)",Critical,1,0.64,Line of Fire,Gravity,Absent - hatch retention barrier compromised during active operations,Hatch falls or dislodges onto personnel working below or nearby,"Secure or barricade the hatch immediately, repair locking mechanism before further use",Roustabout hatch/cover at Drill Floor found with a damaged locking mec,Open
OIL-UC-3117,unsafe conditions,20-08-2025,Offshore Rig-04,SPM Mooring Buoy Support Vessel,Scheduled maintenance walkdown,"SPM Mooring Buoy Support Vessel found with its fixed fire-detection system in fault mode for 128 hours, maintenance work continuing aboard. (identified by a contractor supervisor's walkdown)",Critical,1,0.59,Emergency Response,Thermal,Absent - fire-detection barrier non-functional aboard a vessel with active maintenance work,"Undetected fire aboard the vessel during maintenance, crew escape delayed",Repair detection system immediately or suspend maintenance until restored,SPM Mooring Buoy Support Vessel found with its fixed fire-detection sy,Open
OIL-UC-3118,unsafe conditions,11-08-2026,Guwahati Pipeline Station,TTPA (Tank Truck Parking Area),Pre-operation verification,"TTPA (Tank Truck Parking Area) found without a designated pedestrian walkway, drivers and ground staff crossing active vehicle movement lanes an estimated 72 times per shift. (raised during a joint HSE-operations inspection)",Critical,1,0.65,Line of Fire; Safe Driving,Mechanical Motion,Absent - pedestrian/vehicle segregation barrier not provided in a high-traffic yard,"Ground personnel struck by a moving tank truck during yard manoeuvring, potential fatality",Mark and enforce a segregated pedestrian walkway before further movements,TTPA (Tank Truck Parking Area) found without a designated pedestrian w,Resolved
OIL-UC-3119,unsafe conditions,08-02-2025,Guwahati Pipeline Station,Pipeline ROW River Crossing,Shift changeover check,"LPG pipeline route at Pipeline ROW River Crossing found being crossed by an unrelated soil-investigation drilling crew without a verified line-locate confirmation, drilling within an estimated 21 metres of the line. (noted by the on-duty area in-charge)",Critical,1,0.64,Process Safety; Work Authorisation,Chemical/Process,Absent - line-locate verification barrier not enforced ahead of third-party drilling,Drilling pierces the LPG pipeline causing a pressurized release and fire/explosion risk,"Stop drilling immediately, verify line-locate markings, do not resume without a confirmed permit",LPG pipeline route at Pipeline ROW River Crossing found being crossed,Open
OIL-UC-3120,unsafe conditions,18-12-2024,Moran Oilfield,Telescopic Mast Assembly,Pre-operation verification,"Telescopic mast assembly at Telescopic Mast Assembly found with 162 structural pins showing visible wear beyond tolerance during a pre-raise inspection, raise sequence not yet halted.",Critical,1,0.71,Line of Fire; Lifting Operations,Mechanical/Gravity,Absent - mast structural integrity compromised before a raise operation,"Mast collapse during raising or drilling operations, potential multiple fatalities","Halt mast operations immediately, replace/inspect pins before any further raise",Telescopic mast assembly at Telescopic Mast Assembly found with 162 st,Open
OIL-UC-3121,unsafe conditions,07-06-2024,Offshore Rig-04,Catwalk / V-Door,Routine inspection round,"Catwalk / V-door mechanism at Catwalk / V-Door found with the pipe-handling interlock bypassed to work around a fault, drill pipe transfer continuing for 119 shifts since. (flagged during the night-shift audit)",Critical,1,0.61,Line of Fire,Mechanical/Gravity,Absent - pipe-handling safety interlock bypassed and left in place,"Uncontrolled pipe movement through the V-door strikes a floor hand, potential fatality","Stop catwalk operations, restore interlock, do not resume until function-tested",Catwalk / V-door mechanism at Catwalk / V-Door found with the pipe-han,Open
OIL-UC-3122,unsafe conditions,25-06-2025,Digboi Refinery,Reboiler Furnace Bay,Shift changeover check,"Reboiler furnace burner management system at Reboiler Furnace Bay found with the flame-failure trip disabled after a nuisance-trip incident 103 days ago, not yet re-enabled. (flagged during the day-shift handover)",Critical,1,0.77,Process Safety,Thermal/Chemical,Absent - flame-failure safety barrier disabled and left off,Undetected flame-out allows unburned hydrocarbon vapor release and re-ignition explosion,"Re-enable flame-failure trip immediately, investigate nuisance-trip cause separately",Reboiler furnace burner management system at Reboiler Furnace Bay foun,Resolved
OIL-UC-3123,unsafe conditions,29-03-2026,Digboi Refinery,Ethanol Storage Tanks,Pre-operation verification,"Ethanol Storage Tanks found with its overfill high-high level switch untested for 86 months, tank continuing to receive scheduled fills. (identified by a contractor supervisor's walkdown)",Critical,1,0.65,Process Safety,Chemical/Process,Absent - independent overfill barrier unverified during continued filling operations,"Tank overfill releases flammable vapor cloud, explosion and fire risk","Suspend further fills until switch is tested, prioritize immediate verification",Ethanol Storage Tanks found with its overfill high-high level switch u,Open
OIL-UC-3124,unsafe conditions,08-02-2026,Digboi Refinery,LPG Bottling Plant,Scheduled maintenance walkdown,"Chain conveyor soap-tray station at LPG Bottling Plant found with the guard interlock defeated to allow soap-solution top-up during operation, observed on 154 occasions. (raised during a joint HSE-operations inspection)",Critical,1,0.65,Line of Fire,Mechanical,Absent - moving-machinery guard interlock defeated during live operation,Entanglement injury to the person topping up the soap tray while conveyor is running,"Stop the practice immediately, restore interlock, provide a safe top-up procedure",Chain conveyor soap-tray station at LPG Bottling Plant found with the,Open
OIL-UC-3125,unsafe conditions,29-11-2024,Digboi Refinery,Battery Room,Scheduled maintenance walkdown,"Ventilation at Battery Room found non-functional for 179 hours, hydrogen off-gas levels not independently verified during that period. (noted by the on-duty area in-charge)",Critical,1,0.69,Process Safety,Chemical/Process (hydrogen off-gas),Absent - ventilation barrier down in a hydrogen-generating enclosed space,"Hydrogen accumulation reaches explosive concentration, ignition from a stray spark","Evacuate and ventilate immediately, do not re-energize charging until airflow confirmed",Ventilation at Battery Room found non-functional for 179 hours,Open
OIL-UC-3126,unsafe conditions,13-05-2026,Duliajan Oilfield,Wellhead Cluster 3,Shift changeover check,Work-platform edge protection at Wellhead Cluster 3 found removed for a maintenance activity 103 days ago and not yet reinstated.,Critical,1,0.64,Line of Fire,Gravity,Absent - fall-prevention barrier removed and not reinstated after work completed,"Fall from height at an active wellsite, potential fatality",Reinstate edge protection immediately or restrict access until it is,Work-platform edge protection at Wellhead Cluster 3 found removed for,Resolved
OIL-UC-3127,unsafe conditions,10-08-2026,Guwahati Pipeline Station,Pipeline ROW River Crossing,Pre-operation verification,"Pipeline right-of-way at Pipeline ROW River Crossing found with third-party excavation proceeding within 164 metres of the live line, no OIL representative present to verify line-locate markings. (flagged during the night-shift audit)",Critical,1,0.79,Process Safety,Mechanical/Gravity,Absent - third-party encroachment control not enforced near a live pipeline,"Excavation strikes the pipeline causing rupture, fire, or toxic release","Stop excavation immediately, verify line-locate markings, enforce ROW monitoring",Pipeline right-of-way at Pipeline ROW River Crossing found with third-,Open
OIL-UC-3128,unsafe conditions,14-08-2026,Digboi Refinery,Effluent Treatment Plant,Shift changeover check,"Slop-oil pump house near Effluent Treatment Plant found with its fixed fire-suppression system isolated for 64 days for unrelated maintenance, pumps remaining in active service. (flagged during the day-shift handover)",Critical,1,0.66,Emergency Response,Thermal,Absent - fire suppression barrier disabled while the hazard source remains live,Uncontrolled fire in the pump house given wet slop-oil vapor accumulation,Restore suppression system or take pumps out of service until it is back online,Slop-oil pump house near Effluent Treatment Plant found with its fixed,Open
OIL-UC-3129,unsafe conditions,30-12-2025,Jorhat Operations,Fire Station,Shift changeover check,"Fire tender at Fire Station found with its reverse-alarm and rear camera both non-functional for 102 days, vehicle still used for yard repositioning. (identified by a contractor supervisor's walkdown)",Critical,1,0.61,Line of Fire; Safe Driving,Mechanical Motion,Absent - reversing-hazard controls non-functional on an emergency-response vehicle,"Ground personnel struck during a reversing manoeuvre, potential fatality","Repair reverse-alarm and camera before further use, assign a spotter until fixed",Fire tender at Fire Station found with its reverse-alarm and rear came,Open
OIL-UC-3130,unsafe conditions,02-12-2024,Guwahati Pipeline Station,LCNG/LNG Dispensing Station,Audit/compliance walkthrough,"LCNG/LNG Dispensing Station found with a cryogenic leak-detection sensor reading a persistent fault code for 53 hours, dispensing continuing on manual override. (raised during a joint HSE-operations inspection)",Critical,1,0.8,Process Safety,Chemical/Process,Absent - leak-detection barrier down during continued dispensing operations,Undetected LNG/LCNG leak causes a vapor cloud fire or cold-burn exposure,"Suspend dispensing until sensor is repaired, do not rely on manual override",LCNG/LNG Dispensing Station found with a cryogenic leak-detection sens,Resolved
OIL-UC-3131,unsafe conditions,15-06-2026,Guwahati Pipeline Station,220kV Cable Trench (RCC),Emergency-readiness drill prep,220kV Cable Trench (RCC) found with fire-stop sealing missing at a joint bay for an estimated 176 metres of run. (noted by the on-duty area in-charge),Critical,1,0.7,Energy Isolation,Electrical,Absent - fire-barrier segmentation missing along a high-voltage cable route,"Cable fire propagates unimpeded along the trench, extended power loss and fire escalation",Install fire-stop sealing at the joint bay before the trench is closed up,220kV Cable Trench (RCC) found with fire-stop sealing missing at a joi,Open
OIL-UC-3132,unsafe conditions,26-08-2026,Guwahati Pipeline Station,Pipeline ROW River Crossing,Contractor oversight visit,"Cable-repair excavation along Pipeline ROW River Crossing found proceeding without a confirmed permit-to-work for 120 hours, crew working directly above the buried cable route.",Critical,1,0.63,Work Authorisation; Process Safety,Mechanical/Electrical,Absent - work-authorization barrier bypassed for excavation near live infrastructure,"Excavation strikes the buried cable or adjacent pipeline, electrocution or rupture risk","Halt excavation immediately, issue a verified permit before work resumes",Cable-repair excavation along Pipeline ROW River Crossing found procee,Open
OIL-UC-3133,unsafe conditions,24-08-2026,Guwahati Pipeline Station,Metering Skid,Emergency-readiness drill prep,"Hydrostatic test rig connected at Metering Skid found with its pressure-relief device rated below the intended test pressure by roughly 76%, test proceeding as scheduled. (flagged during the night-shift audit)",Critical,1,0.73,Process Safety,Mechanical/Pressure,Absent - overpressure protection mismatched to the planned test pressure,Uncontrolled overpressure during hydrostatic testing causes equipment rupture and projectile risk,"Stop the test immediately, verify relief-device rating before resuming",Hydrostatic test rig connected at Metering Skid found with its pressur,Open
OIL-UC-3134,unsafe conditions,11-03-2026,Digboi Refinery,Boiler House,Contractor oversight visit,"SRV (safety relief valve) calibration bench near Boiler House found with the isolation procedure incomplete, valve under test connected to a live line for 106 minutes before being noticed. (flagged during the day-shift handover)",Critical,1,0.69,Energy Isolation,Mechanical/Pressure,Absent - isolation barrier incomplete during safety-critical calibration work,"Uncontrolled release or valve ejection during calibration, technician injury","Stop calibration immediately, complete isolation verification before resuming",SRV (safety relief valve) calibration bench near Boiler House found wi,Resolved
OIL-UC-3135,unsafe conditions,05-11-2024,Offshore Rig-04,Main Deck Crane,Scheduled maintenance walkdown,"Hook-loaded crane at Main Deck Crane found operating with its load-moment indicator giving inconsistent readings, lift proceeding without a re-calibration check for 79 lifts. (identified by a contractor supervisor's walkdown)",Critical,1,0.64,Line of Fire; Lifting Operations,Mechanical (suspended load),Degraded - overload-protection barrier unreliable during active lifting,"Crane overload and structural failure or load drop onto personnel, potential fatality","Suspend lifting immediately, recalibrate load-moment indicator before further use",Hook-loaded crane at Main Deck Crane found operating with its load-mom,Open
OIL-UC-3136,unsafe conditions,03-09-2025,Offshore Rig-04,Drill Floor,Emergency-readiness drill prep,"Roustabout hatch/cover at Drill Floor found with a damaged locking mechanism, hatch left in a partially secured state for 110 hours during active deck operations. (raised during a joint HSE-operations inspection)",Critical,1,0.66,Line of Fire,Gravity,Absent - hatch retention barrier compromised during active operations,Hatch falls or dislodges onto personnel working below or nearby,"Secure or barricade the hatch immediately, repair locking mechanism before further use",Roustabout hatch/cover at Drill Floor found with a damaged locking mec,Open
OIL-UC-3137,unsafe conditions,30-11-2025,Offshore Rig-04,SPM Mooring Buoy Support Vessel,Pre-operation verification,"SPM Mooring Buoy Support Vessel found with its fixed fire-detection system in fault mode for 155 hours, maintenance work continuing aboard. (noted by the on-duty area in-charge)",Critical,1,0.71,Emergency Response,Thermal,Absent - fire-detection barrier non-functional aboard a vessel with active maintenance work,"Undetected fire aboard the vessel during maintenance, crew escape delayed",Repair detection system immediately or suspend maintenance until restored,SPM Mooring Buoy Support Vessel found with its fixed fire-detection sy,Open
OIL-UC-3138,unsafe conditions,09-12-2025,Guwahati Pipeline Station,TTPA (Tank Truck Parking Area),Emergency-readiness drill prep,"TTPA (Tank Truck Parking Area) found without a designated pedestrian walkway, drivers and ground staff crossing active vehicle movement lanes an estimated 131 times per shift.",Critical,1,0.73,Line of Fire; Safe Driving,Mechanical Motion,Absent - pedestrian/vehicle segregation barrier not provided in a high-traffic yard,"Ground personnel struck by a moving tank truck during yard manoeuvring, potential fatality",Mark and enforce a segregated pedestrian walkway before further movements,TTPA (Tank Truck Parking Area) found without a designated pedestrian w,Resolved
OIL-UC-3139,unsafe conditions,20-05-2026,Guwahati Pipeline Station,Pipeline ROW River Crossing,Emergency-readiness drill prep,"LPG pipeline route at Pipeline ROW River Crossing found being crossed by an unrelated soil-investigation drilling crew without a verified line-locate confirmation, drilling within an estimated 11 metres of the line. (flagged during the night-shift audit)",Critical,1,0.79,Process Safety; Work Authorisation,Chemical/Process,Absent - line-locate verification barrier not enforced ahead of third-party drilling,Drilling pierces the LPG pipeline causing a pressurized release and fire/explosion risk,"Stop drilling immediately, verify line-locate markings, do not resume without a confirmed permit",LPG pipeline route at Pipeline ROW River Crossing found being crossed,Open
OIL-UC-3140,unsafe conditions,27-08-2024,Moran Oilfield,Telescopic Mast Assembly,Audit/compliance walkthrough,"Telescopic mast assembly at Telescopic Mast Assembly found with 139 structural pins showing visible wear beyond tolerance during a pre-raise inspection, raise sequence not yet halted. (flagged during the day-shift handover)",Critical,1,0.72,Line of Fire; Lifting Operations,Mechanical/Gravity,Absent - mast structural integrity compromised before a raise operation,"Mast collapse during raising or drilling operations, potential multiple fatalities","Halt mast operations immediately, replace/inspect pins before any further raise",Telescopic mast assembly at Telescopic Mast Assembly found with 139 st,Open
OIL-UC-3141,unsafe conditions,12-04-2026,Offshore Rig-04,Catwalk / V-Door,Emergency-readiness drill prep,"Catwalk / V-door mechanism at Catwalk / V-Door found with the pipe-handling interlock bypassed to work around a fault, drill pipe transfer continuing for 29 shifts since. (identified by a contractor supervisor's walkdown)",Critical,1,0.63,Line of Fire,Mechanical/Gravity,Absent - pipe-handling safety interlock bypassed and left in place,"Uncontrolled pipe movement through the V-door strikes a floor hand, potential fatality","Stop catwalk operations, restore interlock, do not resume until function-tested",Catwalk / V-door mechanism at Catwalk / V-Door found with the pipe-han,Open
OIL-UC-3142,unsafe conditions,16-07-2024,Digboi Refinery,Reboiler Furnace Bay,Scheduled maintenance walkdown,"Reboiler furnace burner management system at Reboiler Furnace Bay found with the flame-failure trip disabled after a nuisance-trip incident 92 days ago, not yet re-enabled. (raised during a joint HSE-operations inspection)",Critical,1,0.72,Process Safety,Thermal/Chemical,Absent - flame-failure safety barrier disabled and left off,Undetected flame-out allows unburned hydrocarbon vapor release and re-ignition explosion,"Re-enable flame-failure trip immediately, investigate nuisance-trip cause separately",Reboiler furnace burner management system at Reboiler Furnace Bay foun,Resolved
OIL-UC-3143,unsafe conditions,15-07-2025,Digboi Refinery,Ethanol Storage Tanks,Contractor oversight visit,"Ethanol Storage Tanks found with its overfill high-high level switch untested for 146 months, tank continuing to receive scheduled fills. (noted by the on-duty area in-charge)",Critical,1,0.73,Process Safety,Chemical/Process,Absent - independent overfill barrier unverified during continued filling operations,"Tank overfill releases flammable vapor cloud, explosion and fire risk","Suspend further fills until switch is tested, prioritize immediate verification",Ethanol Storage Tanks found with its overfill high-high level switch u,Open
OIL-UC-3144,unsafe conditions,11-06-2024,Digboi Refinery,LPG Bottling Plant,Emergency-readiness drill prep,"Chain conveyor soap-tray station at LPG Bottling Plant found with the guard interlock defeated to allow soap-solution top-up during operation, observed on 86 occasions.",Critical,1,0.67,Line of Fire,Mechanical,Absent - moving-machinery guard interlock defeated during live operation,Entanglement injury to the person topping up the soap tray while conveyor is running,"Stop the practice immediately, restore interlock, provide a safe top-up procedure",Chain conveyor soap-tray station at LPG Bottling Plant found with the,Open
OIL-UC-3145,unsafe conditions,05-07-2026,Digboi Refinery,Battery Room,Shift changeover check,"Ventilation at Battery Room found non-functional for 27 hours, hydrogen off-gas levels not independently verified during that period. (flagged during the night-shift audit)",Critical,1,0.63,Process Safety,Chemical/Process (hydrogen off-gas),Absent - ventilation barrier down in a hydrogen-generating enclosed space,"Hydrogen accumulation reaches explosive concentration, ignition from a stray spark","Evacuate and ventilate immediately, do not re-energize charging until airflow confirmed",Ventilation at Battery Room found non-functional for 27 hours,Open
OIL-UC-3146,unsafe conditions,11-01-2026,Duliajan Oilfield,Wellhead Cluster 3,Audit/compliance walkthrough,Work-platform edge protection at Wellhead Cluster 3 found removed for a maintenance activity 134 days ago and not yet reinstated. (flagged during the day-shift handover),Critical,1,0.71,Line of Fire,Gravity,Absent - fall-prevention barrier removed and not reinstated after work completed,"Fall from height at an active wellsite, potential fatality",Reinstate edge protection immediately or restrict access until it is,Work-platform edge protection at Wellhead Cluster 3 found removed for,Resolved
OIL-UC-3147,unsafe conditions,18-09-2025,Guwahati Pipeline Station,Pipeline ROW River Crossing,Pre-operation verification,"Pipeline right-of-way at Pipeline ROW River Crossing found with third-party excavation proceeding within 58 metres of the live line, no OIL representative present to verify line-locate markings. (identified by a contractor supervisor's walkdown)",Critical,1,0.66,Process Safety,Mechanical/Gravity,Absent - third-party encroachment control not enforced near a live pipeline,"Excavation strikes the pipeline causing rupture, fire, or toxic release","Stop excavation immediately, verify line-locate markings, enforce ROW monitoring",Pipeline right-of-way at Pipeline ROW River Crossing found with third-,Open
OIL-UC-3148,unsafe conditions,02-11-2024,Digboi Refinery,Effluent Treatment Plant,Audit/compliance walkthrough,"Slop-oil pump house near Effluent Treatment Plant found with its fixed fire-suppression system isolated for 175 days for unrelated maintenance, pumps remaining in active service. (raised during a joint HSE-operations inspection)",Critical,1,0.73,Emergency Response,Thermal,Absent - fire suppression barrier disabled while the hazard source remains live,Uncontrolled fire in the pump house given wet slop-oil vapor accumulation,Restore suppression system or take pumps out of service until it is back online,Slop-oil pump house near Effluent Treatment Plant found with its fixed,Open
OIL-UC-3149,unsafe conditions,30-03-2025,Jorhat Operations,Fire Station,Routine inspection round,"Fire tender at Fire Station found with its reverse-alarm and rear camera both non-functional for 90 days, vehicle still used for yard repositioning. (noted by the on-duty area in-charge)",Critical,1,0.69,Line of Fire; Safe Driving,Mechanical Motion,Absent - reversing-hazard controls non-functional on an emergency-response vehicle,"Ground personnel struck during a reversing manoeuvre, potential fatality","Repair reverse-alarm and camera before further use, assign a spotter until fixed",Fire tender at Fire Station found with its reverse-alarm and rear came,Open
OIL-UC-3150,unsafe conditions,18-06-2026,Guwahati Pipeline Station,LCNG/LNG Dispensing Station,Routine inspection round,"LCNG/LNG Dispensing Station found with a cryogenic leak-detection sensor reading a persistent fault code for 108 hours, dispensing continuing on manual override.",Critical,1,0.61,Process Safety,Chemical/Process,Absent - leak-detection barrier down during continued dispensing operations,Undetected LNG/LCNG leak causes a vapor cloud fire or cold-burn exposure,"Suspend dispensing until sensor is repaired, do not rely on manual override",LCNG/LNG Dispensing Station found with a cryogenic leak-detection sens,Resolved
OIL-UC-3151,unsafe conditions,10-09-2025,Guwahati Pipeline Station,220kV Cable Trench (RCC),Shift changeover check,220kV Cable Trench (RCC) found with fire-stop sealing missing at a joint bay for an estimated 38 metres of run. (flagged during the night-shift audit),Critical,1,0.65,Energy Isolation,Electrical,Absent - fire-barrier segmentation missing along a high-voltage cable route,"Cable fire propagates unimpeded along the trench, extended power loss and fire escalation",Install fire-stop sealing at the joint bay before the trench is closed up,220kV Cable Trench (RCC) found with fire-stop sealing missing at a joi,Open
OIL-UC-3152,unsafe conditions,01-10-2025,Guwahati Pipeline Station,Pipeline ROW River Crossing,Audit/compliance walkthrough,"Cable-repair excavation along Pipeline ROW River Crossing found proceeding without a confirmed permit-to-work for 54 hours, crew working directly above the buried cable route. (flagged during the day-shift handover)",Critical,1,0.69,Work Authorisation; Process Safety,Mechanical/Electrical,Absent - work-authorization barrier bypassed for excavation near live infrastructure,"Excavation strikes the buried cable or adjacent pipeline, electrocution or rupture risk","Halt excavation immediately, issue a verified permit before work resumes",Cable-repair excavation along Pipeline ROW River Crossing found procee,Open
OIL-UC-3153,unsafe conditions,07-09-2025,Guwahati Pipeline Station,Metering Skid,Pre-operation verification,"Hydrostatic test rig connected at Metering Skid found with its pressure-relief device rated below the intended test pressure by roughly 26%, test proceeding as scheduled. (identified by a contractor supervisor's walkdown)",Critical,1,0.74,Process Safety,Mechanical/Pressure,Absent - overpressure protection mismatched to the planned test pressure,Uncontrolled overpressure during hydrostatic testing causes equipment rupture and projectile risk,"Stop the test immediately, verify relief-device rating before resuming",Hydrostatic test rig connected at Metering Skid found with its pressur,Open
OIL-UC-3154,unsafe conditions,29-05-2026,Digboi Refinery,Boiler House,Routine inspection round,"SRV (safety relief valve) calibration bench near Boiler House found with the isolation procedure incomplete, valve under test connected to a live line for 83 minutes before being noticed. (raised during a joint HSE-operations inspection)",Critical,1,0.65,Energy Isolation,Mechanical/Pressure,Absent - isolation barrier incomplete during safety-critical calibration work,"Uncontrolled release or valve ejection during calibration, technician injury","Stop calibration immediately, complete isolation verification before resuming",SRV (safety relief valve) calibration bench near Boiler House found wi,Resolved
OIL-UC-3155,unsafe conditions,26-03-2026,Offshore Rig-04,Main Deck Crane,Routine inspection round,"Hook-loaded crane at Main Deck Crane found operating with its load-moment indicator giving inconsistent readings, lift proceeding without a re-calibration check for 31 lifts. (noted by the on-duty area in-charge)",Critical,1,0.77,Line of Fire; Lifting Operations,Mechanical (suspended load),Degraded - overload-protection barrier unreliable during active lifting,"Crane overload and structural failure or load drop onto personnel, potential fatality","Suspend lifting immediately, recalibrate load-moment indicator before further use",Hook-loaded crane at Main Deck Crane found operating with its load-mom,Open
OIL-UC-3156,unsafe conditions,29-06-2026,Offshore Rig-04,Drill Floor,Contractor oversight visit,"Roustabout hatch/cover at Drill Floor found with a damaged locking mechanism, hatch left in a partially secured state for 29 hours during active deck operations.",Critical,1,0.76,Line of Fire,Gravity,Absent - hatch retention barrier compromised during active operations,Hatch falls or dislodges onto personnel working below or nearby,"Secure or barricade the hatch immediately, repair locking mechanism before further use",Roustabout hatch/cover at Drill Floor found with a damaged locking mec,Open
OIL-UC-3157,unsafe conditions,11-11-2024,Offshore Rig-04,SPM Mooring Buoy Support Vessel,Audit/compliance walkthrough,"SPM Mooring Buoy Support Vessel found with its fixed fire-detection system in fault mode for 64 hours, maintenance work continuing aboard. (flagged during the night-shift audit)",Critical,1,0.62,Emergency Response,Thermal,Absent - fire-detection barrier non-functional aboard a vessel with active maintenance work,"Undetected fire aboard the vessel during maintenance, crew escape delayed",Repair detection system immediately or suspend maintenance until restored,SPM Mooring Buoy Support Vessel found with its fixed fire-detection sy,Open
OIL-UC-3158,unsafe conditions,17-09-2025,Guwahati Pipeline Station,TTPA (Tank Truck Parking Area),Audit/compliance walkthrough,"TTPA (Tank Truck Parking Area) found without a designated pedestrian walkway, drivers and ground staff crossing active vehicle movement lanes an estimated 86 times per shift. (flagged during the day-shift handover)",Critical,1,0.67,Line of Fire; Safe Driving,Mechanical Motion,Absent - pedestrian/vehicle segregation barrier not provided in a high-traffic yard,"Ground personnel struck by a moving tank truck during yard manoeuvring, potential fatality",Mark and enforce a segregated pedestrian walkway before further movements,TTPA (Tank Truck Parking Area) found without a designated pedestrian w,Resolved
OIL-UC-3159,unsafe conditions,06-12-2024,Guwahati Pipeline Station,Pipeline ROW River Crossing,Emergency-readiness drill prep,"LPG pipeline route at Pipeline ROW River Crossing found being crossed by an unrelated soil-investigation drilling crew without a verified line-locate confirmation, drilling within an estimated 61 metres of the line. (identified by a contractor supervisor's walkdown)",Critical,1,0.67,Process Safety; Work Authorisation,Chemical/Process,Absent - line-locate verification barrier not enforced ahead of third-party drilling,Drilling pierces the LPG pipeline causing a pressurized release and fire/explosion risk,"Stop drilling immediately, verify line-locate markings, do not resume without a confirmed permit",LPG pipeline route at Pipeline ROW River Crossing found being crossed,Open
OIL-UC-3160,unsafe conditions,11-07-2025,Moran Oilfield,Telescopic Mast Assembly,Contractor oversight visit,"Telescopic mast assembly at Telescopic Mast Assembly found with 49 structural pins showing visible wear beyond tolerance during a pre-raise inspection, raise sequence not yet halted. (raised during a joint HSE-operations inspection)",Critical,1,0.72,Line of Fire; Lifting Operations,Mechanical/Gravity,Absent - mast structural integrity compromised before a raise operation,"Mast collapse during raising or drilling operations, potential multiple fatalities","Halt mast operations immediately, replace/inspect pins before any further raise",Telescopic mast assembly at Telescopic Mast Assembly found with 49 str,Open
OIL-UC-3161,unsafe conditions,20-12-2024,Offshore Rig-04,Catwalk / V-Door,Contractor oversight visit,"Catwalk / V-door mechanism at Catwalk / V-Door found with the pipe-handling interlock bypassed to work around a fault, drill pipe transfer continuing for 9 shifts since. (noted by the on-duty area in-charge)",Critical,1,0.72,Line of Fire,Mechanical/Gravity,Absent - pipe-handling safety interlock bypassed and left in place,"Uncontrolled pipe movement through the V-door strikes a floor hand, potential fatality","Stop catwalk operations, restore interlock, do not resume until function-tested",Catwalk / V-door mechanism at Catwalk / V-Door found with the pipe-han,Open
OIL-UC-3162,unsafe conditions,05-06-2024,Digboi Refinery,Reboiler Furnace Bay,Audit/compliance walkthrough,"Reboiler furnace burner management system at Reboiler Furnace Bay found with the flame-failure trip disabled after a nuisance-trip incident 117 days ago, not yet re-enabled.",Critical,1,0.67,Process Safety,Thermal/Chemical,Absent - flame-failure safety barrier disabled and left off,Undetected flame-out allows unburned hydrocarbon vapor release and re-ignition explosion,"Re-enable flame-failure trip immediately, investigate nuisance-trip cause separately",Reboiler furnace burner management system at Reboiler Furnace Bay foun,Resolved
OIL-UC-3163,unsafe conditions,22-05-2026,Digboi Refinery,Ethanol Storage Tanks,Scheduled maintenance walkdown,"Ethanol Storage Tanks found with its overfill high-high level switch untested for 56 months, tank continuing to receive scheduled fills. (flagged during the night-shift audit)",Critical,1,0.64,Process Safety,Chemical/Process,Absent - independent overfill barrier unverified during continued filling operations,"Tank overfill releases flammable vapor cloud, explosion and fire risk","Suspend further fills until switch is tested, prioritize immediate verification",Ethanol Storage Tanks found with its overfill high-high level switch u,Open
OIL-UC-3164,unsafe conditions,02-12-2025,Digboi Refinery,LPG Bottling Plant,Audit/compliance walkthrough,"Chain conveyor soap-tray station at LPG Bottling Plant found with the guard interlock defeated to allow soap-solution top-up during operation, observed on 18 occasions. (flagged during the day-shift handover)",Critical,1,0.6,Line of Fire,Mechanical,Absent - moving-machinery guard interlock defeated during live operation,Entanglement injury to the person topping up the soap tray while conveyor is running,"Stop the practice immediately, restore interlock, provide a safe top-up procedure",Chain conveyor soap-tray station at LPG Bottling Plant found with the,Open
OIL-UC-3165,unsafe conditions,12-09-2025,Digboi Refinery,Battery Room,Shift changeover check,"Ventilation at Battery Room found non-functional for 49 hours, hydrogen off-gas levels not independently verified during that period. (identified by a contractor supervisor's walkdown)",Critical,1,0.65,Process Safety,Chemical/Process (hydrogen off-gas),Absent - ventilation barrier down in a hydrogen-generating enclosed space,"Hydrogen accumulation reaches explosive concentration, ignition from a stray spark","Evacuate and ventilate immediately, do not re-energize charging until airflow confirmed",Ventilation at Battery Room found non-functional for 49 hours,Open
OIL-UC-3166,unsafe conditions,15-10-2025,Duliajan Oilfield,Wellhead Cluster 3,Shift changeover check,Work-platform edge protection at Wellhead Cluster 3 found removed for a maintenance activity 31 days ago and not yet reinstated. (raised during a joint HSE-operations inspection),Critical,1,0.73,Line of Fire,Gravity,Absent - fall-prevention barrier removed and not reinstated after work completed,"Fall from height at an active wellsite, potential fatality",Reinstate edge protection immediately or restrict access until it is,Work-platform edge protection at Wellhead Cluster 3 found removed for,Resolved
OIL-UC-3167,unsafe conditions,03-07-2025,Guwahati Pipeline Station,Pipeline ROW River Crossing,Contractor oversight visit,"Pipeline right-of-way at Pipeline ROW River Crossing found with third-party excavation proceeding within 137 metres of the live line, no OIL representative present to verify line-locate markings. (noted by the on-duty area in-charge)",Critical,1,0.65,Process Safety,Mechanical/Gravity,Absent - third-party encroachment control not enforced near a live pipeline,"Excavation strikes the pipeline causing rupture, fire, or toxic release","Stop excavation immediately, verify line-locate markings, enforce ROW monitoring",Pipeline right-of-way at Pipeline ROW River Crossing found with third-,Open
OIL-UC-3168,unsafe conditions,23-05-2025,Digboi Refinery,Effluent Treatment Plant,Pre-operation verification,"Slop-oil pump house near Effluent Treatment Plant found with its fixed fire-suppression system isolated for 158 days for unrelated maintenance, pumps remaining in active service.",Critical,1,0.71,Emergency Response,Thermal,Absent - fire suppression barrier disabled while the hazard source remains live,Uncontrolled fire in the pump house given wet slop-oil vapor accumulation,Restore suppression system or take pumps out of service until it is back online,Slop-oil pump house near Effluent Treatment Plant found with its fixed,Open
OIL-UC-3169,unsafe conditions,24-11-2024,Jorhat Operations,Fire Station,Emergency-readiness drill prep,"Fire tender at Fire Station found with its reverse-alarm and rear camera both non-functional for 92 days, vehicle still used for yard repositioning. (flagged during the night-shift audit)",Critical,1,0.68,Line of Fire; Safe Driving,Mechanical Motion,Absent - reversing-hazard controls non-functional on an emergency-response vehicle,"Ground personnel struck during a reversing manoeuvre, potential fatality","Repair reverse-alarm and camera before further use, assign a spotter until fixed",Fire tender at Fire Station found with its reverse-alarm and rear came,Open
OIL-UC-3170,unsafe conditions,20-02-2026,Guwahati Pipeline Station,LCNG/LNG Dispensing Station,Contractor oversight visit,"LCNG/LNG Dispensing Station found with a cryogenic leak-detection sensor reading a persistent fault code for 174 hours, dispensing continuing on manual override. (flagged during the day-shift handover)",Critical,1,0.76,Process Safety,Chemical/Process,Absent - leak-detection barrier down during continued dispensing operations,Undetected LNG/LCNG leak causes a vapor cloud fire or cold-burn exposure,"Suspend dispensing until sensor is repaired, do not rely on manual override",LCNG/LNG Dispensing Station found with a cryogenic leak-detection sens,Resolved
OIL-UC-3171,unsafe conditions,17-04-2025,Guwahati Pipeline Station,220kV Cable Trench (RCC),Routine inspection round,220kV Cable Trench (RCC) found with fire-stop sealing missing at a joint bay for an estimated 153 metres of run. (identified by a contractor supervisor's walkdown),Critical,1,0.73,Energy Isolation,Electrical,Absent - fire-barrier segmentation missing along a high-voltage cable route,"Cable fire propagates unimpeded along the trench, extended power loss and fire escalation",Install fire-stop sealing at the joint bay before the trench is closed up,220kV Cable Trench (RCC) found with fire-stop sealing missing at a joi,Open
OIL-UC-3172,unsafe conditions,05-12-2024,Guwahati Pipeline Station,Pipeline ROW River Crossing,Scheduled maintenance walkdown,"Cable-repair excavation along Pipeline ROW River Crossing found proceeding without a confirmed permit-to-work for 32 hours, crew working directly above the buried cable route. (raised during a joint HSE-operations inspection)",Critical,1,0.65,Work Authorisation; Process Safety,Mechanical/Electrical,Absent - work-authorization barrier bypassed for excavation near live infrastructure,"Excavation strikes the buried cable or adjacent pipeline, electrocution or rupture risk","Halt excavation immediately, issue a verified permit before work resumes",Cable-repair excavation along Pipeline ROW River Crossing found procee,Open
OIL-UC-3173,unsafe conditions,03-07-2025,Guwahati Pipeline Station,Metering Skid,Contractor oversight visit,"Hydrostatic test rig connected at Metering Skid found with its pressure-relief device rated below the intended test pressure by roughly 97%, test proceeding as scheduled. (noted by the on-duty area in-charge)",Critical,1,0.61,Process Safety,Mechanical/Pressure,Absent - overpressure protection mismatched to the planned test pressure,Uncontrolled overpressure during hydrostatic testing causes equipment rupture and projectile risk,"Stop the test immediately, verify relief-device rating before resuming",Hydrostatic test rig connected at Metering Skid found with its pressur,Open
OIL-UC-3174,unsafe conditions,28-06-2025,Digboi Refinery,Boiler House,Audit/compliance walkthrough,"SRV (safety relief valve) calibration bench near Boiler House found with the isolation procedure incomplete, valve under test connected to a live line for 109 minutes before being noticed.",Critical,1,0.61,Energy Isolation,Mechanical/Pressure,Absent - isolation barrier incomplete during safety-critical calibration work,"Uncontrolled release or valve ejection during calibration, technician injury","Stop calibration immediately, complete isolation verification before resuming",SRV (safety relief valve) calibration bench near Boiler House found wi,Resolved
OIL-UC-3175,unsafe conditions,03-12-2025,Offshore Rig-04,Main Deck Crane,Scheduled maintenance walkdown,"Hook-loaded crane at Main Deck Crane found operating with its load-moment indicator giving inconsistent readings, lift proceeding without a re-calibration check for 110 lifts. (flagged during the night-shift audit)",Critical,1,0.69,Line of Fire; Lifting Operations,Mechanical (suspended load),Degraded - overload-protection barrier unreliable during active lifting,"Crane overload and structural failure or load drop onto personnel, potential fatality","Suspend lifting immediately, recalibrate load-moment indicator before further use",Hook-loaded crane at Main Deck Crane found operating with its load-mom,Open
OIL-UC-3176,unsafe conditions,25-11-2024,Offshore Rig-04,Drill Floor,Contractor oversight visit,"Roustabout hatch/cover at Drill Floor found with a damaged locking mechanism, hatch left in a partially secured state for 179 hours during active deck operations. (flagged during the day-shift handover)",Critical,1,0.78,Line of Fire,Gravity,Absent - hatch retention barrier compromised during active operations,Hatch falls or dislodges onto personnel working below or nearby,"Secure or barricade the hatch immediately, repair locking mechanism before further use",Roustabout hatch/cover at Drill Floor found with a damaged locking mec,Open
OIL-UC-3177,unsafe conditions,22-10-2024,Offshore Rig-04,SPM Mooring Buoy Support Vessel,Scheduled maintenance walkdown,"SPM Mooring Buoy Support Vessel found with its fixed fire-detection system in fault mode for 144 hours, maintenance work continuing aboard. (identified by a contractor supervisor's walkdown)",Critical,1,0.69,Emergency Response,Thermal,Absent - fire-detection barrier non-functional aboard a vessel with active maintenance work,"Undetected fire aboard the vessel during maintenance, crew escape delayed",Repair detection system immediately or suspend maintenance until restored,SPM Mooring Buoy Support Vessel found with its fixed fire-detection sy,Open
OIL-UC-3178,unsafe conditions,25-02-2026,Guwahati Pipeline Station,TTPA (Tank Truck Parking Area),Shift changeover check,"TTPA (Tank Truck Parking Area) found without a designated pedestrian walkway, drivers and ground staff crossing active vehicle movement lanes an estimated 49 times per shift. (raised during a joint HSE-operations inspection)",Critical,1,0.77,Line of Fire; Safe Driving,Mechanical Motion,Absent - pedestrian/vehicle segregation barrier not provided in a high-traffic yard,"Ground personnel struck by a moving tank truck during yard manoeuvring, potential fatality",Mark and enforce a segregated pedestrian walkway before further movements,TTPA (Tank Truck Parking Area) found without a designated pedestrian w,Resolved
OIL-UC-3179,unsafe conditions,10-06-2024,Guwahati Pipeline Station,Pipeline ROW River Crossing,Emergency-readiness drill prep,"LPG pipeline route at Pipeline ROW River Crossing found being crossed by an unrelated soil-investigation drilling crew without a verified line-locate confirmation, drilling within an estimated 15 metres of the line. (noted by the on-duty area in-charge)",Critical,1,0.66,Process Safety; Work Authorisation,Chemical/Process,Absent - line-locate verification barrier not enforced ahead of third-party drilling,Drilling pierces the LPG pipeline causing a pressurized release and fire/explosion risk,"Stop drilling immediately, verify line-locate markings, do not resume without a confirmed permit",LPG pipeline route at Pipeline ROW River Crossing found being crossed,Open
OIL-UC-3180,unsafe conditions,29-06-2025,Moran Oilfield,Telescopic Mast Assembly,Scheduled maintenance walkdown,"Telescopic mast assembly at Telescopic Mast Assembly found with 126 structural pins showing visible wear beyond tolerance during a pre-raise inspection, raise sequence not yet halted.",Critical,1,0.62,Line of Fire; Lifting Operations,Mechanical/Gravity,Absent - mast structural integrity compromised before a raise operation,"Mast collapse during raising or drilling operations, potential multiple fatalities","Halt mast operations immediately, replace/inspect pins before any further raise",Telescopic mast assembly at Telescopic Mast Assembly found with 126 st,Open
OIL-UC-3181,unsafe conditions,24-07-2025,Offshore Rig-04,Catwalk / V-Door,Audit/compliance walkthrough,"Catwalk / V-door mechanism at Catwalk / V-Door found with the pipe-handling interlock bypassed to work around a fault, drill pipe transfer continuing for 145 shifts since. (flagged during the night-shift audit)",Critical,1,0.72,Line of Fire,Mechanical/Gravity,Absent - pipe-handling safety interlock bypassed and left in place,"Uncontrolled pipe movement through the V-door strikes a floor hand, potential fatality","Stop catwalk operations, restore interlock, do not resume until function-tested",Catwalk / V-door mechanism at Catwalk / V-Door found with the pipe-han,Open
OIL-UC-3182,unsafe conditions,29-08-2025,Digboi Refinery,Reboiler Furnace Bay,Pre-operation verification,"Reboiler furnace burner management system at Reboiler Furnace Bay found with the flame-failure trip disabled after a nuisance-trip incident 177 days ago, not yet re-enabled. (flagged during the day-shift handover)",Critical,1,0.67,Process Safety,Thermal/Chemical,Absent - flame-failure safety barrier disabled and left off,Undetected flame-out allows unburned hydrocarbon vapor release and re-ignition explosion,"Re-enable flame-failure trip immediately, investigate nuisance-trip cause separately",Reboiler furnace burner management system at Reboiler Furnace Bay foun,Resolved
OIL-UC-3183,unsafe conditions,02-07-2024,Digboi Refinery,Ethanol Storage Tanks,Scheduled maintenance walkdown,"Ethanol Storage Tanks found with its overfill high-high level switch untested for 127 months, tank continuing to receive scheduled fills. (identified by a contractor supervisor's walkdown)",Critical,1,0.6,Process Safety,Chemical/Process,Absent - independent overfill barrier unverified during continued filling operations,"Tank overfill releases flammable vapor cloud, explosion and fire risk","Suspend further fills until switch is tested, prioritize immediate verification",Ethanol Storage Tanks found with its overfill high-high level switch u,Open
OIL-UC-3184,unsafe conditions,17-01-2025,Digboi Refinery,LPG Bottling Plant,Shift changeover check,"Chain conveyor soap-tray station at LPG Bottling Plant found with the guard interlock defeated to allow soap-solution top-up during operation, observed on 58 occasions. (raised during a joint HSE-operations inspection)",Critical,1,0.59,Line of Fire,Mechanical,Absent - moving-machinery guard interlock defeated during live operation,Entanglement injury to the person topping up the soap tray while conveyor is running,"Stop the practice immediately, restore interlock, provide a safe top-up procedure",Chain conveyor soap-tray station at LPG Bottling Plant found with the,Open
OIL-UC-3185,unsafe conditions,12-09-2025,Digboi Refinery,Battery Room,Shift changeover check,"Ventilation at Battery Room found non-functional for 139 hours, hydrogen off-gas levels not independently verified during that period. (noted by the on-duty area in-charge)",Critical,1,0.62,Process Safety,Chemical/Process (hydrogen off-gas),Absent - ventilation barrier down in a hydrogen-generating enclosed space,"Hydrogen accumulation reaches explosive concentration, ignition from a stray spark","Evacuate and ventilate immediately, do not re-energize charging until airflow confirmed",Ventilation at Battery Room found non-functional for 139 hours,Open
OIL-UC-3186,unsafe conditions,21-10-2025,Duliajan Oilfield,Wellhead Cluster 3,Contractor oversight visit,Work-platform edge protection at Wellhead Cluster 3 found removed for a maintenance activity 146 days ago and not yet reinstated.,Critical,1,0.75,Line of Fire,Gravity,Absent - fall-prevention barrier removed and not reinstated after work completed,"Fall from height at an active wellsite, potential fatality",Reinstate edge protection immediately or restrict access until it is,Work-platform edge protection at Wellhead Cluster 3 found removed for,Resolved
OIL-UC-3187,unsafe conditions,25-09-2024,Guwahati Pipeline Station,Pipeline ROW River Crossing,Audit/compliance walkthrough,"Pipeline right-of-way at Pipeline ROW River Crossing found with third-party excavation proceeding within 142 metres of the live line, no OIL representative present to verify line-locate markings. (flagged during the night-shift audit)",Critical,1,0.6,Process Safety,Mechanical/Gravity,Absent - third-party encroachment control not enforced near a live pipeline,"Excavation strikes the pipeline causing rupture, fire, or toxic release","Stop excavation immediately, verify line-locate markings, enforce ROW monitoring",Pipeline right-of-way at Pipeline ROW River Crossing found with third-,Open
OIL-UC-3188,unsafe conditions,11-06-2025,Digboi Refinery,Effluent Treatment Plant,Emergency-readiness drill prep,"Slop-oil pump house near Effluent Treatment Plant found with its fixed fire-suppression system isolated for 70 days for unrelated maintenance, pumps remaining in active service. (flagged during the day-shift handover)",Critical,1,0.7,Emergency Response,Thermal,Absent - fire suppression barrier disabled while the hazard source remains live,Uncontrolled fire in the pump house given wet slop-oil vapor accumulation,Restore suppression system or take pumps out of service until it is back online,Slop-oil pump house near Effluent Treatment Plant found with its fixed,Open
OIL-UC-3189,unsafe conditions,19-07-2026,Jorhat Operations,Fire Station,Emergency-readiness drill prep,"Fire tender at Fire Station found with its reverse-alarm and rear camera both non-functional for 140 days, vehicle still used for yard repositioning. (identified by a contractor supervisor's walkdown)",Critical,1,0.75,Line of Fire; Safe Driving,Mechanical Motion,Absent - reversing-hazard controls non-functional on an emergency-response vehicle,"Ground personnel struck during a reversing manoeuvre, potential fatality","Repair reverse-alarm and camera before further use, assign a spotter until fixed",Fire tender at Fire Station found with its reverse-alarm and rear came,Open
OIL-UC-3190,unsafe conditions,10-08-2025,Guwahati Pipeline Station,LCNG/LNG Dispensing Station,Audit/compliance walkthrough,"LCNG/LNG Dispensing Station found with a cryogenic leak-detection sensor reading a persistent fault code for 114 hours, dispensing continuing on manual override. (raised during a joint HSE-operations inspection)",Critical,1,0.63,Process Safety,Chemical/Process,Absent - leak-detection barrier down during continued dispensing operations,Undetected LNG/LCNG leak causes a vapor cloud fire or cold-burn exposure,"Suspend dispensing until sensor is repaired, do not rely on manual override",LCNG/LNG Dispensing Station found with a cryogenic leak-detection sens,Resolved
OIL-UC-3191,unsafe conditions,10-07-2026,Guwahati Pipeline Station,220kV Cable Trench (RCC),Contractor oversight visit,220kV Cable Trench (RCC) found with fire-stop sealing missing at a joint bay for an estimated 28 metres of run. (noted by the on-duty area in-charge),Critical,1,0.76,Energy Isolation,Electrical,Absent - fire-barrier segmentation missing along a high-voltage cable route,"Cable fire propagates unimpeded along the trench, extended power loss and fire escalation",Install fire-stop sealing at the joint bay before the trench is closed up,220kV Cable Trench (RCC) found with fire-stop sealing missing at a joi,Open
OIL-UC-3192,unsafe conditions,04-07-2024,Guwahati Pipeline Station,Pipeline ROW River Crossing,Shift changeover check,"Cable-repair excavation along Pipeline ROW River Crossing found proceeding without a confirmed permit-to-work for 65 hours, crew working directly above the buried cable route.",Critical,1,0.77,Work Authorisation; Process Safety,Mechanical/Electrical,Absent - work-authorization barrier bypassed for excavation near live infrastructure,"Excavation strikes the buried cable or adjacent pipeline, electrocution or rupture risk","Halt excavation immediately, issue a verified permit before work resumes",Cable-repair excavation along Pipeline ROW River Crossing found procee,Open
OIL-UC-3193,unsafe conditions,29-08-2024,Guwahati Pipeline Station,Metering Skid,Shift changeover check,"Hydrostatic test rig connected at Metering Skid found with its pressure-relief device rated below the intended test pressure by roughly 117%, test proceeding as scheduled. (flagged during the night-shift audit)",Critical,1,0.66,Process Safety,Mechanical/Pressure,Absent - overpressure protection mismatched to the planned test pressure,Uncontrolled overpressure during hydrostatic testing causes equipment rupture and projectile risk,"Stop the test immediately, verify relief-device rating before resuming",Hydrostatic test rig connected at Metering Skid found with its pressur,Open
OIL-UC-3194,unsafe conditions,04-08-2026,Digboi Refinery,Boiler House,Emergency-readiness drill prep,"SRV (safety relief valve) calibration bench near Boiler House found with the isolation procedure incomplete, valve under test connected to a live line for 114 minutes before being noticed. (flagged during the day-shift handover)",Critical,1,0.8,Energy Isolation,Mechanical/Pressure,Absent - isolation barrier incomplete during safety-critical calibration work,"Uncontrolled release or valve ejection during calibration, technician injury","Stop calibration immediately, complete isolation verification before resuming",SRV (safety relief valve) calibration bench near Boiler House found wi,Resolved
OIL-UC-3195,unsafe conditions,24-01-2026,Offshore Rig-04,Main Deck Crane,Scheduled maintenance walkdown,"Hook-loaded crane at Main Deck Crane found operating with its load-moment indicator giving inconsistent readings, lift proceeding without a re-calibration check for 62 lifts. (identified by a contractor supervisor's walkdown)",Critical,1,0.76,Line of Fire; Lifting Operations,Mechanical (suspended load),Degraded - overload-protection barrier unreliable during active lifting,"Crane overload and structural failure or load drop onto personnel, potential fatality","Suspend lifting immediately, recalibrate load-moment indicator before further use",Hook-loaded crane at Main Deck Crane found operating with its load-mom,Open
OIL-UC-3196,unsafe conditions,15-02-2026,Offshore Rig-04,Drill Floor,Shift changeover check,"Roustabout hatch/cover at Drill Floor found with a damaged locking mechanism, hatch left in a partially secured state for 178 hours during active deck operations. (raised during a joint HSE-operations inspection)",Critical,1,0.77,Line of Fire,Gravity,Absent - hatch retention barrier compromised during active operations,Hatch falls or dislodges onto personnel working below or nearby,"Secure or barricade the hatch immediately, repair locking mechanism before further use",Roustabout hatch/cover at Drill Floor found with a damaged locking mec,Open
OIL-UC-3197,unsafe conditions,21-10-2024,Offshore Rig-04,SPM Mooring Buoy Support Vessel,Pre-operation verification,"SPM Mooring Buoy Support Vessel found with its fixed fire-detection system in fault mode for 163 hours, maintenance work continuing aboard. (noted by the on-duty area in-charge)",Critical,1,0.62,Emergency Response,Thermal,Absent - fire-detection barrier non-functional aboard a vessel with active maintenance work,"Undetected fire aboard the vessel during maintenance, crew escape delayed",Repair detection system immediately or suspend maintenance until restored,SPM Mooring Buoy Support Vessel found with its fixed fire-detection sy,Open
OIL-UC-3198,unsafe conditions,31-07-2024,Guwahati Pipeline Station,TTPA (Tank Truck Parking Area),Emergency-readiness drill prep,"TTPA (Tank Truck Parking Area) found without a designated pedestrian walkway, drivers and ground staff crossing active vehicle movement lanes an estimated 54 times per shift.",Critical,1,0.63,Line of Fire; Safe Driving,Mechanical Motion,Absent - pedestrian/vehicle segregation barrier not provided in a high-traffic yard,"Ground personnel struck by a moving tank truck during yard manoeuvring, potential fatality",Mark and enforce a segregated pedestrian walkway before further movements,TTPA (Tank Truck Parking Area) found without a designated pedestrian w,Resolved
OIL-UC-3199,unsafe conditions,02-02-2026,Guwahati Pipeline Station,Pipeline ROW River Crossing,Shift changeover check,"LPG pipeline route at Pipeline ROW River Crossing found being crossed by an unrelated soil-investigation drilling crew without a verified line-locate confirmation, drilling within an estimated 147 metres of the line. (flagged during the night-shift audit)",Critical,1,0.7,Process Safety; Work Authorisation,Chemical/Process,Absent - line-locate verification barrier not enforced ahead of third-party drilling,Drilling pierces the LPG pipeline causing a pressurized release and fire/explosion risk,"Stop drilling immediately, verify line-locate markings, do not resume without a confirmed permit",LPG pipeline route at Pipeline ROW River Crossing found being crossed,Open
OIL-UC-3200,unsafe conditions,22-05-2026,Moran Oilfield,Telescopic Mast Assembly,Scheduled maintenance walkdown,"Telescopic mast assembly at Telescopic Mast Assembly found with 139 structural pins showing visible wear beyond tolerance during a pre-raise inspection, raise sequence not yet halted. (flagged during the day-shift handover)",Critical,1,0.65,Line of Fire; Lifting Operations,Mechanical/Gravity,Absent - mast structural integrity compromised before a raise operation,"Mast collapse during raising or drilling operations, potential multiple fatalities","Halt mast operations immediately, replace/inspect pins before any further raise",Telescopic mast assembly at Telescopic Mast Assembly found with 139 st,Open
OIL-UC-3201,unsafe conditions,09-11-2025,Offshore Rig-04,Catwalk / V-Door,Shift changeover check,"Catwalk / V-door mechanism at Catwalk / V-Door found with the pipe-handling interlock bypassed to work around a fault, drill pipe transfer continuing for 76 shifts since. (identified by a contractor supervisor's walkdown)",Critical,1,0.71,Line of Fire,Mechanical/Gravity,Absent - pipe-handling safety interlock bypassed and left in place,"Uncontrolled pipe movement through the V-door strikes a floor hand, potential fatality","Stop catwalk operations, restore interlock, do not resume until function-tested",Catwalk / V-door mechanism at Catwalk / V-Door found with the pipe-han,Open
OIL-UC-3202,unsafe conditions,09-07-2026,Digboi Refinery,Reboiler Furnace Bay,Emergency-readiness drill prep,"Reboiler furnace burner management system at Reboiler Furnace Bay found with the flame-failure trip disabled after a nuisance-trip incident 175 days ago, not yet re-enabled. (raised during a joint HSE-operations inspection)",Critical,1,0.6,Process Safety,Thermal/Chemical,Absent - flame-failure safety barrier disabled and left off,Undetected flame-out allows unburned hydrocarbon vapor release and re-ignition explosion,"Re-enable flame-failure trip immediately, investigate nuisance-trip cause separately",Reboiler furnace burner management system at Reboiler Furnace Bay foun,Resolved
OIL-UC-3203,unsafe conditions,03-04-2026,Digboi Refinery,Ethanol Storage Tanks,Routine inspection round,"Ethanol Storage Tanks found with its overfill high-high level switch untested for 107 months, tank continuing to receive scheduled fills. (noted by the on-duty area in-charge)",Critical,1,0.8,Process Safety,Chemical/Process,Absent - independent overfill barrier unverified during continued filling operations,"Tank overfill releases flammable vapor cloud, explosion and fire risk","Suspend further fills until switch is tested, prioritize immediate verification",Ethanol Storage Tanks found with its overfill high-high level switch u,Open
OIL-UC-3204,unsafe conditions,11-02-2025,Digboi Refinery,LPG Bottling Plant,Contractor oversight visit,"Chain conveyor soap-tray station at LPG Bottling Plant found with the guard interlock defeated to allow soap-solution top-up during operation, observed on 34 occasions.",Critical,1,0.77,Line of Fire,Mechanical,Absent - moving-machinery guard interlock defeated during live operation,Entanglement injury to the person topping up the soap tray while conveyor is running,"Stop the practice immediately, restore interlock, provide a safe top-up procedure",Chain conveyor soap-tray station at LPG Bottling Plant found with the,Open
OIL-UC-3205,unsafe conditions,09-02-2025,Digboi Refinery,Battery Room,Contractor oversight visit,"Ventilation at Battery Room found non-functional for 39 hours, hydrogen off-gas levels not independently verified during that period. (flagged during the night-shift audit)",Critical,1,0.65,Process Safety,Chemical/Process (hydrogen off-gas),Absent - ventilation barrier down in a hydrogen-generating enclosed space,"Hydrogen accumulation reaches explosive concentration, ignition from a stray spark","Evacuate and ventilate immediately, do not re-energize charging until airflow confirmed",Ventilation at Battery Room found non-functional for 39 hours,Open
OIL-UC-3206,unsafe conditions,13-01-2026,Duliajan Oilfield,Wellhead Cluster 3,Pre-operation verification,Work-platform edge protection at Wellhead Cluster 3 found removed for a maintenance activity 175 days ago and not yet reinstated. (flagged during the day-shift handover),Critical,1,0.69,Line of Fire,Gravity,Absent - fall-prevention barrier removed and not reinstated after work completed,"Fall from height at an active wellsite, potential fatality",Reinstate edge protection immediately or restrict access until it is,Work-platform edge protection at Wellhead Cluster 3 found removed for,Resolved
OIL-UC-3207,unsafe conditions,20-06-2025,Guwahati Pipeline Station,Pipeline ROW River Crossing,Shift changeover check,"Pipeline right-of-way at Pipeline ROW River Crossing found with third-party excavation proceeding within 163 metres of the live line, no OIL representative present to verify line-locate markings. (identified by a contractor supervisor's walkdown)",Critical,1,0.72,Process Safety,Mechanical/Gravity,Absent - third-party encroachment control not enforced near a live pipeline,"Excavation strikes the pipeline causing rupture, fire, or toxic release","Stop excavation immediately, verify line-locate markings, enforce ROW monitoring",Pipeline right-of-way at Pipeline ROW River Crossing found with third-,Open
OIL-UC-3208,unsafe conditions,28-07-2026,Digboi Refinery,Effluent Treatment Plant,Routine inspection round,"Slop-oil pump house near Effluent Treatment Plant found with its fixed fire-suppression system isolated for 117 days for unrelated maintenance, pumps remaining in active service. (raised during a joint HSE-operations inspection)",Critical,1,0.72,Emergency Response,Thermal,Absent - fire suppression barrier disabled while the hazard source remains live,Uncontrolled fire in the pump house given wet slop-oil vapor accumulation,Restore suppression system or take pumps out of service until it is back online,Slop-oil pump house near Effluent Treatment Plant found with its fixed,Open
OIL-UC-3209,unsafe conditions,12-03-2025,Jorhat Operations,Fire Station,Pre-operation verification,"Fire tender at Fire Station found with its reverse-alarm and rear camera both non-functional for 25 days, vehicle still used for yard repositioning. (noted by the on-duty area in-charge)",Critical,1,0.69,Line of Fire; Safe Driving,Mechanical Motion,Absent - reversing-hazard controls non-functional on an emergency-response vehicle,"Ground personnel struck during a reversing manoeuvre, potential fatality","Repair reverse-alarm and camera before further use, assign a spotter until fixed",Fire tender at Fire Station found with its reverse-alarm and rear came,Open
OIL-UC-3210,unsafe conditions,13-10-2025,Guwahati Pipeline Station,LCNG/LNG Dispensing Station,Shift changeover check,"LCNG/LNG Dispensing Station found with a cryogenic leak-detection sensor reading a persistent fault code for 179 hours, dispensing continuing on manual override.",Critical,1,0.68,Process Safety,Chemical/Process,Absent - leak-detection barrier down during continued dispensing operations,Undetected LNG/LCNG leak causes a vapor cloud fire or cold-burn exposure,"Suspend dispensing until sensor is repaired, do not rely on manual override",LCNG/LNG Dispensing Station found with a cryogenic leak-detection sens,Resolved
OIL-UC-3211,unsafe conditions,02-08-2026,Guwahati Pipeline Station,220kV Cable Trench (RCC),Audit/compliance walkthrough,220kV Cable Trench (RCC) found with fire-stop sealing missing at a joint bay for an estimated 85 metres of run. (flagged during the night-shift audit),Critical,1,0.58,Energy Isolation,Electrical,Absent - fire-barrier segmentation missing along a high-voltage cable route,"Cable fire propagates unimpeded along the trench, extended power loss and fire escalation",Install fire-stop sealing at the joint bay before the trench is closed up,220kV Cable Trench (RCC) found with fire-stop sealing missing at a joi,Open
OIL-UC-3212,unsafe conditions,13-03-2026,Guwahati Pipeline Station,Pipeline ROW River Crossing,Contractor oversight visit,"Cable-repair excavation along Pipeline ROW River Crossing found proceeding without a confirmed permit-to-work for 25 hours, crew working directly above the buried cable route. (flagged during the day-shift handover)",Critical,1,0.79,Work Authorisation; Process Safety,Mechanical/Electrical,Absent - work-authorization barrier bypassed for excavation near live infrastructure,"Excavation strikes the buried cable or adjacent pipeline, electrocution or rupture risk","Halt excavation immediately, issue a verified permit before work resumes",Cable-repair excavation along Pipeline ROW River Crossing found procee,Open
OIL-UC-3213,unsafe conditions,04-08-2024,Guwahati Pipeline Station,Metering Skid,Contractor oversight visit,"Hydrostatic test rig connected at Metering Skid found with its pressure-relief device rated below the intended test pressure by roughly 172%, test proceeding as scheduled. (identified by a contractor supervisor's walkdown)",Critical,1,0.66,Process Safety,Mechanical/Pressure,Absent - overpressure protection mismatched to the planned test pressure,Uncontrolled overpressure during hydrostatic testing causes equipment rupture and projectile risk,"Stop the test immediately, verify relief-device rating before resuming",Hydrostatic test rig connected at Metering Skid found with its pressur,Open
OIL-UC-3214,unsafe conditions,14-08-2025,Digboi Refinery,Boiler House,Pre-operation verification,"SRV (safety relief valve) calibration bench near Boiler House found with the isolation procedure incomplete, valve under test connected to a live line for 138 minutes before being noticed. (raised during a joint HSE-operations inspection)",Critical,1,0.63,Energy Isolation,Mechanical/Pressure,Absent - isolation barrier incomplete during safety-critical calibration work,"Uncontrolled release or valve ejection during calibration, technician injury","Stop calibration immediately, complete isolation verification before resuming",SRV (safety relief valve) calibration bench near Boiler House found wi,Resolved
OIL-UC-3215,unsafe conditions,18-03-2025,Offshore Rig-04,Main Deck Crane,Pre-operation verification,"Hook-loaded crane at Main Deck Crane found operating with its load-moment indicator giving inconsistent readings, lift proceeding without a re-calibration check for 56 lifts. (noted by the on-duty area in-charge)",Critical,1,0.64,Line of Fire; Lifting Operations,Mechanical (suspended load),Degraded - overload-protection barrier unreliable during active lifting,"Crane overload and structural failure or load drop onto personnel, potential fatality","Suspend lifting immediately, recalibrate load-moment indicator before further use",Hook-loaded crane at Main Deck Crane found operating with its load-mom,Open
OIL-UC-3216,unsafe conditions,01-01-2026,Offshore Rig-04,Drill Floor,Audit/compliance walkthrough,"Roustabout hatch/cover at Drill Floor found with a damaged locking mechanism, hatch left in a partially secured state for 88 hours during active deck operations.",Critical,1,0.71,Line of Fire,Gravity,Absent - hatch retention barrier compromised during active operations,Hatch falls or dislodges onto personnel working below or nearby,"Secure or barricade the hatch immediately, repair locking mechanism before further use",Roustabout hatch/cover at Drill Floor found with a damaged locking mec,Open
OIL-UC-3217,unsafe conditions,30-04-2026,Offshore Rig-04,SPM Mooring Buoy Support Vessel,Emergency-readiness drill prep,"SPM Mooring Buoy Support Vessel found with its fixed fire-detection system in fault mode for 126 hours, maintenance work continuing aboard. (flagged during the night-shift audit)",Critical,1,0.66,Emergency Response,Thermal,Absent - fire-detection barrier non-functional aboard a vessel with active maintenance work,"Undetected fire aboard the vessel during maintenance, crew escape delayed",Repair detection system immediately or suspend maintenance until restored,SPM Mooring Buoy Support Vessel found with its fixed fire-detection sy,Open
OIL-UC-3218,unsafe conditions,12-08-2026,Guwahati Pipeline Station,TTPA (Tank Truck Parking Area),Routine inspection round,"TTPA (Tank Truck Parking Area) found without a designated pedestrian walkway, drivers and ground staff crossing active vehicle movement lanes an estimated 14 times per shift. (flagged during the day-shift handover)",Critical,1,0.6,Line of Fire; Safe Driving,Mechanical Motion,Absent - pedestrian/vehicle segregation barrier not provided in a high-traffic yard,"Ground personnel struck by a moving tank truck during yard manoeuvring, potential fatality",Mark and enforce a segregated pedestrian walkway before further movements,TTPA (Tank Truck Parking Area) found without a designated pedestrian w,Resolved
OIL-UC-3219,unsafe conditions,09-11-2024,Guwahati Pipeline Station,Pipeline ROW River Crossing,Routine inspection round,"LPG pipeline route at Pipeline ROW River Crossing found being crossed by an unrelated soil-investigation drilling crew without a verified line-locate confirmation, drilling within an estimated 119 metres of the line. (identified by a contractor supervisor's walkdown)",Critical,1,0.61,Process Safety; Work Authorisation,Chemical/Process,Absent - line-locate verification barrier not enforced ahead of third-party drilling,Drilling pierces the LPG pipeline causing a pressurized release and fire/explosion risk,"Stop drilling immediately, verify line-locate markings, do not resume without a confirmed permit",LPG pipeline route at Pipeline ROW River Crossing found being crossed,Open
OIL-UC-3220,unsafe conditions,13-08-2025,Moran Oilfield,Telescopic Mast Assembly,Pre-operation verification,"Telescopic mast assembly at Telescopic Mast Assembly found with 114 structural pins showing visible wear beyond tolerance during a pre-raise inspection, raise sequence not yet halted. (raised during a joint HSE-operations inspection)",Critical,1,0.58,Line of Fire; Lifting Operations,Mechanical/Gravity,Absent - mast structural integrity compromised before a raise operation,"Mast collapse during raising or drilling operations, potential multiple fatalities","Halt mast operations immediately, replace/inspect pins before any further raise",Telescopic mast assembly at Telescopic Mast Assembly found with 114 st,Open
OIL-UC-3221,unsafe conditions,28-03-2026,Offshore Rig-04,Catwalk / V-Door,Contractor oversight visit,"Catwalk / V-door mechanism at Catwalk / V-Door found with the pipe-handling interlock bypassed to work around a fault, drill pipe transfer continuing for 53 shifts since. (noted by the on-duty area in-charge)",Critical,1,0.78,Line of Fire,Mechanical/Gravity,Absent - pipe-handling safety interlock bypassed and left in place,"Uncontrolled pipe movement through the V-door strikes a floor hand, potential fatality","Stop catwalk operations, restore interlock, do not resume until function-tested",Catwalk / V-door mechanism at Catwalk / V-Door found with the pipe-han,Open
OIL-UC-3222,unsafe conditions,08-03-2025,Digboi Refinery,Reboiler Furnace Bay,Scheduled maintenance walkdown,"Reboiler furnace burner management system at Reboiler Furnace Bay found with the flame-failure trip disabled after a nuisance-trip incident 79 days ago, not yet re-enabled.",Critical,1,0.77,Process Safety,Thermal/Chemical,Absent - flame-failure safety barrier disabled and left off,Undetected flame-out allows unburned hydrocarbon vapor release and re-ignition explosion,"Re-enable flame-failure trip immediately, investigate nuisance-trip cause separately",Reboiler furnace burner management system at Reboiler Furnace Bay foun,Resolved
OIL-UC-3223,unsafe conditions,24-08-2024,Digboi Refinery,Ethanol Storage Tanks,Contractor oversight visit,"Ethanol Storage Tanks found with its overfill high-high level switch untested for 25 months, tank continuing to receive scheduled fills. (flagged during the night-shift audit)",Critical,1,0.66,Process Safety,Chemical/Process,Absent - independent overfill barrier unverified during continued filling operations,"Tank overfill releases flammable vapor cloud, explosion and fire risk","Suspend further fills until switch is tested, prioritize immediate verification",Ethanol Storage Tanks found with its overfill high-high level switch u,Open
OIL-UC-3224,unsafe conditions,17-11-2024,Digboi Refinery,LPG Bottling Plant,Contractor oversight visit,"Chain conveyor soap-tray station at LPG Bottling Plant found with the guard interlock defeated to allow soap-solution top-up during operation, observed on 97 occasions. (flagged during the day-shift handover)",Critical,1,0.78,Line of Fire,Mechanical,Absent - moving-machinery guard interlock defeated during live operation,Entanglement injury to the person topping up the soap tray while conveyor is running,"Stop the practice immediately, restore interlock, provide a safe top-up procedure",Chain conveyor soap-tray station at LPG Bottling Plant found with the,Open
OIL-UC-3225,unsafe conditions,14-06-2026,Digboi Refinery,Battery Room,Pre-operation verification,"Ventilation at Battery Room found non-functional for 15 hours, hydrogen off-gas levels not independently verified during that period. (identified by a contractor supervisor's walkdown)",Critical,1,0.72,Process Safety,Chemical/Process (hydrogen off-gas),Absent - ventilation barrier down in a hydrogen-generating enclosed space,"Hydrogen accumulation reaches explosive concentration, ignition from a stray spark","Evacuate and ventilate immediately, do not re-energize charging until airflow confirmed",Ventilation at Battery Room found non-functional for 15 hours,Open
OIL-UC-3226,unsafe conditions,22-05-2026,Duliajan Oilfield,Wellhead Cluster 3,Pre-operation verification,Work-platform edge protection at Wellhead Cluster 3 found removed for a maintenance activity 61 days ago and not yet reinstated. (raised during a joint HSE-operations inspection),Critical,1,0.72,Line of Fire,Gravity,Absent - fall-prevention barrier removed and not reinstated after work completed,"Fall from height at an active wellsite, potential fatality",Reinstate edge protection immediately or restrict access until it is,Work-platform edge protection at Wellhead Cluster 3 found removed for,Resolved
OIL-UC-3227,unsafe conditions,19-08-2024,Guwahati Pipeline Station,Pipeline ROW River Crossing,Routine inspection round,"Pipeline right-of-way at Pipeline ROW River Crossing found with third-party excavation proceeding within 26 metres of the live line, no OIL representative present to verify line-locate markings. (noted by the on-duty area in-charge)",Critical,1,0.63,Process Safety,Mechanical/Gravity,Absent - third-party encroachment control not enforced near a live pipeline,"Excavation strikes the pipeline causing rupture, fire, or toxic release","Stop excavation immediately, verify line-locate markings, enforce ROW monitoring",Pipeline right-of-way at Pipeline ROW River Crossing found with third-,Open
OIL-UC-3228,unsafe conditions,28-04-2026,Digboi Refinery,Effluent Treatment Plant,Audit/compliance walkthrough,"Slop-oil pump house near Effluent Treatment Plant found with its fixed fire-suppression system isolated for 35 days for unrelated maintenance, pumps remaining in active service.",Critical,1,0.63,Emergency Response,Thermal,Absent - fire suppression barrier disabled while the hazard source remains live,Uncontrolled fire in the pump house given wet slop-oil vapor accumulation,Restore suppression system or take pumps out of service until it is back online,Slop-oil pump house near Effluent Treatment Plant found with its fixed,Open
OIL-UC-3229,unsafe conditions,18-05-2025,Jorhat Operations,Fire Station,Routine inspection round,"Fire tender at Fire Station found with its reverse-alarm and rear camera both non-functional for 115 days, vehicle still used for yard repositioning. (flagged during the night-shift audit)",Critical,1,0.58,Line of Fire; Safe Driving,Mechanical Motion,Absent - reversing-hazard controls non-functional on an emergency-response vehicle,"Ground personnel struck during a reversing manoeuvre, potential fatality","Repair reverse-alarm and camera before further use, assign a spotter until fixed",Fire tender at Fire Station found with its reverse-alarm and rear came,Open
OIL-UC-3230,unsafe conditions,14-10-2024,Guwahati Pipeline Station,LCNG/LNG Dispensing Station,Emergency-readiness drill prep,"LCNG/LNG Dispensing Station found with a cryogenic leak-detection sensor reading a persistent fault code for 32 hours, dispensing continuing on manual override. (flagged during the day-shift handover)",Critical,1,0.67,Process Safety,Chemical/Process,Absent - leak-detection barrier down during continued dispensing operations,Undetected LNG/LCNG leak causes a vapor cloud fire or cold-burn exposure,"Suspend dispensing until sensor is repaired, do not rely on manual override",LCNG/LNG Dispensing Station found with a cryogenic leak-detection sens,Resolved
OIL-UC-3231,unsafe conditions,31-08-2024,Guwahati Pipeline Station,220kV Cable Trench (RCC),Routine inspection round,220kV Cable Trench (RCC) found with fire-stop sealing missing at a joint bay for an estimated 124 metres of run. (identified by a contractor supervisor's walkdown),Critical,1,0.63,Energy Isolation,Electrical,Absent - fire-barrier segmentation missing along a high-voltage cable route,"Cable fire propagates unimpeded along the trench, extended power loss and fire escalation",Install fire-stop sealing at the joint bay before the trench is closed up,220kV Cable Trench (RCC) found with fire-stop sealing missing at a joi,Open
OIL-UC-3232,unsafe conditions,03-04-2025,Guwahati Pipeline Station,Pipeline ROW River Crossing,Routine inspection round,"Cable-repair excavation along Pipeline ROW River Crossing found proceeding without a confirmed permit-to-work for 28 hours, crew working directly above the buried cable route. (raised during a joint HSE-operations inspection)",Critical,1,0.65,Work Authorisation; Process Safety,Mechanical/Electrical,Absent - work-authorization barrier bypassed for excavation near live infrastructure,"Excavation strikes the buried cable or adjacent pipeline, electrocution or rupture risk","Halt excavation immediately, issue a verified permit before work resumes",Cable-repair excavation along Pipeline ROW River Crossing found procee,Open
OIL-UC-3233,unsafe conditions,12-07-2026,Guwahati Pipeline Station,Metering Skid,Pre-operation verification,"Hydrostatic test rig connected at Metering Skid found with its pressure-relief device rated below the intended test pressure by roughly 37%, test proceeding as scheduled. (noted by the on-duty area in-charge)",Critical,1,0.75,Process Safety,Mechanical/Pressure,Absent - overpressure protection mismatched to the planned test pressure,Uncontrolled overpressure during hydrostatic testing causes equipment rupture and projectile risk,"Stop the test immediately, verify relief-device rating before resuming",Hydrostatic test rig connected at Metering Skid found with its pressur,Open
OIL-UC-3234,unsafe conditions,25-10-2024,Digboi Refinery,Boiler House,Contractor oversight visit,"SRV (safety relief valve) calibration bench near Boiler House found with the isolation procedure incomplete, valve under test connected to a live line for 36 minutes before being noticed.",Critical,1,0.8,Energy Isolation,Mechanical/Pressure,Absent - isolation barrier incomplete during safety-critical calibration work,"Uncontrolled release or valve ejection during calibration, technician injury","Stop calibration immediately, complete isolation verification before resuming",SRV (safety relief valve) calibration bench near Boiler House found wi,Resolved
OIL-UC-3235,unsafe conditions,15-02-2026,Offshore Rig-04,Main Deck Crane,Audit/compliance walkthrough,"Hook-loaded crane at Main Deck Crane found operating with its load-moment indicator giving inconsistent readings, lift proceeding without a re-calibration check for 19 lifts. (flagged during the night-shift audit)",Critical,1,0.7,Line of Fire; Lifting Operations,Mechanical (suspended load),Degraded - overload-protection barrier unreliable during active lifting,"Crane overload and structural failure or load drop onto personnel, potential fatality","Suspend lifting immediately, recalibrate load-moment indicator before further use",Hook-loaded crane at Main Deck Crane found operating with its load-mom,Open
OIL-UC-3236,unsafe conditions,10-06-2026,Offshore Rig-04,Drill Floor,Scheduled maintenance walkdown,"Roustabout hatch/cover at Drill Floor found with a damaged locking mechanism, hatch left in a partially secured state for 168 hours during active deck operations. (flagged during the day-shift handover)",Critical,1,0.68,Line of Fire,Gravity,Absent - hatch retention barrier compromised during active operations,Hatch falls or dislodges onto personnel working below or nearby,"Secure or barricade the hatch immediately, repair locking mechanism before further use",Roustabout hatch/cover at Drill Floor found with a damaged locking mec,Open
OIL-UC-3237,unsafe conditions,27-07-2025,Offshore Rig-04,SPM Mooring Buoy Support Vessel,Contractor oversight visit,"SPM Mooring Buoy Support Vessel found with its fixed fire-detection system in fault mode for 56 hours, maintenance work continuing aboard. (identified by a contractor supervisor's walkdown)",Critical,1,0.74,Emergency Response,Thermal,Absent - fire-detection barrier non-functional aboard a vessel with active maintenance work,"Undetected fire aboard the vessel during maintenance, crew escape delayed",Repair detection system immediately or suspend maintenance until restored,SPM Mooring Buoy Support Vessel found with its fixed fire-detection sy,Open
OIL-UC-3238,unsafe conditions,09-01-2025,Guwahati Pipeline Station,TTPA (Tank Truck Parking Area),Contractor oversight visit,"TTPA (Tank Truck Parking Area) found without a designated pedestrian walkway, drivers and ground staff crossing active vehicle movement lanes an estimated 159 times per shift. (raised during a joint HSE-operations inspection)",Critical,1,0.68,Line of Fire; Safe Driving,Mechanical Motion,Absent - pedestrian/vehicle segregation barrier not provided in a high-traffic yard,"Ground personnel struck by a moving tank truck during yard manoeuvring, potential fatality",Mark and enforce a segregated pedestrian walkway before further movements,TTPA (Tank Truck Parking Area) found without a designated pedestrian w,Resolved
OIL-UC-3239,unsafe conditions,05-10-2024,Guwahati Pipeline Station,Pipeline ROW River Crossing,Routine inspection round,"LPG pipeline route at Pipeline ROW River Crossing found being crossed by an unrelated soil-investigation drilling crew without a verified line-locate confirmation, drilling within an estimated 24 metres of the line. (noted by the on-duty area in-charge)",Critical,1,0.61,Process Safety; Work Authorisation,Chemical/Process,Absent - line-locate verification barrier not enforced ahead of third-party drilling,Drilling pierces the LPG pipeline causing a pressurized release and fire/explosion risk,"Stop drilling immediately, verify line-locate markings, do not resume without a confirmed permit",LPG pipeline route at Pipeline ROW River Crossing found being crossed,Open
OIL-UC-3240,unsafe conditions,14-08-2025,Moran Oilfield,Telescopic Mast Assembly,Contractor oversight visit,"Telescopic mast assembly at Telescopic Mast Assembly found with 152 structural pins showing visible wear beyond tolerance during a pre-raise inspection, raise sequence not yet halted.",Critical,1,0.66,Line of Fire; Lifting Operations,Mechanical/Gravity,Absent - mast structural integrity compromised before a raise operation,"Mast collapse during raising or drilling operations, potential multiple fatalities","Halt mast operations immediately, replace/inspect pins before any further raise",Telescopic mast assembly at Telescopic Mast Assembly found with 152 st,Open
OIL-UC-3241,unsafe conditions,11-03-2025,Offshore Rig-04,Catwalk / V-Door,Emergency-readiness drill prep,"Catwalk / V-door mechanism at Catwalk / V-Door found with the pipe-handling interlock bypassed to work around a fault, drill pipe transfer continuing for 82 shifts since. (flagged during the night-shift audit)",Critical,1,0.61,Line of Fire,Mechanical/Gravity,Absent - pipe-handling safety interlock bypassed and left in place,"Uncontrolled pipe movement through the V-door strikes a floor hand, potential fatality","Stop catwalk operations, restore interlock, do not resume until function-tested",Catwalk / V-door mechanism at Catwalk / V-Door found with the pipe-han,Open
OIL-UC-3242,unsafe conditions,06-02-2026,Digboi Refinery,Reboiler Furnace Bay,Routine inspection round,"Reboiler furnace burner management system at Reboiler Furnace Bay found with the flame-failure trip disabled after a nuisance-trip incident 167 days ago, not yet re-enabled. (flagged during the day-shift handover)",Critical,1,0.63,Process Safety,Thermal/Chemical,Absent - flame-failure safety barrier disabled and left off,Undetected flame-out allows unburned hydrocarbon vapor release and re-ignition explosion,"Re-enable flame-failure trip immediately, investigate nuisance-trip cause separately",Reboiler furnace burner management system at Reboiler Furnace Bay foun,Resolved
OIL-UC-3243,unsafe conditions,07-08-2026,Digboi Refinery,Ethanol Storage Tanks,Contractor oversight visit,"Ethanol Storage Tanks found with its overfill high-high level switch untested for 155 months, tank continuing to receive scheduled fills. (identified by a contractor supervisor's walkdown)",Critical,1,0.71,Process Safety,Chemical/Process,Absent - independent overfill barrier unverified during continued filling operations,"Tank overfill releases flammable vapor cloud, explosion and fire risk","Suspend further fills until switch is tested, prioritize immediate verification",Ethanol Storage Tanks found with its overfill high-high level switch u,Open
OIL-UC-3244,unsafe conditions,06-04-2026,Digboi Refinery,LPG Bottling Plant,Routine inspection round,"Chain conveyor soap-tray station at LPG Bottling Plant found with the guard interlock defeated to allow soap-solution top-up during operation, observed on 178 occasions. (raised during a joint HSE-operations inspection)",Critical,1,0.77,Line of Fire,Mechanical,Absent - moving-machinery guard interlock defeated during live operation,Entanglement injury to the person topping up the soap tray while conveyor is running,"Stop the practice immediately, restore interlock, provide a safe top-up procedure",Chain conveyor soap-tray station at LPG Bottling Plant found with the,Open
OIL-UC-3245,unsafe conditions,04-11-2025,Digboi Refinery,Battery Room,Scheduled maintenance walkdown,"Ventilation at Battery Room found non-functional for 79 hours, hydrogen off-gas levels not independently verified during that period. (noted by the on-duty area in-charge)",Critical,1,0.69,Process Safety,Chemical/Process (hydrogen off-gas),Absent - ventilation barrier down in a hydrogen-generating enclosed space,"Hydrogen accumulation reaches explosive concentration, ignition from a stray spark","Evacuate and ventilate immediately, do not re-energize charging until airflow confirmed",Ventilation at Battery Room found non-functional for 79 hours,Open
OIL-UC-3246,unsafe conditions,24-03-2026,Duliajan Oilfield,Wellhead Cluster 3,Contractor oversight visit,Work-platform edge protection at Wellhead Cluster 3 found removed for a maintenance activity 50 days ago and not yet reinstated.,Critical,1,0.67,Line of Fire,Gravity,Absent - fall-prevention barrier removed and not reinstated after work completed,"Fall from height at an active wellsite, potential fatality",Reinstate edge protection immediately or restrict access until it is,Work-platform edge protection at Wellhead Cluster 3 found removed for,Resolved
OIL-UC-3247,unsafe conditions,01-02-2025,Guwahati Pipeline Station,Pipeline ROW River Crossing,Emergency-readiness drill prep,"Pipeline right-of-way at Pipeline ROW River Crossing found with third-party excavation proceeding within 15 metres of the live line, no OIL representative present to verify line-locate markings. (flagged during the night-shift audit)",Critical,1,0.78,Process Safety,Mechanical/Gravity,Absent - third-party encroachment control not enforced near a live pipeline,"Excavation strikes the pipeline causing rupture, fire, or toxic release","Stop excavation immediately, verify line-locate markings, enforce ROW monitoring",Pipeline right-of-way at Pipeline ROW River Crossing found with third-,Open
OIL-UC-3248,unsafe conditions,25-10-2025,Digboi Refinery,Effluent Treatment Plant,Pre-operation verification,"Slop-oil pump house near Effluent Treatment Plant found with its fixed fire-suppression system isolated for 128 days for unrelated maintenance, pumps remaining in active service. (flagged during the day-shift handover)",Critical,1,0.6,Emergency Response,Thermal,Absent - fire suppression barrier disabled while the hazard source remains live,Uncontrolled fire in the pump house given wet slop-oil vapor accumulation,Restore suppression system or take pumps out of service until it is back online,Slop-oil pump house near Effluent Treatment Plant found with its fixed,Open
OIL-UC-3249,unsafe conditions,13-06-2024,Jorhat Operations,Fire Station,Audit/compliance walkthrough,"Fire tender at Fire Station found with its reverse-alarm and rear camera both non-functional for 165 days, vehicle still used for yard repositioning. (identified by a contractor supervisor's walkdown)",Critical,1,0.6,Line of Fire; Safe Driving,Mechanical Motion,Absent - reversing-hazard controls non-functional on an emergency-response vehicle,"Ground personnel struck during a reversing manoeuvre, potential fatality","Repair reverse-alarm and camera before further use, assign a spotter until fixed",Fire tender at Fire Station found with its reverse-alarm and rear came,Open
