report_id,site,activity,description_raw,binary_sif,sif_probability,priority
OIL-UC-0101,Duliajan Oilfield,Wellhead pressure monitoring,H2S gas detector alarm at wellhead cluster found set to silent/bypass mode during routine patrol; no work order raised to restore audible alarm.,1,0.64,High
OIL-UC-0102,Digboi Refinery,Piping inspection,"External corrosion observed on a process piping elbow near CDU, insulation jacket torn and inspection tag shows date overdue by 6 months.",1,0.6,High
OIL-UC-0103,Jorhat Operations,Electrical maintenance walkdown,Cable gland at substation switchgear found cracked with visible insulation exposed; area not cordoned off or tagged out.,1,0.58,Medium
OIL-UC-0104,Moran Oilfield,Mud circulation monitoring,"Guardrail section on mud pit platform (working height 2.2 m) missing after recent maintenance, no barricade or warning tape installed in its place.",1,0.53,Medium
OIL-UC-0105,Offshore Rig-04,Heavy lift / material transfer,"Crane sling for the main deck lift showing frayed strands beyond the discard criteria in the rigging inspection log, still in active use.",1,0.71,High
OIL-UC-0106,Guwahati Pipeline Station,Cathodic protection monitoring,Cathodic protection rectifier at Valve Station 2 reading zero output for over a week; corrosion monitoring log shows no follow-up action logged.,1,0.36,Medium
OIL-UC-0107,Duliajan Oilfield,Confined space entry preparation,Confined space entry permit for produced water tank cleaning issued without a documented gas test result in the last 2 hours as required by procedure.,1,0.55,Medium
OIL-UC-0108,Digboi Refinery,Flare system monitoring,Flare pilot light monitoring camera at the refinery flare stack found non-functional for 5 days; control room relying on periodic visual walk-checks only.,1,0.31,Medium
OIL-UC-0109,Jorhat Operations,Battery charging,Forklift battery charging bay found with charging in progress despite the ventilation extractor fan being switched off due to a tripped breaker.,1,0.34,Medium
OIL-UC-0110,Moran Oilfield,Blowout preventer readiness check,"BOP (blowout preventer) function test at the drilling rig found overdue against the scheduled interval, well continuing to be drilled without the test being performed.",1,0.74,High
OIL-UC-0111,Duliajan Oilfield,Well testing,Pressure gauge on wellhead choke manifold found with cracked glass face and no isolation valve tested in past 6 months.,1,0.56,Medium
OIL-UC-0112,Duliajan Oilfield,Oil-water separation,"Relief valve on production separator found rusted shut during walkdown, unable to lift when manually tested.",1,0.7,High
OIL-UC-0113,Digboi Refinery,Catalyst handling,Nitrogen purge line for catalyst regeneration found with a damaged check valve allowing possible backflow of hydrocarbon vapor.,1,0.52,Medium
OIL-UC-0114,Digboi Refinery,Product blending,Static electricity bonding cable at the blending manifold found disconnected at one end.,1,0.5,Medium
OIL-UC-0115,Jorhat Operations,Grinding operation,Grinding wheel guard on bench grinder found removed; operator observed working without eye protection nearby.,1,0.3,Medium
OIL-UC-0116,Jorhat Operations,Backup power testing,Diesel generator exhaust routed close to a flammable material storage shed with less than 1 m clearance.,1,0.33,Medium
OIL-UC-0117,Moran Oilfield,Rig up activity,Scaffold plank on rig substructure found split and taped over rather than replaced.,1,0.48,Medium
OIL-UC-0118,Moran Oilfield,Gas monitoring,Combustible gas detector inside mud logging cabin showing 'sensor fault' error for over 24 hours with no replacement sensor requested.,1,0.51,Medium
OIL-UC-0119,Offshore Rig-04,Helicopter operations,Helideck firefighting foam monitor found with expired inspection tag and low foam concentrate level.,1,0.65,High
OIL-UC-0120,Offshore Rig-04,Mud pumping,Mud pump room ventilation fan found seized; room temperature significantly elevated during operation.,1,0.29,Low
OIL-UC-0121,Guwahati Pipeline Station,Pigging operation,"Pig launcher pressure gauge and vent valve found with no recent calibration record, launcher opened without confirming zero pressure via a second method.",1,0.6,High
OIL-UC-0122,Guwahati Pipeline Station,Custody transfer metering,"Metering skid enclosure found with door interlock defeated using tape, allowing access while skid was energized.",1,0.35,Medium
OIL-UC-0123,Duliajan Oilfield,Flowline inspection,"Flowline right-of-way found with unauthorized excavation by a third party within 5 m of the pipeline, no OIL representative present.",1,0.49,Medium
OIL-UC-0124,Duliajan Oilfield,Compression operation,"Compressor vibration monitoring system alarm disabled by operator to avoid nuisance trips during a difficult startup, not re-enabled after startup completed.",1,0.5,Medium
OIL-UC-0125,Digboi Refinery,Steam generation,Boiler safety valve test overdue by 3 months; boiler continues to operate at full pressure.,1,0.68,High
OIL-UC-0126,Digboi Refinery,Wastewater handling,Handrail around the aeration tank at ETP found corroded through in one section.,1,0.31,Medium
OIL-UC-0127,Jorhat Operations,Drum storage,Flammable liquid drums stored in the open yard without secondary containment or spill berm.,1,0.3,Medium
OIL-UC-0128,Jorhat Operations,Vehicle jacking/lifting,Vehicle lift found operating past its annual load-test certification date with no re-test scheduled.,1,0.28,Low
OIL-UC-0129,Moran Oilfield,Snubbing operation,"Snubbing unit anchor bolts found loose during pre-job inspection, job proceeding on schedule without torque re-check.",1,0.66,High
OIL-UC-0130,Moran Oilfield,Diesel storage,Diesel storage tank at field camp found without a fire extinguisher within the mandated 15 m radius.,0,0.15,Low
OIL-UC-0131,Offshore Rig-04,Fire safety systems,"Smoke detector in accommodation corridor found covered with tape, apparently to stop false alarms.",1,0.33,Medium
OIL-UC-0132,Offshore Rig-04,ROV operations,"Moon pool guard grating found with a missing panel section, unguarded opening over open water.",1,0.47,Medium
OIL-UC-0133,Guwahati Pipeline Station,Remote monitoring,"SCADA leak-detection software flagged as running on an unsupported, unpatched version for over a year.",1,0.32,Medium
OIL-UC-0134,Guwahati Pipeline Station,Emergency shutdown testing,"Remote-operated block valve failed to close fully during scheduled ESD test, left in partially open position afterward.",1,0.62,High
OIL-UC-0135,Duliajan Oilfield,Tank gauging,"Tank overfill protection (independent high-high level switch) on Tank 3 found bypassed with a jumper wire during a previous maintenance activity, not removed.",1,0.7,High
OIL-UC-0136,Duliajan Oilfield,Heavy vehicle movement,"Access road to Wellpad 7 has a washed-out culvert crossing after recent rain, heavy vehicles continuing to use the route.",1,0.3,Medium
OIL-UC-0137,Digboi Refinery,Cylinder filling,"LPG cylinder filling scale found reading inconsistently, operators compensating by filling 'by feel' rather than recalibrating.",1,0.45,Medium
OIL-UC-0138,Digboi Refinery,Water treatment,"Cooling tower access platform found with algae buildup making the walking surface visibly slippery, no anti-slip treatment applied.",0,0.14,Low
OIL-UC-0139,Jorhat Operations,Material storage,"Pallet racking at the warehouse found with a bent support beam on the second level, no inspection or load-reduction action taken.",1,0.34,Medium
OIL-UC-0140,Jorhat Operations,Cylinder storage,Oxygen and acetylene cylinders found stored together in the same cage without the required separation distance.,1,0.3,Medium
OIL-UC-0141,Moran Oilfield,Well testing,Well test separator pressure relief discharge line found routed toward an occupied walkway rather than to a safe location.,1,0.46,Medium
OIL-UC-0142,Moran Oilfield,Tanker unloading,Tanker unloading bay found without a wheel chock in use while hose connection was in progress.,1,0.27,Low
OIL-UC-0143,Offshore Rig-04,Emergency preparedness,"Lifeboat davit found with a hydraulic fluid leak, lowering mechanism response noticeably slower than normal during routine drill.",1,0.44,Medium
OIL-UC-0144,Offshore Rig-04,Pipe handling,"Pipe handling elevator latch found not engaging fully on inspection, crew reported compensating manually.",1,0.5,Medium
OIL-UC-0145,Guwahati Pipeline Station,Fire protection,"Fire water pump found in 'manual only' mode with auto-start disabled, no compensating watch posted.",1,0.6,High
OIL-UC-0146,Guwahati Pipeline Station,Site security,"Section of perimeter fence near the valve station found breached, unrestricted access to a high-pressure area.",1,0.29,Low
OIL-UC-0147,Duliajan Oilfield,Artificial lift operation,"Sucker rod pumping unit counterweight guard found missing, unit continuing to operate in automatic mode.",1,0.48,Medium
OIL-UC-0148,Duliajan Oilfield,Corrosion inhibitor injection,"Chemical injection skid found with a leaking pump seal, corrosion inhibitor pooling on the skid deck without secondary containment.",1,0.28,Low
OIL-UC-0149,Digboi Refinery,Inert gas supply,"Confined space warning signage at nitrogen plant vessel entry found faded and illegible, no interim signage posted.",1,0.31,Medium
OIL-UC-0150,Digboi Refinery,Hydrogen compression,Hydrogen leak detection tape near a compressor flange found discolored (indicating a past leak) but no corrective work order raised.,1,0.53,Medium
OIL-UC-0151,Jorhat Operations,Emergency response readiness,"Fire tender at Jorhat operations found with hydraulic pump pressure below operational minimum, vehicle still listed as 'ready' on the readiness board.",1,0.63,High
OIL-UC-0152,Jorhat Operations,Safety training facility,Fire extinguisher training rig at the training center found with an expired propane cylinder used for live-fire demonstrations.,1,0.27,Low
OIL-UC-0153,Moran Oilfield,Well cementing operation,"Cementing unit high-pressure hose found with a visible bulge near the coupling, unit continuing pumping operations.",1,0.67,High
OIL-UC-0154,Moran Oilfield,Power generation,"Generator shed found with accumulated oily rags near the exhaust manifold, no spontaneous-combustion housekeeping check performed.",1,0.26,Low
OIL-UC-0155,Offshore Rig-04,Rig stability management,"Ballast control system alarm for tank level deviation found silenced by operator during a busy period, not reactivated after the period ended.",1,0.6,High
OIL-UC-0156,Offshore Rig-04,Drilling fluid additives,"Chemical storage container on deck found with door seal damaged, allowing seawater ingress observed pooling around drums.",1,0.28,Low
OIL-UC-0157,Guwahati Pipeline Station,Gas odorization,"Odorant injection pump found with output significantly below the calibrated rate, gas odor levels downstream noted as 'faint' by field crew.",1,0.46,Medium
OIL-UC-0158,Guwahati Pipeline Station,Alarm management,"Control room alarm system found with over 40 standing/unacknowledged alarms accumulated, operators reportedly no longer reviewing individual alarms.",1,0.5,Medium
OIL-UC-0159,Duliajan Oilfield,Well perforation prep,Perforating gun storage magazine found with the required lightning protection grounding strap disconnected.,1,0.66,High
OIL-UC-0160,Duliajan Oilfield,Water injection,"Reinjection wellhead pressure relief system found with the relief line outlet blocked by dried sediment, discovered during routine test.",1,0.5,Medium
OIL-UC-0200,Duliajan Oilfield,General housekeeping,"Fire exit route in the admin building found partially obstructed by stacked stationery boxes, exit door itself unobstructed and functional.",0,0.12,Low
OIL-UC-0201,Digboi Refinery,Food service area,"Canteen floor near the beverage counter found with a small water spill, no wet-floor sign placed for about 10 minutes before being noticed.",0,0.1,Low
OIL-UC-0202,Jorhat Operations,General facility upkeep,"Ceiling tile in the administrative corridor found slightly discolored from a past minor roof leak, no active leak observed and area is non-electrical.",0,0.08,Low
OIL-UC-0203,Moran Oilfield,Rest area,Break room noticeboard found with an outdated safety poster still displayed alongside current ones.,0,0.05,Low
OIL-UC-0204,Offshore Rig-04,Crew welfare,"Recreation room chair found with a slightly loose leg, wobble noted but not a fall risk during normal use.",0,0.07,Low
OIL-UC-0205,Guwahati Pipeline Station,Administrative area,"Visitor sign-in register found with several entries missing the mandatory safety induction checkbox, though inductions were verbally confirmed by staff.",0,0.09,Low
OIL-UC-0206,Duliajan Oilfield,Inventory storage,Non-hazardous spare parts store found with boxes stacked slightly above the recommended height line marked on the wall.,0,0.11,Low
OIL-UC-0207,Digboi Refinery,Grounds maintenance,Garden hose left across a low-traffic pedestrian path near the landscaped area outside the main gate.,0,0.06,Low
OIL-UC-0208,Jorhat Operations,Employee parking,"Employee two-wheeler parking area found with uneven gravel surface in one corner, away from vehicle movement paths.",0,0.08,Low
OIL-UC-0209,Moran Oilfield,Camp facilities,Camp laundry room found with a lint buildup inside the dryer vent noted during a routine facilities check.,0,0.13,Low
OIL-UC-0210,Offshore Rig-04,Crew welfare,"Utility room shelf found slightly overloaded with cleaning supplies, within the room's overall weight capacity.",0,0.05,Low
OIL-UC-0211,Guwahati Pipeline Station,Facility upkeep,"Bicycle shed roof found with a minor rust patch, no leak or structural concern identified.",0,0.04,Low
OIL-UC-0212,Duliajan Oilfield,Communication,HSE notice board found with the monthly safety statistics poster one week overdue for update.,0,0.06,Low
OIL-UC-0213,Digboi Refinery,Vehicle parking,Admin building parking lot found with faded lane-marking paint in the visitor section.,0,0.07,Low
OIL-UC-0214,Jorhat Operations,Site access,"Security gate logbook found with a pen missing, guard used a personal pen to maintain the log without interruption.",0,0.03,Low
OIL-UC-0215,Moran Oilfield,Equipment drying area,"Small puddle of rainwater found in the equipment drying yard, away from any electrical or process equipment.",0,0.05,Low
OIL-UC-0216,Digboi Refinery,H2S stripping,Amine unit H2S monitoring system found completely offline for 2 days with no interim monitoring plan implemented.,1,0.72,High
OIL-UC-0217,Duliajan Oilfield,Gas well testing,"High-pressure gas well choke manifold found with two of three isolation valves seized open, unable to isolate well in an emergency.",1,0.75,High
OIL-UC-0218,Offshore Rig-04,Platform-wide monitoring,"Platform-wide fixed gas detection network found with the central controller displaying a persistent fault code, no alarms reaching the control room for over 12 hours.",1,0.73,High
OIL-UC-0219,Guwahati Pipeline Station,Pipeline isolation,"Mainline block valve actuator found with a failed pneumatic supply line, valve unable to be remotely closed during the monthly ESD test.",1,0.7,High
OIL-UC-0220,Moran Oilfield,Well control equipment,"Kick detection flow sensors on the drilling rig found giving erratic readings during active drilling, crew relying on visual pit-level checks only.",1,0.69,High
OIL-UC-0221,Digboi Refinery,Sulphur processing,"Sulphur recovery unit tail gas incinerator found operating with its flame-failure detection system disabled after a false-trip incident, not yet re-enabled.",1,0.68,High
OIL-UC-0222,Duliajan Oilfield,Pump operation,"Pump station overpressure trip (PSHH) found bypassed at the DCS level during a vendor software update, bypass not removed after update completed.",1,0.71,High
OIL-UC-0223,Jorhat Operations,Hazardous material storage,"Chemical warehouse sprinkler system found with the main control valve closed and tagged 'under maintenance' with no completion date, warehouse remaining in full operational use.",1,0.66,High
OIL-UC-0224,Offshore Rig-04,Subsea safety valve,"Subsea safety valve (SCSSV) test found overdue by 4 months, well continuing production without the test being performed.",1,0.74,High
OIL-UC-0225,Guwahati Pipeline Station,Product transfer,LPG transfer point found with the emergency shutdown pull-cord physically disconnected from the shutdown valve linkage.,1,0.7,High
OIL-UC-0226,Duliajan Oilfield,Chlorination,"Chlorine gas cylinder changeover area found with the emergency chlorine leak detector's audible alarm volume set very low, barely audible over ambient plant noise.",1,0.37,Medium
OIL-UC-0227,Digboi Refinery,Piping support,"Pipe rack support beam found with visible surface rust at a load-bearing weld, no structural assessment yet requested.",1,0.35,Medium
OIL-UC-0228,Jorhat Operations,Vehicle refueling,"Diesel fuel island nozzle found with a slow drip after release, small stain accumulating on the ground beneath.",1,0.42,Medium
OIL-UC-0229,Moran Oilfield,Instrument air supply,Instrument air compressor found with its low-pressure alarm setpoint miscalibrated to trigger well below the level needed to maintain fail-safe valve positions.,1,0.47,Medium
OIL-UC-1000,Duliajan Oilfield,Contractor oversight visit,Noticeboard near Workover Rig Site displaying a safety poster overdue for its 3-month scheduled update.,0,0.07,Low
OIL-UC-1001,Digboi Refinery,Contractor oversight visit,"Walkway near Benzene Storage Tank Farm found with a small patch of loose gravel, 8 metres from any vehicle or process route.",0,0.13,Low
OIL-UC-1002,Jorhat Operations,Pre-operation verification,"Storage shelf near Central Workshop found with non-hazardous spares stacked slightly above the marked height line, about 39 cm over.",0,0.03,Low
OIL-UC-1003,Moran Oilfield,Audit/compliance walkthrough,"Chair in the rest area near Mud Logging Cabin found with a slightly loose leg, wobble noted but stable under normal use, reported 16 days ago.",0,0.11,Low
OIL-UC-1004,Offshore Rig-04,Pre-operation verification,"Faded lane-marking paint observed near the Helideck parking area, visibility reduced by roughly 36%.",0,0.06,Low
OIL-UC-1005,Guwahati Pipeline Station,Emergency-readiness drill prep,"Small water stain noted on a ceiling tile near LCNG/LNG Dispensing Station, traced to an old, now-repaired roof leak; no active leak for over 2 weeks.",0,0.13,Low
OIL-UC-1006,Duliajan Oilfield,Shift changeover check,"Visitor log near Perforating Gun Store found with 23 entries missing the induction-confirmation checkbox, though inductions were verbally confirmed by staff.",0,0.05,Low
OIL-UC-1007,Digboi Refinery,Routine inspection round,"Garden hose found coiled loosely across a low-traffic pedestrian path near Boiler House, left out for approximately 8 hours.",0,0.08,Low
OIL-UC-1008,Jorhat Operations,Audit/compliance walkthrough,"Lint buildup observed inside a utility dryer vent near Diesel Fuel Island, last cleaned approximately 24 months ago.",0,0.06,Low
OIL-UC-1009,Moran Oilfield,Audit/compliance walkthrough,"Utility shelf near Telescopic Mast Assembly found with cleaning supplies stacked neatly but close to the marked capacity line, about 31% full.",0,0.05,Low
OIL-UC-1010,Offshore Rig-04,Shift changeover check,"Small puddle of rainwater observed near Catwalk / V-Door, 37 metres away from any electrical or process equipment.",0,0.14,Low
OIL-UC-1011,Guwahati Pipeline Station,Scheduled maintenance walkdown,"Outdated version of a general facility map displayed near 220kV Cable Trench (RCC), superseded layout approximately 38 months old.",0,0.12,Low
OIL-UC-1012,Duliajan Oilfield,Routine inspection round,"Bicycle/scooter parking area near Central Tank Farm found with uneven surface in one corner, away from any vehicle movement path, noted 20 days ago.",0,0.14,Low
OIL-UC-1013,Digboi Refinery,Pre-operation verification,Security logbook near Battery Room found with a supply gap (pen missing) for about 19 hours; log itself was maintained without interruption.,0,0.11,Low
OIL-UC-1014,Jorhat Operations,Shift changeover check,"Minor rust patch observed on a non-structural roof panel near Fire Station, no leak or structural concern identified over 25 months of monitoring.",0,0.06,Low
OIL-UC-1015,Moran Oilfield,Audit/compliance walkthrough,"Break-room refrigerator near Telescopic Mast Assembly found running slightly warm (6 degrees above setpoint), no food-safety incident reported.",0,0.11,Low
OIL-UC-1016,Offshore Rig-04,Pre-operation verification,Signage near Helideck directing to the muster point found slightly faded but still legible from 12 metres.,0,0.08,Low
OIL-UC-1017,Guwahati Pipeline Station,Emergency-readiness drill prep,"Non-critical spare-parts bin near SCADA Control Room found unlabeled for approximately 22 weeks, contents still identifiable by staff.",0,0.13,Low
OIL-UC-1018,Duliajan Oilfield,Emergency-readiness drill prep,Low-traffic footpath near Central Tank Farm found with overgrown vegetation encroaching about 4 cm into the walkway.,0,0.07,Low
OIL-UC-1019,Digboi Refinery,Audit/compliance walkthrough,Notice board near Reboiler Furnace Bay found with 15 outdated circulars still pinned alongside current ones.,0,0.14,Low
OIL-UC-1020,Jorhat Operations,Pre-operation verification,Noticeboard near Fire Station displaying a safety poster overdue for its 33-month scheduled update.,0,0.15,Low
OIL-UC-1021,Moran Oilfield,Shift changeover check,"Walkway near Well Test Separator found with a small patch of loose gravel, 11 metres from any vehicle or process route.",0,0.05,Low
OIL-UC-1022,Offshore Rig-04,Shift changeover check,"Storage shelf near SPM Mooring Buoy Support Vessel found with non-hazardous spares stacked slightly above the marked height line, about 36 cm over.",0,0.13,Low
OIL-UC-1023,Guwahati Pipeline Station,Scheduled maintenance walkdown,"Chair in the rest area near Pipeline ROW River Crossing found with a slightly loose leg, wobble noted but stable under normal use, reported 25 days ago.",0,0.16,Low
OIL-UC-1024,Duliajan Oilfield,Emergency-readiness drill prep,"Faded lane-marking paint observed near the Water Treatment Plant parking area, visibility reduced by roughly 7%.",0,0.04,Low
OIL-UC-1025,Digboi Refinery,Emergency-readiness drill prep,"Small water stain noted on a ceiling tile near Benzene Storage Tank Farm, traced to an old, now-repaired roof leak; no active leak for over 12 weeks.",0,0.12,Low
OIL-UC-1026,Jorhat Operations,Pre-operation verification,"Visitor log near Central Workshop found with 26 entries missing the induction-confirmation checkbox, though inductions were verbally confirmed by staff.",0,0.11,Low
OIL-UC-1027,Moran Oilfield,Audit/compliance walkthrough,"Garden hose found coiled loosely across a low-traffic pedestrian path near Camp Site, left out for approximately 18 hours.",0,0.14,Low
OIL-UC-1028,Offshore Rig-04,Emergency-readiness drill prep,"Lint buildup observed inside a utility dryer vent near Catwalk / V-Door, last cleaned approximately 36 months ago.",0,0.06,Low
OIL-UC-1029,Guwahati Pipeline Station,Shift changeover check,"Utility shelf near 220kV Cable Trench (RCC) found with cleaning supplies stacked neatly but close to the marked capacity line, about 9% full.",0,0.09,Low
OIL-UC-1030,Duliajan Oilfield,Audit/compliance walkthrough,"Small puddle of rainwater observed near Wellhead Cluster 3, 18 metres away from any electrical or process equipment.",0,0.13,Low
OIL-UC-1031,Digboi Refinery,Emergency-readiness drill prep,"Outdated version of a general facility map displayed near Reboiler Furnace Bay, superseded layout approximately 21 months old.",0,0.11,Low
OIL-UC-1032,Jorhat Operations,Shift changeover check,"Bicycle/scooter parking area near Fire Station found with uneven surface in one corner, away from any vehicle movement path, noted 11 days ago.",0,0.13,Low
OIL-UC-1033,Moran Oilfield,Routine inspection round,Security logbook near Rig Floor Catwalk / V-Door found with a supply gap (pen missing) for about 35 hours; log itself was maintained without interruption.,0,0.11,Low
OIL-UC-1034,Offshore Rig-04,Shift changeover check,"Minor rust patch observed on a non-structural roof panel near Drill Floor, no leak or structural concern identified over 9 months of monitoring.",0,0.14,Low
OIL-UC-1035,Guwahati Pipeline Station,Scheduled maintenance walkdown,"Break-room refrigerator near SCADA Control Room found running slightly warm (5 degrees above setpoint), no food-safety incident reported.",0,0.14,Low
OIL-UC-1036,Duliajan Oilfield,Emergency-readiness drill prep,Signage near Workover Rig Site directing to the muster point found slightly faded but still legible from 33 metres.,0,0.04,Low
OIL-UC-1037,Digboi Refinery,Scheduled maintenance walkdown,"Non-critical spare-parts bin near LPG Bottling Plant found unlabeled for approximately 10 weeks, contents still identifiable by staff.",0,0.12,Low
OIL-UC-1038,Jorhat Operations,Audit/compliance walkthrough,Low-traffic footpath near Fire Station found with overgrown vegetation encroaching about 18 cm into the walkway.,0,0.14,Low
OIL-UC-1039,Moran Oilfield,Emergency-readiness drill prep,Notice board near Mud Logging Cabin found with 36 outdated circulars still pinned alongside current ones.,0,0.12,Low
OIL-UC-1040,Offshore Rig-04,Contractor oversight visit,Noticeboard near Moon Pool Area displaying a safety poster overdue for its 27-month scheduled update.,0,0.11,Low
OIL-UC-1041,Guwahati Pipeline Station,Scheduled maintenance walkdown,"Walkway near TTPA (Tank Truck Parking Area) found with a small patch of loose gravel, 9 metres from any vehicle or process route.",0,0.06,Low
OIL-UC-1042,Duliajan Oilfield,Audit/compliance walkthrough,"Storage shelf near Wellhead Cluster 3 found with non-hazardous spares stacked slightly above the marked height line, about 39 cm over.",0,0.06,Low
OIL-UC-1043,Digboi Refinery,Contractor oversight visit,"Chair in the rest area near Naphtha Splitter Unit found with a slightly loose leg, wobble noted but stable under normal use, reported 6 days ago.",0,0.11,Low
OIL-UC-1044,Jorhat Operations,Emergency-readiness drill prep,"Faded lane-marking paint observed near the Central Workshop parking area, visibility reduced by roughly 4%.",0,0.07,Low
OIL-UC-1045,Moran Oilfield,Contractor oversight visit,"Small water stain noted on a ceiling tile near Mud Logging Cabin, traced to an old, now-repaired roof leak; no active leak for over 19 weeks.",0,0.09,Low
OIL-UC-1046,Offshore Rig-04,Audit/compliance walkthrough,"Visitor log near Main Deck Crane found with 38 entries missing the induction-confirmation checkbox, though inductions were verbally confirmed by staff.",0,0.09,Low
OIL-UC-1047,Guwahati Pipeline Station,Scheduled maintenance walkdown,"Garden hose found coiled loosely across a low-traffic pedestrian path near TTPA (Tank Truck Parking Area), left out for approximately 28 hours.",0,0.04,Low
OIL-UC-1048,Duliajan Oilfield,Pre-operation verification,"Lint buildup observed inside a utility dryer vent near Perforating Gun Store, last cleaned approximately 24 months ago.",0,0.08,Low
OIL-UC-1049,Digboi Refinery,Routine inspection round,"Utility shelf near Naphtha Splitter Unit found with cleaning supplies stacked neatly but close to the marked capacity line, about 8% full.",0,0.08,Low
OIL-UC-1050,Jorhat Operations,Scheduled maintenance walkdown,"Small puddle of rainwater observed near Diesel Fuel Island, 8 metres away from any electrical or process equipment.",0,0.05,Low
OIL-UC-1051,Moran Oilfield,Pre-operation verification,"Outdated version of a general facility map displayed near Well Test Separator, superseded layout approximately 10 months old.",0,0.05,Low
OIL-UC-1052,Offshore Rig-04,Pre-operation verification,"Bicycle/scooter parking area near Helideck found with uneven surface in one corner, away from any vehicle movement path, noted 6 days ago.",0,0.14,Low
OIL-UC-1053,Guwahati Pipeline Station,Contractor oversight visit,Security logbook near Mainline Block Valve Station found with a supply gap (pen missing) for about 5 hours; log itself was maintained without interruption.,0,0.16,Low
OIL-UC-1054,Duliajan Oilfield,Scheduled maintenance walkdown,"Minor rust patch observed on a non-structural roof panel near Workover Rig Site, no leak or structural concern identified over 17 months of monitoring.",0,0.08,Low
OIL-UC-1055,Digboi Refinery,Routine inspection round,"Break-room refrigerator near Ethanol Storage Tanks found running slightly warm (27 degrees above setpoint), no food-safety incident reported.",0,0.05,Low
OIL-UC-1056,Jorhat Operations,Emergency-readiness drill prep,Signage near Compressed Gas Store directing to the muster point found slightly faded but still legible from 18 metres.,0,0.13,Low
OIL-UC-1057,Moran Oilfield,Contractor oversight visit,"Non-critical spare-parts bin near Well Test Separator found unlabeled for approximately 37 weeks, contents still identifiable by staff.",0,0.12,Low
OIL-UC-1058,Offshore Rig-04,Scheduled maintenance walkdown,Low-traffic footpath near Helideck found with overgrown vegetation encroaching about 20 cm into the walkway.,0,0.16,Low
OIL-UC-1059,Guwahati Pipeline Station,Routine inspection round,Notice board near Pig Launcher found with 22 outdated circulars still pinned alongside current ones.,0,0.04,Low
OIL-UC-1060,Duliajan Oilfield,Audit/compliance walkthrough,Noticeboard near Gas Compressor Station displaying a safety poster overdue for its 5-month scheduled update.,0,0.04,Low
OIL-UC-1061,Digboi Refinery,Routine inspection round,"Walkway near Reboiler Furnace Bay found with a small patch of loose gravel, 40 metres from any vehicle or process route.",0,0.12,Low
OIL-UC-1062,Jorhat Operations,Audit/compliance walkthrough,"Storage shelf near Compressed Gas Store found with non-hazardous spares stacked slightly above the marked height line, about 9 cm over.",0,0.06,Low
OIL-UC-1063,Moran Oilfield,Pre-operation verification,"Chair in the rest area near Drilling Rig Substructure found with a slightly loose leg, wobble noted but stable under normal use, reported 7 days ago.",0,0.12,Low
OIL-UC-1064,Offshore Rig-04,Shift changeover check,"Faded lane-marking paint observed near the SPM Mooring Buoy Support Vessel parking area, visibility reduced by roughly 22%.",0,0.06,Low
OIL-UC-1065,Guwahati Pipeline Station,Shift changeover check,"Small water stain noted on a ceiling tile near 220kV Cable Trench (RCC), traced to an old, now-repaired roof leak; no active leak for over 17 weeks.",0,0.08,Low
OIL-UC-1066,Duliajan Oilfield,Shift changeover check,"Visitor log near Flowline ROW Section 4 found with 31 entries missing the induction-confirmation checkbox, though inductions were verbally confirmed by staff.",0,0.15,Low
OIL-UC-1067,Digboi Refinery,Audit/compliance walkthrough,"Garden hose found coiled loosely across a low-traffic pedestrian path near Naphtha Splitter Unit, left out for approximately 31 hours.",0,0.16,Low
OIL-UC-1068,Jorhat Operations,Scheduled maintenance walkdown,"Lint buildup observed inside a utility dryer vent near Central Workshop, last cleaned approximately 36 months ago.",0,0.1,Low
OIL-UC-1069,Moran Oilfield,Scheduled maintenance walkdown,"Utility shelf near Cementing Unit found with cleaning supplies stacked neatly but close to the marked capacity line, about 6% full.",0,0.08,Low
OIL-UC-1070,Offshore Rig-04,Contractor oversight visit,"Small puddle of rainwater observed near Life Boat Station, 36 metres away from any electrical or process equipment.",0,0.07,Low
OIL-UC-1071,Guwahati Pipeline Station,Shift changeover check,"Outdated version of a general facility map displayed near Pig Launcher, superseded layout approximately 37 months old.",0,0.15,Low
OIL-UC-1072,Duliajan Oilfield,Routine inspection round,"Bicycle/scooter parking area near Gas Compressor Station found with uneven surface in one corner, away from any vehicle movement path, noted 18 days ago.",0,0.15,Low
OIL-UC-1073,Digboi Refinery,Shift changeover check,Security logbook near LPG Bottling Plant found with a supply gap (pen missing) for about 11 hours; log itself was maintained without interruption.,0,0.07,Low
OIL-UC-1074,Jorhat Operations,Scheduled maintenance walkdown,"Minor rust patch observed on a non-structural roof panel near Fleet Operations Yard, no leak or structural concern identified over 23 months of monitoring.",0,0.12,Low
OIL-UC-1075,Moran Oilfield,Shift changeover check,"Break-room refrigerator near Camp Site found running slightly warm (33 degrees above setpoint), no food-safety incident reported.",0,0.15,Low
OIL-UC-1076,Offshore Rig-04,Emergency-readiness drill prep,Signage near Catwalk / V-Door directing to the muster point found slightly faded but still legible from 29 metres.,0,0.07,Low
OIL-UC-1077,Guwahati Pipeline Station,Contractor oversight visit,"Non-critical spare-parts bin near 220kV Cable Trench (RCC) found unlabeled for approximately 10 weeks, contents still identifiable by staff.",0,0.16,Low
OIL-UC-1078,Duliajan Oilfield,Contractor oversight visit,Low-traffic footpath near Water Treatment Plant found with overgrown vegetation encroaching about 37 cm into the walkway.,0,0.09,Low
OIL-UC-1079,Digboi Refinery,Contractor oversight visit,Notice board near Reboiler Furnace Bay found with 6 outdated circulars still pinned alongside current ones.,0,0.15,Low
OIL-UC-1080,Jorhat Operations,Audit/compliance walkthrough,Noticeboard near Central Workshop displaying a safety poster overdue for its 25-month scheduled update.,0,0.1,Low
OIL-UC-1081,Moran Oilfield,Shift changeover check,"Walkway near Mud Logging Cabin found with a small patch of loose gravel, 4 metres from any vehicle or process route.",0,0.08,Low
OIL-UC-1082,Offshore Rig-04,Scheduled maintenance walkdown,"Storage shelf near Drill Floor found with non-hazardous spares stacked slightly above the marked height line, about 24 cm over.",0,0.12,Low
OIL-UC-1083,Guwahati Pipeline Station,Emergency-readiness drill prep,"Chair in the rest area near Mainline Block Valve Station found with a slightly loose leg, wobble noted but stable under normal use, reported 24 days ago.",0,0.1,Low
OIL-UC-1084,Duliajan Oilfield,Emergency-readiness drill prep,"Faded lane-marking paint observed near the Gas Compressor Station parking area, visibility reduced by roughly 17%.",0,0.05,Low
OIL-UC-1085,Digboi Refinery,Routine inspection round,"Small water stain noted on a ceiling tile near Benzene Storage Tank Farm, traced to an old, now-repaired roof leak; no active leak for over 28 weeks.",0,0.05,Low
OIL-UC-1086,Jorhat Operations,Emergency-readiness drill prep,"Visitor log near Diesel Fuel Island found with 28 entries missing the induction-confirmation checkbox, though inductions were verbally confirmed by staff.",0,0.12,Low
OIL-UC-1087,Moran Oilfield,Shift changeover check,"Garden hose found coiled loosely across a low-traffic pedestrian path near Rig Floor Catwalk / V-Door, left out for approximately 17 hours.",0,0.05,Low
OIL-UC-1088,Offshore Rig-04,Emergency-readiness drill prep,"Lint buildup observed inside a utility dryer vent near Catwalk / V-Door, last cleaned approximately 26 months ago.",0,0.04,Low
OIL-UC-1089,Guwahati Pipeline Station,Emergency-readiness drill prep,"Utility shelf near SCADA Control Room found with cleaning supplies stacked neatly but close to the marked capacity line, about 14% full.",0,0.15,Low
OIL-UC-1090,Duliajan Oilfield,Scheduled maintenance walkdown,"Small puddle of rainwater observed near Flowline ROW Section 4, 16 metres away from any electrical or process equipment.",0,0.03,Low
OIL-UC-1091,Digboi Refinery,Shift changeover check,"Outdated version of a general facility map displayed near Battery Room, superseded layout approximately 23 months old.",0,0.14,Low
OIL-UC-1092,Jorhat Operations,Contractor oversight visit,"Bicycle/scooter parking area near Warehouse found with uneven surface in one corner, away from any vehicle movement path, noted 24 days ago.",0,0.1,Low
OIL-UC-1093,Moran Oilfield,Shift changeover check,Security logbook near Rig Floor Catwalk / V-Door found with a supply gap (pen missing) for about 36 hours; log itself was maintained without interruption.,0,0.15,Low
OIL-UC-1094,Offshore Rig-04,Audit/compliance walkthrough,"Minor rust patch observed on a non-structural roof panel near Moon Pool Area, no leak or structural concern identified over 13 months of monitoring.",0,0.16,Low
OIL-UC-1095,Guwahati Pipeline Station,Audit/compliance walkthrough,"Break-room refrigerator near Pig Launcher found running slightly warm (8 degrees above setpoint), no food-safety incident reported.",0,0.09,Low
OIL-UC-1096,Duliajan Oilfield,Audit/compliance walkthrough,Signage near Chemical Injection Skid directing to the muster point found slightly faded but still legible from 29 metres.,0,0.16,Low
OIL-UC-1097,Digboi Refinery,Scheduled maintenance walkdown,"Non-critical spare-parts bin near Battery Room found unlabeled for approximately 38 weeks, contents still identifiable by staff.",0,0.06,Low
OIL-UC-1098,Jorhat Operations,Audit/compliance walkthrough,Low-traffic footpath near Compressed Gas Store found with overgrown vegetation encroaching about 2 cm into the walkway.,0,0.15,Low
OIL-UC-1099,Moran Oilfield,Shift changeover check,Notice board near Telescopic Mast Assembly found with 14 outdated circulars still pinned alongside current ones.,0,0.09,Low
OIL-UC-1100,Offshore Rig-04,Contractor oversight visit,Noticeboard near Mud Pump Room displaying a safety poster overdue for its 22-month scheduled update.,0,0.14,Low
OIL-UC-1101,Guwahati Pipeline Station,Shift changeover check,"Walkway near LCNG/LNG Dispensing Station found with a small patch of loose gravel, 34 metres from any vehicle or process route.",0,0.12,Low
OIL-UC-1102,Duliajan Oilfield,Audit/compliance walkthrough,"Storage shelf near Perforating Gun Store found with non-hazardous spares stacked slightly above the marked height line, about 20 cm over.",0,0.05,Low
OIL-UC-1103,Digboi Refinery,Audit/compliance walkthrough,"Chair in the rest area near Battery Room found with a slightly loose leg, wobble noted but stable under normal use, reported 13 days ago.",0,0.1,Low
OIL-UC-1104,Jorhat Operations,Shift changeover check,"Faded lane-marking paint observed near the Training Center parking area, visibility reduced by roughly 2%.",0,0.07,Low
OIL-UC-1105,Moran Oilfield,Audit/compliance walkthrough,"Small water stain noted on a ceiling tile near Rig Floor Catwalk / V-Door, traced to an old, now-repaired roof leak; no active leak for over 39 weeks.",0,0.12,Low
OIL-UC-1106,Offshore Rig-04,Contractor oversight visit,"Visitor log near Life Boat Station found with 30 entries missing the induction-confirmation checkbox, though inductions were verbally confirmed by staff.",0,0.06,Low
OIL-UC-1107,Guwahati Pipeline Station,Shift changeover check,"Garden hose found coiled loosely across a low-traffic pedestrian path near Metering Skid, left out for approximately 7 hours.",0,0.1,Low
OIL-UC-1108,Duliajan Oilfield,Emergency-readiness drill prep,"Lint buildup observed inside a utility dryer vent near Chemical Injection Skid, last cleaned approximately 7 months ago.",0,0.15,Low
OIL-UC-1109,Digboi Refinery,Emergency-readiness drill prep,"Utility shelf near Hydrocracker Unit found with cleaning supplies stacked neatly but close to the marked capacity line, about 16% full.",0,0.06,Low
OIL-UC-1110,Jorhat Operations,Pre-operation verification,"Small puddle of rainwater observed near Central Workshop, 17 metres away from any electrical or process equipment.",0,0.11,Low
OIL-UC-1111,Moran Oilfield,Pre-operation verification,"Outdated version of a general facility map displayed near Drilling Rig Substructure, superseded layout approximately 31 months old.",0,0.15,Low
OIL-UC-1112,Offshore Rig-04,Pre-operation verification,"Bicycle/scooter parking area near Helideck found with uneven surface in one corner, away from any vehicle movement path, noted 26 days ago.",0,0.08,Low
OIL-UC-1113,Guwahati Pipeline Station,Emergency-readiness drill prep,Security logbook near Pig Launcher found with a supply gap (pen missing) for about 8 hours; log itself was maintained without interruption.,0,0.09,Low
OIL-UC-1114,Duliajan Oilfield,Audit/compliance walkthrough,"Minor rust patch observed on a non-structural roof panel near Water Treatment Plant, no leak or structural concern identified over 5 months of monitoring.",0,0.06,Low
OIL-UC-1115,Digboi Refinery,Emergency-readiness drill prep,"Break-room refrigerator near Effluent Treatment Plant found running slightly warm (10 degrees above setpoint), no food-safety incident reported.",0,0.09,Low
OIL-UC-1116,Jorhat Operations,Shift changeover check,Signage near Training Center directing to the muster point found slightly faded but still legible from 40 metres.,0,0.15,Low
OIL-UC-1117,Moran Oilfield,Pre-operation verification,"Non-critical spare-parts bin near Camp Site found unlabeled for approximately 34 weeks, contents still identifiable by staff.",0,0.14,Low
OIL-UC-1118,Offshore Rig-04,Contractor oversight visit,Low-traffic footpath near Life Boat Station found with overgrown vegetation encroaching about 12 cm into the walkway.,0,0.14,Low
OIL-UC-1119,Guwahati Pipeline Station,Emergency-readiness drill prep,Notice board near LCNG/LNG Dispensing Station found with 17 outdated circulars still pinned alongside current ones.,0,0.11,Low
OIL-UC-1120,Duliajan Oilfield,Shift changeover check,Noticeboard near Water Treatment Plant displaying a safety poster overdue for its 17-month scheduled update.,0,0.09,Low
OIL-UC-1121,Digboi Refinery,Shift changeover check,"Walkway near Hydrocracker Unit found with a small patch of loose gravel, 17 metres from any vehicle or process route.",0,0.07,Low
OIL-UC-1122,Jorhat Operations,Scheduled maintenance walkdown,"Storage shelf near Central Workshop found with non-hazardous spares stacked slightly above the marked height line, about 10 cm over.",0,0.06,Low
OIL-UC-1123,Moran Oilfield,Routine inspection round,"Chair in the rest area near Mud Logging Cabin found with a slightly loose leg, wobble noted but stable under normal use, reported 15 days ago.",0,0.08,Low
OIL-UC-1124,Offshore Rig-04,Pre-operation verification,"Faded lane-marking paint observed near the SPM Mooring Buoy Support Vessel parking area, visibility reduced by roughly 31%.",0,0.04,Low
OIL-UC-1125,Guwahati Pipeline Station,Contractor oversight visit,"Small water stain noted on a ceiling tile near Pipeline ROW River Crossing, traced to an old, now-repaired roof leak; no active leak for over 39 weeks.",0,0.03,Low
OIL-UC-1126,Duliajan Oilfield,Routine inspection round,"Visitor log near Perforating Gun Store found with 32 entries missing the induction-confirmation checkbox, though inductions were verbally confirmed by staff.",0,0.15,Low
OIL-UC-1127,Digboi Refinery,Audit/compliance walkthrough,"Garden hose found coiled loosely across a low-traffic pedestrian path near Battery Room, left out for approximately 28 hours.",0,0.13,Low
OIL-UC-1128,Jorhat Operations,Scheduled maintenance walkdown,"Lint buildup observed inside a utility dryer vent near Diesel Fuel Island, last cleaned approximately 40 months ago.",0,0.09,Low
OIL-UC-1129,Moran Oilfield,Routine inspection round,"Utility shelf near Well Test Separator found with cleaning supplies stacked neatly but close to the marked capacity line, about 33% full.",0,0.08,Low
OIL-UC-1130,Offshore Rig-04,Emergency-readiness drill prep,"Small puddle of rainwater observed near Accommodation Module, 12 metres away from any electrical or process equipment.",0,0.09,Low
OIL-UC-1131,Guwahati Pipeline Station,Audit/compliance walkthrough,"Outdated version of a general facility map displayed near Pig Launcher, superseded layout approximately 27 months old.",0,0.1,Low
OIL-UC-1132,Duliajan Oilfield,Scheduled maintenance walkdown,"Bicycle/scooter parking area near Workover Rig Site found with uneven surface in one corner, away from any vehicle movement path, noted 29 days ago.",0,0.14,Low
OIL-UC-1133,Digboi Refinery,Pre-operation verification,Security logbook near Naphtha Splitter Unit found with a supply gap (pen missing) for about 18 hours; log itself was maintained without interruption.,0,0.07,Low
OIL-UC-1134,Jorhat Operations,Emergency-readiness drill prep,"Minor rust patch observed on a non-structural roof panel near Warehouse, no leak or structural concern identified over 23 months of monitoring.",0,0.14,Low
OIL-UC-1135,Moran Oilfield,Shift changeover check,"Break-room refrigerator near Rig Floor Catwalk / V-Door found running slightly warm (28 degrees above setpoint), no food-safety incident reported.",0,0.14,Low
OIL-UC-1136,Offshore Rig-04,Routine inspection round,Signage near Drill Floor directing to the muster point found slightly faded but still legible from 36 metres.,0,0.16,Low
OIL-UC-1137,Guwahati Pipeline Station,Emergency-readiness drill prep,"Non-critical spare-parts bin near SCADA Control Room found unlabeled for approximately 6 weeks, contents still identifiable by staff.",0,0.15,Low
OIL-UC-1138,Duliajan Oilfield,Scheduled maintenance walkdown,Low-traffic footpath near Wellhead Cluster 3 found with overgrown vegetation encroaching about 17 cm into the walkway.,0,0.14,Low
OIL-UC-1139,Digboi Refinery,Scheduled maintenance walkdown,Notice board near Benzene Storage Tank Farm found with 17 outdated circulars still pinned alongside current ones.,0,0.09,Low
OIL-UC-1140,Jorhat Operations,Pre-operation verification,Noticeboard near Training Center displaying a safety poster overdue for its 15-month scheduled update.,0,0.12,Low
OIL-UC-1141,Moran Oilfield,Audit/compliance walkthrough,"Walkway near Cementing Unit found with a small patch of loose gravel, 12 metres from any vehicle or process route.",0,0.11,Low
OIL-UC-1142,Offshore Rig-04,Shift changeover check,"Storage shelf near Catwalk / V-Door found with non-hazardous spares stacked slightly above the marked height line, about 12 cm over.",0,0.04,Low
OIL-UC-1143,Guwahati Pipeline Station,Contractor oversight visit,"Chair in the rest area near LCNG/LNG Dispensing Station found with a slightly loose leg, wobble noted but stable under normal use, reported 38 days ago.",0,0.15,Low
OIL-UC-1144,Duliajan Oilfield,Routine inspection round,"Faded lane-marking paint observed near the Perforating Gun Store parking area, visibility reduced by roughly 14%.",0,0.11,Low
OIL-UC-1145,Digboi Refinery,Contractor oversight visit,"Small water stain noted on a ceiling tile near Ethanol Storage Tanks, traced to an old, now-repaired roof leak; no active leak for over 8 weeks.",0,0.13,Low
OIL-UC-1146,Jorhat Operations,Emergency-readiness drill prep,"Visitor log near Training Center found with 9 entries missing the induction-confirmation checkbox, though inductions were verbally confirmed by staff.",0,0.16,Low
OIL-UC-1147,Moran Oilfield,Audit/compliance walkthrough,"Garden hose found coiled loosely across a low-traffic pedestrian path near Drilling Rig Substructure, left out for approximately 24 hours.",0,0.09,Low
OIL-UC-1148,Offshore Rig-04,Contractor oversight visit,"Lint buildup observed inside a utility dryer vent near Catwalk / V-Door, last cleaned approximately 34 months ago.",0,0.07,Low
OIL-UC-1149,Guwahati Pipeline Station,Pre-operation verification,"Utility shelf near TTPA (Tank Truck Parking Area) found with cleaning supplies stacked neatly but close to the marked capacity line, about 8% full.",0,0.15,Low
OIL-UC-1150,Duliajan Oilfield,Pre-operation verification,"Small puddle of rainwater observed near Water Treatment Plant, 11 metres away from any electrical or process equipment.",0,0.05,Low
OIL-UC-1151,Digboi Refinery,Emergency-readiness drill prep,"Outdated version of a general facility map displayed near Hydrocracker Unit, superseded layout approximately 36 months old.",0,0.09,Low
OIL-UC-1152,Jorhat Operations,Shift changeover check,"Bicycle/scooter parking area near Diesel Fuel Island found with uneven surface in one corner, away from any vehicle movement path, noted 39 days ago.",0,0.07,Low
OIL-UC-1153,Moran Oilfield,Shift changeover check,Security logbook near Rig Floor Catwalk / V-Door found with a supply gap (pen missing) for about 7 hours; log itself was maintained without interruption.,0,0.14,Low
OIL-UC-1154,Offshore Rig-04,Audit/compliance walkthrough,"Minor rust patch observed on a non-structural roof panel near Life Boat Station, no leak or structural concern identified over 38 months of monitoring.",0,0.12,Low
OIL-UC-1155,Guwahati Pipeline Station,Emergency-readiness drill prep,"Break-room refrigerator near Pig Launcher found running slightly warm (33 degrees above setpoint), no food-safety incident reported.",0,0.07,Low
OIL-UC-1156,Duliajan Oilfield,Emergency-readiness drill prep,Signage near Central Tank Farm directing to the muster point found slightly faded but still legible from 24 metres.,0,0.06,Low
OIL-UC-1157,Digboi Refinery,Routine inspection round,"Non-critical spare-parts bin near Hydrocracker Unit found unlabeled for approximately 37 weeks, contents still identifiable by staff.",0,0.1,Low
OIL-UC-1158,Jorhat Operations,Contractor oversight visit,Low-traffic footpath near Central Workshop found with overgrown vegetation encroaching about 17 cm into the walkway.,0,0.08,Low
OIL-UC-1159,Moran Oilfield,Contractor oversight visit,Notice board near Rig Floor Catwalk / V-Door found with 17 outdated circulars still pinned alongside current ones.,0,0.09,Low
OIL-UC-1160,Offshore Rig-04,Emergency-readiness drill prep,Noticeboard near Life Boat Station displaying a safety poster overdue for its 30-month scheduled update.,0,0.03,Low
OIL-UC-1161,Guwahati Pipeline Station,Contractor oversight visit,"Walkway near SCADA Control Room found with a small patch of loose gravel, 27 metres from any vehicle or process route.",0,0.06,Low
OIL-UC-1162,Duliajan Oilfield,Audit/compliance walkthrough,"Storage shelf near Chemical Injection Skid found with non-hazardous spares stacked slightly above the marked height line, about 32 cm over.",0,0.1,Low
OIL-UC-1163,Digboi Refinery,Shift changeover check,"Chair in the rest area near LPG Bottling Plant found with a slightly loose leg, wobble noted but stable under normal use, reported 23 days ago.",0,0.12,Low
OIL-UC-1164,Jorhat Operations,Scheduled maintenance walkdown,"Faded lane-marking paint observed near the Warehouse parking area, visibility reduced by roughly 18%.",0,0.05,Low
OIL-UC-1165,Moran Oilfield,Contractor oversight visit,"Small water stain noted on a ceiling tile near Cementing Unit, traced to an old, now-repaired roof leak; no active leak for over 9 weeks.",0,0.1,Low
OIL-UC-1166,Offshore Rig-04,Scheduled maintenance walkdown,"Visitor log near Main Deck Crane found with 14 entries missing the induction-confirmation checkbox, though inductions were verbally confirmed by staff.",0,0.13,Low
OIL-UC-1167,Guwahati Pipeline Station,Emergency-readiness drill prep,"Garden hose found coiled loosely across a low-traffic pedestrian path near LCNG/LNG Dispensing Station, left out for approximately 8 hours.",0,0.06,Low
OIL-UC-1168,Duliajan Oilfield,Shift changeover check,"Lint buildup observed inside a utility dryer vent near Chemical Injection Skid, last cleaned approximately 13 months ago.",0,0.03,Low
OIL-UC-1169,Digboi Refinery,Routine inspection round,"Utility shelf near Benzene Storage Tank Farm found with cleaning supplies stacked neatly but close to the marked capacity line, about 19% full.",0,0.16,Low
OIL-UC-1170,Jorhat Operations,Contractor oversight visit,"Small puddle of rainwater observed near Warehouse, 10 metres away from any electrical or process equipment.",0,0.14,Low
OIL-UC-1171,Moran Oilfield,Audit/compliance walkthrough,"Outdated version of a general facility map displayed near Drilling Rig Substructure, superseded layout approximately 2 months old.",0,0.07,Low
OIL-UC-1172,Offshore Rig-04,Scheduled maintenance walkdown,"Bicycle/scooter parking area near Life Boat Station found with uneven surface in one corner, away from any vehicle movement path, noted 23 days ago.",0,0.16,Low
OIL-UC-1173,Guwahati Pipeline Station,Emergency-readiness drill prep,Security logbook near TTPA (Tank Truck Parking Area) found with a supply gap (pen missing) for about 9 hours; log itself was maintained without interruption.,0,0.04,Low
OIL-UC-1174,Duliajan Oilfield,Contractor oversight visit,"Minor rust patch observed on a non-structural roof panel near Workover Rig Site, no leak or structural concern identified over 38 months of monitoring.",0,0.12,Low
OIL-UC-1175,Digboi Refinery,Shift changeover check,"Break-room refrigerator near Benzene Storage Tank Farm found running slightly warm (38 degrees above setpoint), no food-safety incident reported.",0,0.04,Low
OIL-UC-1176,Jorhat Operations,Emergency-readiness drill prep,Signage near Central Workshop directing to the muster point found slightly faded but still legible from 37 metres.,0,0.08,Low
OIL-UC-1177,Moran Oilfield,Emergency-readiness drill prep,"Non-critical spare-parts bin near Rig Floor Catwalk / V-Door found unlabeled for approximately 16 weeks, contents still identifiable by staff.",0,0.1,Low
OIL-UC-1178,Offshore Rig-04,Emergency-readiness drill prep,Low-traffic footpath near Life Boat Station found with overgrown vegetation encroaching about 21 cm into the walkway.,0,0.11,Low
OIL-UC-1179,Guwahati Pipeline Station,Audit/compliance walkthrough,Notice board near LCNG/LNG Dispensing Station found with 38 outdated circulars still pinned alongside current ones.,0,0.04,Low
OIL-UC-1180,Duliajan Oilfield,Contractor oversight visit,Noticeboard near Workover Rig Site displaying a safety poster overdue for its 15-month scheduled update.,0,0.06,Low
OIL-UC-1181,Digboi Refinery,Scheduled maintenance walkdown,"Walkway near Reboiler Furnace Bay found with a small patch of loose gravel, 12 metres from any vehicle or process route.",0,0.05,Low
OIL-UC-1182,Jorhat Operations,Pre-operation verification,"Storage shelf near Fire Station found with non-hazardous spares stacked slightly above the marked height line, about 2 cm over.",0,0.09,Low
OIL-UC-1183,Moran Oilfield,Routine inspection round,"Chair in the rest area near Well Test Separator found with a slightly loose leg, wobble noted but stable under normal use, reported 20 days ago.",0,0.06,Low
OIL-UC-1184,Offshore Rig-04,Routine inspection round,"Faded lane-marking paint observed near the Moon Pool Area parking area, visibility reduced by roughly 31%.",0,0.12,Low
OIL-UC-1185,Guwahati Pipeline Station,Routine inspection round,"Small water stain noted on a ceiling tile near SCADA Control Room, traced to an old, now-repaired roof leak; no active leak for over 29 weeks.",0,0.1,Low
OIL-UC-1186,Duliajan Oilfield,Emergency-readiness drill prep,"Visitor log near Gas Compressor Station found with 19 entries missing the induction-confirmation checkbox, though inductions were verbally confirmed by staff.",0,0.05,Low
OIL-UC-1187,Digboi Refinery,Audit/compliance walkthrough,"Garden hose found coiled loosely across a low-traffic pedestrian path near Benzene Storage Tank Farm, left out for approximately 21 hours.",0,0.13,Low
OIL-UC-1188,Jorhat Operations,Routine inspection round,"Lint buildup observed inside a utility dryer vent near Warehouse, last cleaned approximately 30 months ago.",0,0.09,Low
OIL-UC-1189,Moran Oilfield,Shift changeover check,"Utility shelf near Telescopic Mast Assembly found with cleaning supplies stacked neatly but close to the marked capacity line, about 27% full.",0,0.1,Low
OIL-UC-1190,Offshore Rig-04,Audit/compliance walkthrough,"Small puddle of rainwater observed near Life Boat Station, 7 metres away from any electrical or process equipment.",0,0.04,Low
OIL-UC-1191,Guwahati Pipeline Station,Shift changeover check,"Outdated version of a general facility map displayed near 220kV Cable Trench (RCC), superseded layout approximately 40 months old.",0,0.03,Low
OIL-UC-1192,Duliajan Oilfield,Audit/compliance walkthrough,"Bicycle/scooter parking area near Wellhead Cluster 3 found with uneven surface in one corner, away from any vehicle movement path, noted 19 days ago.",0,0.04,Low
OIL-UC-1193,Digboi Refinery,Audit/compliance walkthrough,Security logbook near Benzene Storage Tank Farm found with a supply gap (pen missing) for about 32 hours; log itself was maintained without interruption.,0,0.11,Low
OIL-UC-1194,Jorhat Operations,Pre-operation verification,"Minor rust patch observed on a non-structural roof panel near Fire Station, no leak or structural concern identified over 39 months of monitoring.",0,0.11,Low
OIL-UC-1195,Moran Oilfield,Shift changeover check,"Break-room refrigerator near Drilling Rig Substructure found running slightly warm (32 degrees above setpoint), no food-safety incident reported.",0,0.08,Low
OIL-UC-1196,Offshore Rig-04,Shift changeover check,Signage near Catwalk / V-Door directing to the muster point found slightly faded but still legible from 12 metres.,0,0.08,Low
OIL-UC-1197,Guwahati Pipeline Station,Emergency-readiness drill prep,"Non-critical spare-parts bin near LCNG/LNG Dispensing Station found unlabeled for approximately 27 weeks, contents still identifiable by staff.",0,0.13,Low
OIL-UC-1198,Duliajan Oilfield,Shift changeover check,Low-traffic footpath near Water Treatment Plant found with overgrown vegetation encroaching about 7 cm into the walkway.,0,0.06,Low
OIL-UC-1199,Digboi Refinery,Emergency-readiness drill prep,Notice board near Battery Room found with 34 outdated circulars still pinned alongside current ones.,0,0.16,Low
OIL-UC-1200,Jorhat Operations,Pre-operation verification,Noticeboard near Diesel Fuel Island displaying a safety poster overdue for its 36-month scheduled update.,0,0.08,Low
OIL-UC-1201,Moran Oilfield,Audit/compliance walkthrough,"Walkway near Camp Site found with a small patch of loose gravel, 25 metres from any vehicle or process route.",0,0.13,Low
OIL-UC-1202,Offshore Rig-04,Scheduled maintenance walkdown,"Storage shelf near Life Boat Station found with non-hazardous spares stacked slightly above the marked height line, about 5 cm over.",0,0.06,Low
OIL-UC-1203,Guwahati Pipeline Station,Contractor oversight visit,"Chair in the rest area near LCNG/LNG Dispensing Station found with a slightly loose leg, wobble noted but stable under normal use, reported 30 days ago.",0,0.09,Low
OIL-UC-1204,Duliajan Oilfield,Shift changeover check,"Faded lane-marking paint observed near the Central Tank Farm parking area, visibility reduced by roughly 12%.",0,0.1,Low
OIL-UC-1205,Digboi Refinery,Scheduled maintenance walkdown,"Small water stain noted on a ceiling tile near Battery Room, traced to an old, now-repaired roof leak; no active leak for over 7 weeks.",0,0.16,Low
OIL-UC-1206,Jorhat Operations,Contractor oversight visit,"Visitor log near Compressed Gas Store found with 9 entries missing the induction-confirmation checkbox, though inductions were verbally confirmed by staff.",0,0.14,Low
OIL-UC-1207,Moran Oilfield,Audit/compliance walkthrough,"Garden hose found coiled loosely across a low-traffic pedestrian path near Telescopic Mast Assembly, left out for approximately 20 hours.",0,0.12,Low
OIL-UC-1208,Offshore Rig-04,Scheduled maintenance walkdown,"Lint buildup observed inside a utility dryer vent near Life Boat Station, last cleaned approximately 32 months ago.",0,0.09,Low
OIL-UC-1209,Guwahati Pipeline Station,Audit/compliance walkthrough,"Utility shelf near Pipeline ROW River Crossing found with cleaning supplies stacked neatly but close to the marked capacity line, about 14% full.",0,0.1,Low
OIL-UC-1210,Duliajan Oilfield,Emergency-readiness drill prep,"Small puddle of rainwater observed near Workover Rig Site, 19 metres away from any electrical or process equipment.",0,0.13,Low
OIL-UC-1211,Digboi Refinery,Shift changeover check,"Outdated version of a general facility map displayed near Boiler House, superseded layout approximately 34 months old.",0,0.14,Low
OIL-UC-1212,Jorhat Operations,Emergency-readiness drill prep,"Bicycle/scooter parking area near Fleet Operations Yard found with uneven surface in one corner, away from any vehicle movement path, noted 21 days ago.",0,0.11,Low
OIL-UC-1213,Moran Oilfield,Pre-operation verification,Security logbook near Well Test Separator found with a supply gap (pen missing) for about 11 hours; log itself was maintained without interruption.,0,0.1,Low
OIL-UC-1214,Offshore Rig-04,Emergency-readiness drill prep,"Minor rust patch observed on a non-structural roof panel near Mud Pump Room, no leak or structural concern identified over 37 months of monitoring.",0,0.1,Low
OIL-UC-1215,Guwahati Pipeline Station,Contractor oversight visit,"Break-room refrigerator near 220kV Cable Trench (RCC) found running slightly warm (14 degrees above setpoint), no food-safety incident reported.",0,0.06,Low
OIL-UC-1216,Duliajan Oilfield,Routine inspection round,Signage near Central Tank Farm directing to the muster point found slightly faded but still legible from 28 metres.,0,0.07,Low
OIL-UC-1217,Digboi Refinery,Contractor oversight visit,"Non-critical spare-parts bin near Battery Room found unlabeled for approximately 26 weeks, contents still identifiable by staff.",0,0.13,Low
OIL-UC-1218,Jorhat Operations,Routine inspection round,Low-traffic footpath near Fire Station found with overgrown vegetation encroaching about 33 cm into the walkway.,0,0.05,Low
OIL-UC-1219,Moran Oilfield,Emergency-readiness drill prep,Notice board near Cementing Unit found with 8 outdated circulars still pinned alongside current ones.,0,0.14,Low
OIL-UC-1220,Offshore Rig-04,Routine inspection round,Noticeboard near SPM Mooring Buoy Support Vessel displaying a safety poster overdue for its 31-month scheduled update.,0,0.12,Low
OIL-UC-1221,Guwahati Pipeline Station,Pre-operation verification,"Walkway near Metering Skid found with a small patch of loose gravel, 6 metres from any vehicle or process route.",0,0.13,Low
OIL-UC-1222,Duliajan Oilfield,Contractor oversight visit,"Storage shelf near Chemical Injection Skid found with non-hazardous spares stacked slightly above the marked height line, about 27 cm over.",0,0.04,Low
OIL-UC-1223,Digboi Refinery,Shift changeover check,"Chair in the rest area near LPG Bottling Plant found with a slightly loose leg, wobble noted but stable under normal use, reported 26 days ago.",0,0.11,Low
OIL-UC-1224,Jorhat Operations,Routine inspection round,"Faded lane-marking paint observed near the Compressed Gas Store parking area, visibility reduced by roughly 36%.",0,0.11,Low
OIL-UC-1225,Moran Oilfield,Scheduled maintenance walkdown,"Small water stain noted on a ceiling tile near Telescopic Mast Assembly, traced to an old, now-repaired roof leak; no active leak for over 20 weeks.",0,0.13,Low
OIL-UC-1226,Offshore Rig-04,Pre-operation verification,"Visitor log near Catwalk / V-Door found with 8 entries missing the induction-confirmation checkbox, though inductions were verbally confirmed by staff.",0,0.05,Low
OIL-UC-1227,Guwahati Pipeline Station,Shift changeover check,"Garden hose found coiled loosely across a low-traffic pedestrian path near Pig Launcher, left out for approximately 4 hours.",0,0.13,Low
OIL-UC-1228,Duliajan Oilfield,Pre-operation verification,"Lint buildup observed inside a utility dryer vent near Chemical Injection Skid, last cleaned approximately 25 months ago.",0,0.05,Low
OIL-UC-1229,Digboi Refinery,Contractor oversight visit,"Utility shelf near Battery Room found with cleaning supplies stacked neatly but close to the marked capacity line, about 38% full.",0,0.13,Low
OIL-UC-1230,Jorhat Operations,Audit/compliance walkthrough,"Small puddle of rainwater observed near Fire Station, 7 metres away from any electrical or process equipment.",0,0.14,Low
OIL-UC-1231,Moran Oilfield,Pre-operation verification,"Outdated version of a general facility map displayed near Telescopic Mast Assembly, superseded layout approximately 17 months old.",0,0.15,Low
OIL-UC-1232,Offshore Rig-04,Contractor oversight visit,"Bicycle/scooter parking area near Helideck found with uneven surface in one corner, away from any vehicle movement path, noted 31 days ago.",0,0.06,Low
OIL-UC-1233,Guwahati Pipeline Station,Shift changeover check,Security logbook near Pig Launcher found with a supply gap (pen missing) for about 31 hours; log itself was maintained without interruption.,0,0.12,Low
OIL-UC-1234,Duliajan Oilfield,Shift changeover check,"Minor rust patch observed on a non-structural roof panel near Workover Rig Site, no leak or structural concern identified over 30 months of monitoring.",0,0.16,Low
OIL-UC-1235,Digboi Refinery,Pre-operation verification,"Break-room refrigerator near Battery Room found running slightly warm (18 degrees above setpoint), no food-safety incident reported.",0,0.14,Low
OIL-UC-1236,Jorhat Operations,Routine inspection round,Signage near Compressed Gas Store directing to the muster point found slightly faded but still legible from 32 metres.,0,0.06,Low
OIL-UC-1237,Moran Oilfield,Shift changeover check,"Non-critical spare-parts bin near Cementing Unit found unlabeled for approximately 38 weeks, contents still identifiable by staff.",0,0.16,Low
OIL-UC-1238,Offshore Rig-04,Shift changeover check,Low-traffic footpath near Drill Floor found with overgrown vegetation encroaching about 27 cm into the walkway.,0,0.03,Low
OIL-UC-1239,Guwahati Pipeline Station,Contractor oversight visit,Notice board near Pig Launcher found with 40 outdated circulars still pinned alongside current ones.,0,0.09,Low
OIL-UC-1240,Duliajan Oilfield,Emergency-readiness drill prep,Noticeboard near Central Tank Farm displaying a safety poster overdue for its 40-month scheduled update.,0,0.08,Low
OIL-UC-1241,Digboi Refinery,Contractor oversight visit,"Walkway near Ethanol Storage Tanks found with a small patch of loose gravel, 18 metres from any vehicle or process route.",0,0.13,Low
OIL-UC-1242,Jorhat Operations,Contractor oversight visit,"Storage shelf near Fleet Operations Yard found with non-hazardous spares stacked slightly above the marked height line, about 10 cm over.",0,0.04,Low
OIL-UC-1243,Moran Oilfield,Shift changeover check,"Chair in the rest area near Telescopic Mast Assembly found with a slightly loose leg, wobble noted but stable under normal use, reported 4 days ago.",0,0.13,Low
OIL-UC-1244,Offshore Rig-04,Routine inspection round,"Faded lane-marking paint observed near the Mud Pump Room parking area, visibility reduced by roughly 10%.",0,0.15,Low
OIL-UC-1245,Guwahati Pipeline Station,Scheduled maintenance walkdown,"Small water stain noted on a ceiling tile near Pipeline ROW River Crossing, traced to an old, now-repaired roof leak; no active leak for over 13 weeks.",0,0.05,Low
OIL-UC-1246,Duliajan Oilfield,Audit/compliance walkthrough,"Visitor log near Chemical Injection Skid found with 35 entries missing the induction-confirmation checkbox, though inductions were verbally confirmed by staff.",0,0.15,Low
OIL-UC-1247,Digboi Refinery,Emergency-readiness drill prep,"Garden hose found coiled loosely across a low-traffic pedestrian path near Hydrocracker Unit, left out for approximately 32 hours.",0,0.07,Low
OIL-UC-1248,Jorhat Operations,Pre-operation verification,"Lint buildup observed inside a utility dryer vent near Diesel Fuel Island, last cleaned approximately 9 months ago.",0,0.16,Low
OIL-UC-1249,Moran Oilfield,Emergency-readiness drill prep,"Utility shelf near Rig Floor Catwalk / V-Door found with cleaning supplies stacked neatly but close to the marked capacity line, about 16% full.",0,0.12,Low
OIL-UC-2000,Duliajan Oilfield,Shift changeover check,"Alarm audibility at Perforating Gun Store found reduced, volume measured roughly 37% below the standard threshold against ambient plant noise.",1,0.3,Medium
OIL-UC-2001,Digboi Refinery,Audit/compliance walkthrough,"Support beam near Naphtha Splitter Unit found with visible surface rust at a load-bearing weld, corrosion depth estimated at 18 mm.",1,0.3,Medium
OIL-UC-2002,Jorhat Operations,Audit/compliance walkthrough,"Nozzle/valve seal at Fleet Operations Yard found with a slow drip, small stain accumulating over approximately 18 hours.",1,0.34,Medium
OIL-UC-2003,Moran Oilfield,Contractor oversight visit,"Low-pressure alarm setpoint at Cementing Unit found miscalibrated by roughly 8%, triggering well below the level needed for fail-safe response.",1,0.32,Medium
OIL-UC-2004,Offshore Rig-04,Audit/compliance walkthrough,Confined-space warning signage at SPM Mooring Buoy Support Vessel found faded and difficult to read from beyond 22 metres.,1,0.32,Medium
OIL-UC-2005,Guwahati Pipeline Station,Contractor oversight visit,"Leak-indication tape near a flange at TTPA (Tank Truck Parking Area) found discolored, consistent with a past minor release roughly 21 weeks ago; no work order raised.",1,0.35,Medium
OIL-UC-2006,Duliajan Oilfield,Shift changeover check,SCADA/monitoring software at Wellhead Cluster 3 flagged as running an unpatched version for approximately 4 months.,1,0.45,Medium
OIL-UC-2007,Digboi Refinery,Audit/compliance walkthrough,"Standing/unacknowledged alarms accumulated in the control interface for Reboiler Furnace Bay, approximately 17 outstanding at time of check.",1,0.3,Medium
OIL-UC-2008,Jorhat Operations,Pre-operation verification,"Handrail section near Warehouse found corroded through in one section, load-bearing capacity untested for 36 months.",1,0.38,Medium
OIL-UC-2009,Moran Oilfield,Contractor oversight visit,Vehicle-lift/lifting aid at Mud Logging Cabin found operating 28 months past its load-test certification date with no re-test scheduled.,1,0.3,Medium
OIL-UC-2010,Offshore Rig-04,Routine inspection round,Cathodic-protection or corrosion-monitoring reading at Accommodation Module found reading zero output for over 19 days; no compensating inspection logged.,1,0.4,Medium
OIL-UC-2011,Guwahati Pipeline Station,Scheduled maintenance walkdown,"Ventilation fan at TTPA (Tank Truck Parking Area) found seized, area temperature elevated by approximately 30 degrees during operation.",1,0.43,Medium
OIL-UC-2012,Duliajan Oilfield,Contractor oversight visit,"Journey/route risk advisory for the route past Chemical Injection Skid found not updated for the current season, last revised 36 months ago.",1,0.34,Medium
OIL-UC-2013,Digboi Refinery,Routine inspection round,"Fire extinguisher near Hydrocracker Unit found with an inspection tag 14 months overdue, unit otherwise appearing intact.",1,0.44,Medium
OIL-UC-2014,Jorhat Operations,Contractor oversight visit,"Access-road culvert crossing near Central Workshop found partially washed out after recent rain, heavy vehicles continuing to use the route for 15 days since.",1,0.39,Medium
OIL-UC-2015,Moran Oilfield,Scheduled maintenance walkdown,"Chemical-injection skid at Drilling Rig Substructure found with a leaking pump seal, product pooling on the skid deck for an estimated 23 hours before being noticed.",1,0.45,Medium
OIL-UC-2016,Offshore Rig-04,Emergency-readiness drill prep,"Racking/shelving at Helideck found with a bent support member on an upper level, load unreduced for 6 days since discovery.",1,0.41,Medium
OIL-UC-2017,Guwahati Pipeline Station,Shift changeover check,"Incompatible materials found stored together near SCADA Control Room (oxidizing and flammable classes), separation short of code by roughly 16 cm.",1,0.41,Medium
OIL-UC-2018,Duliajan Oilfield,Emergency-readiness drill prep,"Wheel-chock use not enforced during a connected transfer operation at Wellhead Cluster 3, observed on 19 occasions this month.",1,0.45,Medium
OIL-UC-2019,Digboi Refinery,Emergency-readiness drill prep,"Emergency shutdown pull-station near LPG Bottling Plant found with a damaged cover, response time estimated 18 seconds slower in a test.",1,0.31,Medium
OIL-UC-2020,Jorhat Operations,Scheduled maintenance walkdown,"Alarm audibility at Diesel Fuel Island found reduced, volume measured roughly 3% below the standard threshold against ambient plant noise.",1,0.28,Low
OIL-UC-2021,Moran Oilfield,Audit/compliance walkthrough,"Support beam near Rig Floor Catwalk / V-Door found with visible surface rust at a load-bearing weld, corrosion depth estimated at 17 mm.",1,0.34,Medium
OIL-UC-2022,Offshore Rig-04,Scheduled maintenance walkdown,"Nozzle/valve seal at Moon Pool Area found with a slow drip, small stain accumulating over approximately 5 hours.",1,0.41,Medium
OIL-UC-2023,Guwahati Pipeline Station,Pre-operation verification,"Low-pressure alarm setpoint at Mainline Block Valve Station found miscalibrated by roughly 6%, triggering well below the level needed for fail-safe response.",1,0.36,Medium
OIL-UC-2024,Duliajan Oilfield,Audit/compliance walkthrough,Confined-space warning signage at Workover Rig Site found faded and difficult to read from beyond 30 metres.,1,0.32,Medium
OIL-UC-2025,Digboi Refinery,Shift changeover check,"Leak-indication tape near a flange at Naphtha Splitter Unit found discolored, consistent with a past minor release roughly 35 weeks ago; no work order raised.",1,0.36,Medium
OIL-UC-2026,Jorhat Operations,Emergency-readiness drill prep,SCADA/monitoring software at Central Workshop flagged as running an unpatched version for approximately 32 months.,1,0.35,Medium
OIL-UC-2027,Moran Oilfield,Contractor oversight visit,"Standing/unacknowledged alarms accumulated in the control interface for Drilling Rig Substructure, approximately 33 outstanding at time of check.",1,0.43,Medium
OIL-UC-2028,Offshore Rig-04,Audit/compliance walkthrough,"Handrail section near Catwalk / V-Door found corroded through in one section, load-bearing capacity untested for 22 months.",1,0.31,Medium
OIL-UC-2029,Guwahati Pipeline Station,Audit/compliance walkthrough,Vehicle-lift/lifting aid at LCNG/LNG Dispensing Station found operating 39 months past its load-test certification date with no re-test scheduled.,1,0.4,Medium
OIL-UC-2030,Duliajan Oilfield,Audit/compliance walkthrough,Cathodic-protection or corrosion-monitoring reading at Flowline ROW Section 4 found reading zero output for over 31 days; no compensating inspection logged.,1,0.38,Medium
OIL-UC-2031,Digboi Refinery,Contractor oversight visit,"Ventilation fan at Reboiler Furnace Bay found seized, area temperature elevated by approximately 37 degrees during operation.",1,0.43,Medium
OIL-UC-2032,Jorhat Operations,Pre-operation verification,"Journey/route risk advisory for the route past Compressed Gas Store found not updated for the current season, last revised 16 months ago.",1,0.34,Medium
OIL-UC-2033,Moran Oilfield,Contractor oversight visit,"Fire extinguisher near Well Test Separator found with an inspection tag 28 months overdue, unit otherwise appearing intact.",1,0.3,Medium
OIL-UC-2034,Offshore Rig-04,Shift changeover check,"Access-road culvert crossing near Mud Pump Room found partially washed out after recent rain, heavy vehicles continuing to use the route for 18 days since.",1,0.44,Medium
OIL-UC-2035,Guwahati Pipeline Station,Routine inspection round,"Chemical-injection skid at TTPA (Tank Truck Parking Area) found with a leaking pump seal, product pooling on the skid deck for an estimated 6 hours before being noticed.",1,0.42,Medium
OIL-UC-2036,Duliajan Oilfield,Contractor oversight visit,"Racking/shelving at Perforating Gun Store found with a bent support member on an upper level, load unreduced for 8 days since discovery.",1,0.41,Medium
OIL-UC-2037,Digboi Refinery,Audit/compliance walkthrough,"Incompatible materials found stored together near LPG Bottling Plant (oxidizing and flammable classes), separation short of code by roughly 5 cm.",1,0.44,Medium
OIL-UC-2038,Jorhat Operations,Pre-operation verification,"Wheel-chock use not enforced during a connected transfer operation at Warehouse, observed on 9 occasions this month.",1,0.34,Medium
OIL-UC-2039,Moran Oilfield,Emergency-readiness drill prep,"Emergency shutdown pull-station near Rig Floor Catwalk / V-Door found with a damaged cover, response time estimated 29 seconds slower in a test.",1,0.44,Medium
OIL-UC-2040,Offshore Rig-04,Shift changeover check,"Alarm audibility at Moon Pool Area found reduced, volume measured roughly 40% below the standard threshold against ambient plant noise.",1,0.34,Medium
OIL-UC-2041,Guwahati Pipeline Station,Contractor oversight visit,"Support beam near SCADA Control Room found with visible surface rust at a load-bearing weld, corrosion depth estimated at 11 mm.",1,0.36,Medium
OIL-UC-2042,Duliajan Oilfield,Shift changeover check,"Nozzle/valve seal at Chemical Injection Skid found with a slow drip, small stain accumulating over approximately 37 hours.",1,0.3,Medium
OIL-UC-2043,Digboi Refinery,Emergency-readiness drill prep,"Low-pressure alarm setpoint at Ethanol Storage Tanks found miscalibrated by roughly 29%, triggering well below the level needed for fail-safe response.",1,0.38,Medium
OIL-UC-2044,Jorhat Operations,Routine inspection round,Confined-space warning signage at Diesel Fuel Island found faded and difficult to read from beyond 37 metres.,1,0.38,Medium
OIL-UC-2045,Moran Oilfield,Routine inspection round,"Leak-indication tape near a flange at Rig Floor Catwalk / V-Door found discolored, consistent with a past minor release roughly 19 weeks ago; no work order raised.",1,0.31,Medium
OIL-UC-2046,Offshore Rig-04,Shift changeover check,SCADA/monitoring software at Moon Pool Area flagged as running an unpatched version for approximately 23 months.,1,0.28,Low
OIL-UC-2047,Guwahati Pipeline Station,Scheduled maintenance walkdown,"Standing/unacknowledged alarms accumulated in the control interface for Pipeline ROW River Crossing, approximately 6 outstanding at time of check.",1,0.41,Medium
OIL-UC-2048,Duliajan Oilfield,Scheduled maintenance walkdown,"Handrail section near Workover Rig Site found corroded through in one section, load-bearing capacity untested for 35 months.",1,0.34,Medium
OIL-UC-2049,Digboi Refinery,Shift changeover check,Vehicle-lift/lifting aid at Boiler House found operating 12 months past its load-test certification date with no re-test scheduled.,1,0.33,Medium
OIL-UC-2050,Jorhat Operations,Audit/compliance walkthrough,Cathodic-protection or corrosion-monitoring reading at Diesel Fuel Island found reading zero output for over 38 days; no compensating inspection logged.,1,0.29,Low
OIL-UC-2051,Moran Oilfield,Emergency-readiness drill prep,"Ventilation fan at Mud Logging Cabin found seized, area temperature elevated by approximately 12 degrees during operation.",1,0.39,Medium
OIL-UC-2052,Offshore Rig-04,Pre-operation verification,"Journey/route risk advisory for the route past Catwalk / V-Door found not updated for the current season, last revised 19 months ago.",1,0.39,Medium
OIL-UC-2053,Guwahati Pipeline Station,Shift changeover check,"Fire extinguisher near TTPA (Tank Truck Parking Area) found with an inspection tag 28 months overdue, unit otherwise appearing intact.",1,0.32,Medium
OIL-UC-2054,Duliajan Oilfield,Pre-operation verification,"Access-road culvert crossing near Workover Rig Site found partially washed out after recent rain, heavy vehicles continuing to use the route for 24 days since.",1,0.3,Medium
OIL-UC-2055,Digboi Refinery,Contractor oversight visit,"Chemical-injection skid at Effluent Treatment Plant found with a leaking pump seal, product pooling on the skid deck for an estimated 35 hours before being noticed.",1,0.33,Medium
OIL-UC-2056,Jorhat Operations,Routine inspection round,"Racking/shelving at Compressed Gas Store found with a bent support member on an upper level, load unreduced for 40 days since discovery.",1,0.28,Low
OIL-UC-2057,Moran Oilfield,Emergency-readiness drill prep,"Incompatible materials found stored together near Mud Logging Cabin (oxidizing and flammable classes), separation short of code by roughly 10 cm.",1,0.32,Medium
OIL-UC-2058,Offshore Rig-04,Pre-operation verification,"Wheel-chock use not enforced during a connected transfer operation at Catwalk / V-Door, observed on 2 occasions this month.",1,0.41,Medium
OIL-UC-2059,Guwahati Pipeline Station,Audit/compliance walkthrough,"Emergency shutdown pull-station near Metering Skid found with a damaged cover, response time estimated 26 seconds slower in a test.",1,0.4,Medium
OIL-UC-2060,Duliajan Oilfield,Pre-operation verification,"Alarm audibility at Chemical Injection Skid found reduced, volume measured roughly 6% below the standard threshold against ambient plant noise.",1,0.43,Medium
OIL-UC-2061,Digboi Refinery,Pre-operation verification,"Support beam near Battery Room found with visible surface rust at a load-bearing weld, corrosion depth estimated at 3 mm.",1,0.44,Medium
OIL-UC-2062,Jorhat Operations,Audit/compliance walkthrough,"Nozzle/valve seal at Training Center found with a slow drip, small stain accumulating over approximately 29 hours.",1,0.35,Medium
OIL-UC-2063,Moran Oilfield,Routine inspection round,"Low-pressure alarm setpoint at Well Test Separator found miscalibrated by roughly 20%, triggering well below the level needed for fail-safe response.",1,0.35,Medium
OIL-UC-2064,Offshore Rig-04,Emergency-readiness drill prep,Confined-space warning signage at Main Deck Crane found faded and difficult to read from beyond 31 metres.,1,0.4,Medium
OIL-UC-2065,Guwahati Pipeline Station,Emergency-readiness drill prep,"Leak-indication tape near a flange at Mainline Block Valve Station found discolored, consistent with a past minor release roughly 29 weeks ago; no work order raised.",1,0.3,Medium
OIL-UC-2066,Duliajan Oilfield,Routine inspection round,SCADA/monitoring software at Perforating Gun Store flagged as running an unpatched version for approximately 35 months.,1,0.35,Medium
OIL-UC-2067,Digboi Refinery,Shift changeover check,"Standing/unacknowledged alarms accumulated in the control interface for Boiler House, approximately 16 outstanding at time of check.",1,0.41,Medium
OIL-UC-2068,Jorhat Operations,Audit/compliance walkthrough,"Handrail section near Training Center found corroded through in one section, load-bearing capacity untested for 9 months.",1,0.37,Medium
OIL-UC-2069,Moran Oilfield,Contractor oversight visit,Vehicle-lift/lifting aid at Cementing Unit found operating 24 months past its load-test certification date with no re-test scheduled.,1,0.44,Medium
OIL-UC-2070,Offshore Rig-04,Routine inspection round,Cathodic-protection or corrosion-monitoring reading at Main Deck Crane found reading zero output for over 17 days; no compensating inspection logged.,1,0.3,Medium
OIL-UC-2071,Guwahati Pipeline Station,Scheduled maintenance walkdown,"Ventilation fan at Metering Skid found seized, area temperature elevated by approximately 40 degrees during operation.",1,0.41,Medium
OIL-UC-2072,Duliajan Oilfield,Emergency-readiness drill prep,"Journey/route risk advisory for the route past Workover Rig Site found not updated for the current season, last revised 13 months ago.",1,0.39,Medium
OIL-UC-2073,Digboi Refinery,Contractor oversight visit,"Fire extinguisher near Effluent Treatment Plant found with an inspection tag 38 months overdue, unit otherwise appearing intact.",1,0.39,Medium
OIL-UC-2074,Jorhat Operations,Scheduled maintenance walkdown,"Access-road culvert crossing near Warehouse found partially washed out after recent rain, heavy vehicles continuing to use the route for 22 days since.",1,0.35,Medium
OIL-UC-2075,Moran Oilfield,Emergency-readiness drill prep,"Chemical-injection skid at Well Test Separator found with a leaking pump seal, product pooling on the skid deck for an estimated 21 hours before being noticed.",1,0.33,Medium
OIL-UC-2076,Offshore Rig-04,Routine inspection round,"Racking/shelving at Mud Pump Room found with a bent support member on an upper level, load unreduced for 34 days since discovery.",1,0.33,Medium
OIL-UC-2077,Guwahati Pipeline Station,Shift changeover check,"Incompatible materials found stored together near Pig Launcher (oxidizing and flammable classes), separation short of code by roughly 5 cm.",1,0.42,Medium
OIL-UC-2078,Duliajan Oilfield,Audit/compliance walkthrough,"Wheel-chock use not enforced during a connected transfer operation at Workover Rig Site, observed on 40 occasions this month.",1,0.35,Medium
OIL-UC-2079,Digboi Refinery,Pre-operation verification,"Emergency shutdown pull-station near LPG Bottling Plant found with a damaged cover, response time estimated 4 seconds slower in a test.",1,0.43,Medium
OIL-UC-2080,Jorhat Operations,Shift changeover check,"Alarm audibility at Fleet Operations Yard found reduced, volume measured roughly 14% below the standard threshold against ambient plant noise.",1,0.38,Medium
OIL-UC-2081,Moran Oilfield,Pre-operation verification,"Support beam near Mud Logging Cabin found with visible surface rust at a load-bearing weld, corrosion depth estimated at 5 mm.",1,0.3,Medium
OIL-UC-2082,Offshore Rig-04,Contractor oversight visit,"Nozzle/valve seal at Catwalk / V-Door found with a slow drip, small stain accumulating over approximately 34 hours.",1,0.31,Medium
OIL-UC-2083,Guwahati Pipeline Station,Audit/compliance walkthrough,"Low-pressure alarm setpoint at TTPA (Tank Truck Parking Area) found miscalibrated by roughly 30%, triggering well below the level needed for fail-safe response.",1,0.37,Medium
OIL-UC-2084,Duliajan Oilfield,Shift changeover check,Confined-space warning signage at Chemical Injection Skid found faded and difficult to read from beyond 25 metres.,1,0.35,Medium
OIL-UC-2085,Digboi Refinery,Routine inspection round,"Leak-indication tape near a flange at Boiler House found discolored, consistent with a past minor release roughly 40 weeks ago; no work order raised.",1,0.41,Medium
OIL-UC-2086,Jorhat Operations,Shift changeover check,SCADA/monitoring software at Warehouse flagged as running an unpatched version for approximately 6 months.,1,0.3,Medium
OIL-UC-2087,Moran Oilfield,Shift changeover check,"Standing/unacknowledged alarms accumulated in the control interface for Well Test Separator, approximately 20 outstanding at time of check.",1,0.4,Medium
OIL-UC-2088,Offshore Rig-04,Routine inspection round,"Handrail section near Main Deck Crane found corroded through in one section, load-bearing capacity untested for 23 months.",1,0.38,Medium
OIL-UC-2089,Guwahati Pipeline Station,Contractor oversight visit,Vehicle-lift/lifting aid at 220kV Cable Trench (RCC) found operating 21 months past its load-test certification date with no re-test scheduled.,1,0.4,Medium
OIL-UC-2090,Duliajan Oilfield,Contractor oversight visit,Cathodic-protection or corrosion-monitoring reading at Gas Compressor Station found reading zero output for over 40 days; no compensating inspection logged.,1,0.44,Medium
OIL-UC-2091,Digboi Refinery,Contractor oversight visit,"Ventilation fan at LPG Bottling Plant found seized, area temperature elevated by approximately 26 degrees during operation.",1,0.41,Medium
OIL-UC-2092,Jorhat Operations,Routine inspection round,"Journey/route risk advisory for the route past Fleet Operations Yard found not updated for the current season, last revised 35 months ago.",1,0.39,Medium
OIL-UC-2093,Moran Oilfield,Routine inspection round,"Fire extinguisher near Camp Site found with an inspection tag 25 months overdue, unit otherwise appearing intact.",1,0.34,Medium
OIL-UC-2094,Offshore Rig-04,Emergency-readiness drill prep,"Access-road culvert crossing near Helideck found partially washed out after recent rain, heavy vehicles continuing to use the route for 23 days since.",1,0.36,Medium
OIL-UC-2095,Guwahati Pipeline Station,Routine inspection round,"Chemical-injection skid at Metering Skid found with a leaking pump seal, product pooling on the skid deck for an estimated 11 hours before being noticed.",1,0.33,Medium
OIL-UC-2096,Duliajan Oilfield,Emergency-readiness drill prep,"Racking/shelving at Workover Rig Site found with a bent support member on an upper level, load unreduced for 34 days since discovery.",1,0.37,Medium
OIL-UC-2097,Digboi Refinery,Contractor oversight visit,"Incompatible materials found stored together near LPG Bottling Plant (oxidizing and flammable classes), separation short of code by roughly 4 cm.",1,0.34,Medium
OIL-UC-2098,Jorhat Operations,Audit/compliance walkthrough,"Wheel-chock use not enforced during a connected transfer operation at Training Center, observed on 10 occasions this month.",1,0.34,Medium
OIL-UC-2099,Moran Oilfield,Contractor oversight visit,"Emergency shutdown pull-station near Mud Logging Cabin found with a damaged cover, response time estimated 12 seconds slower in a test.",1,0.35,Medium
OIL-UC-2100,Offshore Rig-04,Pre-operation verification,"Alarm audibility at Mud Pump Room found reduced, volume measured roughly 17% below the standard threshold against ambient plant noise.",1,0.38,Medium
OIL-UC-2101,Guwahati Pipeline Station,Audit/compliance walkthrough,"Support beam near TTPA (Tank Truck Parking Area) found with visible surface rust at a load-bearing weld, corrosion depth estimated at 16 mm.",1,0.32,Medium
OIL-UC-2102,Duliajan Oilfield,Shift changeover check,"Nozzle/valve seal at Water Treatment Plant found with a slow drip, small stain accumulating over approximately 14 hours.",1,0.4,Medium
OIL-UC-2103,Digboi Refinery,Emergency-readiness drill prep,"Low-pressure alarm setpoint at Effluent Treatment Plant found miscalibrated by roughly 31%, triggering well below the level needed for fail-safe response.",1,0.33,Medium
OIL-UC-2104,Jorhat Operations,Pre-operation verification,Confined-space warning signage at Training Center found faded and difficult to read from beyond 35 metres.,1,0.44,Medium
OIL-UC-2105,Moran Oilfield,Scheduled maintenance walkdown,"Leak-indication tape near a flange at Rig Floor Catwalk / V-Door found discolored, consistent with a past minor release roughly 40 weeks ago; no work order raised.",1,0.43,Medium
OIL-UC-2106,Offshore Rig-04,Audit/compliance walkthrough,SCADA/monitoring software at Life Boat Station flagged as running an unpatched version for approximately 25 months.,1,0.44,Medium
OIL-UC-2107,Guwahati Pipeline Station,Routine inspection round,"Standing/unacknowledged alarms accumulated in the control interface for Mainline Block Valve Station, approximately 20 outstanding at time of check.",1,0.41,Medium
OIL-UC-2108,Duliajan Oilfield,Scheduled maintenance walkdown,"Handrail section near Water Treatment Plant found corroded through in one section, load-bearing capacity untested for 34 months.",1,0.42,Medium
OIL-UC-2109,Digboi Refinery,Shift changeover check,Vehicle-lift/lifting aid at Ethanol Storage Tanks found operating 30 months past its load-test certification date with no re-test scheduled.,1,0.44,Medium
OIL-UC-2110,Jorhat Operations,Audit/compliance walkthrough,Cathodic-protection or corrosion-monitoring reading at Central Workshop found reading zero output for over 27 days; no compensating inspection logged.,1,0.34,Medium
OIL-UC-2111,Moran Oilfield,Scheduled maintenance walkdown,"Ventilation fan at Drilling Rig Substructure found seized, area temperature elevated by approximately 25 degrees during operation.",1,0.28,Low
OIL-UC-2112,Offshore Rig-04,Scheduled maintenance walkdown,"Journey/route risk advisory for the route past Mud Pump Room found not updated for the current season, last revised 11 months ago.",1,0.29,Low
OIL-UC-2113,Guwahati Pipeline Station,Pre-operation verification,"Fire extinguisher near Metering Skid found with an inspection tag 32 months overdue, unit otherwise appearing intact.",1,0.38,Medium
OIL-UC-2114,Duliajan Oilfield,Scheduled maintenance walkdown,"Access-road culvert crossing near Wellhead Cluster 3 found partially washed out after recent rain, heavy vehicles continuing to use the route for 18 days since.",1,0.42,Medium
OIL-UC-2115,Digboi Refinery,Routine inspection round,"Chemical-injection skid at LPG Bottling Plant found with a leaking pump seal, product pooling on the skid deck for an estimated 29 hours before being noticed.",1,0.41,Medium
OIL-UC-2116,Jorhat Operations,Routine inspection round,"Racking/shelving at Warehouse found with a bent support member on an upper level, load unreduced for 9 days since discovery.",1,0.32,Medium
OIL-UC-2117,Moran Oilfield,Routine inspection round,"Incompatible materials found stored together near Rig Floor Catwalk / V-Door (oxidizing and flammable classes), separation short of code by roughly 31 cm.",1,0.3,Medium
OIL-UC-2118,Offshore Rig-04,Contractor oversight visit,"Wheel-chock use not enforced during a connected transfer operation at SPM Mooring Buoy Support Vessel, observed on 3 occasions this month.",1,0.37,Medium
OIL-UC-2119,Guwahati Pipeline Station,Pre-operation verification,"Emergency shutdown pull-station near Metering Skid found with a damaged cover, response time estimated 20 seconds slower in a test.",1,0.28,Low
OIL-UC-2120,Duliajan Oilfield,Pre-operation verification,"Alarm audibility at Central Tank Farm found reduced, volume measured roughly 38% below the standard threshold against ambient plant noise.",1,0.31,Medium
OIL-UC-2121,Digboi Refinery,Shift changeover check,"Support beam near Reboiler Furnace Bay found with visible surface rust at a load-bearing weld, corrosion depth estimated at 35 mm.",1,0.29,Low
OIL-UC-2122,Jorhat Operations,Emergency-readiness drill prep,"Nozzle/valve seal at Training Center found with a slow drip, small stain accumulating over approximately 34 hours.",1,0.45,Medium
OIL-UC-2123,Moran Oilfield,Emergency-readiness drill prep,"Low-pressure alarm setpoint at Drilling Rig Substructure found miscalibrated by roughly 26%, triggering well below the level needed for fail-safe response.",1,0.36,Medium
OIL-UC-2124,Offshore Rig-04,Shift changeover check,Confined-space warning signage at Accommodation Module found faded and difficult to read from beyond 25 metres.,1,0.41,Medium
OIL-UC-2125,Guwahati Pipeline Station,Scheduled maintenance walkdown,"Leak-indication tape near a flange at Mainline Block Valve Station found discolored, consistent with a past minor release roughly 24 weeks ago; no work order raised.",1,0.4,Medium
OIL-UC-2126,Duliajan Oilfield,Contractor oversight visit,SCADA/monitoring software at Workover Rig Site flagged as running an unpatched version for approximately 39 months.,1,0.41,Medium
OIL-UC-2127,Digboi Refinery,Audit/compliance walkthrough,"Standing/unacknowledged alarms accumulated in the control interface for Naphtha Splitter Unit, approximately 24 outstanding at time of check.",1,0.34,Medium
OIL-UC-2128,Jorhat Operations,Contractor oversight visit,"Handrail section near Fire Station found corroded through in one section, load-bearing capacity untested for 31 months.",1,0.36,Medium
OIL-UC-2129,Moran Oilfield,Routine inspection round,Vehicle-lift/lifting aid at Rig Floor Catwalk / V-Door found operating 10 months past its load-test certification date with no re-test scheduled.,1,0.4,Medium
OIL-UC-2130,Offshore Rig-04,Scheduled maintenance walkdown,Cathodic-protection or corrosion-monitoring reading at Drill Floor found reading zero output for over 20 days; no compensating inspection logged.,1,0.29,Low
OIL-UC-2131,Guwahati Pipeline Station,Shift changeover check,"Ventilation fan at Pig Launcher found seized, area temperature elevated by approximately 22 degrees during operation.",1,0.37,Medium
OIL-UC-2132,Duliajan Oilfield,Routine inspection round,"Journey/route risk advisory for the route past Water Treatment Plant found not updated for the current season, last revised 18 months ago.",1,0.41,Medium
OIL-UC-2133,Digboi Refinery,Emergency-readiness drill prep,"Fire extinguisher near Hydrocracker Unit found with an inspection tag 24 months overdue, unit otherwise appearing intact.",1,0.41,Medium
OIL-UC-2134,Jorhat Operations,Routine inspection round,"Access-road culvert crossing near Warehouse found partially washed out after recent rain, heavy vehicles continuing to use the route for 19 days since.",1,0.42,Medium
OIL-UC-2135,Moran Oilfield,Pre-operation verification,"Chemical-injection skid at Well Test Separator found with a leaking pump seal, product pooling on the skid deck for an estimated 30 hours before being noticed.",1,0.34,Medium
OIL-UC-2136,Offshore Rig-04,Shift changeover check,"Racking/shelving at Life Boat Station found with a bent support member on an upper level, load unreduced for 33 days since discovery.",1,0.44,Medium
OIL-UC-2137,Guwahati Pipeline Station,Contractor oversight visit,"Incompatible materials found stored together near LCNG/LNG Dispensing Station (oxidizing and flammable classes), separation short of code by roughly 7 cm.",1,0.35,Medium
OIL-UC-2138,Duliajan Oilfield,Shift changeover check,"Wheel-chock use not enforced during a connected transfer operation at Gas Compressor Station, observed on 36 occasions this month.",1,0.33,Medium
OIL-UC-2139,Digboi Refinery,Shift changeover check,"Emergency shutdown pull-station near Boiler House found with a damaged cover, response time estimated 20 seconds slower in a test.",1,0.36,Medium
OIL-UC-2140,Jorhat Operations,Contractor oversight visit,"Alarm audibility at Compressed Gas Store found reduced, volume measured roughly 12% below the standard threshold against ambient plant noise.",1,0.36,Medium
OIL-UC-2141,Moran Oilfield,Audit/compliance walkthrough,"Support beam near Drilling Rig Substructure found with visible surface rust at a load-bearing weld, corrosion depth estimated at 24 mm.",1,0.45,Medium
OIL-UC-2142,Offshore Rig-04,Contractor oversight visit,"Nozzle/valve seal at Drill Floor found with a slow drip, small stain accumulating over approximately 6 hours.",1,0.39,Medium
OIL-UC-2143,Guwahati Pipeline Station,Scheduled maintenance walkdown,"Low-pressure alarm setpoint at Metering Skid found miscalibrated by roughly 3%, triggering well below the level needed for fail-safe response.",1,0.42,Medium
OIL-UC-2144,Duliajan Oilfield,Scheduled maintenance walkdown,Confined-space warning signage at Water Treatment Plant found faded and difficult to read from beyond 4 metres.,1,0.29,Low
OIL-UC-2145,Digboi Refinery,Pre-operation verification,"Leak-indication tape near a flange at Boiler House found discolored, consistent with a past minor release roughly 25 weeks ago; no work order raised.",1,0.44,Medium
OIL-UC-2146,Jorhat Operations,Contractor oversight visit,SCADA/monitoring software at Training Center flagged as running an unpatched version for approximately 11 months.,1,0.36,Medium
OIL-UC-2147,Moran Oilfield,Emergency-readiness drill prep,"Standing/unacknowledged alarms accumulated in the control interface for Cementing Unit, approximately 30 outstanding at time of check.",1,0.29,Low
OIL-UC-2148,Offshore Rig-04,Pre-operation verification,"Handrail section near SPM Mooring Buoy Support Vessel found corroded through in one section, load-bearing capacity untested for 25 months.",1,0.33,Medium
OIL-UC-2149,Guwahati Pipeline Station,Routine inspection round,Vehicle-lift/lifting aid at SCADA Control Room found operating 9 months past its load-test certification date with no re-test scheduled.,1,0.41,Medium
OIL-UC-2150,Duliajan Oilfield,Routine inspection round,Cathodic-protection or corrosion-monitoring reading at Perforating Gun Store found reading zero output for over 37 days; no compensating inspection logged.,1,0.32,Medium
OIL-UC-2151,Digboi Refinery,Audit/compliance walkthrough,"Ventilation fan at Effluent Treatment Plant found seized, area temperature elevated by approximately 15 degrees during operation.",1,0.33,Medium
OIL-UC-2152,Jorhat Operations,Scheduled maintenance walkdown,"Journey/route risk advisory for the route past Fire Station found not updated for the current season, last revised 9 months ago.",1,0.42,Medium
OIL-UC-2153,Moran Oilfield,Routine inspection round,"Fire extinguisher near Mud Logging Cabin found with an inspection tag 30 months overdue, unit otherwise appearing intact.",1,0.42,Medium
OIL-UC-2154,Offshore Rig-04,Audit/compliance walkthrough,"Access-road culvert crossing near Mud Pump Room found partially washed out after recent rain, heavy vehicles continuing to use the route for 6 days since.",1,0.37,Medium
OIL-UC-2155,Guwahati Pipeline Station,Emergency-readiness drill prep,"Chemical-injection skid at Metering Skid found with a leaking pump seal, product pooling on the skid deck for an estimated 13 hours before being noticed.",1,0.34,Medium
OIL-UC-2156,Duliajan Oilfield,Emergency-readiness drill prep,"Racking/shelving at Workover Rig Site found with a bent support member on an upper level, load unreduced for 14 days since discovery.",1,0.3,Medium
OIL-UC-2157,Digboi Refinery,Shift changeover check,"Incompatible materials found stored together near Effluent Treatment Plant (oxidizing and flammable classes), separation short of code by roughly 3 cm.",1,0.37,Medium
OIL-UC-2158,Jorhat Operations,Scheduled maintenance walkdown,"Wheel-chock use not enforced during a connected transfer operation at Compressed Gas Store, observed on 37 occasions this month.",1,0.38,Medium
OIL-UC-2159,Moran Oilfield,Pre-operation verification,"Emergency shutdown pull-station near Drilling Rig Substructure found with a damaged cover, response time estimated 21 seconds slower in a test.",1,0.45,Medium
OIL-UC-2160,Offshore Rig-04,Pre-operation verification,"Alarm audibility at Life Boat Station found reduced, volume measured roughly 35% below the standard threshold against ambient plant noise.",1,0.41,Medium
OIL-UC-2161,Guwahati Pipeline Station,Shift changeover check,"Support beam near Mainline Block Valve Station found with visible surface rust at a load-bearing weld, corrosion depth estimated at 10 mm.",1,0.39,Medium
OIL-UC-2162,Duliajan Oilfield,Shift changeover check,"Nozzle/valve seal at Water Treatment Plant found with a slow drip, small stain accumulating over approximately 35 hours.",1,0.3,Medium
OIL-UC-2163,Digboi Refinery,Scheduled maintenance walkdown,"Low-pressure alarm setpoint at LPG Bottling Plant found miscalibrated by roughly 39%, triggering well below the level needed for fail-safe response.",1,0.41,Medium
OIL-UC-2164,Jorhat Operations,Emergency-readiness drill prep,Confined-space warning signage at Compressed Gas Store found faded and difficult to read from beyond 34 metres.,1,0.29,Low
OIL-UC-2165,Moran Oilfield,Shift changeover check,"Leak-indication tape near a flange at Camp Site found discolored, consistent with a past minor release roughly 11 weeks ago; no work order raised.",1,0.31,Medium
OIL-UC-2166,Offshore Rig-04,Audit/compliance walkthrough,SCADA/monitoring software at Helideck flagged as running an unpatched version for approximately 24 months.,1,0.43,Medium
OIL-UC-2167,Guwahati Pipeline Station,Contractor oversight visit,"Standing/unacknowledged alarms accumulated in the control interface for LCNG/LNG Dispensing Station, approximately 14 outstanding at time of check.",1,0.44,Medium
OIL-UC-2168,Duliajan Oilfield,Audit/compliance walkthrough,"Handrail section near Gas Compressor Station found corroded through in one section, load-bearing capacity untested for 21 months.",1,0.37,Medium
OIL-UC-2169,Digboi Refinery,Audit/compliance walkthrough,Vehicle-lift/lifting aid at Benzene Storage Tank Farm found operating 39 months past its load-test certification date with no re-test scheduled.,1,0.31,Medium
OIL-UC-2170,Jorhat Operations,Shift changeover check,Cathodic-protection or corrosion-monitoring reading at Training Center found reading zero output for over 40 days; no compensating inspection logged.,1,0.42,Medium
OIL-UC-2171,Moran Oilfield,Routine inspection round,"Ventilation fan at Drilling Rig Substructure found seized, area temperature elevated by approximately 3 degrees during operation.",1,0.29,Low
OIL-UC-2172,Offshore Rig-04,Emergency-readiness drill prep,"Journey/route risk advisory for the route past Moon Pool Area found not updated for the current season, last revised 15 months ago.",1,0.38,Medium
OIL-UC-2173,Guwahati Pipeline Station,Contractor oversight visit,"Fire extinguisher near Pig Launcher found with an inspection tag 33 months overdue, unit otherwise appearing intact.",1,0.37,Medium
OIL-UC-2174,Duliajan Oilfield,Scheduled maintenance walkdown,"Access-road culvert crossing near Flowline ROW Section 4 found partially washed out after recent rain, heavy vehicles continuing to use the route for 32 days since.",1,0.42,Medium
OIL-UC-2175,Digboi Refinery,Pre-operation verification,"Chemical-injection skid at Battery Room found with a leaking pump seal, product pooling on the skid deck for an estimated 21 hours before being noticed.",1,0.29,Low
OIL-UC-2176,Jorhat Operations,Pre-operation verification,"Racking/shelving at Fire Station found with a bent support member on an upper level, load unreduced for 30 days since discovery.",1,0.36,Medium
OIL-UC-2177,Moran Oilfield,Scheduled maintenance walkdown,"Incompatible materials found stored together near Cementing Unit (oxidizing and flammable classes), separation short of code by roughly 40 cm.",1,0.33,Medium
OIL-UC-2178,Offshore Rig-04,Pre-operation verification,"Wheel-chock use not enforced during a connected transfer operation at Mud Pump Room, observed on 24 occasions this month.",1,0.3,Medium
OIL-UC-2179,Guwahati Pipeline Station,Scheduled maintenance walkdown,"Emergency shutdown pull-station near Mainline Block Valve Station found with a damaged cover, response time estimated 22 seconds slower in a test.",1,0.36,Medium
OIL-UC-2180,Duliajan Oilfield,Scheduled maintenance walkdown,"Alarm audibility at Water Treatment Plant found reduced, volume measured roughly 17% below the standard threshold against ambient plant noise.",1,0.3,Medium
OIL-UC-2181,Digboi Refinery,Scheduled maintenance walkdown,"Support beam near Battery Room found with visible surface rust at a load-bearing weld, corrosion depth estimated at 28 mm.",1,0.44,Medium
OIL-UC-2182,Jorhat Operations,Audit/compliance walkthrough,"Nozzle/valve seal at Diesel Fuel Island found with a slow drip, small stain accumulating over approximately 22 hours.",1,0.4,Medium
OIL-UC-2183,Moran Oilfield,Pre-operation verification,"Low-pressure alarm setpoint at Rig Floor Catwalk / V-Door found miscalibrated by roughly 12%, triggering well below the level needed for fail-safe response.",1,0.45,Medium
OIL-UC-2184,Offshore Rig-04,Pre-operation verification,Confined-space warning signage at Life Boat Station found faded and difficult to read from beyond 21 metres.,1,0.28,Low
OIL-UC-2185,Guwahati Pipeline Station,Scheduled maintenance walkdown,"Leak-indication tape near a flange at TTPA (Tank Truck Parking Area) found discolored, consistent with a past minor release roughly 17 weeks ago; no work order raised.",1,0.38,Medium
OIL-UC-2186,Duliajan Oilfield,Pre-operation verification,SCADA/monitoring software at Wellhead Cluster 3 flagged as running an unpatched version for approximately 20 months.,1,0.38,Medium
OIL-UC-2187,Digboi Refinery,Audit/compliance walkthrough,"Standing/unacknowledged alarms accumulated in the control interface for Effluent Treatment Plant, approximately 20 outstanding at time of check.",1,0.28,Low
OIL-UC-2188,Jorhat Operations,Shift changeover check,"Handrail section near Compressed Gas Store found corroded through in one section, load-bearing capacity untested for 10 months.",1,0.4,Medium
OIL-UC-2189,Moran Oilfield,Routine inspection round,Vehicle-lift/lifting aid at Well Test Separator found operating 25 months past its load-test certification date with no re-test scheduled.,1,0.35,Medium
OIL-UC-2190,Offshore Rig-04,Shift changeover check,Cathodic-protection or corrosion-monitoring reading at SPM Mooring Buoy Support Vessel found reading zero output for over 14 days; no compensating inspection logged.,1,0.37,Medium
OIL-UC-2191,Guwahati Pipeline Station,Pre-operation verification,"Ventilation fan at Pipeline ROW River Crossing found seized, area temperature elevated by approximately 34 degrees during operation.",1,0.41,Medium
OIL-UC-2192,Duliajan Oilfield,Routine inspection round,"Journey/route risk advisory for the route past Workover Rig Site found not updated for the current season, last revised 10 months ago.",1,0.35,Medium
OIL-UC-2193,Digboi Refinery,Shift changeover check,"Fire extinguisher near Boiler House found with an inspection tag 37 months overdue, unit otherwise appearing intact.",1,0.41,Medium
OIL-UC-2194,Jorhat Operations,Pre-operation verification,"Access-road culvert crossing near Training Center found partially washed out after recent rain, heavy vehicles continuing to use the route for 34 days since.",1,0.37,Medium
OIL-UC-2195,Moran Oilfield,Contractor oversight visit,"Chemical-injection skid at Drilling Rig Substructure found with a leaking pump seal, product pooling on the skid deck for an estimated 10 hours before being noticed.",1,0.34,Medium
OIL-UC-2196,Offshore Rig-04,Scheduled maintenance walkdown,"Racking/shelving at SPM Mooring Buoy Support Vessel found with a bent support member on an upper level, load unreduced for 31 days since discovery.",1,0.38,Medium
OIL-UC-2197,Guwahati Pipeline Station,Audit/compliance walkthrough,"Incompatible materials found stored together near Metering Skid (oxidizing and flammable classes), separation short of code by roughly 22 cm.",1,0.33,Medium
OIL-UC-2198,Duliajan Oilfield,Shift changeover check,"Wheel-chock use not enforced during a connected transfer operation at Flowline ROW Section 4, observed on 39 occasions this month.",1,0.37,Medium
OIL-UC-2199,Digboi Refinery,Contractor oversight visit,"Emergency shutdown pull-station near LPG Bottling Plant found with a damaged cover, response time estimated 33 seconds slower in a test.",1,0.38,Medium
OIL-UC-2200,Jorhat Operations,Shift changeover check,"Alarm audibility at Diesel Fuel Island found reduced, volume measured roughly 3% below the standard threshold against ambient plant noise.",1,0.34,Medium
OIL-UC-2201,Moran Oilfield,Shift changeover check,"Support beam near Well Test Separator found with visible surface rust at a load-bearing weld, corrosion depth estimated at 39 mm.",1,0.42,Medium
OIL-UC-2202,Offshore Rig-04,Pre-operation verification,"Nozzle/valve seal at Drill Floor found with a slow drip, small stain accumulating over approximately 40 hours.",1,0.33,Medium
OIL-UC-2203,Guwahati Pipeline Station,Audit/compliance walkthrough,"Low-pressure alarm setpoint at SCADA Control Room found miscalibrated by roughly 5%, triggering well below the level needed for fail-safe response.",1,0.36,Medium
OIL-UC-2204,Duliajan Oilfield,Emergency-readiness drill prep,Confined-space warning signage at Perforating Gun Store found faded and difficult to read from beyond 11 metres.,1,0.4,Medium
OIL-UC-2205,Digboi Refinery,Routine inspection round,"Leak-indication tape near a flange at Reboiler Furnace Bay found discolored, consistent with a past minor release roughly 14 weeks ago; no work order raised.",1,0.35,Medium
OIL-UC-2206,Jorhat Operations,Contractor oversight visit,SCADA/monitoring software at Fire Station flagged as running an unpatched version for approximately 28 months.,1,0.31,Medium
OIL-UC-2207,Moran Oilfield,Emergency-readiness drill prep,"Standing/unacknowledged alarms accumulated in the control interface for Rig Floor Catwalk / V-Door, approximately 32 outstanding at time of check.",1,0.42,Medium
OIL-UC-2208,Offshore Rig-04,Audit/compliance walkthrough,"Handrail section near Drill Floor found corroded through in one section, load-bearing capacity untested for 10 months.",1,0.32,Medium
OIL-UC-2209,Guwahati Pipeline Station,Pre-operation verification,Vehicle-lift/lifting aid at TTPA (Tank Truck Parking Area) found operating 35 months past its load-test certification date with no re-test scheduled.,1,0.33,Medium
OIL-UC-2210,Duliajan Oilfield,Shift changeover check,Cathodic-protection or corrosion-monitoring reading at Water Treatment Plant found reading zero output for over 36 days; no compensating inspection logged.,1,0.37,Medium
OIL-UC-2211,Digboi Refinery,Scheduled maintenance walkdown,"Ventilation fan at Hydrocracker Unit found seized, area temperature elevated by approximately 32 degrees during operation.",1,0.44,Medium
OIL-UC-2212,Jorhat Operations,Scheduled maintenance walkdown,"Journey/route risk advisory for the route past Training Center found not updated for the current season, last revised 21 months ago.",1,0.44,Medium
OIL-UC-2213,Moran Oilfield,Contractor oversight visit,"Fire extinguisher near Rig Floor Catwalk / V-Door found with an inspection tag 20 months overdue, unit otherwise appearing intact.",1,0.32,Medium
OIL-UC-2214,Offshore Rig-04,Pre-operation verification,"Access-road culvert crossing near Life Boat Station found partially washed out after recent rain, heavy vehicles continuing to use the route for 22 days since.",1,0.34,Medium
OIL-UC-2215,Guwahati Pipeline Station,Routine inspection round,"Chemical-injection skid at LCNG/LNG Dispensing Station found with a leaking pump seal, product pooling on the skid deck for an estimated 20 hours before being noticed.",1,0.38,Medium
OIL-UC-2216,Duliajan Oilfield,Emergency-readiness drill prep,"Racking/shelving at Perforating Gun Store found with a bent support member on an upper level, load unreduced for 27 days since discovery.",1,0.34,Medium
OIL-UC-2217,Digboi Refinery,Routine inspection round,"Incompatible materials found stored together near Benzene Storage Tank Farm (oxidizing and flammable classes), separation short of code by roughly 20 cm.",1,0.33,Medium
OIL-UC-2218,Jorhat Operations,Pre-operation verification,"Wheel-chock use not enforced during a connected transfer operation at Central Workshop, observed on 24 occasions this month.",1,0.39,Medium
OIL-UC-2219,Moran Oilfield,Scheduled maintenance walkdown,"Emergency shutdown pull-station near Well Test Separator found with a damaged cover, response time estimated 15 seconds slower in a test.",1,0.42,Medium
OIL-UC-2220,Offshore Rig-04,Scheduled maintenance walkdown,"Alarm audibility at SPM Mooring Buoy Support Vessel found reduced, volume measured roughly 19% below the standard threshold against ambient plant noise.",1,0.3,Medium
OIL-UC-2221,Guwahati Pipeline Station,Routine inspection round,"Support beam near SCADA Control Room found with visible surface rust at a load-bearing weld, corrosion depth estimated at 17 mm.",1,0.39,Medium
OIL-UC-2222,Duliajan Oilfield,Routine inspection round,"Nozzle/valve seal at Central Tank Farm found with a slow drip, small stain accumulating over approximately 16 hours.",1,0.3,Medium
OIL-UC-2223,Digboi Refinery,Contractor oversight visit,"Low-pressure alarm setpoint at Effluent Treatment Plant found miscalibrated by roughly 8%, triggering well below the level needed for fail-safe response.",1,0.41,Medium
OIL-UC-2224,Jorhat Operations,Pre-operation verification,Confined-space warning signage at Training Center found faded and difficult to read from beyond 12 metres.,1,0.39,Medium
OIL-UC-2225,Moran Oilfield,Emergency-readiness drill prep,"Leak-indication tape near a flange at Well Test Separator found discolored, consistent with a past minor release roughly 14 weeks ago; no work order raised.",1,0.44,Medium
OIL-UC-2226,Offshore Rig-04,Emergency-readiness drill prep,SCADA/monitoring software at Moon Pool Area flagged as running an unpatched version for approximately 5 months.,1,0.3,Medium
OIL-UC-2227,Guwahati Pipeline Station,Contractor oversight visit,"Standing/unacknowledged alarms accumulated in the control interface for SCADA Control Room, approximately 36 outstanding at time of check.",1,0.4,Medium
OIL-UC-2228,Duliajan Oilfield,Emergency-readiness drill prep,"Handrail section near Gas Compressor Station found corroded through in one section, load-bearing capacity untested for 28 months.",1,0.31,Medium
OIL-UC-2229,Digboi Refinery,Scheduled maintenance walkdown,Vehicle-lift/lifting aid at Battery Room found operating 33 months past its load-test certification date with no re-test scheduled.,1,0.44,Medium
OIL-UC-2230,Jorhat Operations,Shift changeover check,Cathodic-protection or corrosion-monitoring reading at Central Workshop found reading zero output for over 2 days; no compensating inspection logged.,1,0.38,Medium
OIL-UC-2231,Moran Oilfield,Pre-operation verification,"Ventilation fan at Cementing Unit found seized, area temperature elevated by approximately 20 degrees during operation.",1,0.45,Medium
OIL-UC-2232,Offshore Rig-04,Scheduled maintenance walkdown,"Journey/route risk advisory for the route past SPM Mooring Buoy Support Vessel found not updated for the current season, last revised 33 months ago.",1,0.42,Medium
OIL-UC-2233,Guwahati Pipeline Station,Emergency-readiness drill prep,"Fire extinguisher near LCNG/LNG Dispensing Station found with an inspection tag 14 months overdue, unit otherwise appearing intact.",1,0.3,Medium
OIL-UC-2234,Duliajan Oilfield,Contractor oversight visit,"Access-road culvert crossing near Water Treatment Plant found partially washed out after recent rain, heavy vehicles continuing to use the route for 18 days since.",1,0.31,Medium
OIL-UC-2235,Digboi Refinery,Audit/compliance walkthrough,"Chemical-injection skid at Boiler House found with a leaking pump seal, product pooling on the skid deck for an estimated 20 hours before being noticed.",1,0.39,Medium
OIL-UC-2236,Jorhat Operations,Emergency-readiness drill prep,"Racking/shelving at Fire Station found with a bent support member on an upper level, load unreduced for 27 days since discovery.",1,0.35,Medium
OIL-UC-2237,Moran Oilfield,Contractor oversight visit,"Incompatible materials found stored together near Drilling Rig Substructure (oxidizing and flammable classes), separation short of code by roughly 27 cm.",1,0.3,Medium
OIL-UC-2238,Offshore Rig-04,Scheduled maintenance walkdown,"Wheel-chock use not enforced during a connected transfer operation at Life Boat Station, observed on 22 occasions this month.",1,0.28,Low
OIL-UC-2239,Guwahati Pipeline Station,Emergency-readiness drill prep,"Emergency shutdown pull-station near SCADA Control Room found with a damaged cover, response time estimated 30 seconds slower in a test.",1,0.33,Medium
OIL-UC-2240,Duliajan Oilfield,Contractor oversight visit,"Alarm audibility at Flowline ROW Section 4 found reduced, volume measured roughly 39% below the standard threshold against ambient plant noise.",1,0.38,Medium
OIL-UC-2241,Digboi Refinery,Routine inspection round,"Support beam near Boiler House found with visible surface rust at a load-bearing weld, corrosion depth estimated at 17 mm.",1,0.39,Medium
OIL-UC-2242,Jorhat Operations,Pre-operation verification,"Nozzle/valve seal at Warehouse found with a slow drip, small stain accumulating over approximately 12 hours.",1,0.4,Medium
OIL-UC-2243,Moran Oilfield,Contractor oversight visit,"Low-pressure alarm setpoint at Rig Floor Catwalk / V-Door found miscalibrated by roughly 21%, triggering well below the level needed for fail-safe response.",1,0.3,Medium
OIL-UC-2244,Offshore Rig-04,Scheduled maintenance walkdown,Confined-space warning signage at Mud Pump Room found faded and difficult to read from beyond 16 metres.,1,0.44,Medium
OIL-UC-2245,Guwahati Pipeline Station,Contractor oversight visit,"Leak-indication tape near a flange at Metering Skid found discolored, consistent with a past minor release roughly 31 weeks ago; no work order raised.",1,0.45,Medium
OIL-UC-2246,Duliajan Oilfield,Pre-operation verification,SCADA/monitoring software at Perforating Gun Store flagged as running an unpatched version for approximately 37 months.,1,0.41,Medium
OIL-UC-2247,Digboi Refinery,Contractor oversight visit,"Standing/unacknowledged alarms accumulated in the control interface for Ethanol Storage Tanks, approximately 17 outstanding at time of check.",1,0.41,Medium
OIL-UC-2248,Jorhat Operations,Pre-operation verification,"Handrail section near Central Workshop found corroded through in one section, load-bearing capacity untested for 35 months.",1,0.37,Medium
OIL-UC-2249,Moran Oilfield,Routine inspection round,Vehicle-lift/lifting aid at Drilling Rig Substructure found operating 38 months past its load-test certification date with no re-test scheduled.,1,0.29,Low
OIL-UC-3000,Moran Oilfield,Scheduled maintenance walkdown,"Telescopic mast assembly at Telescopic Mast Assembly found with 131 structural pins showing visible wear beyond tolerance during a pre-raise inspection, raise sequence not yet halted.",1,0.71,High
OIL-UC-3001,Offshore Rig-04,Shift changeover check,"Catwalk / V-door mechanism at Catwalk / V-Door found with the pipe-handling interlock bypassed to work around a fault, drill pipe transfer continuing for 44 shifts since. (flagged during the night-shift audit)",1,0.77,High
OIL-UC-3002,Digboi Refinery,Contractor oversight visit,"Reboiler furnace burner management system at Reboiler Furnace Bay found with the flame-failure trip disabled after a nuisance-trip incident 31 days ago, not yet re-enabled. (flagged during the day-shift handover)",1,0.63,High
OIL-UC-3003,Digboi Refinery,Routine inspection round,"Ethanol Storage Tanks found with its overfill high-high level switch untested for 127 months, tank continuing to receive scheduled fills. (identified by a contractor supervisor's walkdown)",1,0.78,High
OIL-UC-3004,Digboi Refinery,Pre-operation verification,"Chain conveyor soap-tray station at LPG Bottling Plant found with the guard interlock defeated to allow soap-solution top-up during operation, observed on 16 occasions. (raised during a joint HSE-operations inspection)",1,0.61,High
OIL-UC-3005,Digboi Refinery,Audit/compliance walkthrough,"Ventilation at Battery Room found non-functional for 118 hours, hydrogen off-gas levels not independently verified during that period. (noted by the on-duty area in-charge)",1,0.59,Medium
OIL-UC-3006,Duliajan Oilfield,Emergency-readiness drill prep,Work-platform edge protection at Wellhead Cluster 3 found removed for a maintenance activity 174 days ago and not yet reinstated.,1,0.65,High
OIL-UC-3007,Guwahati Pipeline Station,Shift changeover check,"Pipeline right-of-way at Pipeline ROW River Crossing found with third-party excavation proceeding within 103 metres of the live line, no OIL representative present to verify line-locate markings. (flagged during the night-shift audit)",1,0.76,High
OIL-UC-3008,Digboi Refinery,Audit/compliance walkthrough,"Slop-oil pump house near Effluent Treatment Plant found with its fixed fire-suppression system isolated for 57 days for unrelated maintenance, pumps remaining in active service. (flagged during the day-shift handover)",1,0.6,High
OIL-UC-3009,Jorhat Operations,Contractor oversight visit,"Fire tender at Fire Station found with its reverse-alarm and rear camera both non-functional for 90 days, vehicle still used for yard repositioning. (identified by a contractor supervisor's walkdown)",1,0.59,Medium
OIL-UC-3010,Guwahati Pipeline Station,Pre-operation verification,"LCNG/LNG Dispensing Station found with a cryogenic leak-detection sensor reading a persistent fault code for 19 hours, dispensing continuing on manual override. (raised during a joint HSE-operations inspection)",1,0.59,Medium
OIL-UC-3011,Guwahati Pipeline Station,Emergency-readiness drill prep,220kV Cable Trench (RCC) found with fire-stop sealing missing at a joint bay for an estimated 48 metres of run. (noted by the on-duty area in-charge),1,0.61,High
OIL-UC-3012,Guwahati Pipeline Station,Pre-operation verification,"Cable-repair excavation along Pipeline ROW River Crossing found proceeding without a confirmed permit-to-work for 167 hours, crew working directly above the buried cable route.",1,0.66,High
OIL-UC-3013,Guwahati Pipeline Station,Emergency-readiness drill prep,"Hydrostatic test rig connected at Metering Skid found with its pressure-relief device rated below the intended test pressure by roughly 116%, test proceeding as scheduled. (flagged during the night-shift audit)",1,0.78,High
OIL-UC-3014,Digboi Refinery,Routine inspection round,"SRV (safety relief valve) calibration bench near Boiler House found with the isolation procedure incomplete, valve under test connected to a live line for 98 minutes before being noticed. (flagged during the day-shift handover)",1,0.73,High
OIL-UC-3015,Offshore Rig-04,Scheduled maintenance walkdown,"Hook-loaded crane at Main Deck Crane found operating with its load-moment indicator giving inconsistent readings, lift proceeding without a re-calibration check for 140 lifts. (identified by a contractor supervisor's walkdown)",1,0.72,High
OIL-UC-3016,Offshore Rig-04,Scheduled maintenance walkdown,"Roustabout hatch/cover at Drill Floor found with a damaged locking mechanism, hatch left in a partially secured state for 32 hours during active deck operations. (raised during a joint HSE-operations inspection)",1,0.8,Critical
OIL-UC-3017,Offshore Rig-04,Scheduled maintenance walkdown,"SPM Mooring Buoy Support Vessel found with its fixed fire-detection system in fault mode for 137 hours, maintenance work continuing aboard. (noted by the on-duty area in-charge)",1,0.74,High
OIL-UC-3018,Guwahati Pipeline Station,Emergency-readiness drill prep,"TTPA (Tank Truck Parking Area) found without a designated pedestrian walkway, drivers and ground staff crossing active vehicle movement lanes an estimated 2 times per shift.",1,0.59,Medium
OIL-UC-3019,Guwahati Pipeline Station,Contractor oversight visit,"LPG pipeline route at Pipeline ROW River Crossing found being crossed by an unrelated soil-investigation drilling crew without a verified line-locate confirmation, drilling within an estimated 120 metres of the line. (flagged during the night-shift audit)",1,0.74,High
OIL-UC-3020,Moran Oilfield,Pre-operation verification,"Telescopic mast assembly at Telescopic Mast Assembly found with 138 structural pins showing visible wear beyond tolerance during a pre-raise inspection, raise sequence not yet halted. (flagged during the day-shift handover)",1,0.76,High
OIL-UC-3021,Offshore Rig-04,Shift changeover check,"Catwalk / V-door mechanism at Catwalk / V-Door found with the pipe-handling interlock bypassed to work around a fault, drill pipe transfer continuing for 119 shifts since. (identified by a contractor supervisor's walkdown)",1,0.61,High
OIL-UC-3022,Digboi Refinery,Routine inspection round,"Reboiler furnace burner management system at Reboiler Furnace Bay found with the flame-failure trip disabled after a nuisance-trip incident 30 days ago, not yet re-enabled. (raised during a joint HSE-operations inspection)",1,0.76,High
OIL-UC-3023,Digboi Refinery,Emergency-readiness drill prep,"Ethanol Storage Tanks found with its overfill high-high level switch untested for 159 months, tank continuing to receive scheduled fills. (noted by the on-duty area in-charge)",1,0.79,High
OIL-UC-3024,Digboi Refinery,Scheduled maintenance walkdown,"Chain conveyor soap-tray station at LPG Bottling Plant found with the guard interlock defeated to allow soap-solution top-up during operation, observed on 63 occasions.",1,0.59,Medium
OIL-UC-3025,Digboi Refinery,Pre-operation verification,"Ventilation at Battery Room found non-functional for 10 hours, hydrogen off-gas levels not independently verified during that period. (flagged during the night-shift audit)",1,0.71,High
OIL-UC-3026,Duliajan Oilfield,Scheduled maintenance walkdown,Work-platform edge protection at Wellhead Cluster 3 found removed for a maintenance activity 14 days ago and not yet reinstated. (flagged during the day-shift handover),1,0.74,High
OIL-UC-3027,Guwahati Pipeline Station,Scheduled maintenance walkdown,"Pipeline right-of-way at Pipeline ROW River Crossing found with third-party excavation proceeding within 114 metres of the live line, no OIL representative present to verify line-locate markings. (identified by a contractor supervisor's walkdown)",1,0.7,High
OIL-UC-3028,Digboi Refinery,Scheduled maintenance walkdown,"Slop-oil pump house near Effluent Treatment Plant found with its fixed fire-suppression system isolated for 16 days for unrelated maintenance, pumps remaining in active service. (raised during a joint HSE-operations inspection)",1,0.69,High
OIL-UC-3029,Jorhat Operations,Emergency-readiness drill prep,"Fire tender at Fire Station found with its reverse-alarm and rear camera both non-functional for 61 days, vehicle still used for yard repositioning. (noted by the on-duty area in-charge)",1,0.78,High
OIL-UC-3030,Guwahati Pipeline Station,Audit/compliance walkthrough,"LCNG/LNG Dispensing Station found with a cryogenic leak-detection sensor reading a persistent fault code for 83 hours, dispensing continuing on manual override.",1,0.71,High
OIL-UC-3031,Guwahati Pipeline Station,Scheduled maintenance walkdown,220kV Cable Trench (RCC) found with fire-stop sealing missing at a joint bay for an estimated 84 metres of run. (flagged during the night-shift audit),1,0.65,High
OIL-UC-3032,Guwahati Pipeline Station,Audit/compliance walkthrough,"Cable-repair excavation along Pipeline ROW River Crossing found proceeding without a confirmed permit-to-work for 171 hours, crew working directly above the buried cable route. (flagged during the day-shift handover)",1,0.63,High
OIL-UC-3033,Guwahati Pipeline Station,Routine inspection round,"Hydrostatic test rig connected at Metering Skid found with its pressure-relief device rated below the intended test pressure by roughly 72%, test proceeding as scheduled. (identified by a contractor supervisor's walkdown)",1,0.7,High
OIL-UC-3034,Digboi Refinery,Contractor oversight visit,"SRV (safety relief valve) calibration bench near Boiler House found with the isolation procedure incomplete, valve under test connected to a live line for 46 minutes before being noticed. (raised during a joint HSE-operations inspection)",1,0.73,High
OIL-UC-3035,Offshore Rig-04,Routine inspection round,"Hook-loaded crane at Main Deck Crane found operating with its load-moment indicator giving inconsistent readings, lift proceeding without a re-calibration check for 128 lifts. (noted by the on-duty area in-charge)",1,0.79,High
OIL-UC-3036,Offshore Rig-04,Pre-operation verification,"Roustabout hatch/cover at Drill Floor found with a damaged locking mechanism, hatch left in a partially secured state for 173 hours during active deck operations.",1,0.75,High
OIL-UC-3037,Offshore Rig-04,Pre-operation verification,"SPM Mooring Buoy Support Vessel found with its fixed fire-detection system in fault mode for 180 hours, maintenance work continuing aboard. (flagged during the night-shift audit)",1,0.67,High
OIL-UC-3038,Guwahati Pipeline Station,Scheduled maintenance walkdown,"TTPA (Tank Truck Parking Area) found without a designated pedestrian walkway, drivers and ground staff crossing active vehicle movement lanes an estimated 98 times per shift. (flagged during the day-shift handover)",1,0.75,High
OIL-UC-3039,Guwahati Pipeline Station,Emergency-readiness drill prep,"LPG pipeline route at Pipeline ROW River Crossing found being crossed by an unrelated soil-investigation drilling crew without a verified line-locate confirmation, drilling within an estimated 63 metres of the line. (identified by a contractor supervisor's walkdown)",1,0.63,High
OIL-UC-3040,Moran Oilfield,Emergency-readiness drill prep,"Telescopic mast assembly at Telescopic Mast Assembly found with 38 structural pins showing visible wear beyond tolerance during a pre-raise inspection, raise sequence not yet halted. (raised during a joint HSE-operations inspection)",1,0.68,High
OIL-UC-3041,Offshore Rig-04,Pre-operation verification,"Catwalk / V-door mechanism at Catwalk / V-Door found with the pipe-handling interlock bypassed to work around a fault, drill pipe transfer continuing for 145 shifts since. (noted by the on-duty area in-charge)",1,0.79,High
OIL-UC-3042,Digboi Refinery,Scheduled maintenance walkdown,"Reboiler furnace burner management system at Reboiler Furnace Bay found with the flame-failure trip disabled after a nuisance-trip incident 137 days ago, not yet re-enabled.",1,0.67,High
OIL-UC-3043,Digboi Refinery,Shift changeover check,"Ethanol Storage Tanks found with its overfill high-high level switch untested for 54 months, tank continuing to receive scheduled fills. (flagged during the night-shift audit)",1,0.72,High
OIL-UC-3044,Digboi Refinery,Routine inspection round,"Chain conveyor soap-tray station at LPG Bottling Plant found with the guard interlock defeated to allow soap-solution top-up during operation, observed on 96 occasions. (flagged during the day-shift handover)",1,0.7,High
OIL-UC-3045,Digboi Refinery,Shift changeover check,"Ventilation at Battery Room found non-functional for 15 hours, hydrogen off-gas levels not independently verified during that period. (identified by a contractor supervisor's walkdown)",1,0.66,High
OIL-UC-3046,Duliajan Oilfield,Routine inspection round,Work-platform edge protection at Wellhead Cluster 3 found removed for a maintenance activity 156 days ago and not yet reinstated. (raised during a joint HSE-operations inspection),1,0.77,High
OIL-UC-3047,Guwahati Pipeline Station,Contractor oversight visit,"Pipeline right-of-way at Pipeline ROW River Crossing found with third-party excavation proceeding within 152 metres of the live line, no OIL representative present to verify line-locate markings. (noted by the on-duty area in-charge)",1,0.73,High
OIL-UC-3048,Digboi Refinery,Scheduled maintenance walkdown,"Slop-oil pump house near Effluent Treatment Plant found with its fixed fire-suppression system isolated for 124 days for unrelated maintenance, pumps remaining in active service.",1,0.77,High
OIL-UC-3049,Jorhat Operations,Routine inspection round,"Fire tender at Fire Station found with its reverse-alarm and rear camera both non-functional for 79 days, vehicle still used for yard repositioning. (flagged during the night-shift audit)",1,0.63,High
OIL-UC-3050,Guwahati Pipeline Station,Contractor oversight visit,"LCNG/LNG Dispensing Station found with a cryogenic leak-detection sensor reading a persistent fault code for 32 hours, dispensing continuing on manual override. (flagged during the day-shift handover)",1,0.8,Critical
OIL-UC-3051,Guwahati Pipeline Station,Contractor oversight visit,220kV Cable Trench (RCC) found with fire-stop sealing missing at a joint bay for an estimated 64 metres of run. (identified by a contractor supervisor's walkdown),1,0.71,High
OIL-UC-3052,Guwahati Pipeline Station,Scheduled maintenance walkdown,"Cable-repair excavation along Pipeline ROW River Crossing found proceeding without a confirmed permit-to-work for 103 hours, crew working directly above the buried cable route. (raised during a joint HSE-operations inspection)",1,0.7,High
OIL-UC-3053,Guwahati Pipeline Station,Pre-operation verification,"Hydrostatic test rig connected at Metering Skid found with its pressure-relief device rated below the intended test pressure by roughly 74%, test proceeding as scheduled. (noted by the on-duty area in-charge)",1,0.68,High
OIL-UC-3054,Digboi Refinery,Shift changeover check,"SRV (safety relief valve) calibration bench near Boiler House found with the isolation procedure incomplete, valve under test connected to a live line for 93 minutes before being noticed.",1,0.64,High
OIL-UC-3055,Offshore Rig-04,Pre-operation verification,"Hook-loaded crane at Main Deck Crane found operating with its load-moment indicator giving inconsistent readings, lift proceeding without a re-calibration check for 129 lifts. (flagged during the night-shift audit)",1,0.6,High
OIL-UC-3056,Offshore Rig-04,Emergency-readiness drill prep,"Roustabout hatch/cover at Drill Floor found with a damaged locking mechanism, hatch left in a partially secured state for 122 hours during active deck operations. (flagged during the day-shift handover)",1,0.76,High
OIL-UC-3057,Offshore Rig-04,Shift changeover check,"SPM Mooring Buoy Support Vessel found with its fixed fire-detection system in fault mode for 96 hours, maintenance work continuing aboard. (identified by a contractor supervisor's walkdown)",1,0.67,High
OIL-UC-3058,Guwahati Pipeline Station,Contractor oversight visit,"TTPA (Tank Truck Parking Area) found without a designated pedestrian walkway, drivers and ground staff crossing active vehicle movement lanes an estimated 58 times per shift. (raised during a joint HSE-operations inspection)",1,0.61,High
OIL-UC-3059,Guwahati Pipeline Station,Audit/compliance walkthrough,"LPG pipeline route at Pipeline ROW River Crossing found being crossed by an unrelated soil-investigation drilling crew without a verified line-locate confirmation, drilling within an estimated 143 metres of the line. (noted by the on-duty area in-charge)",1,0.71,High
OIL-UC-3060,Moran Oilfield,Scheduled maintenance walkdown,"Telescopic mast assembly at Telescopic Mast Assembly found with 77 structural pins showing visible wear beyond tolerance during a pre-raise inspection, raise sequence not yet halted.",1,0.62,High
OIL-UC-3061,Offshore Rig-04,Audit/compliance walkthrough,"Catwalk / V-door mechanism at Catwalk / V-Door found with the pipe-handling interlock bypassed to work around a fault, drill pipe transfer continuing for 99 shifts since. (flagged during the night-shift audit)",1,0.76,High
OIL-UC-3062,Digboi Refinery,Contractor oversight visit,"Reboiler furnace burner management system at Reboiler Furnace Bay found with the flame-failure trip disabled after a nuisance-trip incident 142 days ago, not yet re-enabled. (flagged during the day-shift handover)",1,0.79,High
OIL-UC-3063,Digboi Refinery,Emergency-readiness drill prep,"Ethanol Storage Tanks found with its overfill high-high level switch untested for 67 months, tank continuing to receive scheduled fills. (identified by a contractor supervisor's walkdown)",1,0.76,High
OIL-UC-3064,Digboi Refinery,Contractor oversight visit,"Chain conveyor soap-tray station at LPG Bottling Plant found with the guard interlock defeated to allow soap-solution top-up during operation, observed on 166 occasions. (raised during a joint HSE-operations inspection)",1,0.69,High
OIL-UC-3065,Digboi Refinery,Scheduled maintenance walkdown,"Ventilation at Battery Room found non-functional for 92 hours, hydrogen off-gas levels not independently verified during that period. (noted by the on-duty area in-charge)",1,0.61,High
OIL-UC-3066,Duliajan Oilfield,Scheduled maintenance walkdown,Work-platform edge protection at Wellhead Cluster 3 found removed for a maintenance activity 127 days ago and not yet reinstated.,1,0.78,High
OIL-UC-3067,Guwahati Pipeline Station,Routine inspection round,"Pipeline right-of-way at Pipeline ROW River Crossing found with third-party excavation proceeding within 166 metres of the live line, no OIL representative present to verify line-locate markings. (flagged during the night-shift audit)",1,0.7,High
OIL-UC-3068,Digboi Refinery,Routine inspection round,"Slop-oil pump house near Effluent Treatment Plant found with its fixed fire-suppression system isolated for 173 days for unrelated maintenance, pumps remaining in active service. (flagged during the day-shift handover)",1,0.75,High
OIL-UC-3069,Jorhat Operations,Emergency-readiness drill prep,"Fire tender at Fire Station found with its reverse-alarm and rear camera both non-functional for 37 days, vehicle still used for yard repositioning. (identified by a contractor supervisor's walkdown)",1,0.72,High
OIL-UC-3070,Guwahati Pipeline Station,Routine inspection round,"LCNG/LNG Dispensing Station found with a cryogenic leak-detection sensor reading a persistent fault code for 40 hours, dispensing continuing on manual override. (raised during a joint HSE-operations inspection)",1,0.63,High
OIL-UC-3071,Guwahati Pipeline Station,Routine inspection round,220kV Cable Trench (RCC) found with fire-stop sealing missing at a joint bay for an estimated 97 metres of run. (noted by the on-duty area in-charge),1,0.72,High
OIL-UC-3072,Guwahati Pipeline Station,Pre-operation verification,"Cable-repair excavation along Pipeline ROW River Crossing found proceeding without a confirmed permit-to-work for 159 hours, crew working directly above the buried cable route.",1,0.73,High
OIL-UC-3073,Guwahati Pipeline Station,Audit/compliance walkthrough,"Hydrostatic test rig connected at Metering Skid found with its pressure-relief device rated below the intended test pressure by roughly 3%, test proceeding as scheduled. (flagged during the night-shift audit)",1,0.7,High
OIL-UC-3074,Digboi Refinery,Audit/compliance walkthrough,"SRV (safety relief valve) calibration bench near Boiler House found with the isolation procedure incomplete, valve under test connected to a live line for 6 minutes before being noticed. (flagged during the day-shift handover)",1,0.74,High
OIL-UC-3075,Offshore Rig-04,Routine inspection round,"Hook-loaded crane at Main Deck Crane found operating with its load-moment indicator giving inconsistent readings, lift proceeding without a re-calibration check for 75 lifts. (identified by a contractor supervisor's walkdown)",1,0.69,High
OIL-UC-3076,Offshore Rig-04,Pre-operation verification,"Roustabout hatch/cover at Drill Floor found with a damaged locking mechanism, hatch left in a partially secured state for 174 hours during active deck operations. (raised during a joint HSE-operations inspection)",1,0.76,High
OIL-UC-3077,Offshore Rig-04,Routine inspection round,"SPM Mooring Buoy Support Vessel found with its fixed fire-detection system in fault mode for 29 hours, maintenance work continuing aboard. (noted by the on-duty area in-charge)",1,0.7,High
OIL-UC-3078,Guwahati Pipeline Station,Audit/compliance walkthrough,"TTPA (Tank Truck Parking Area) found without a designated pedestrian walkway, drivers and ground staff crossing active vehicle movement lanes an estimated 51 times per shift.",1,0.7,High
OIL-UC-3079,Guwahati Pipeline Station,Emergency-readiness drill prep,"LPG pipeline route at Pipeline ROW River Crossing found being crossed by an unrelated soil-investigation drilling crew without a verified line-locate confirmation, drilling within an estimated 70 metres of the line. (flagged during the night-shift audit)",1,0.67,High
OIL-UC-3080,Moran Oilfield,Pre-operation verification,"Telescopic mast assembly at Telescopic Mast Assembly found with 105 structural pins showing visible wear beyond tolerance during a pre-raise inspection, raise sequence not yet halted. (flagged during the day-shift handover)",1,0.7,High
OIL-UC-3081,Offshore Rig-04,Shift changeover check,"Catwalk / V-door mechanism at Catwalk / V-Door found with the pipe-handling interlock bypassed to work around a fault, drill pipe transfer continuing for 59 shifts since. (identified by a contractor supervisor's walkdown)",1,0.73,High
OIL-UC-3082,Digboi Refinery,Emergency-readiness drill prep,"Reboiler furnace burner management system at Reboiler Furnace Bay found with the flame-failure trip disabled after a nuisance-trip incident 169 days ago, not yet re-enabled. (raised during a joint HSE-operations inspection)",1,0.72,High
OIL-UC-3083,Digboi Refinery,Pre-operation verification,"Ethanol Storage Tanks found with its overfill high-high level switch untested for 25 months, tank continuing to receive scheduled fills. (noted by the on-duty area in-charge)",1,0.66,High
OIL-UC-3084,Digboi Refinery,Routine inspection round,"Chain conveyor soap-tray station at LPG Bottling Plant found with the guard interlock defeated to allow soap-solution top-up during operation, observed on 123 occasions.",1,0.72,High
OIL-UC-3085,Digboi Refinery,Routine inspection round,"Ventilation at Battery Room found non-functional for 45 hours, hydrogen off-gas levels not independently verified during that period. (flagged during the night-shift audit)",1,0.69,High
OIL-UC-3086,Duliajan Oilfield,Emergency-readiness drill prep,Work-platform edge protection at Wellhead Cluster 3 found removed for a maintenance activity 167 days ago and not yet reinstated. (flagged during the day-shift handover),1,0.65,High
OIL-UC-3087,Guwahati Pipeline Station,Routine inspection round,"Pipeline right-of-way at Pipeline ROW River Crossing found with third-party excavation proceeding within 137 metres of the live line, no OIL representative present to verify line-locate markings. (identified by a contractor supervisor's walkdown)",1,0.63,High
OIL-UC-3088,Digboi Refinery,Pre-operation verification,"Slop-oil pump house near Effluent Treatment Plant found with its fixed fire-suppression system isolated for 147 days for unrelated maintenance, pumps remaining in active service. (raised during a joint HSE-operations inspection)",1,0.64,High
OIL-UC-3089,Jorhat Operations,Shift changeover check,"Fire tender at Fire Station found with its reverse-alarm and rear camera both non-functional for 177 days, vehicle still used for yard repositioning. (noted by the on-duty area in-charge)",1,0.78,High
OIL-UC-3090,Guwahati Pipeline Station,Routine inspection round,"LCNG/LNG Dispensing Station found with a cryogenic leak-detection sensor reading a persistent fault code for 170 hours, dispensing continuing on manual override.",1,0.62,High
OIL-UC-3091,Guwahati Pipeline Station,Scheduled maintenance walkdown,220kV Cable Trench (RCC) found with fire-stop sealing missing at a joint bay for an estimated 6 metres of run. (flagged during the night-shift audit),1,0.71,High
OIL-UC-3092,Guwahati Pipeline Station,Routine inspection round,"Cable-repair excavation along Pipeline ROW River Crossing found proceeding without a confirmed permit-to-work for 103 hours, crew working directly above the buried cable route. (flagged during the day-shift handover)",1,0.65,High
OIL-UC-3093,Guwahati Pipeline Station,Audit/compliance walkthrough,"Hydrostatic test rig connected at Metering Skid found with its pressure-relief device rated below the intended test pressure by roughly 63%, test proceeding as scheduled. (identified by a contractor supervisor's walkdown)",1,0.76,High
OIL-UC-3094,Digboi Refinery,Audit/compliance walkthrough,"SRV (safety relief valve) calibration bench near Boiler House found with the isolation procedure incomplete, valve under test connected to a live line for 175 minutes before being noticed. (raised during a joint HSE-operations inspection)",1,0.65,High
OIL-UC-3095,Offshore Rig-04,Emergency-readiness drill prep,"Hook-loaded crane at Main Deck Crane found operating with its load-moment indicator giving inconsistent readings, lift proceeding without a re-calibration check for 37 lifts. (noted by the on-duty area in-charge)",1,0.8,Critical
OIL-UC-3096,Offshore Rig-04,Audit/compliance walkthrough,"Roustabout hatch/cover at Drill Floor found with a damaged locking mechanism, hatch left in a partially secured state for 22 hours during active deck operations.",1,0.74,High
OIL-UC-3097,Offshore Rig-04,Routine inspection round,"SPM Mooring Buoy Support Vessel found with its fixed fire-detection system in fault mode for 15 hours, maintenance work continuing aboard. (flagged during the night-shift audit)",1,0.68,High
OIL-UC-3098,Guwahati Pipeline Station,Audit/compliance walkthrough,"TTPA (Tank Truck Parking Area) found without a designated pedestrian walkway, drivers and ground staff crossing active vehicle movement lanes an estimated 89 times per shift. (flagged during the day-shift handover)",1,0.75,High
OIL-UC-3099,Guwahati Pipeline Station,Emergency-readiness drill prep,"LPG pipeline route at Pipeline ROW River Crossing found being crossed by an unrelated soil-investigation drilling crew without a verified line-locate confirmation, drilling within an estimated 103 metres of the line. (identified by a contractor supervisor's walkdown)",1,0.65,High
OIL-UC-3100,Moran Oilfield,Emergency-readiness drill prep,"Telescopic mast assembly at Telescopic Mast Assembly found with 71 structural pins showing visible wear beyond tolerance during a pre-raise inspection, raise sequence not yet halted. (raised during a joint HSE-operations inspection)",1,0.8,Critical
OIL-UC-3101,Offshore Rig-04,Shift changeover check,"Catwalk / V-door mechanism at Catwalk / V-Door found with the pipe-handling interlock bypassed to work around a fault, drill pipe transfer continuing for 60 shifts since. (noted by the on-duty area in-charge)",1,0.7,High
OIL-UC-3102,Digboi Refinery,Scheduled maintenance walkdown,"Reboiler furnace burner management system at Reboiler Furnace Bay found with the flame-failure trip disabled after a nuisance-trip incident 112 days ago, not yet re-enabled.",1,0.73,High
OIL-UC-3103,Digboi Refinery,Routine inspection round,"Ethanol Storage Tanks found with its overfill high-high level switch untested for 99 months, tank continuing to receive scheduled fills. (flagged during the night-shift audit)",1,0.75,High
OIL-UC-3104,Digboi Refinery,Contractor oversight visit,"Chain conveyor soap-tray station at LPG Bottling Plant found with the guard interlock defeated to allow soap-solution top-up during operation, observed on 65 occasions. (flagged during the day-shift handover)",1,0.6,High
OIL-UC-3105,Digboi Refinery,Pre-operation verification,"Ventilation at Battery Room found non-functional for 41 hours, hydrogen off-gas levels not independently verified during that period. (identified by a contractor supervisor's walkdown)",1,0.74,High
OIL-UC-3106,Duliajan Oilfield,Contractor oversight visit,Work-platform edge protection at Wellhead Cluster 3 found removed for a maintenance activity 41 days ago and not yet reinstated. (raised during a joint HSE-operations inspection),1,0.67,High
OIL-UC-3107,Guwahati Pipeline Station,Routine inspection round,"Pipeline right-of-way at Pipeline ROW River Crossing found with third-party excavation proceeding within 29 metres of the live line, no OIL representative present to verify line-locate markings. (noted by the on-duty area in-charge)",1,0.58,Medium
OIL-UC-3108,Digboi Refinery,Shift changeover check,"Slop-oil pump house near Effluent Treatment Plant found with its fixed fire-suppression system isolated for 115 days for unrelated maintenance, pumps remaining in active service.",1,0.75,High
OIL-UC-3109,Jorhat Operations,Routine inspection round,"Fire tender at Fire Station found with its reverse-alarm and rear camera both non-functional for 35 days, vehicle still used for yard repositioning. (flagged during the night-shift audit)",1,0.62,High
OIL-UC-3110,Guwahati Pipeline Station,Audit/compliance walkthrough,"LCNG/LNG Dispensing Station found with a cryogenic leak-detection sensor reading a persistent fault code for 144 hours, dispensing continuing on manual override. (flagged during the day-shift handover)",1,0.69,High
OIL-UC-3111,Guwahati Pipeline Station,Routine inspection round,220kV Cable Trench (RCC) found with fire-stop sealing missing at a joint bay for an estimated 8 metres of run. (identified by a contractor supervisor's walkdown),1,0.66,High
OIL-UC-3112,Guwahati Pipeline Station,Audit/compliance walkthrough,"Cable-repair excavation along Pipeline ROW River Crossing found proceeding without a confirmed permit-to-work for 154 hours, crew working directly above the buried cable route. (raised during a joint HSE-operations inspection)",1,0.75,High
OIL-UC-3113,Guwahati Pipeline Station,Shift changeover check,"Hydrostatic test rig connected at Metering Skid found with its pressure-relief device rated below the intended test pressure by roughly 5%, test proceeding as scheduled. (noted by the on-duty area in-charge)",1,0.67,High
OIL-UC-3114,Digboi Refinery,Contractor oversight visit,"SRV (safety relief valve) calibration bench near Boiler House found with the isolation procedure incomplete, valve under test connected to a live line for 23 minutes before being noticed.",1,0.78,High
OIL-UC-3115,Offshore Rig-04,Audit/compliance walkthrough,"Hook-loaded crane at Main Deck Crane found operating with its load-moment indicator giving inconsistent readings, lift proceeding without a re-calibration check for 148 lifts. (flagged during the night-shift audit)",1,0.62,High
OIL-UC-3116,Offshore Rig-04,Scheduled maintenance walkdown,"Roustabout hatch/cover at Drill Floor found with a damaged locking mechanism, hatch left in a partially secured state for 45 hours during active deck operations. (flagged during the day-shift handover)",1,0.64,High
OIL-UC-3117,Offshore Rig-04,Scheduled maintenance walkdown,"SPM Mooring Buoy Support Vessel found with its fixed fire-detection system in fault mode for 128 hours, maintenance work continuing aboard. (identified by a contractor supervisor's walkdown)",1,0.59,Medium
OIL-UC-3118,Guwahati Pipeline Station,Pre-operation verification,"TTPA (Tank Truck Parking Area) found without a designated pedestrian walkway, drivers and ground staff crossing active vehicle movement lanes an estimated 72 times per shift. (raised during a joint HSE-operations inspection)",1,0.65,High
OIL-UC-3119,Guwahati Pipeline Station,Shift changeover check,"LPG pipeline route at Pipeline ROW River Crossing found being crossed by an unrelated soil-investigation drilling crew without a verified line-locate confirmation, drilling within an estimated 21 metres of the line. (noted by the on-duty area in-charge)",1,0.64,High
OIL-UC-3120,Moran Oilfield,Pre-operation verification,"Telescopic mast assembly at Telescopic Mast Assembly found with 162 structural pins showing visible wear beyond tolerance during a pre-raise inspection, raise sequence not yet halted.",1,0.71,High
OIL-UC-3121,Offshore Rig-04,Routine inspection round,"Catwalk / V-door mechanism at Catwalk / V-Door found with the pipe-handling interlock bypassed to work around a fault, drill pipe transfer continuing for 119 shifts since. (flagged during the night-shift audit)",1,0.61,High
OIL-UC-3122,Digboi Refinery,Shift changeover check,"Reboiler furnace burner management system at Reboiler Furnace Bay found with the flame-failure trip disabled after a nuisance-trip incident 103 days ago, not yet re-enabled. (flagged during the day-shift handover)",1,0.77,High
OIL-UC-3123,Digboi Refinery,Pre-operation verification,"Ethanol Storage Tanks found with its overfill high-high level switch untested for 86 months, tank continuing to receive scheduled fills. (identified by a contractor supervisor's walkdown)",1,0.65,High
OIL-UC-3124,Digboi Refinery,Scheduled maintenance walkdown,"Chain conveyor soap-tray station at LPG Bottling Plant found with the guard interlock defeated to allow soap-solution top-up during operation, observed on 154 occasions. (raised during a joint HSE-operations inspection)",1,0.65,High
OIL-UC-3125,Digboi Refinery,Scheduled maintenance walkdown,"Ventilation at Battery Room found non-functional for 179 hours, hydrogen off-gas levels not independently verified during that period. (noted by the on-duty area in-charge)",1,0.69,High
OIL-UC-3126,Duliajan Oilfield,Shift changeover check,Work-platform edge protection at Wellhead Cluster 3 found removed for a maintenance activity 103 days ago and not yet reinstated.,1,0.64,High
OIL-UC-3127,Guwahati Pipeline Station,Pre-operation verification,"Pipeline right-of-way at Pipeline ROW River Crossing found with third-party excavation proceeding within 164 metres of the live line, no OIL representative present to verify line-locate markings. (flagged during the night-shift audit)",1,0.79,High
OIL-UC-3128,Digboi Refinery,Shift changeover check,"Slop-oil pump house near Effluent Treatment Plant found with its fixed fire-suppression system isolated for 64 days for unrelated maintenance, pumps remaining in active service. (flagged during the day-shift handover)",1,0.66,High
OIL-UC-3129,Jorhat Operations,Shift changeover check,"Fire tender at Fire Station found with its reverse-alarm and rear camera both non-functional for 102 days, vehicle still used for yard repositioning. (identified by a contractor supervisor's walkdown)",1,0.61,High
OIL-UC-3130,Guwahati Pipeline Station,Audit/compliance walkthrough,"LCNG/LNG Dispensing Station found with a cryogenic leak-detection sensor reading a persistent fault code for 53 hours, dispensing continuing on manual override. (raised during a joint HSE-operations inspection)",1,0.8,Critical
OIL-UC-3131,Guwahati Pipeline Station,Emergency-readiness drill prep,220kV Cable Trench (RCC) found with fire-stop sealing missing at a joint bay for an estimated 176 metres of run. (noted by the on-duty area in-charge),1,0.7,High
OIL-UC-3132,Guwahati Pipeline Station,Contractor oversight visit,"Cable-repair excavation along Pipeline ROW River Crossing found proceeding without a confirmed permit-to-work for 120 hours, crew working directly above the buried cable route.",1,0.63,High
OIL-UC-3133,Guwahati Pipeline Station,Emergency-readiness drill prep,"Hydrostatic test rig connected at Metering Skid found with its pressure-relief device rated below the intended test pressure by roughly 76%, test proceeding as scheduled. (flagged during the night-shift audit)",1,0.73,High
OIL-UC-3134,Digboi Refinery,Contractor oversight visit,"SRV (safety relief valve) calibration bench near Boiler House found with the isolation procedure incomplete, valve under test connected to a live line for 106 minutes before being noticed. (flagged during the day-shift handover)",1,0.69,High
OIL-UC-3135,Offshore Rig-04,Scheduled maintenance walkdown,"Hook-loaded crane at Main Deck Crane found operating with its load-moment indicator giving inconsistent readings, lift proceeding without a re-calibration check for 79 lifts. (identified by a contractor supervisor's walkdown)",1,0.64,High
OIL-UC-3136,Offshore Rig-04,Emergency-readiness drill prep,"Roustabout hatch/cover at Drill Floor found with a damaged locking mechanism, hatch left in a partially secured state for 110 hours during active deck operations. (raised during a joint HSE-operations inspection)",1,0.66,High
OIL-UC-3137,Offshore Rig-04,Pre-operation verification,"SPM Mooring Buoy Support Vessel found with its fixed fire-detection system in fault mode for 155 hours, maintenance work continuing aboard. (noted by the on-duty area in-charge)",1,0.71,High
OIL-UC-3138,Guwahati Pipeline Station,Emergency-readiness drill prep,"TTPA (Tank Truck Parking Area) found without a designated pedestrian walkway, drivers and ground staff crossing active vehicle movement lanes an estimated 131 times per shift.",1,0.73,High
OIL-UC-3139,Guwahati Pipeline Station,Emergency-readiness drill prep,"LPG pipeline route at Pipeline ROW River Crossing found being crossed by an unrelated soil-investigation drilling crew without a verified line-locate confirmation, drilling within an estimated 11 metres of the line. (flagged during the night-shift audit)",1,0.79,High
OIL-UC-3140,Moran Oilfield,Audit/compliance walkthrough,"Telescopic mast assembly at Telescopic Mast Assembly found with 139 structural pins showing visible wear beyond tolerance during a pre-raise inspection, raise sequence not yet halted. (flagged during the day-shift handover)",1,0.72,High
OIL-UC-3141,Offshore Rig-04,Emergency-readiness drill prep,"Catwalk / V-door mechanism at Catwalk / V-Door found with the pipe-handling interlock bypassed to work around a fault, drill pipe transfer continuing for 29 shifts since. (identified by a contractor supervisor's walkdown)",1,0.63,High
OIL-UC-3142,Digboi Refinery,Scheduled maintenance walkdown,"Reboiler furnace burner management system at Reboiler Furnace Bay found with the flame-failure trip disabled after a nuisance-trip incident 92 days ago, not yet re-enabled. (raised during a joint HSE-operations inspection)",1,0.72,High
OIL-UC-3143,Digboi Refinery,Contractor oversight visit,"Ethanol Storage Tanks found with its overfill high-high level switch untested for 146 months, tank continuing to receive scheduled fills. (noted by the on-duty area in-charge)",1,0.73,High
OIL-UC-3144,Digboi Refinery,Emergency-readiness drill prep,"Chain conveyor soap-tray station at LPG Bottling Plant found with the guard interlock defeated to allow soap-solution top-up during operation, observed on 86 occasions.",1,0.67,High
OIL-UC-3145,Digboi Refinery,Shift changeover check,"Ventilation at Battery Room found non-functional for 27 hours, hydrogen off-gas levels not independently verified during that period. (flagged during the night-shift audit)",1,0.63,High
OIL-UC-3146,Duliajan Oilfield,Audit/compliance walkthrough,Work-platform edge protection at Wellhead Cluster 3 found removed for a maintenance activity 134 days ago and not yet reinstated. (flagged during the day-shift handover),1,0.71,High
OIL-UC-3147,Guwahati Pipeline Station,Pre-operation verification,"Pipeline right-of-way at Pipeline ROW River Crossing found with third-party excavation proceeding within 58 metres of the live line, no OIL representative present to verify line-locate markings. (identified by a contractor supervisor's walkdown)",1,0.66,High
OIL-UC-3148,Digboi Refinery,Audit/compliance walkthrough,"Slop-oil pump house near Effluent Treatment Plant found with its fixed fire-suppression system isolated for 175 days for unrelated maintenance, pumps remaining in active service. (raised during a joint HSE-operations inspection)",1,0.73,High
OIL-UC-3149,Jorhat Operations,Routine inspection round,"Fire tender at Fire Station found with its reverse-alarm and rear camera both non-functional for 90 days, vehicle still used for yard repositioning. (noted by the on-duty area in-charge)",1,0.69,High
OIL-UC-3150,Guwahati Pipeline Station,Routine inspection round,"LCNG/LNG Dispensing Station found with a cryogenic leak-detection sensor reading a persistent fault code for 108 hours, dispensing continuing on manual override.",1,0.61,High
OIL-UC-3151,Guwahati Pipeline Station,Shift changeover check,220kV Cable Trench (RCC) found with fire-stop sealing missing at a joint bay for an estimated 38 metres of run. (flagged during the night-shift audit),1,0.65,High
OIL-UC-3152,Guwahati Pipeline Station,Audit/compliance walkthrough,"Cable-repair excavation along Pipeline ROW River Crossing found proceeding without a confirmed permit-to-work for 54 hours, crew working directly above the buried cable route. (flagged during the day-shift handover)",1,0.69,High
OIL-UC-3153,Guwahati Pipeline Station,Pre-operation verification,"Hydrostatic test rig connected at Metering Skid found with its pressure-relief device rated below the intended test pressure by roughly 26%, test proceeding as scheduled. (identified by a contractor supervisor's walkdown)",1,0.74,High
OIL-UC-3154,Digboi Refinery,Routine inspection round,"SRV (safety relief valve) calibration bench near Boiler House found with the isolation procedure incomplete, valve under test connected to a live line for 83 minutes before being noticed. (raised during a joint HSE-operations inspection)",1,0.65,High
OIL-UC-3155,Offshore Rig-04,Routine inspection round,"Hook-loaded crane at Main Deck Crane found operating with its load-moment indicator giving inconsistent readings, lift proceeding without a re-calibration check for 31 lifts. (noted by the on-duty area in-charge)",1,0.77,High
OIL-UC-3156,Offshore Rig-04,Contractor oversight visit,"Roustabout hatch/cover at Drill Floor found with a damaged locking mechanism, hatch left in a partially secured state for 29 hours during active deck operations.",1,0.76,High
OIL-UC-3157,Offshore Rig-04,Audit/compliance walkthrough,"SPM Mooring Buoy Support Vessel found with its fixed fire-detection system in fault mode for 64 hours, maintenance work continuing aboard. (flagged during the night-shift audit)",1,0.62,High
OIL-UC-3158,Guwahati Pipeline Station,Audit/compliance walkthrough,"TTPA (Tank Truck Parking Area) found without a designated pedestrian walkway, drivers and ground staff crossing active vehicle movement lanes an estimated 86 times per shift. (flagged during the day-shift handover)",1,0.67,High
OIL-UC-3159,Guwahati Pipeline Station,Emergency-readiness drill prep,"LPG pipeline route at Pipeline ROW River Crossing found being crossed by an unrelated soil-investigation drilling crew without a verified line-locate confirmation, drilling within an estimated 61 metres of the line. (identified by a contractor supervisor's walkdown)",1,0.67,High
OIL-UC-3160,Moran Oilfield,Contractor oversight visit,"Telescopic mast assembly at Telescopic Mast Assembly found with 49 structural pins showing visible wear beyond tolerance during a pre-raise inspection, raise sequence not yet halted. (raised during a joint HSE-operations inspection)",1,0.72,High
OIL-UC-3161,Offshore Rig-04,Contractor oversight visit,"Catwalk / V-door mechanism at Catwalk / V-Door found with the pipe-handling interlock bypassed to work around a fault, drill pipe transfer continuing for 9 shifts since. (noted by the on-duty area in-charge)",1,0.72,High
OIL-UC-3162,Digboi Refinery,Audit/compliance walkthrough,"Reboiler furnace burner management system at Reboiler Furnace Bay found with the flame-failure trip disabled after a nuisance-trip incident 117 days ago, not yet re-enabled.",1,0.67,High
OIL-UC-3163,Digboi Refinery,Scheduled maintenance walkdown,"Ethanol Storage Tanks found with its overfill high-high level switch untested for 56 months, tank continuing to receive scheduled fills. (flagged during the night-shift audit)",1,0.64,High
OIL-UC-3164,Digboi Refinery,Audit/compliance walkthrough,"Chain conveyor soap-tray station at LPG Bottling Plant found with the guard interlock defeated to allow soap-solution top-up during operation, observed on 18 occasions. (flagged during the day-shift handover)",1,0.6,High
OIL-UC-3165,Digboi Refinery,Shift changeover check,"Ventilation at Battery Room found non-functional for 49 hours, hydrogen off-gas levels not independently verified during that period. (identified by a contractor supervisor's walkdown)",1,0.65,High
OIL-UC-3166,Duliajan Oilfield,Shift changeover check,Work-platform edge protection at Wellhead Cluster 3 found removed for a maintenance activity 31 days ago and not yet reinstated. (raised during a joint HSE-operations inspection),1,0.73,High
OIL-UC-3167,Guwahati Pipeline Station,Contractor oversight visit,"Pipeline right-of-way at Pipeline ROW River Crossing found with third-party excavation proceeding within 137 metres of the live line, no OIL representative present to verify line-locate markings. (noted by the on-duty area in-charge)",1,0.65,High
OIL-UC-3168,Digboi Refinery,Pre-operation verification,"Slop-oil pump house near Effluent Treatment Plant found with its fixed fire-suppression system isolated for 158 days for unrelated maintenance, pumps remaining in active service.",1,0.71,High
OIL-UC-3169,Jorhat Operations,Emergency-readiness drill prep,"Fire tender at Fire Station found with its reverse-alarm and rear camera both non-functional for 92 days, vehicle still used for yard repositioning. (flagged during the night-shift audit)",1,0.68,High
OIL-UC-3170,Guwahati Pipeline Station,Contractor oversight visit,"LCNG/LNG Dispensing Station found with a cryogenic leak-detection sensor reading a persistent fault code for 174 hours, dispensing continuing on manual override. (flagged during the day-shift handover)",1,0.76,High
OIL-UC-3171,Guwahati Pipeline Station,Routine inspection round,220kV Cable Trench (RCC) found with fire-stop sealing missing at a joint bay for an estimated 153 metres of run. (identified by a contractor supervisor's walkdown),1,0.73,High
OIL-UC-3172,Guwahati Pipeline Station,Scheduled maintenance walkdown,"Cable-repair excavation along Pipeline ROW River Crossing found proceeding without a confirmed permit-to-work for 32 hours, crew working directly above the buried cable route. (raised during a joint HSE-operations inspection)",1,0.65,High
OIL-UC-3173,Guwahati Pipeline Station,Contractor oversight visit,"Hydrostatic test rig connected at Metering Skid found with its pressure-relief device rated below the intended test pressure by roughly 97%, test proceeding as scheduled. (noted by the on-duty area in-charge)",1,0.61,High
OIL-UC-3174,Digboi Refinery,Audit/compliance walkthrough,"SRV (safety relief valve) calibration bench near Boiler House found with the isolation procedure incomplete, valve under test connected to a live line for 109 minutes before being noticed.",1,0.61,High
OIL-UC-3175,Offshore Rig-04,Scheduled maintenance walkdown,"Hook-loaded crane at Main Deck Crane found operating with its load-moment indicator giving inconsistent readings, lift proceeding without a re-calibration check for 110 lifts. (flagged during the night-shift audit)",1,0.69,High
OIL-UC-3176,Offshore Rig-04,Contractor oversight visit,"Roustabout hatch/cover at Drill Floor found with a damaged locking mechanism, hatch left in a partially secured state for 179 hours during active deck operations. (flagged during the day-shift handover)",1,0.78,High
OIL-UC-3177,Offshore Rig-04,Scheduled maintenance walkdown,"SPM Mooring Buoy Support Vessel found with its fixed fire-detection system in fault mode for 144 hours, maintenance work continuing aboard. (identified by a contractor supervisor's walkdown)",1,0.69,High
OIL-UC-3178,Guwahati Pipeline Station,Shift changeover check,"TTPA (Tank Truck Parking Area) found without a designated pedestrian walkway, drivers and ground staff crossing active vehicle movement lanes an estimated 49 times per shift. (raised during a joint HSE-operations inspection)",1,0.77,High
OIL-UC-3179,Guwahati Pipeline Station,Emergency-readiness drill prep,"LPG pipeline route at Pipeline ROW River Crossing found being crossed by an unrelated soil-investigation drilling crew without a verified line-locate confirmation, drilling within an estimated 15 metres of the line. (noted by the on-duty area in-charge)",1,0.66,High
OIL-UC-3180,Moran Oilfield,Scheduled maintenance walkdown,"Telescopic mast assembly at Telescopic Mast Assembly found with 126 structural pins showing visible wear beyond tolerance during a pre-raise inspection, raise sequence not yet halted.",1,0.62,High
OIL-UC-3181,Offshore Rig-04,Audit/compliance walkthrough,"Catwalk / V-door mechanism at Catwalk / V-Door found with the pipe-handling interlock bypassed to work around a fault, drill pipe transfer continuing for 145 shifts since. (flagged during the night-shift audit)",1,0.72,High
OIL-UC-3182,Digboi Refinery,Pre-operation verification,"Reboiler furnace burner management system at Reboiler Furnace Bay found with the flame-failure trip disabled after a nuisance-trip incident 177 days ago, not yet re-enabled. (flagged during the day-shift handover)",1,0.67,High
OIL-UC-3183,Digboi Refinery,Scheduled maintenance walkdown,"Ethanol Storage Tanks found with its overfill high-high level switch untested for 127 months, tank continuing to receive scheduled fills. (identified by a contractor supervisor's walkdown)",1,0.6,High
OIL-UC-3184,Digboi Refinery,Shift changeover check,"Chain conveyor soap-tray station at LPG Bottling Plant found with the guard interlock defeated to allow soap-solution top-up during operation, observed on 58 occasions. (raised during a joint HSE-operations inspection)",1,0.59,Medium
OIL-UC-3185,Digboi Refinery,Shift changeover check,"Ventilation at Battery Room found non-functional for 139 hours, hydrogen off-gas levels not independently verified during that period. (noted by the on-duty area in-charge)",1,0.62,High
OIL-UC-3186,Duliajan Oilfield,Contractor oversight visit,Work-platform edge protection at Wellhead Cluster 3 found removed for a maintenance activity 146 days ago and not yet reinstated.,1,0.75,High
OIL-UC-3187,Guwahati Pipeline Station,Audit/compliance walkthrough,"Pipeline right-of-way at Pipeline ROW River Crossing found with third-party excavation proceeding within 142 metres of the live line, no OIL representative present to verify line-locate markings. (flagged during the night-shift audit)",1,0.6,High
OIL-UC-3188,Digboi Refinery,Emergency-readiness drill prep,"Slop-oil pump house near Effluent Treatment Plant found with its fixed fire-suppression system isolated for 70 days for unrelated maintenance, pumps remaining in active service. (flagged during the day-shift handover)",1,0.7,High
OIL-UC-3189,Jorhat Operations,Emergency-readiness drill prep,"Fire tender at Fire Station found with its reverse-alarm and rear camera both non-functional for 140 days, vehicle still used for yard repositioning. (identified by a contractor supervisor's walkdown)",1,0.75,High
OIL-UC-3190,Guwahati Pipeline Station,Audit/compliance walkthrough,"LCNG/LNG Dispensing Station found with a cryogenic leak-detection sensor reading a persistent fault code for 114 hours, dispensing continuing on manual override. (raised during a joint HSE-operations inspection)",1,0.63,High
OIL-UC-3191,Guwahati Pipeline Station,Contractor oversight visit,220kV Cable Trench (RCC) found with fire-stop sealing missing at a joint bay for an estimated 28 metres of run. (noted by the on-duty area in-charge),1,0.76,High
OIL-UC-3192,Guwahati Pipeline Station,Shift changeover check,"Cable-repair excavation along Pipeline ROW River Crossing found proceeding without a confirmed permit-to-work for 65 hours, crew working directly above the buried cable route.",1,0.77,High
OIL-UC-3193,Guwahati Pipeline Station,Shift changeover check,"Hydrostatic test rig connected at Metering Skid found with its pressure-relief device rated below the intended test pressure by roughly 117%, test proceeding as scheduled. (flagged during the night-shift audit)",1,0.66,High
OIL-UC-3194,Digboi Refinery,Emergency-readiness drill prep,"SRV (safety relief valve) calibration bench near Boiler House found with the isolation procedure incomplete, valve under test connected to a live line for 114 minutes before being noticed. (flagged during the day-shift handover)",1,0.8,Critical
OIL-UC-3195,Offshore Rig-04,Scheduled maintenance walkdown,"Hook-loaded crane at Main Deck Crane found operating with its load-moment indicator giving inconsistent readings, lift proceeding without a re-calibration check for 62 lifts. (identified by a contractor supervisor's walkdown)",1,0.76,High
OIL-UC-3196,Offshore Rig-04,Shift changeover check,"Roustabout hatch/cover at Drill Floor found with a damaged locking mechanism, hatch left in a partially secured state for 178 hours during active deck operations. (raised during a joint HSE-operations inspection)",1,0.77,High
OIL-UC-3197,Offshore Rig-04,Pre-operation verification,"SPM Mooring Buoy Support Vessel found with its fixed fire-detection system in fault mode for 163 hours, maintenance work continuing aboard. (noted by the on-duty area in-charge)",1,0.62,High
OIL-UC-3198,Guwahati Pipeline Station,Emergency-readiness drill prep,"TTPA (Tank Truck Parking Area) found without a designated pedestrian walkway, drivers and ground staff crossing active vehicle movement lanes an estimated 54 times per shift.",1,0.63,High
OIL-UC-3199,Guwahati Pipeline Station,Shift changeover check,"LPG pipeline route at Pipeline ROW River Crossing found being crossed by an unrelated soil-investigation drilling crew without a verified line-locate confirmation, drilling within an estimated 147 metres of the line. (flagged during the night-shift audit)",1,0.7,High
OIL-UC-3200,Moran Oilfield,Scheduled maintenance walkdown,"Telescopic mast assembly at Telescopic Mast Assembly found with 139 structural pins showing visible wear beyond tolerance during a pre-raise inspection, raise sequence not yet halted. (flagged during the day-shift handover)",1,0.65,High
OIL-UC-3201,Offshore Rig-04,Shift changeover check,"Catwalk / V-door mechanism at Catwalk / V-Door found with the pipe-handling interlock bypassed to work around a fault, drill pipe transfer continuing for 76 shifts since. (identified by a contractor supervisor's walkdown)",1,0.71,High
OIL-UC-3202,Digboi Refinery,Emergency-readiness drill prep,"Reboiler furnace burner management system at Reboiler Furnace Bay found with the flame-failure trip disabled after a nuisance-trip incident 175 days ago, not yet re-enabled. (raised during a joint HSE-operations inspection)",1,0.6,High
OIL-UC-3203,Digboi Refinery,Routine inspection round,"Ethanol Storage Tanks found with its overfill high-high level switch untested for 107 months, tank continuing to receive scheduled fills. (noted by the on-duty area in-charge)",1,0.8,Critical
OIL-UC-3204,Digboi Refinery,Contractor oversight visit,"Chain conveyor soap-tray station at LPG Bottling Plant found with the guard interlock defeated to allow soap-solution top-up during operation, observed on 34 occasions.",1,0.77,High
OIL-UC-3205,Digboi Refinery,Contractor oversight visit,"Ventilation at Battery Room found non-functional for 39 hours, hydrogen off-gas levels not independently verified during that period. (flagged during the night-shift audit)",1,0.65,High
OIL-UC-3206,Duliajan Oilfield,Pre-operation verification,Work-platform edge protection at Wellhead Cluster 3 found removed for a maintenance activity 175 days ago and not yet reinstated. (flagged during the day-shift handover),1,0.69,High
OIL-UC-3207,Guwahati Pipeline Station,Shift changeover check,"Pipeline right-of-way at Pipeline ROW River Crossing found with third-party excavation proceeding within 163 metres of the live line, no OIL representative present to verify line-locate markings. (identified by a contractor supervisor's walkdown)",1,0.72,High
OIL-UC-3208,Digboi Refinery,Routine inspection round,"Slop-oil pump house near Effluent Treatment Plant found with its fixed fire-suppression system isolated for 117 days for unrelated maintenance, pumps remaining in active service. (raised during a joint HSE-operations inspection)",1,0.72,High
OIL-UC-3209,Jorhat Operations,Pre-operation verification,"Fire tender at Fire Station found with its reverse-alarm and rear camera both non-functional for 25 days, vehicle still used for yard repositioning. (noted by the on-duty area in-charge)",1,0.69,High
OIL-UC-3210,Guwahati Pipeline Station,Shift changeover check,"LCNG/LNG Dispensing Station found with a cryogenic leak-detection sensor reading a persistent fault code for 179 hours, dispensing continuing on manual override.",1,0.68,High
OIL-UC-3211,Guwahati Pipeline Station,Audit/compliance walkthrough,220kV Cable Trench (RCC) found with fire-stop sealing missing at a joint bay for an estimated 85 metres of run. (flagged during the night-shift audit),1,0.58,Medium
OIL-UC-3212,Guwahati Pipeline Station,Contractor oversight visit,"Cable-repair excavation along Pipeline ROW River Crossing found proceeding without a confirmed permit-to-work for 25 hours, crew working directly above the buried cable route. (flagged during the day-shift handover)",1,0.79,High
OIL-UC-3213,Guwahati Pipeline Station,Contractor oversight visit,"Hydrostatic test rig connected at Metering Skid found with its pressure-relief device rated below the intended test pressure by roughly 172%, test proceeding as scheduled. (identified by a contractor supervisor's walkdown)",1,0.66,High
OIL-UC-3214,Digboi Refinery,Pre-operation verification,"SRV (safety relief valve) calibration bench near Boiler House found with the isolation procedure incomplete, valve under test connected to a live line for 138 minutes before being noticed. (raised during a joint HSE-operations inspection)",1,0.63,High
OIL-UC-3215,Offshore Rig-04,Pre-operation verification,"Hook-loaded crane at Main Deck Crane found operating with its load-moment indicator giving inconsistent readings, lift proceeding without a re-calibration check for 56 lifts. (noted by the on-duty area in-charge)",1,0.64,High
OIL-UC-3216,Offshore Rig-04,Audit/compliance walkthrough,"Roustabout hatch/cover at Drill Floor found with a damaged locking mechanism, hatch left in a partially secured state for 88 hours during active deck operations.",1,0.71,High
OIL-UC-3217,Offshore Rig-04,Emergency-readiness drill prep,"SPM Mooring Buoy Support Vessel found with its fixed fire-detection system in fault mode for 126 hours, maintenance work continuing aboard. (flagged during the night-shift audit)",1,0.66,High
OIL-UC-3218,Guwahati Pipeline Station,Routine inspection round,"TTPA (Tank Truck Parking Area) found without a designated pedestrian walkway, drivers and ground staff crossing active vehicle movement lanes an estimated 14 times per shift. (flagged during the day-shift handover)",1,0.6,High
OIL-UC-3219,Guwahati Pipeline Station,Routine inspection round,"LPG pipeline route at Pipeline ROW River Crossing found being crossed by an unrelated soil-investigation drilling crew without a verified line-locate confirmation, drilling within an estimated 119 metres of the line. (identified by a contractor supervisor's walkdown)",1,0.61,High
OIL-UC-3220,Moran Oilfield,Pre-operation verification,"Telescopic mast assembly at Telescopic Mast Assembly found with 114 structural pins showing visible wear beyond tolerance during a pre-raise inspection, raise sequence not yet halted. (raised during a joint HSE-operations inspection)",1,0.58,Medium
OIL-UC-3221,Offshore Rig-04,Contractor oversight visit,"Catwalk / V-door mechanism at Catwalk / V-Door found with the pipe-handling interlock bypassed to work around a fault, drill pipe transfer continuing for 53 shifts since. (noted by the on-duty area in-charge)",1,0.78,High
OIL-UC-3222,Digboi Refinery,Scheduled maintenance walkdown,"Reboiler furnace burner management system at Reboiler Furnace Bay found with the flame-failure trip disabled after a nuisance-trip incident 79 days ago, not yet re-enabled.",1,0.77,High
OIL-UC-3223,Digboi Refinery,Contractor oversight visit,"Ethanol Storage Tanks found with its overfill high-high level switch untested for 25 months, tank continuing to receive scheduled fills. (flagged during the night-shift audit)",1,0.66,High
OIL-UC-3224,Digboi Refinery,Contractor oversight visit,"Chain conveyor soap-tray station at LPG Bottling Plant found with the guard interlock defeated to allow soap-solution top-up during operation, observed on 97 occasions. (flagged during the day-shift handover)",1,0.78,High
OIL-UC-3225,Digboi Refinery,Pre-operation verification,"Ventilation at Battery Room found non-functional for 15 hours, hydrogen off-gas levels not independently verified during that period. (identified by a contractor supervisor's walkdown)",1,0.72,High
OIL-UC-3226,Duliajan Oilfield,Pre-operation verification,Work-platform edge protection at Wellhead Cluster 3 found removed for a maintenance activity 61 days ago and not yet reinstated. (raised during a joint HSE-operations inspection),1,0.72,High
OIL-UC-3227,Guwahati Pipeline Station,Routine inspection round,"Pipeline right-of-way at Pipeline ROW River Crossing found with third-party excavation proceeding within 26 metres of the live line, no OIL representative present to verify line-locate markings. (noted by the on-duty area in-charge)",1,0.63,High
OIL-UC-3228,Digboi Refinery,Audit/compliance walkthrough,"Slop-oil pump house near Effluent Treatment Plant found with its fixed fire-suppression system isolated for 35 days for unrelated maintenance, pumps remaining in active service.",1,0.63,High
OIL-UC-3229,Jorhat Operations,Routine inspection round,"Fire tender at Fire Station found with its reverse-alarm and rear camera both non-functional for 115 days, vehicle still used for yard repositioning. (flagged during the night-shift audit)",1,0.58,Medium
OIL-UC-3230,Guwahati Pipeline Station,Emergency-readiness drill prep,"LCNG/LNG Dispensing Station found with a cryogenic leak-detection sensor reading a persistent fault code for 32 hours, dispensing continuing on manual override. (flagged during the day-shift handover)",1,0.67,High
OIL-UC-3231,Guwahati Pipeline Station,Routine inspection round,220kV Cable Trench (RCC) found with fire-stop sealing missing at a joint bay for an estimated 124 metres of run. (identified by a contractor supervisor's walkdown),1,0.63,High
OIL-UC-3232,Guwahati Pipeline Station,Routine inspection round,"Cable-repair excavation along Pipeline ROW River Crossing found proceeding without a confirmed permit-to-work for 28 hours, crew working directly above the buried cable route. (raised during a joint HSE-operations inspection)",1,0.65,High
OIL-UC-3233,Guwahati Pipeline Station,Pre-operation verification,"Hydrostatic test rig connected at Metering Skid found with its pressure-relief device rated below the intended test pressure by roughly 37%, test proceeding as scheduled. (noted by the on-duty area in-charge)",1,0.75,High
OIL-UC-3234,Digboi Refinery,Contractor oversight visit,"SRV (safety relief valve) calibration bench near Boiler House found with the isolation procedure incomplete, valve under test connected to a live line for 36 minutes before being noticed.",1,0.8,Critical
OIL-UC-3235,Offshore Rig-04,Audit/compliance walkthrough,"Hook-loaded crane at Main Deck Crane found operating with its load-moment indicator giving inconsistent readings, lift proceeding without a re-calibration check for 19 lifts. (flagged during the night-shift audit)",1,0.7,High
OIL-UC-3236,Offshore Rig-04,Scheduled maintenance walkdown,"Roustabout hatch/cover at Drill Floor found with a damaged locking mechanism, hatch left in a partially secured state for 168 hours during active deck operations. (flagged during the day-shift handover)",1,0.68,High
OIL-UC-3237,Offshore Rig-04,Contractor oversight visit,"SPM Mooring Buoy Support Vessel found with its fixed fire-detection system in fault mode for 56 hours, maintenance work continuing aboard. (identified by a contractor supervisor's walkdown)",1,0.74,High
OIL-UC-3238,Guwahati Pipeline Station,Contractor oversight visit,"TTPA (Tank Truck Parking Area) found without a designated pedestrian walkway, drivers and ground staff crossing active vehicle movement lanes an estimated 159 times per shift. (raised during a joint HSE-operations inspection)",1,0.68,High
OIL-UC-3239,Guwahati Pipeline Station,Routine inspection round,"LPG pipeline route at Pipeline ROW River Crossing found being crossed by an unrelated soil-investigation drilling crew without a verified line-locate confirmation, drilling within an estimated 24 metres of the line. (noted by the on-duty area in-charge)",1,0.61,High
OIL-UC-3240,Moran Oilfield,Contractor oversight visit,"Telescopic mast assembly at Telescopic Mast Assembly found with 152 structural pins showing visible wear beyond tolerance during a pre-raise inspection, raise sequence not yet halted.",1,0.66,High
OIL-UC-3241,Offshore Rig-04,Emergency-readiness drill prep,"Catwalk / V-door mechanism at Catwalk / V-Door found with the pipe-handling interlock bypassed to work around a fault, drill pipe transfer continuing for 82 shifts since. (flagged during the night-shift audit)",1,0.61,High
OIL-UC-3242,Digboi Refinery,Routine inspection round,"Reboiler furnace burner management system at Reboiler Furnace Bay found with the flame-failure trip disabled after a nuisance-trip incident 167 days ago, not yet re-enabled. (flagged during the day-shift handover)",1,0.63,High
OIL-UC-3243,Digboi Refinery,Contractor oversight visit,"Ethanol Storage Tanks found with its overfill high-high level switch untested for 155 months, tank continuing to receive scheduled fills. (identified by a contractor supervisor's walkdown)",1,0.71,High
OIL-UC-3244,Digboi Refinery,Routine inspection round,"Chain conveyor soap-tray station at LPG Bottling Plant found with the guard interlock defeated to allow soap-solution top-up during operation, observed on 178 occasions. (raised during a joint HSE-operations inspection)",1,0.77,High
OIL-UC-3245,Digboi Refinery,Scheduled maintenance walkdown,"Ventilation at Battery Room found non-functional for 79 hours, hydrogen off-gas levels not independently verified during that period. (noted by the on-duty area in-charge)",1,0.69,High
OIL-UC-3246,Duliajan Oilfield,Contractor oversight visit,Work-platform edge protection at Wellhead Cluster 3 found removed for a maintenance activity 50 days ago and not yet reinstated.,1,0.67,High
OIL-UC-3247,Guwahati Pipeline Station,Emergency-readiness drill prep,"Pipeline right-of-way at Pipeline ROW River Crossing found with third-party excavation proceeding within 15 metres of the live line, no OIL representative present to verify line-locate markings. (flagged during the night-shift audit)",1,0.78,High
OIL-UC-3248,Digboi Refinery,Pre-operation verification,"Slop-oil pump house near Effluent Treatment Plant found with its fixed fire-suppression system isolated for 128 days for unrelated maintenance, pumps remaining in active service. (flagged during the day-shift handover)",1,0.6,High
OIL-UC-3249,Jorhat Operations,Audit/compliance walkthrough,"Fire tender at Fire Station found with its reverse-alarm and rear camera both non-functional for 165 days, vehicle still used for yard repositioning. (identified by a contractor supervisor's walkdown)",1,0.6,High
