report_id,site,activity,description_raw,sif_probability,binary_sif,priority
NM_0278,Truck loading bay,Scaffold modification,Inspection revealed Excavation edge was not barricaded and underground utility mark-out was incomplete during Scaffold modification at Truck loading bay. Work was paused until the issue was addressed. The supervisor reviewed the situation and approved continuation after correction.,0.008805402,0,Low
NM_0343,Maintenance yard,Lifting and rigging,"Before/during Lifting and rigging at Maintenance yard, Isolation not verified. Work was paused until the issue was addressed. The crew escalated the issue through the shift safety meeting and closed it before continuation.",0.017692449,0,Low
NM_0231,Compressor station,Wellhead valve maintenance,"During Wellhead valve maintenance at Compressor station, Drain cover was open and combustible vapour testing was not documented. Work was stopped temporarily and resumed after verification. Work was temporarily halted pending verification of the control measure.",0.040526755,0,Low
NM_0365,LPG bottling plant,Loading/unloading operations,"Before/during Loading/unloading operations at LPG bottling plant, Lift plan missing. Work was paused until the issue was addressed. The supervisor reviewed the situation and approved continuation after correction.",0.0012301918,0,Low
NM_0162,Wellsite,Forklift pallet handling,"Near-miss observation: while performing Forklift pallet handling at Wellsite, the team found that Pneumatic energy isolation was not locked and residual pressure remained in the line. The area was corrected immediately. The condition was corrected during the routine inspection, with no exposure to hazardous energy.",0.023856035,0,Low
NM_0694,LPG bottling plant,Process unit startup/shutdown,"A Exclusion zone missing was identified during Process unit startup/shutdown at LPG bottling plant. Work was stopped urgently and emergency response was initiated. Multiple critical barriers were ineffective, creating imminent serious-injury or fatality potential.",0.9559583,1,Critical
NM_0205,Gas processing unit,Lifting valve actuator,"Near-miss observation: while performing Lifting valve actuator at Gas processing unit, the team found that Atmosphere not tested. Work was paused until the issue was addressed. No one was exposed, but the observation required a documented corrective action.",0.01879474,0,Low
NM_0513,Refinery unit,Sampling and testing,"During Sampling and testing at Refinery unit, Exclusion zone missing. Work was stopped due to potential serious injury risk. Work was halted due to high-risk exposure and corrective measures were implemented.",0.116960354,0,Low
NM_0286,LPG bottling plant,Vessel entry preparation,"Before/during Vessel entry preparation at LPG bottling plant, PPE not used. The job proceeded only after corrective measures. The supervisor reviewed the situation and approved continuation after correction.",0.026288858,0,Low
NM_0464,Drilling rig,Reversing vehicle operations,A Spill containment missing was identified during Reversing vehicle operations at Drilling rig. The job was halted due to high-risk exposure. The failed critical control created credible potential for serious injury; the task was stopped and reported to HSE.,0.98051286,1,Critical
NM_0424,Storage depot,Electrical maintenance,"Near-miss observation: while performing Electrical maintenance at Storage depot, the team found that Lift plan missing. Critical control failure was corrected before resuming work. A supervisor issued a stop-work intervention and required a formal control verification.",0.095159955,0,Low
NM_0412,Process plant,Hot work (welding/grinding),"Near-miss observation: while performing Hot work (welding/grinding) at Process plant, the team found that Trip interlock was found bypassed during a production upset. Critical control failure was corrected before resuming work. A supervisor issued a stop-work intervention and required a formal control verification.",0.018473433,0,Low
NM_0681,Field office area,Valve maintenance,"During routine checks at Field office area, Fall arrest missing was observed during Valve maintenance. Multiple workers were at risk of serious injury or fatality. All personnel were evacuated and the area was secured pending full investigation.",0.94686985,1,Critical
NM_0420,Tank farm,Lifting and rigging,"During routine checks at Tank farm, Electrical supply and process pressure isolation were not independently verified was observed during Lifting and rigging. The situation had credible potential for serious injury. Work was halted due to high-risk exposure and corrective measures were implemented.",0.94601667,1,Critical
NM_0731,Pump station,Scaffold modification,"Near-miss observation: while performing Scaffold modification at Pump station, the team found that Simultaneous operations were not recorded in the permit briefing. Actual exposure to hazardous conditions occurred. Multiple critical barriers were ineffective, creating imminent serious-injury or fatality potential.",0.95981497,1,Critical
NM_0210,Maintenance yard,Compressor troubleshooting,"Before/during Compressor troubleshooting at Maintenance yard, Emergency access route was partly obstructed by temporary materials. Work was paused until the issue was addressed. The crew escalated the issue through the shift safety meeting and closed it before continuation.",0.011023126,0,Low
NM_0395,Refinery unit,Wellhead valve maintenance,"A Work scope had changed but the permit and job safety analysis were not revalidated was identified during Wellhead valve maintenance at Refinery unit. The activity was delayed pending correction. No one was exposed, but the observation required a documented corrective action.",0.011561828,0,Low
NM_0518,Truck loading bay,Sampling and testing,"Near-miss observation: while performing Sampling and testing at Truck loading bay, the team found that Lift plan, tag lines, and barricaded drop zone were not available. Critical control failure was corrected before resuming work. The situation had credible potential for serious injury and was escalated immediately.",0.960103,1,Critical
NM_0581,LPG bottling plant,Instrument calibration,"Near-miss observation: while performing Instrument calibration at LPG bottling plant, the team found that Tool inspection missing. Critical control failure was corrected before resuming work. A supervisor issued a stop-work intervention and required a formal control verification.",0.038684364,0,Low
NM_0566,Gas processing unit,Pump seal replacement,"Shift crew reported that during Pump seal replacement in Gas processing unit, Simultaneous operations were not recorded in the permit briefing. The job was halted due to high-risk exposure. The situation had credible potential for serious injury and was escalated immediately.",0.9457314,1,Critical
NM_0102,Pump station,Excavation work,"Shift crew reported that during Excavation work in Pump station, Lift plan missing. No work stoppage was required. No work stoppage was required as the risk was minimal.",0.01711562,0,Low
NM_0631,Field office area,Scaffolding work,"During routine checks at Field office area, Emergency access route was partly obstructed by temporary materials was observed during Scaffolding work. Work was stopped urgently and emergency response was initiated. The situation had imminent potential for fatality and was escalated immediately.",0.95603603,1,Critical
NM_0408,Truck loading bay,Scaffold modification,"Before/during Scaffold modification at Truck loading bay, Lockout-tagout missing. The situation had credible potential for serious injury. Personnel were close to hazardous energy exposure, so the area was secured pending investigation.",0.95218056,1,Critical
NM_0492,Pipeline ROW,Housekeeping inspection,Inspection revealed Guard missing during Housekeeping inspection at Pipeline ROW. Critical control failure was corrected before resuming work. The situation had credible potential for serious injury and was escalated immediately.,0.27919808,0,Low
NM_0070,LPG bottling plant,Hot work (welding/grinding),"Shift crew reported that during Hot work (welding/grinding) in LPG bottling plant, Lift plan, tag lines, and barricaded drop zone were not available. Corrective action was taken on the spot. The observation was logged and addressed during the same shift.",0.012410354,0,Low
NM_0203,Field office area,Emergency valve servicing,"During routine checks at Field office area, Exclusion zone missing was observed during Emergency valve servicing. The supervisor reviewed and approved continuation after correction. The task was paused, the control was restored, and the supervisor verified readiness before work resumed.",0.004176306,0,Low
NM_0471,Wellsite,Pump seal replacement,"During Pump seal replacement at Wellsite, Atmosphere not tested. The situation had credible potential for serious injury. A supervisor issued a stop-work intervention and required a formal control verification.",0.938506,1,Critical
NM_0172,Storage depot,Pipe spool welding,A Trip interlock was found bypassed during a production upset was identified during Pipe spool welding at Storage depot. Work was paused briefly and the issue was resolved. The issue was minor and was rectified before it affected the task.,0.0069706677,0,Low
NM_0249,LPG bottling plant,Scaffolding work,"Shift crew reported that during Scaffolding work in LPG bottling plant, Simultaneous operations were not recorded in the permit briefing. The activity was delayed pending correction. Work was temporarily halted pending verification of the control measure.",0.003258391,0,Low
NM_0578,Storage tank,Internal tank inspection,Inspection revealed Spill containment missing during Internal tank inspection at Storage tank. Critical control failure was corrected before resuming work. A supervisor issued a stop-work intervention and required a formal control verification.,0.0288756,0,Low
NM_0485,Offshore platform,Drilling operations,"Before/during Drilling operations at Offshore platform, Emergency response delayed. The situation had credible potential for serious injury. Personnel were close to hazardous energy exposure, so the area was secured pending investigation.",0.8936931,1,Critical
NM_0520,Drilling rig,Sampling and testing,Inspection revealed Drain cover was open and combustible vapour testing was not documented during Sampling and testing at Drilling rig. Work was stopped due to potential serious injury risk. The failed critical control created credible potential for serious injury; the task was stopped and reported to HSE.,0.98025227,1,Critical
NM_0563,Drilling rig,Hot work (welding/grinding),A Line was not depressurised and workers were positioned in the potential release path was identified during Hot work (welding/grinding) at Drilling rig. Critical control failure was corrected before resuming work. A supervisor issued a stop-work intervention and required a formal control verification.,0.93985057,1,Critical
NM_0100,Offshore platform,Night driving to remote site,"During Night driving to remote site at Offshore platform, Drain cover was open and combustible vapour testing was not documented. Corrective action was taken on the spot. The team recorded the observation and completed immediate housekeeping correction.",0.04987726,0,Low
NM_0430,Gas processing unit,Scaffold modification,"During routine checks at Gas processing unit, Gas testing was overdue and no dedicated fire watch was assigned was observed during Scaffold modification. The activity was stopped as it could have resulted in serious harm. Work was halted due to high-risk exposure and corrective measures were implemented.",0.9647292,1,Critical
NM_0399,Compressor station,Chemical sampling,"During Chemical sampling at Compressor station, Open edge protection and full-body harness anchorage were unavailable. The job proceeded only after corrective measures. Work was temporarily halted pending verification of the control measure.",0.019344032,0,Low
NM_0558,Wellsite,Drilling operations,"During Drilling operations at Wellsite, Fall arrest missing. The job was halted due to high-risk exposure. Work was halted due to high-risk exposure and corrective measures were implemented.",0.97343034,1,Critical
NM_0488,Refinery unit,Internal tank inspection,"A Simultaneous operations were not recorded in the permit briefing was identified during Internal tank inspection at Refinery unit. The situation had credible potential for serious injury. Personnel were close to hazardous energy exposure, so the area was secured pending investigation.",0.9658689,1,Critical
NM_0317,Drilling rig,Chemical sampling,"Near-miss observation: while performing Chemical sampling at Drilling rig, the team found that Drain cover was open and combustible vapour testing was not documented. The supervisor reviewed and approved continuation after correction. The supervisor reviewed the situation and approved continuation after correction.",0.010179071,0,Low
NM_0199,Refinery unit,Reversing vehicle operations,"Before/during Reversing vehicle operations at Refinery unit, No pre-entry gas test, attendant, rescue arrangement, or signed entry permit. The area was corrected immediately. The team recorded the observation and completed immediate housekeeping correction.",0.0057514273,0,Low
NM_0789,Drilling rig,Hot work (welding/grinding),"Shift crew reported that during Hot work (welding/grinding) in Drilling rig, Open edge protection and full-body harness anchorage were unavailable. Actual exposure to hazardous conditions occurred. The condition presented immediate potentially fatal exposure; operations were stopped, the area was isolated, and emergency escalation began.",0.9711818,1,Critical
NM_0504,Storage depot,Crude transfer vehicle movement,"Inspection revealed Guard missing during Crude transfer vehicle movement at Storage depot. Work was stopped due to potential serious injury risk. Personnel were close to hazardous energy exposure, so the area was secured pending investigation.",0.041537765,0,Low
NM_0621,Process plant,Vehicle movement,"During routine checks at Process plant, Damaged pallet and unstable load were being raised without a spotter was observed during Vehicle movement. Multiple workers were at risk of serious injury or fatality. The condition presented immediate potentially fatal exposure; operations were stopped, the area was isolated, and emergency escalation began.",0.048222203,0,Low
NM_0474,Pipeline ROW,Excavation work,A Driver fatigue screening and journey-management check were incomplete was identified during Excavation work at Pipeline ROW. Critical control failure was corrected before resuming work. The situation had credible potential for serious injury and was escalated immediately.,0.024223683,0,Low
NM_0500,Storage depot,Pressure vessel testing,"A No pre-entry gas test, attendant, rescue arrangement, or signed entry permit was identified during Pressure vessel testing at Storage depot. The situation had credible potential for serious injury. The failed critical control created credible potential for serious injury; the task was stopped and reported to HSE.",0.055211857,0,Low
NM_0010,Compressor station,Hydrostatic pressure test,A Scaffold was altered without inspection tag and toe boards were missing was identified during Hydrostatic pressure test at Compressor station. Corrective action was taken on the spot. No work stoppage was required as the risk was minimal.,0.008968799,0,Low
NM_0042,Field office area,Confined space entry,Inspection revealed Spill containment missing during Confined space entry at Field office area. No work stoppage was required. The team recorded the observation and completed immediate housekeeping correction.,0.0142368,0,Low
NM_0591,Gas processing unit,Valve maintenance,A Driver fatigue screening and journey-management check were incomplete was identified during Valve maintenance at Gas processing unit. The activity was stopped as it could have resulted in serious harm. The failed critical control created credible potential for serious injury; the task was stopped and reported to HSE.,0.94968367,1,Critical
NM_0776,Truck loading bay,Pipe spool welding,"A Permit missing was identified during Pipe spool welding at Truck loading bay. The situation had imminent potential for fatality and was escalated immediately. Multiple critical barriers were ineffective, creating imminent serious-injury or fatality potential.",0.96899205,1,Critical
NM_0230,Wellsite,Emergency valve servicing,"Near-miss observation: while performing Emergency valve servicing at Wellsite, the team found that Electrical supply and process pressure isolation were not independently verified. The supervisor reviewed and approved continuation after correction. The supervisor reviewed the situation and approved continuation after correction.",0.012298192,0,Low
NM_0039,Field office area,LPG bottling operations,"During routine checks at Field office area, Electrical supply and process pressure isolation were not independently verified was observed during LPG bottling operations. The team corrected it without delay. The observation was logged and addressed during the same shift.",0.0026849092,0,Low
NM_0539,LPG bottling plant,Valve maintenance,"During Valve maintenance at LPG bottling plant, Exclusion zone missing. The job was halted due to high-risk exposure. A supervisor issued a stop-work intervention and required a formal control verification.",0.026694648,0,Low
NM_0086,Offshore platform,Compressor troubleshooting,"Near-miss observation: while performing Compressor troubleshooting at Offshore platform, the team found that Communication failure. No work stoppage was required. The team recorded the observation and completed immediate housekeeping correction.",0.0073496215,0,Low
NM_0011,Process plant,Scaffold modification,"During routine checks at Process plant, Permit missing was observed during Scaffold modification. No work stoppage was required. The issue was minor and was rectified before it affected the task.",0.0017716637,0,Low
NM_0532,LPG bottling plant,Lifting and rigging,"Near-miss observation: while performing Lifting and rigging at LPG bottling plant, the team found that Exclusion zone missing. The job was halted due to high-risk exposure. The situation had credible potential for serious injury and was escalated immediately.",0.40919006,0,Medium
NM_0327,Pipeline ROW,Confined space entry,"Before/during Confined space entry at Pipeline ROW, Reversing was attempted without a banksman and pedestrian segregation. Work was stopped temporarily and resumed after verification. Work was temporarily halted pending verification of the control measure.",0.010772614,0,Low
NM_0268,Wellsite,Hydrostatic pressure test,"During Hydrostatic pressure test at Wellsite, Tool inspection missing. The supervisor reviewed and approved continuation after correction. Work was temporarily halted pending verification of the control measure.",0.0009570427,0,Low
NM_0202,Compressor station,Pipe spool welding,"During Pipe spool welding at Compressor station, Gas testing was overdue and no dedicated fire watch was assigned. The activity was delayed pending correction. Work was temporarily halted pending verification of the control measure.",0.022239733,0,Low
NM_0576,LPG bottling plant,Pump maintenance,"During Pump maintenance at LPG bottling plant, Communication failure. The activity was stopped as it could have resulted in serious harm. Personnel were close to hazardous energy exposure, so the area was secured pending investigation.",0.96601504,1,Critical
NM_0467,Compressor station,Drilling operations,Inspection revealed Procedure not followed during Drilling operations at Compressor station. The situation had credible potential for serious injury. The situation had credible potential for serious injury and was escalated immediately.,0.95422685,1,Critical
NM_0564,Storage depot,Internal tank inspection,Inspection revealed Damaged pallet and unstable load were being raised without a spotter during Internal tank inspection at Storage depot. The job was halted due to high-risk exposure. A supervisor issued a stop-work intervention and required a formal control verification.,0.023106059,0,Low
NM_0081,Refinery unit,Hydrostatic pressure test,"Near-miss observation: while performing Hydrostatic pressure test at Refinery unit, the team found that Emergency response delayed. Corrective action was taken on the spot. The issue was minor and was rectified before it affected the task.",0.0031454589,0,Low
NM_0677,Truck loading bay,Pressure vessel testing,"During Pressure vessel testing at Truck loading bay, No pre-entry gas test, attendant, rescue arrangement, or signed entry permit. Multiple workers were at risk of serious injury or fatality. All personnel were evacuated and the area was secured pending full investigation.",0.94851,1,Critical
NM_0546,Truck loading bay,Well intervention,Inspection revealed Isolation not verified during Well intervention at Truck loading bay. The job was halted due to high-risk exposure. Work was halted due to high-risk exposure and corrective measures were implemented.,0.32453108,0,Medium
NM_0090,Drilling rig,Pipe spool welding,Inspection revealed Electrical supply and process pressure isolation were not independently verified during Pipe spool welding at Drilling rig. The area was corrected immediately. No work stoppage was required as the risk was minimal.,0.014976905,0,Low
NM_0033,Storage depot,Compressor troubleshooting,"Near-miss observation: while performing Compressor troubleshooting at Storage depot, the team found that Supervision absent. The team corrected it without delay. The condition was corrected during the routine inspection, with no exposure to hazardous energy.",0.03491147,0,Low
NM_0094,Gas processing unit,Manual handling of tubulars,"During Manual handling of tubulars at Gas processing unit, Lift plan missing. No work stoppage was required. The team recorded the observation and completed immediate housekeeping correction.",0.018432258,0,Low
NM_0503,Compressor station,Drilling operations,"Near-miss observation: while performing Drilling operations at Compressor station, the team found that No pre-entry gas test, attendant, rescue arrangement, or signed entry permit. The job was halted due to high-risk exposure. The situation had credible potential for serious injury and was escalated immediately.",0.5815225,1,Medium
NM_0687,Offshore platform,Compressor troubleshooting,"Before/during Compressor troubleshooting at Offshore platform, No pre-entry gas test, attendant, rescue arrangement, or signed entry permit. The situation had imminent potential for fatality and was escalated immediately. Multiple critical barriers were ineffective, creating imminent serious-injury or fatality potential.",0.986027,1,Critical
NM_0535,Truck loading bay,Wellhead valve maintenance,"Before/during Wellhead valve maintenance at Truck loading bay, Electrical supply and process pressure isolation were not independently verified. The situation had credible potential for serious injury. Work was halted due to high-risk exposure and corrective measures were implemented.",0.076111585,0,Low
NM_0729,Field office area,Hydrostatic pressure test,"During Hydrostatic pressure test at Field office area, Gas testing was overdue and no dedicated fire watch was assigned. Work was stopped urgently and emergency response was initiated. Personnel were moved to a safe location and the event was treated as a high-potential near miss.",0.036149006,0,Low
NM_0305,Offshore platform,Crude transfer vehicle movement,"During routine checks at Offshore platform, Fall arrest missing was observed during Crude transfer vehicle movement. The job proceeded only after corrective measures. The supervisor reviewed the situation and approved continuation after correction.",0.017741252,0,Low
NM_0098,Storage depot,Valve maintenance,Inspection revealed Exclusion zone missing during Valve maintenance at Storage depot. Work was paused briefly and the issue was resolved. The observation was logged and addressed during the same shift.,0.005282469,0,Low
NM_0176,Maintenance yard,Loading/unloading operations,"During routine checks at Maintenance yard, Work scope had changed but the permit and job safety analysis were not revalidated was observed during Loading/unloading operations. Work was paused briefly and the issue was resolved. The observation was logged and addressed during the same shift.",0.0035059766,0,Low
NM_0775,Compressor station,LPG bottling operations,"During routine checks at Compressor station, Communication failure was observed during LPG bottling operations. Multiple workers were at risk of serious injury or fatality. The condition presented immediate potentially fatal exposure; operations were stopped, the area was isolated, and emergency escalation began.",0.09555478,0,Low
NM_0309,Storage depot,Wellhead valve maintenance,"Shift crew reported that during Wellhead valve maintenance in Storage depot, Lockout-tagout missing. The activity was delayed pending correction. Work was temporarily halted pending verification of the control measure.",0.0073348093,0,Low
NM_0376,Storage depot,Chemical sampling,"Shift crew reported that during Chemical sampling in Storage depot, Gas testing was overdue and no dedicated fire watch was assigned. The activity was delayed pending correction. Work was temporarily halted pending verification of the control measure.",0.06220229,0,Low
NM_0794,Compressor station,Pipeline inspection,"During routine checks at Compressor station, Emergency access route was partly obstructed by temporary materials was observed during Pipeline inspection. Actual exposure to hazardous conditions occurred. Multiple critical barriers were ineffective, creating imminent serious-injury or fatality potential.",0.9526489,1,Critical
NM_0652,Pipeline ROW,Loading/unloading operations,"Inspection revealed PPE not used during Loading/unloading operations at Pipeline ROW. Actual exposure to hazardous conditions occurred. Multiple critical barriers were ineffective, creating imminent serious-injury or fatality potential.",0.8468637,1,Critical
NM_0428,Compressor station,Tank farm operations,"Before/during Tank farm operations at Compressor station, Electrical supply and process pressure isolation were not independently verified. The job was halted due to high-risk exposure. The situation had credible potential for serious injury and was escalated immediately.",0.041781776,0,Low
NM_0340,Storage depot,Scaffolding work,"Shift crew reported that during Scaffolding work in Storage depot, Exclusion zone missing. The supervisor reviewed and approved continuation after correction. Work was temporarily halted pending verification of the control measure.",0.0057729916,0,Low
NM_0155,Process plant,Pipe spool welding,"During routine checks at Process plant, PPE not used was observed during Pipe spool welding. No work stoppage was required. The observation was logged and addressed during the same shift.",0.090262555,0,Low
NM_0614,Process plant,Loading/unloading operations,"Shift crew reported that during Loading/unloading operations in Process plant, Scaffold was altered without inspection tag and toe boards were missing. All personnel were evacuated. Multiple critical barriers were ineffective, creating imminent serious-injury or fatality potential.",0.037616782,0,Low
NM_0152,Storage depot,Equipment maintenance,"Before/during Equipment maintenance at Storage depot, Lift plan, tag lines, and barricaded drop zone were not available. No work stoppage was required. The condition was corrected during the routine inspection, with no exposure to hazardous energy.",0.0144835,0,Low
NM_0456,Process plant,Confined space entry,"Shift crew reported that during Confined space entry in Process plant, Pneumatic energy isolation was not locked and residual pressure remained in the line. The activity was stopped as it could have resulted in serious harm. The situation had credible potential for serious injury and was escalated immediately.",0.023546005,0,Low
NM_0573,Wellsite,Crude transfer vehicle movement,"Before/during Crude transfer vehicle movement at Wellsite, Lift plan missing. Work was stopped due to potential serious injury risk. Work was halted due to high-risk exposure and corrective measures were implemented.",0.9414822,1,Critical
NM_0387,LPG bottling plant,Confined space entry,"Before/during Confined space entry at LPG bottling plant, Scaffold was altered without inspection tag and toe boards were missing. The job proceeded only after corrective measures. No one was exposed, but the observation required a documented corrective action.",0.024177684,0,Low
NM_0393,Storage tank,Hydrostatic pressure test,"Inspection revealed Guard missing during Hydrostatic pressure test at Storage tank. The job proceeded only after corrective measures. No one was exposed, but the observation required a documented corrective action.",0.0043633473,0,Low
NM_0568,Process plant,Wellhead valve maintenance,"Before/during Wellhead valve maintenance at Process plant, Isolation not verified. The job was halted due to high-risk exposure. Work was halted due to high-risk exposure and corrective measures were implemented.",0.9212879,1,Critical
NM_0553,Drilling rig,Tank farm operations,A Atmosphere not tested was identified during Tank farm operations at Drilling rig. The situation had credible potential for serious injury. A supervisor issued a stop-work intervention and required a formal control verification.,0.032601036,0,Low
NM_0054,Pipeline ROW,Process unit startup/shutdown,"Near-miss observation: while performing Process unit startup/shutdown at Pipeline ROW, the team found that Guard missing. The area was corrected immediately. The condition was corrected during the routine inspection, with no exposure to hazardous energy.",0.02176853,0,Low
NM_0217,Process plant,Pipe-rack inspection,Inspection revealed Gas test missing during Pipe-rack inspection at Process plant. The activity was delayed pending correction. The supervisor reviewed the situation and approved continuation after correction.,0.0011247725,0,Low
NM_0316,Compressor station,Grinding near drain,Inspection revealed Gas testing was overdue and no dedicated fire watch was assigned during Grinding near drain at Compressor station. Work was paused until the issue was addressed. Work was temporarily halted pending verification of the control measure.,0.007225758,0,Low
NM_0295,Drilling rig,Excavation work,"Shift crew reported that during Excavation work in Drilling rig, Permit missing. The job proceeded only after corrective measures. No one was exposed, but the observation required a documented corrective action.",0.022453928,0,Low
NM_0125,Gas processing unit,Night driving to remote site,"Before/during Night driving to remote site at Gas processing unit, Excavation edge was not barricaded and underground utility mark-out was incomplete. Corrective action was taken on the spot. The team recorded the observation and completed immediate housekeeping correction.",0.0024889922,0,Low
NM_0209,Process plant,Drilling operations,"During Drilling operations at Process plant, Fall arrest missing. The supervisor reviewed and approved continuation after correction. Work was temporarily halted pending verification of the control measure.",0.012255813,0,Low
NM_0105,Storage tank,Internal tank inspection,"Near-miss observation: while performing Internal tank inspection at Storage tank, the team found that No pre-entry gas test, attendant, rescue arrangement, or signed entry permit. Corrective action was taken on the spot. The team recorded the observation and completed immediate housekeeping correction.",0.043817956,0,Low
NM_0534,Truck loading bay,Housekeeping inspection,"Shift crew reported that during Housekeeping inspection in Truck loading bay, Exclusion zone missing. The situation had credible potential for serious injury. A supervisor issued a stop-work intervention and required a formal control verification.",0.096303,0,Low
NM_0263,Pump station,Pump seal replacement,"During Pump seal replacement at Pump station, Training inadequate. The supervisor reviewed and approved continuation after correction. No one was exposed, but the observation required a documented corrective action.",0.007491337,0,Low
NM_0312,Compressor station,Reversing vehicle operations,"Before/during Reversing vehicle operations at Compressor station, Spill containment missing. The activity was delayed pending correction. The crew escalated the issue through the shift safety meeting and closed it before continuation.",0.010651682,0,Low
NM_0676,Tank farm,Instrument calibration,"During routine checks at Tank farm, No pre-entry gas test, attendant, rescue arrangement, or signed entry permit was observed during Instrument calibration. The situation had imminent potential for fatality and was escalated immediately. Personnel were moved to a safe location and the event was treated as a high-potential near miss.",0.9698047,1,Critical
NM_0227,Compressor station,Electrical maintenance,"During routine checks at Compressor station, Lockout-tagout missing was observed during Electrical maintenance. Work was paused until the issue was addressed. The crew escalated the issue through the shift safety meeting and closed it before continuation.",0.08870387,0,Low
NM_0158,Refinery unit,Wellhead valve maintenance,"Inspection revealed Damaged pallet and unstable load were being raised without a spotter during Wellhead valve maintenance at Refinery unit. Corrective action was taken on the spot. The condition was corrected during the routine inspection, with no exposure to hazardous energy.",0.025957236,0,Low
NM_0455,Gas processing unit,Wellhead valve maintenance,"During routine checks at Gas processing unit, Lift plan missing was observed during Wellhead valve maintenance. Work was stopped due to potential serious injury risk. Work was halted due to high-risk exposure and corrective measures were implemented.",0.92526203,1,Critical
NM_0356,Drilling rig,Forklift pallet handling,"A Lift plan, tag lines, and barricaded drop zone were not available was identified during Forklift pallet handling at Drilling rig. The activity was delayed pending correction. The crew escalated the issue through the shift safety meeting and closed it before continuation.",0.0020144207,0,Low
NM_0505,Truck loading bay,Pipe-rack inspection,"Shift crew reported that during Pipe-rack inspection in Truck loading bay, Atmosphere not tested. Critical control failure was corrected before resuming work. A supervisor issued a stop-work intervention and required a formal control verification.",0.931121,1,Critical
NM_0491,Compressor station,Pipe spool welding,"During Pipe spool welding at Compressor station, PPE not used. Critical control failure was corrected before resuming work. Work was halted due to high-risk exposure and corrective measures were implemented.",0.9764435,1,Critical
NM_0479,Storage tank,Chemical sampling,Inspection revealed Sample bottle label was unclear and secondary containment was not positioned during Chemical sampling at Storage tank. Work was stopped due to potential serious injury risk. The failed critical control created credible potential for serious injury; the task was stopped and reported to HSE.,0.9867193,1,Critical
NM_0607,Process plant,Chemical sampling,"Before/during Chemical sampling at Process plant, Driver fatigue screening and journey-management check were incomplete. Multiple workers were at risk of serious injury or fatality. The condition presented immediate potentially fatal exposure; operations were stopped, the area was isolated, and emergency escalation began.",0.04478037,0,Low
NM_0451,Compressor station,Vehicle movement,"A Lift plan, tag lines, and barricaded drop zone were not available was identified during Vehicle movement at Compressor station. The situation had credible potential for serious injury. The situation had credible potential for serious injury and was escalated immediately.",0.5323465,1,Medium
NM_0288,Refinery unit,Scaffolding work,"During Scaffolding work at Refinery unit, Open edge protection and full-body harness anchorage were unavailable. The activity was delayed pending correction. The crew escalated the issue through the shift safety meeting and closed it before continuation.",0.02393832,0,Low
NM_0707,Storage tank,Electrical maintenance,"Near-miss observation: while performing Electrical maintenance at Storage tank, the team found that Driver fatigue screening and journey-management check were incomplete. All personnel were evacuated. The condition presented immediate potentially fatal exposure; operations were stopped, the area was isolated, and emergency escalation began.",0.9707946,1,Critical
NM_0780,Drilling rig,Valve maintenance,"Shift crew reported that during Valve maintenance in Drilling rig, Pneumatic energy isolation was not locked and residual pressure remained in the line. Actual exposure to hazardous conditions occurred. The situation had imminent potential for fatality and was escalated immediately.",0.94156903,1,Critical
NM_0251,Wellsite,Pipe-rack inspection,"A Training inadequate was identified during Pipe-rack inspection at Wellsite. Work was stopped temporarily and resumed after verification. The task was paused, the control was restored, and the supervisor verified readiness before work resumed.",0.0036620765,0,Low
NM_0382,Wellsite,Electrical maintenance,"Before/during Electrical maintenance at Wellsite, Fall arrest missing. The supervisor reviewed and approved continuation after correction. The task was paused, the control was restored, and the supervisor verified readiness before work resumed.",0.0055783405,0,Low
NM_0156,Storage depot,Night driving to remote site,"Before/during Night driving to remote site at Storage depot, Communication failure. Corrective action was taken on the spot. The issue was minor and was rectified before it affected the task.",0.017941693,0,Low
NM_0350,Process plant,Pressure vessel testing,Inspection revealed Procedure not followed during Pressure vessel testing at Process plant. Work was paused until the issue was addressed. The supervisor reviewed the situation and approved continuation after correction.,0.0026360543,0,Low
NM_0321,Process plant,Reversing vehicle operations,"During Reversing vehicle operations at Process plant, Drain cover was open and combustible vapour testing was not documented. Work was stopped temporarily and resumed after verification. The task was paused, the control was restored, and the supervisor verified readiness before work resumed.",0.008571547,0,Low
NM_0050,Wellsite,Crude transfer vehicle movement,Inspection revealed Guard missing during Crude transfer vehicle movement at Wellsite. Corrective action was taken on the spot. The observation was logged and addressed during the same shift.,0.0010178743,0,Low
NM_0545,Wellsite,Pump seal replacement,"Shift crew reported that during Pump seal replacement in Wellsite, Electrical supply and process pressure isolation were not independently verified. The situation had credible potential for serious injury. The situation had credible potential for serious injury and was escalated immediately.",0.9469504,1,Critical
NM_0189,Field office area,Well intervention,"During Well intervention at Field office area, Pneumatic energy isolation was not locked and residual pressure remained in the line. Corrective action was taken on the spot. The condition was corrected during the routine inspection, with no exposure to hazardous energy.",0.059280284,0,Low
NM_0734,Wellsite,Instrument calibration,"Near-miss observation: while performing Instrument calibration at Wellsite, the team found that Supervision absent. Multiple workers were at risk of serious injury or fatality. Personnel were moved to a safe location and the event was treated as a high-potential near miss.",0.9217193,1,Critical
NM_0235,Pipeline ROW,Pipe spool welding,"Before/during Pipe spool welding at Pipeline ROW, Atmosphere not tested. Work was paused until the issue was addressed. No one was exposed, but the observation required a documented corrective action.",0.010875709,0,Low
NM_0785,Wellsite,Pipe spool welding,"Near-miss observation: while performing Pipe spool welding at Wellsite, the team found that Tool inspection missing. Actual exposure to hazardous conditions occurred. The situation had imminent potential for fatality and was escalated immediately.",0.97880244,1,Critical
NM_0087,Refinery unit,Housekeeping inspection,A Guard missing was identified during Housekeeping inspection at Refinery unit. Corrective action was taken on the spot. The team recorded the observation and completed immediate housekeeping correction.,0.0030179108,0,Low
NM_0552,Pipeline ROW,Instrument calibration,Inspection revealed Pneumatic energy isolation was not locked and residual pressure remained in the line during Instrument calibration at Pipeline ROW. The activity was stopped as it could have resulted in serious harm. A supervisor issued a stop-work intervention and required a formal control verification.,0.89909583,1,Critical
NM_0386,Wellsite,LPG bottling operations,A Guard missing was identified during LPG bottling operations at Wellsite. Work was stopped temporarily and resumed after verification. The supervisor reviewed the situation and approved continuation after correction.,0.004391682,0,Low
NM_0771,Drilling rig,Hot work (welding/grinding),"During routine checks at Drilling rig, Test manifold lacked verified restraint and pressure-release exclusion controls was observed during Hot work (welding/grinding). Actual exposure to hazardous conditions occurred. Multiple critical barriers were ineffective, creating imminent serious-injury or fatality potential.",0.9818079,1,Critical
NM_0277,Tank farm,Loading/unloading operations,"Near-miss observation: while performing Loading/unloading operations at Tank farm, the team found that Communication failure. Work was paused until the issue was addressed. The crew escalated the issue through the shift safety meeting and closed it before continuation.",0.028812796,0,Low
NM_0427,Offshore platform,LPG bottling operations,"During LPG bottling operations at Offshore platform, PPE not used. The situation had credible potential for serious injury. A supervisor issued a stop-work intervention and required a formal control verification.",0.9765107,1,Critical
NM_0708,Wellsite,Housekeeping inspection,"During routine checks at Wellsite, Gas testing was overdue and no dedicated fire watch was assigned was observed during Housekeeping inspection. All personnel were evacuated. The situation had imminent potential for fatality and was escalated immediately.",0.9378026,1,Critical
NM_0800,Pipeline ROW,Pressure vessel testing,"Before/during Pressure vessel testing at Pipeline ROW, Damaged pallet and unstable load were being raised without a spotter. All personnel were evacuated. The situation had imminent potential for fatality and was escalated immediately.",0.04339095,0,Low
NM_0310,Maintenance yard,Sampling and testing,"Near-miss observation: while performing Sampling and testing at Maintenance yard, the team found that Damaged pallet and unstable load were being raised without a spotter. Work was stopped temporarily and resumed after verification. The supervisor reviewed the situation and approved continuation after correction.",0.006619462,0,Low
NM_0671,Storage depot,Process unit startup/shutdown,"Before/during Process unit startup/shutdown at Storage depot, Tool inspection missing. Multiple workers were at risk of serious injury or fatality. Personnel were moved to a safe location and the event was treated as a high-potential near miss.",0.085278116,0,Low
NM_0599,Gas processing unit,Pump maintenance,"Shift crew reported that during Pump maintenance in Gas processing unit, Work scope had changed but the permit and job safety analysis were not revalidated. Work was stopped due to potential serious injury risk. Personnel were close to hazardous energy exposure, so the area was secured pending investigation.",0.9304517,1,Critical
NM_0315,Wellsite,Lifting valve actuator,"Before/during Lifting valve actuator at Wellsite, Gas test missing. Work was stopped temporarily and resumed after verification. The crew escalated the issue through the shift safety meeting and closed it before continuation.",0.007488682,0,Low
NM_0260,Gas processing unit,Instrument calibration,"During routine checks at Gas processing unit, Isolation not verified was observed during Instrument calibration. Work was paused until the issue was addressed. The task was paused, the control was restored, and the supervisor verified readiness before work resumed.",0.005634212,0,Low
NM_0463,Truck loading bay,Crude transfer vehicle movement,"Near-miss observation: while performing Crude transfer vehicle movement at Truck loading bay, the team found that Sample bottle label was unclear and secondary containment was not positioned. The job was halted due to high-risk exposure. A supervisor issued a stop-work intervention and required a formal control verification.",0.19512151,0,Low
NM_0225,Field office area,Valve maintenance,"Shift crew reported that during Valve maintenance in Field office area, Open edge protection and full-body harness anchorage were unavailable. Work was paused until the issue was addressed. No one was exposed, but the observation required a documented corrective action.",0.010810894,0,Low
NM_0613,Wellsite,Pump maintenance,"Shift crew reported that during Pump maintenance in Wellsite, Training inadequate. Actual exposure to hazardous conditions occurred. The condition presented immediate potentially fatal exposure; operations were stopped, the area was isolated, and emergency escalation began.",0.5764819,1,Medium
NM_0055,Drilling rig,Reversing vehicle operations,A Emergency response delayed was identified during Reversing vehicle operations at Drilling rig. The area was corrected immediately. No work stoppage was required as the risk was minimal.,0.014279296,0,Low
NM_0198,Gas processing unit,Pump maintenance,"During Pump maintenance at Gas processing unit, Guard missing. No work stoppage was required. The issue was minor and was rectified before it affected the task.",0.0031755178,0,Low
NM_0196,Pipeline ROW,Housekeeping inspection,"Shift crew reported that during Housekeeping inspection in Pipeline ROW, Atmosphere not tested. No work stoppage was required. No work stoppage was required as the risk was minimal.",0.009876064,0,Low
NM_0799,Storage depot,Scaffolding work,"Inspection revealed Test manifold lacked verified restraint and pressure-release exclusion controls during Scaffolding work at Storage depot. Actual exposure to hazardous conditions occurred. Multiple critical barriers were ineffective, creating imminent serious-injury or fatality potential.",0.98631,1,Critical
NM_0782,Process plant,Vehicle movement,"Before/during Vehicle movement at Process plant, Line was not depressurised and workers were positioned in the potential release path. The situation had imminent potential for fatality and was escalated immediately. The condition presented immediate potentially fatal exposure; operations were stopped, the area was isolated, and emergency escalation began.",0.9372825,1,Critical
NM_0439,Field office area,Instrument calibration,"Shift crew reported that during Instrument calibration in Field office area, Electrical supply and process pressure isolation were not independently verified. Critical control failure was corrected before resuming work. The situation had credible potential for serious injury and was escalated immediately.",0.016990708,0,Low
NM_0626,Compressor station,Lifting and rigging,"A Emergency response delayed was identified during Lifting and rigging at Compressor station. Work was stopped urgently and emergency response was initiated. Multiple critical barriers were ineffective, creating imminent serious-injury or fatality potential.",0.97808576,1,Critical
NM_0103,Drilling rig,Grinding near drain,Inspection revealed Work scope had changed but the permit and job safety analysis were not revalidated during Grinding near drain at Drilling rig. The area was corrected immediately. The observation was logged and addressed during the same shift.,0.004643029,0,Low
NM_0233,Truck loading bay,Pipe-rack inspection,"Before/during Pipe-rack inspection at Truck loading bay, Fire watch missing. Work was paused until the issue was addressed. Work was temporarily halted pending verification of the control measure.",0.017270481,0,Low
NM_0037,Refinery unit,Vehicle movement,"During Vehicle movement at Refinery unit, Scaffold was altered without inspection tag and toe boards were missing. The team corrected it without delay. No work stoppage was required as the risk was minimal.",0.0032057015,0,Low
NM_0522,Pipeline ROW,Equipment maintenance,"During Equipment maintenance at Pipeline ROW, Trip interlock was found bypassed during a production upset. The situation had credible potential for serious injury. The situation had credible potential for serious injury and was escalated immediately.",0.9763071,1,Critical
NM_0506,Drilling rig,Pump maintenance,"Before/during Pump maintenance at Drilling rig, Fall arrest missing. The activity was stopped as it could have resulted in serious harm. A supervisor issued a stop-work intervention and required a formal control verification.",0.9480889,1,Critical
NM_0299,Process plant,Electrical maintenance,Inspection revealed Equipment defect during Electrical maintenance at Process plant. The supervisor reviewed and approved continuation after correction. Work was temporarily halted pending verification of the control measure.,0.004305727,0,Low
NM_0204,Truck loading bay,Chemical sampling,"Before/during Chemical sampling at Truck loading bay, Lockout-tagout missing. Work was paused until the issue was addressed. The crew escalated the issue through the shift safety meeting and closed it before continuation.",0.009208792,0,Low
NM_0306,Offshore platform,Loading/unloading operations,"During Loading/unloading operations at Offshore platform, Trip interlock was found bypassed during a production upset. Work was stopped temporarily and resumed after verification. Work was temporarily halted pending verification of the control measure.",0.01662971,0,Low
NM_0586,Tank farm,Lifting and rigging,"Before/during Lifting and rigging at Tank farm, No pre-entry gas test, attendant, rescue arrangement, or signed entry permit. Work was stopped due to potential serious injury risk. A supervisor issued a stop-work intervention and required a formal control verification.",0.78270626,1,High
NM_0571,Gas processing unit,Loading/unloading operations,"During routine checks at Gas processing unit, Gas testing was overdue and no dedicated fire watch was assigned was observed during Loading/unloading operations. The situation had credible potential for serious injury. The situation had credible potential for serious injury and was escalated immediately.",0.9558295,1,Critical
NM_0012,Compressor station,Well intervention,"Before/during Well intervention at Compressor station, Scaffold was altered without inspection tag and toe boards were missing. The area was corrected immediately. The observation was logged and addressed during the same shift.",0.0024102528,0,Low
NM_0726,Process plant,Process unit startup/shutdown,"Near-miss observation: while performing Process unit startup/shutdown at Process plant, the team found that Reversing was attempted without a banksman and pedestrian segregation. Multiple workers were at risk of serious injury or fatality. Personnel were moved to a safe location and the event was treated as a high-potential near miss.",0.0693673,0,Low
NM_0226,Wellsite,Pump maintenance,"Shift crew reported that during Pump maintenance in Wellsite, Work scope had changed but the permit and job safety analysis were not revalidated. Work was paused until the issue was addressed. Work was temporarily halted pending verification of the control measure.",0.0057865144,0,Low
NM_0014,Compressor station,Housekeeping inspection,Inspection revealed Emergency response delayed during Housekeeping inspection at Compressor station. No work stoppage was required. The observation was logged and addressed during the same shift.,0.009459469,0,Low
NM_0744,Pump station,Scaffold modification,"Before/during Scaffold modification at Pump station, Supervision absent. The situation had imminent potential for fatality and was escalated immediately. The situation had imminent potential for fatality and was escalated immediately.",0.9580765,1,Critical
NM_0271,Refinery unit,Chemical sampling,"Near-miss observation: while performing Chemical sampling at Refinery unit, the team found that Lockout-tagout missing. Work was stopped temporarily and resumed after verification. Work was temporarily halted pending verification of the control measure.",0.005456045,0,Low
NM_0089,Pipeline ROW,Pump seal replacement,"Near-miss observation: while performing Pump seal replacement at Pipeline ROW, the team found that Drain cover was open and combustible vapour testing was not documented. No work stoppage was required. The observation was logged and addressed during the same shift.",0.018966774,0,Low
NM_0792,Maintenance yard,Instrument calibration,"Inspection revealed Lift plan, tag lines, and barricaded drop zone were not available during Instrument calibration at Maintenance yard. Work was stopped urgently and emergency response was initiated. The situation had imminent potential for fatality and was escalated immediately.",0.041555215,0,Low
NM_0575,Wellsite,Wellhead valve maintenance,"During routine checks at Wellsite, Exclusion zone missing was observed during Wellhead valve maintenance. The job was halted due to high-risk exposure. A supervisor issued a stop-work intervention and required a formal control verification.",0.014003027,0,Low
NM_0559,Storage tank,Manual handling of tubulars,"Before/during Manual handling of tubulars at Storage tank, Gas testing was overdue and no dedicated fire watch was assigned. The situation had credible potential for serious injury. The failed critical control created credible potential for serious injury; the task was stopped and reported to HSE.",0.98273736,1,Critical
NM_0272,Compressor station,Drilling operations,"Near-miss observation: while performing Drilling operations at Compressor station, the team found that Drain cover was open and combustible vapour testing was not documented. Work was stopped temporarily and resumed after verification. The supervisor reviewed the situation and approved continuation after correction.",0.014311595,0,Low
NM_0526,Wellsite,Vessel entry preparation,Inspection revealed Communication failure during Vessel entry preparation at Wellsite. The job was halted due to high-risk exposure. A supervisor issued a stop-work intervention and required a formal control verification.,0.30438676,0,Medium
NM_0496,Field office area,Process unit startup/shutdown,"Shift crew reported that during Process unit startup/shutdown in Field office area, Spill containment missing. The activity was stopped as it could have resulted in serious harm. Personnel were close to hazardous energy exposure, so the area was secured pending investigation.",0.91128105,1,Critical
NM_0646,Pipeline ROW,Pump maintenance,"During routine checks at Pipeline ROW, Emergency response delayed was observed during Pump maintenance. Multiple workers were at risk of serious injury or fatality. All personnel were evacuated and the area was secured pending full investigation.",0.95463896,1,Critical
NM_0206,Truck loading bay,Tank farm operations,"During routine checks at Truck loading bay, Training inadequate was observed during Tank farm operations. Work was paused until the issue was addressed. The crew escalated the issue through the shift safety meeting and closed it before continuation.",0.03408696,0,Low
NM_0025,Gas processing unit,Forklift pallet handling,"Near-miss observation: while performing Forklift pallet handling at Gas processing unit, the team found that Fire watch missing. The team corrected it without delay. The issue was minor and was rectified before it affected the task.",0.0056614084,0,Low
NM_0699,Wellsite,Lifting and rigging,A Trip interlock was found bypassed during a production upset was identified during Lifting and rigging at Wellsite. Work was stopped urgently and emergency response was initiated. Personnel were moved to a safe location and the event was treated as a high-potential near miss.,0.9749331,1,Critical
NM_0110,Pipeline ROW,Chemical sampling,A Sample bottle label was unclear and secondary containment was not positioned was identified during Chemical sampling at Pipeline ROW. Work was paused briefly and the issue was resolved. The issue was minor and was rectified before it affected the task.,0.052124668,0,Low
NM_0725,Pump station,Grinding near drain,Inspection revealed Scaffold was altered without inspection tag and toe boards were missing during Grinding near drain at Pump station. Multiple workers were at risk of serious injury or fatality. The situation had imminent potential for fatality and was escalated immediately.,0.9574278,1,Critical
NM_0763,Field office area,Internal tank inspection,"During routine checks at Field office area, Training inadequate was observed during Internal tank inspection. Work was stopped urgently and emergency response was initiated. The situation had imminent potential for fatality and was escalated immediately.",0.0459005,0,Low
NM_0257,Gas processing unit,Scaffold modification,Inspection revealed Pneumatic energy isolation was not locked and residual pressure remained in the line during Scaffold modification at Gas processing unit. Work was stopped temporarily and resumed after verification. The supervisor reviewed the situation and approved continuation after correction.,0.0077360948,0,Low
NM_0587,Field office area,Pressure vessel testing,"Before/during Pressure vessel testing at Field office area, Simultaneous operations were not recorded in the permit briefing. Critical control failure was corrected before resuming work. Work was halted due to high-risk exposure and corrective measures were implemented.",0.040148903,0,Low
NM_0388,Storage depot,Night driving to remote site,"Inspection revealed Lift plan missing during Night driving to remote site at Storage depot. The activity was delayed pending correction. The task was paused, the control was restored, and the supervisor verified readiness before work resumed.",0.0030375451,0,Low
NM_0223,Pipeline ROW,Electrical maintenance,"A Spill containment missing was identified during Electrical maintenance at Pipeline ROW. The supervisor reviewed and approved continuation after correction. The task was paused, the control was restored, and the supervisor verified readiness before work resumed.",0.00724804,0,Low
NM_0243,LPG bottling plant,Manual handling of tubulars,A Warning sign missing was identified during Manual handling of tubulars at LPG bottling plant. The job proceeded only after corrective measures. The crew escalated the issue through the shift safety meeting and closed it before continuation.,0.017759582,0,Low
NM_0715,Storage depot,Night driving to remote site,"Near-miss observation: while performing Night driving to remote site at Storage depot, the team found that Atmosphere not tested. Work was stopped urgently and emergency response was initiated. The condition presented immediate potentially fatal exposure; operations were stopped, the area was isolated, and emergency escalation began.",0.068677075,0,Low
NM_0121,Drilling rig,Loading/unloading operations,"Before/during Loading/unloading operations at Drilling rig, Trip interlock was found bypassed during a production upset. No work stoppage was required. The observation was logged and addressed during the same shift.",0.012937335,0,Low
NM_0194,Refinery unit,Pump maintenance,"Shift crew reported that during Pump maintenance in Refinery unit, Reversing was attempted without a banksman and pedestrian segregation. No work stoppage was required. The observation was logged and addressed during the same shift.",0.023285355,0,Low
NM_0778,Tank farm,Breaking a pressurised flange,"During routine checks at Tank farm, Open edge protection and full-body harness anchorage were unavailable was observed during Breaking a pressurised flange. Actual exposure to hazardous conditions occurred. Personnel were moved to a safe location and the event was treated as a high-potential near miss.",0.9625127,1,Critical
NM_0043,Pipeline ROW,Electrical maintenance,"Near-miss observation: while performing Electrical maintenance at Pipeline ROW, the team found that Atmosphere not tested. The area was corrected immediately. No work stoppage was required as the risk was minimal.",0.0034313302,0,Low
NM_0696,Drilling rig,Breaking a pressurised flange,"During routine checks at Drilling rig, Spill containment missing was observed during Breaking a pressurised flange. Actual exposure to hazardous conditions occurred. The condition presented immediate potentially fatal exposure; operations were stopped, the area was isolated, and emergency escalation began.",0.98214555,1,Critical
NM_0078,Offshore platform,Lifting valve actuator,"Shift crew reported that during Lifting valve actuator in Offshore platform, Driver fatigue screening and journey-management check were incomplete. Corrective action was taken on the spot. The condition was corrected during the routine inspection, with no exposure to hazardous energy.",0.009665834,0,Low
NM_0145,Compressor station,Confined space entry,A Emergency access route was partly obstructed by temporary materials was identified during Confined space entry at Compressor station. The area was corrected immediately. No work stoppage was required as the risk was minimal.,0.029711913,0,Low
NM_0300,Pump station,Sampling and testing,"Near-miss observation: while performing Sampling and testing at Pump station, the team found that PPE not used. Work was paused until the issue was addressed. No one was exposed, but the observation required a documented corrective action.",0.014376625,0,Low
NM_0247,Pipeline ROW,Valve maintenance,"Near-miss observation: while performing Valve maintenance at Pipeline ROW, the team found that Lockout-tagout missing. The supervisor reviewed and approved continuation after correction. No one was exposed, but the observation required a documented corrective action.",0.003956153,0,Low
NM_0660,Pipeline ROW,Housekeeping inspection,"A Permit missing was identified during Housekeeping inspection at Pipeline ROW. Actual exposure to hazardous conditions occurred. Multiple critical barriers were ineffective, creating imminent serious-injury or fatality potential.",0.7664881,1,High
NM_0059,Truck loading bay,Valve maintenance,"Shift crew reported that during Valve maintenance in Truck loading bay, Pneumatic energy isolation was not locked and residual pressure remained in the line. The team corrected it without delay. The team recorded the observation and completed immediate housekeeping correction.",0.013041525,0,Low
NM_0113,Field office area,Electrical maintenance,"During routine checks at Field office area, Procedure not followed was observed during Electrical maintenance. Work was paused briefly and the issue was resolved. The condition was corrected during the routine inspection, with no exposure to hazardous energy.",0.01767314,0,Low
NM_0717,Pipeline ROW,Valve maintenance,"Before/during Valve maintenance at Pipeline ROW, Fire watch missing. Actual exposure to hazardous conditions occurred. All personnel were evacuated and the area was secured pending full investigation.",0.94018954,1,Critical
NM_0023,Wellsite,Hot work (welding/grinding),"During routine checks at Wellsite, No pre-entry gas test, attendant, rescue arrangement, or signed entry permit was observed during Hot work (welding/grinding). No work stoppage was required. The observation was logged and addressed during the same shift.",0.009899083,0,Low
NM_0289,Storage depot,Excavation work,"Inspection revealed Line was not depressurised and workers were positioned in the potential release path during Excavation work at Storage depot. Work was paused until the issue was addressed. The task was paused, the control was restored, and the supervisor verified readiness before work resumed.",0.0074868007,0,Low
NM_0107,Pipeline ROW,Drilling operations,"Near-miss observation: while performing Drilling operations at Pipeline ROW, the team found that Equipment defect. The area was corrected immediately. No work stoppage was required as the risk was minimal.",0.07620465,0,Low
NM_0701,Gas processing unit,Tank farm operations,"Near-miss observation: while performing Tank farm operations at Gas processing unit, the team found that Excavation edge was not barricaded and underground utility mark-out was incomplete. Actual exposure to hazardous conditions occurred. Personnel were moved to a safe location and the event was treated as a high-potential near miss.",0.3080121,0,Medium
NM_0511,Drilling rig,Grinding near drain,"During routine checks at Drilling rig, PPE not used was observed during Grinding near drain. Work was stopped due to potential serious injury risk. A supervisor issued a stop-work intervention and required a formal control verification.",0.9674333,1,Critical
NM_0610,Drilling rig,Reversing vehicle operations,"During routine checks at Drilling rig, Gas testing was overdue and no dedicated fire watch was assigned was observed during Reversing vehicle operations. All personnel were evacuated. Personnel were moved to a safe location and the event was treated as a high-potential near miss.",0.9677219,1,Critical
NM_0379,Gas processing unit,Hydrostatic pressure test,"Before/during Hydrostatic pressure test at Gas processing unit, Electrical supply and process pressure isolation were not independently verified. The job proceeded only after corrective measures. The task was paused, the control was restored, and the supervisor verified readiness before work resumed.",0.0042670956,0,Low
NM_0024,Truck loading bay,Electrical maintenance,"Near-miss observation: while performing Electrical maintenance at Truck loading bay, the team found that Warning sign missing. The team corrected it without delay. The observation was logged and addressed during the same shift.",0.0025193528,0,Low
NM_0173,LPG bottling plant,Pipeline inspection,"Near-miss observation: while performing Pipeline inspection at LPG bottling plant, the team found that Driver fatigue screening and journey-management check were incomplete. Work was paused briefly and the issue was resolved. The team recorded the observation and completed immediate housekeeping correction.",0.0062182657,0,Low
NM_0195,Gas processing unit,Reversing vehicle operations,"Shift crew reported that during Reversing vehicle operations in Gas processing unit, Training inadequate. No work stoppage was required. No work stoppage was required as the risk was minimal.",0.01467551,0,Low
NM_0372,Wellsite,Electrical maintenance,"During routine checks at Wellsite, Electrical supply and process pressure isolation were not independently verified was observed during Electrical maintenance. The supervisor reviewed and approved continuation after correction. The task was paused, the control was restored, and the supervisor verified readiness before work resumed.",0.004181529,0,Low
NM_0003,Field office area,Grinding near drain,"During Grinding near drain at Field office area, Isolation not verified. The area was corrected immediately. The observation was logged and addressed during the same shift.",0.0038148437,0,Low
NM_0096,Maintenance yard,Manual handling of tubulars,"During Manual handling of tubulars at Maintenance yard, Hands were placed near pinch points and no designated signaler was present. Work was paused briefly and the issue was resolved. The team recorded the observation and completed immediate housekeeping correction.",0.011841877,0,Low
NM_0749,Storage depot,Lifting valve actuator,"During routine checks at Storage depot, Training inadequate was observed during Lifting valve actuator. Actual exposure to hazardous conditions occurred. Multiple critical barriers were ineffective, creating imminent serious-injury or fatality potential.",0.9740098,1,Critical
NM_0421,Process plant,Vehicle movement,Inspection revealed Electrical supply and process pressure isolation were not independently verified during Vehicle movement at Process plant. The job was halted due to high-risk exposure. A supervisor issued a stop-work intervention and required a formal control verification.,0.06771808,0,Low
NM_0009,Storage tank,Housekeeping inspection,"During routine checks at Storage tank, Guard missing was observed during Housekeeping inspection. The team corrected it without delay. The observation was logged and addressed during the same shift.",0.016131721,0,Low
NM_0334,Process plant,Hydrostatic pressure test,"Inspection revealed Line was not depressurised and workers were positioned in the potential release path during Hydrostatic pressure test at Process plant. Work was paused until the issue was addressed. No one was exposed, but the observation required a documented corrective action.",0.008512957,0,Low
NM_0279,Compressor station,Pipeline inspection,A Lockout-tagout missing was identified during Pipeline inspection at Compressor station. Work was paused until the issue was addressed. The supervisor reviewed the situation and approved continuation after correction.,0.01520472,0,Low
NM_0171,Gas processing unit,Housekeeping inspection,Inspection revealed Sample bottle label was unclear and secondary containment was not positioned during Housekeeping inspection at Gas processing unit. No work stoppage was required. No work stoppage was required as the risk was minimal.,0.007264662,0,Low
NM_0364,Gas processing unit,Housekeeping inspection,"A Open edge protection and full-body harness anchorage were unavailable was identified during Housekeeping inspection at Gas processing unit. The supervisor reviewed and approved continuation after correction. The task was paused, the control was restored, and the supervisor verified readiness before work resumed.",0.027545154,0,Low
NM_0733,Gas processing unit,Scaffold modification,"A Pneumatic energy isolation was not locked and residual pressure remained in the line was identified during Scaffold modification at Gas processing unit. Actual exposure to hazardous conditions occurred. Multiple critical barriers were ineffective, creating imminent serious-injury or fatality potential.",0.9443644,1,Critical
NM_0452,Storage depot,Confined space entry,"Before/during Confined space entry at Storage depot, Trip interlock was found bypassed during a production upset. The job was halted due to high-risk exposure. The situation had credible potential for serious injury and was escalated immediately.",0.94655275,1,Critical
NM_0757,Storage tank,Pipe spool welding,A Open edge protection and full-body harness anchorage were unavailable was identified during Pipe spool welding at Storage tank. Multiple workers were at risk of serious injury or fatality. The situation had imminent potential for fatality and was escalated immediately.,0.090150096,0,Low
NM_0490,Pump station,Emergency valve servicing,"Near-miss observation: while performing Emergency valve servicing at Pump station, the team found that Trip interlock was found bypassed during a production upset. The job was halted due to high-risk exposure. The failed critical control created credible potential for serious injury; the task was stopped and reported to HSE.",0.97459704,1,Critical
NM_0603,Process plant,Hydrostatic pressure test,"Near-miss observation: while performing Hydrostatic pressure test at Process plant, the team found that Test manifold lacked verified restraint and pressure-release exclusion controls. Actual exposure to hazardous conditions occurred. The situation had imminent potential for fatality and was escalated immediately.",0.031627294,0,Low
NM_0361,Wellsite,Chemical sampling,"Near-miss observation: while performing Chemical sampling at Wellsite, the team found that Guard missing. The activity was delayed pending correction. No one was exposed, but the observation required a documented corrective action.",0.008265256,0,Low
NM_0007,Gas processing unit,Scaffolding work,"Shift crew reported that during Scaffolding work in Gas processing unit, Excavation edge was not barricaded and underground utility mark-out was incomplete. Work was paused briefly and the issue was resolved. The observation was logged and addressed during the same shift.",0.005950618,0,Low
NM_0228,Maintenance yard,LPG bottling operations,"During LPG bottling operations at Maintenance yard, Supervision absent. The supervisor reviewed and approved continuation after correction. The task was paused, the control was restored, and the supervisor verified readiness before work resumed.",0.006121949,0,Low
NM_0229,Drilling rig,Vessel entry preparation,"Before/during Vessel entry preparation at Drilling rig, No pre-entry gas test, attendant, rescue arrangement, or signed entry permit. Work was paused until the issue was addressed. The crew escalated the issue through the shift safety meeting and closed it before continuation.",0.017334437,0,Low
NM_0629,Storage tank,Sampling and testing,"Shift crew reported that during Sampling and testing in Storage tank, Pneumatic energy isolation was not locked and residual pressure remained in the line. Multiple workers were at risk of serious injury or fatality. All personnel were evacuated and the area was secured pending full investigation.",0.94567657,1,Critical
NM_0064,Drilling rig,Manual handling of tubulars,"During routine checks at Drilling rig, Excavation edge was not barricaded and underground utility mark-out was incomplete was observed during Manual handling of tubulars. No work stoppage was required. No work stoppage was required as the risk was minimal.",0.010834075,0,Low
NM_0237,Storage tank,Scaffold modification,"During routine checks at Storage tank, Gas testing was overdue and no dedicated fire watch was assigned was observed during Scaffold modification. The job proceeded only after corrective measures. Work was temporarily halted pending verification of the control measure.",0.24364297,0,Low
NM_0092,Storage depot,Pressure vessel testing,"During Pressure vessel testing at Storage depot, Pneumatic energy isolation was not locked and residual pressure remained in the line. The team corrected it without delay. The team recorded the observation and completed immediate housekeeping correction.",0.0053940583,0,Low
NM_0700,Gas processing unit,Emergency valve servicing,"Shift crew reported that during Emergency valve servicing in Gas processing unit, Supervision absent. Multiple workers were at risk of serious injury or fatality. The condition presented immediate potentially fatal exposure; operations were stopped, the area was isolated, and emergency escalation began.",0.9831729,1,Critical
NM_0135,Compressor station,Instrument calibration,"Before/during Instrument calibration at Compressor station, Isolation not verified. No work stoppage was required. The team recorded the observation and completed immediate housekeeping correction.",0.003788667,0,Low
NM_0688,Pipeline ROW,Electrical maintenance,A Warning sign missing was identified during Electrical maintenance at Pipeline ROW. Actual exposure to hazardous conditions occurred. Personnel were moved to a safe location and the event was treated as a high-potential near miss.,0.30730256,0,Medium
NM_0423,Drilling rig,Wellhead valve maintenance,"Before/during Wellhead valve maintenance at Drilling rig, Sample bottle label was unclear and secondary containment was not positioned. The job was halted due to high-risk exposure. Personnel were close to hazardous energy exposure, so the area was secured pending investigation.",0.9565162,1,Critical
NM_0608,Refinery unit,Pressure vessel testing,"Near-miss observation: while performing Pressure vessel testing at Refinery unit, the team found that Training inadequate. The situation had imminent potential for fatality and was escalated immediately. Multiple critical barriers were ineffective, creating imminent serious-injury or fatality potential.",0.97520906,1,Critical
NM_0431,Truck loading bay,Scaffold modification,Inspection revealed Procedure not followed during Scaffold modification at Truck loading bay. The activity was stopped as it could have resulted in serious harm. Work was halted due to high-risk exposure and corrective measures were implemented.,0.04089068,0,Low
NM_0592,Refinery unit,Grinding near drain,Inspection revealed Fire watch missing during Grinding near drain at Refinery unit. Work was stopped due to potential serious injury risk. The failed critical control created credible potential for serious injury; the task was stopped and reported to HSE.,0.33192596,0,Medium
NM_0667,Storage depot,Equipment maintenance,"Before/during Equipment maintenance at Storage depot, Supervision absent. Work was stopped urgently and emergency response was initiated. Personnel were moved to a safe location and the event was treated as a high-potential near miss.",0.9427843,1,Critical
NM_0538,Field office area,Pump seal replacement,"During Pump seal replacement at Field office area, Open edge protection and full-body harness anchorage were unavailable. Critical control failure was corrected before resuming work. The failed critical control created credible potential for serious injury; the task was stopped and reported to HSE.",0.96568334,1,Critical
NM_0702,Storage depot,Vessel entry preparation,"Inspection revealed Sample bottle label was unclear and secondary containment was not positioned during Vessel entry preparation at Storage depot. All personnel were evacuated. Multiple critical barriers were ineffective, creating imminent serious-injury or fatality potential.",0.9853719,1,Critical
NM_0425,Truck loading bay,Scaffolding work,"Shift crew reported that during Scaffolding work in Truck loading bay, Work scope had changed but the permit and job safety analysis were not revalidated. The activity was stopped as it could have resulted in serious harm. The failed critical control created credible potential for serious injury; the task was stopped and reported to HSE.",0.3788115,0,Medium
NM_0784,Storage tank,Night driving to remote site,"During Night driving to remote site at Storage tank, Lift plan, tag lines, and barricaded drop zone were not available. Actual exposure to hazardous conditions occurred. The condition presented immediate potentially fatal exposure; operations were stopped, the area was isolated, and emergency escalation began.",0.96363884,1,Critical
NM_0346,Drilling rig,Tank farm operations,Inspection revealed Guard missing during Tank farm operations at Drilling rig. The supervisor reviewed and approved continuation after correction. The crew escalated the issue through the shift safety meeting and closed it before continuation.,0.0047172722,0,Low
NM_0793,Gas processing unit,Pipe spool welding,"During Pipe spool welding at Gas processing unit, Training inadequate. Work was stopped urgently and emergency response was initiated. Multiple critical barriers were ineffective, creating imminent serious-injury or fatality potential.",0.9688392,1,Critical
NM_0207,Field office area,Chemical sampling,A Tool inspection missing was identified during Chemical sampling at Field office area. The supervisor reviewed and approved continuation after correction. The supervisor reviewed the situation and approved continuation after correction.,0.00057511416,0,Low
NM_0404,Pump station,Pipe-rack inspection,"During Pipe-rack inspection at Pump station, Test manifold lacked verified restraint and pressure-release exclusion controls. Critical control failure was corrected before resuming work. The situation had credible potential for serious injury and was escalated immediately.",0.8258999,1,Critical
NM_0015,Storage depot,Pipe-rack inspection,"During Pipe-rack inspection at Storage depot, Supervision absent. Corrective action was taken on the spot. The team recorded the observation and completed immediate housekeeping correction.",0.0035541803,0,Low
NM_0027,Pipeline ROW,Equipment maintenance,"During routine checks at Pipeline ROW, Lift plan, tag lines, and barricaded drop zone were not available was observed during Equipment maintenance. The area was corrected immediately. The condition was corrected during the routine inspection, with no exposure to hazardous energy.",0.009605501,0,Low
NM_0530,Wellsite,Emergency valve servicing,"Shift crew reported that during Emergency valve servicing in Wellsite, Drain cover was open and combustible vapour testing was not documented. The activity was stopped as it could have resulted in serious harm. Work was halted due to high-risk exposure and corrective measures were implemented.",0.6282395,1,High
NM_0302,Storage tank,Manual handling of tubulars,Inspection revealed Open edge protection and full-body harness anchorage were unavailable during Manual handling of tubulars at Storage tank. Work was paused until the issue was addressed. The crew escalated the issue through the shift safety meeting and closed it before continuation.,0.04792489,0,Low
NM_0693,Storage depot,Crude transfer vehicle movement,"Near-miss observation: while performing Crude transfer vehicle movement at Storage depot, the team found that Procedure not followed. Work was stopped urgently and emergency response was initiated. Multiple critical barriers were ineffective, creating imminent serious-injury or fatality potential.",0.9645327,1,Critical
NM_0750,Refinery unit,Internal tank inspection,"During routine checks at Refinery unit, Fire watch missing was observed during Internal tank inspection. Actual exposure to hazardous conditions occurred. The situation had imminent potential for fatality and was escalated immediately.",0.7447103,1,High
NM_0572,Wellsite,Lifting and rigging,"Near-miss observation: while performing Lifting and rigging at Wellsite, the team found that Damaged pallet and unstable load were being raised without a spotter. The activity was stopped as it could have resulted in serious harm. The failed critical control created credible potential for serious injury; the task was stopped and reported to HSE.",0.95662344,1,Critical
NM_0469,Truck loading bay,Compressor troubleshooting,"Shift crew reported that during Compressor troubleshooting in Truck loading bay, Damaged pallet and unstable load were being raised without a spotter. The job was halted due to high-risk exposure. A supervisor issued a stop-work intervention and required a formal control verification.",0.9326601,1,Critical
NM_0623,Drilling rig,Vessel entry preparation,"Near-miss observation: while performing Vessel entry preparation at Drilling rig, the team found that Communication failure. Actual exposure to hazardous conditions occurred. Multiple critical barriers were ineffective, creating imminent serious-injury or fatality potential.",0.9874193,1,Critical
NM_0285,Gas processing unit,Excavation work,"Before/during Excavation work at Gas processing unit, Gas testing was overdue and no dedicated fire watch was assigned. Work was stopped temporarily and resumed after verification. The task was paused, the control was restored, and the supervisor verified readiness before work resumed.",0.007133313,0,Low
NM_0384,Refinery unit,Pipeline inspection,"During routine checks at Refinery unit, Scaffold was altered without inspection tag and toe boards were missing was observed during Pipeline inspection. Work was paused until the issue was addressed. Work was temporarily halted pending verification of the control measure.",0.007984183,0,Low
NM_0487,Compressor station,Lifting valve actuator,"During routine checks at Compressor station, Reversing was attempted without a banksman and pedestrian segregation was observed during Lifting valve actuator. Work was stopped due to potential serious injury risk. Personnel were close to hazardous energy exposure, so the area was secured pending investigation.",0.9661424,1,Critical
NM_0714,Gas processing unit,Pipe spool welding,"Before/during Pipe spool welding at Gas processing unit, Exclusion zone missing. Multiple workers were at risk of serious injury or fatality. Multiple critical barriers were ineffective, creating imminent serious-injury or fatality potential.",0.97097147,1,Critical
NM_0144,Offshore platform,Scaffold modification,"Near-miss observation: while performing Scaffold modification at Offshore platform, the team found that Line was not depressurised and workers were positioned in the potential release path. The area was corrected immediately. The team recorded the observation and completed immediate housekeeping correction.",0.0022555348,0,Low
NM_0323,Process plant,Vessel entry preparation,"A Reversing was attempted without a banksman and pedestrian segregation was identified during Vessel entry preparation at Process plant. The supervisor reviewed and approved continuation after correction. No one was exposed, but the observation required a documented corrective action.",0.045794167,0,Low
NM_0601,Maintenance yard,Vehicle movement,A Drain cover was open and combustible vapour testing was not documented was identified during Vehicle movement at Maintenance yard. Work was stopped urgently and emergency response was initiated. The situation had imminent potential for fatality and was escalated immediately.,0.59670824,1,Medium
NM_0643,Pipeline ROW,Instrument calibration,"Shift crew reported that during Instrument calibration in Pipeline ROW, Lift plan, tag lines, and barricaded drop zone were not available. Work was stopped urgently and emergency response was initiated. The situation had imminent potential for fatality and was escalated immediately.",0.954295,1,Critical
NM_0130,Process plant,Pipeline inspection,"During Pipeline inspection at Process plant, Scaffold was altered without inspection tag and toe boards were missing. The team corrected it without delay. The observation was logged and addressed during the same shift.",0.0012061656,0,Low
NM_0550,Drilling rig,Pipe-rack inspection,"Before/during Pipe-rack inspection at Drilling rig, Equipment defect. Critical control failure was corrected before resuming work. Work was halted due to high-risk exposure and corrective measures were implemented.",0.97449374,1,Critical
NM_0366,Drilling rig,Sampling and testing,A Atmosphere not tested was identified during Sampling and testing at Drilling rig. Work was paused until the issue was addressed. Work was temporarily halted pending verification of the control measure.,0.010664397,0,Low
NM_0141,Field office area,Lifting and rigging,"During Lifting and rigging at Field office area, Line was not depressurised and workers were positioned in the potential release path. Work was paused briefly and the issue was resolved. The observation was logged and addressed during the same shift.",0.008869993,0,Low
NM_0741,Tank farm,Well intervention,"During routine checks at Tank farm, Test manifold lacked verified restraint and pressure-release exclusion controls was observed during Well intervention. The situation had imminent potential for fatality and was escalated immediately. Multiple critical barriers were ineffective, creating imminent serious-injury or fatality potential.",0.035095934,0,Low
NM_0540,Truck loading bay,Hot work (welding/grinding),"During routine checks at Truck loading bay, Permit missing was observed during Hot work (welding/grinding). The activity was stopped as it could have resulted in serious harm. A supervisor issued a stop-work intervention and required a formal control verification.",0.9335893,1,Critical
NM_0590,Storage depot,Reversing vehicle operations,"During Reversing vehicle operations at Storage depot, Test manifold lacked verified restraint and pressure-release exclusion controls. Work was stopped due to potential serious injury risk. Personnel were close to hazardous energy exposure, so the area was secured pending investigation.",0.9435839,1,Critical
NM_0406,Gas processing unit,Tank farm operations,"Shift crew reported that during Tank farm operations in Gas processing unit, Lift plan, tag lines, and barricaded drop zone were not available. Critical control failure was corrected before resuming work. A supervisor issued a stop-work intervention and required a formal control verification.",0.92283136,1,Critical
NM_0149,Compressor station,Tank farm operations,Inspection revealed Sample bottle label was unclear and secondary containment was not positioned during Tank farm operations at Compressor station. Work was paused briefly and the issue was resolved. The observation was logged and addressed during the same shift.,0.0028851083,0,Low
NM_0665,Truck loading bay,Hydrostatic pressure test,"During Hydrostatic pressure test at Truck loading bay, Gas testing was overdue and no dedicated fire watch was assigned. All personnel were evacuated. Multiple critical barriers were ineffective, creating imminent serious-injury or fatality potential.",0.96562,1,Critical
NM_0400,Compressor station,Breaking a pressurised flange,Inspection revealed Communication failure during Breaking a pressurised flange at Compressor station. Work was paused until the issue was addressed. The crew escalated the issue through the shift safety meeting and closed it before continuation.,0.027864307,0,Low
NM_0385,Process plant,Forklift pallet handling,"Before/during Forklift pallet handling at Process plant, Electrical supply and process pressure isolation were not independently verified. The activity was delayed pending correction. The crew escalated the issue through the shift safety meeting and closed it before continuation.",0.0018403683,0,Low
NM_0541,Storage depot,Pressure vessel testing,"During routine checks at Storage depot, Lockout-tagout missing was observed during Pressure vessel testing. The situation had credible potential for serious injury. The situation had credible potential for serious injury and was escalated immediately.",0.94127804,1,Critical
NM_0458,Drilling rig,Equipment maintenance,"During routine checks at Drilling rig, Atmosphere not tested was observed during Equipment maintenance. The job was halted due to high-risk exposure. The failed critical control created credible potential for serious injury; the task was stopped and reported to HSE.",0.94458103,1,Critical
NM_0074,LPG bottling plant,Process unit startup/shutdown,"Shift crew reported that during Process unit startup/shutdown in LPG bottling plant, Scaffold was altered without inspection tag and toe boards were missing. The area was corrected immediately. The issue was minor and was rectified before it affected the task.",0.004602528,0,Low
NM_0031,Pipeline ROW,Crude transfer vehicle movement,"Near-miss observation: while performing Crude transfer vehicle movement at Pipeline ROW, the team found that Electrical supply and process pressure isolation were not independently verified. The team corrected it without delay. The observation was logged and addressed during the same shift.",0.00426555,0,Low
NM_0638,Pump station,Crude transfer vehicle movement,"Before/during Crude transfer vehicle movement at Pump station, Isolation not verified. All personnel were evacuated. Personnel were moved to a safe location and the event was treated as a high-potential near miss.",0.9517316,1,Critical
NM_0533,Refinery unit,Hydrostatic pressure test,"During Hydrostatic pressure test at Refinery unit, Line was not depressurised and workers were positioned in the potential release path. Work was stopped due to potential serious injury risk. Work was halted due to high-risk exposure and corrective measures were implemented.",0.95794684,1,Critical
NM_0298,Maintenance yard,Forklift pallet handling,"During Forklift pallet handling at Maintenance yard, Spill containment missing. Work was paused until the issue was addressed. The supervisor reviewed the situation and approved continuation after correction.",0.0041987337,0,Low
NM_0004,Maintenance yard,Scaffolding work,"During routine checks at Maintenance yard, Tool inspection missing was observed during Scaffolding work. The team corrected it without delay. The condition was corrected during the routine inspection, with no exposure to hazardous energy.",0.017660711,0,Low
NM_0704,Process plant,Housekeeping inspection,A Gas test missing was identified during Housekeeping inspection at Process plant. Multiple workers were at risk of serious injury or fatality. All personnel were evacuated and the area was secured pending full investigation.,0.91765386,1,Critical
NM_0304,Wellsite,Scaffolding work,"During routine checks at Wellsite, Communication failure was observed during Scaffolding work. The activity was delayed pending correction. No one was exposed, but the observation required a documented corrective action.",0.0097660655,0,Low
NM_0215,Pipeline ROW,Scaffold modification,"Near-miss observation: while performing Scaffold modification at Pipeline ROW, the team found that Communication failure. The job proceeded only after corrective measures. The crew escalated the issue through the shift safety meeting and closed it before continuation.",0.011934766,0,Low
NM_0720,Maintenance yard,Pipeline inspection,A Fire watch missing was identified during Pipeline inspection at Maintenance yard. Multiple workers were at risk of serious injury or fatality. Personnel were moved to a safe location and the event was treated as a high-potential near miss.,0.8472205,1,Critical
NM_0666,Wellsite,Lifting and rigging,"Near-miss observation: while performing Lifting and rigging at Wellsite, the team found that Fall arrest missing. Actual exposure to hazardous conditions occurred. The situation had imminent potential for fatality and was escalated immediately.",0.11182895,0,Low
NM_0220,Truck loading bay,Manual handling of tubulars,"Near-miss observation: while performing Manual handling of tubulars at Truck loading bay, the team found that Gas testing was overdue and no dedicated fire watch was assigned. The job proceeded only after corrective measures. No one was exposed, but the observation required a documented corrective action.",0.018754268,0,Low
NM_0333,Gas processing unit,Sampling and testing,"A Supervision absent was identified during Sampling and testing at Gas processing unit. Work was paused until the issue was addressed. No one was exposed, but the observation required a documented corrective action.",0.007975087,0,Low
NM_0685,Truck loading bay,Reversing vehicle operations,"Shift crew reported that during Reversing vehicle operations in Truck loading bay, Supervision absent. Multiple workers were at risk of serious injury or fatality. Personnel were moved to a safe location and the event was treated as a high-potential near miss.",0.9633279,1,Critical
NM_0019,Storage depot,Vehicle movement,"Before/during Vehicle movement at Storage depot, Pneumatic energy isolation was not locked and residual pressure remained in the line. The area was corrected immediately. The team recorded the observation and completed immediate housekeeping correction.",0.0022648813,0,Low
NM_0429,Storage depot,Hot work (welding/grinding),Inspection revealed Permit missing during Hot work (welding/grinding) at Storage depot. Critical control failure was corrected before resuming work. Work was halted due to high-risk exposure and corrective measures were implemented.,0.028492847,0,Low
NM_0748,Truck loading bay,Night driving to remote site,"During Night driving to remote site at Truck loading bay, Work scope had changed but the permit and job safety analysis were not revalidated. Multiple workers were at risk of serious injury or fatality. The situation had imminent potential for fatality and was escalated immediately.",0.03165648,0,Low
NM_0783,Wellsite,Hydrostatic pressure test,"During Hydrostatic pressure test at Wellsite, Open edge protection and full-body harness anchorage were unavailable. Multiple workers were at risk of serious injury or fatality. The condition presented immediate potentially fatal exposure; operations were stopped, the area was isolated, and emergency escalation began.",0.95827836,1,Critical
NM_0193,Pump station,Sampling and testing,"A Fall arrest missing was identified during Sampling and testing at Pump station. The team corrected it without delay. The condition was corrected during the routine inspection, with no exposure to hazardous energy.",0.020558918,0,Low
NM_0245,Maintenance yard,Valve maintenance,"During routine checks at Maintenance yard, Excavation edge was not barricaded and underground utility mark-out was incomplete was observed during Valve maintenance. The activity was delayed pending correction. The task was paused, the control was restored, and the supervisor verified readiness before work resumed.",0.005735707,0,Low
NM_0248,Refinery unit,Wellhead valve maintenance,Inspection revealed Warning sign missing during Wellhead valve maintenance at Refinery unit. The activity was delayed pending correction. The supervisor reviewed the situation and approved continuation after correction.,0.003534146,0,Low
NM_0422,Drilling rig,Manual handling of tubulars,A Pneumatic energy isolation was not locked and residual pressure remained in the line was identified during Manual handling of tubulars at Drilling rig. The situation had credible potential for serious injury. The failed critical control created credible potential for serious injury; the task was stopped and reported to HSE.,0.9718626,1,Critical
NM_0137,Storage tank,Grinding near drain,A Test manifold lacked verified restraint and pressure-release exclusion controls was identified during Grinding near drain at Storage tank. The team corrected it without delay. No work stoppage was required as the risk was minimal.,0.012891989,0,Low
NM_0389,Refinery unit,Confined space entry,A Guard missing was identified during Confined space entry at Refinery unit. Work was paused until the issue was addressed. The crew escalated the issue through the shift safety meeting and closed it before continuation.,0.1780091,0,Low
NM_0232,Maintenance yard,Breaking a pressurised flange,Inspection revealed Sample bottle label was unclear and secondary containment was not positioned during Breaking a pressurised flange at Maintenance yard. The activity was delayed pending correction. The supervisor reviewed the situation and approved continuation after correction.,0.002994847,0,Low
NM_0270,Wellsite,Hydrostatic pressure test,"Shift crew reported that during Hydrostatic pressure test in Wellsite, Open edge protection and full-body harness anchorage were unavailable. Work was stopped temporarily and resumed after verification. The crew escalated the issue through the shift safety meeting and closed it before continuation.",0.013196735,0,Low
NM_0344,Refinery unit,Pump maintenance,"Before/during Pump maintenance at Refinery unit, Permit missing. The supervisor reviewed and approved continuation after correction. No one was exposed, but the observation required a documented corrective action.",0.0012838147,0,Low
NM_0655,LPG bottling plant,Pipe-rack inspection,"Before/during Pipe-rack inspection at LPG bottling plant, Emergency response delayed. The situation had imminent potential for fatality and was escalated immediately. The condition presented immediate potentially fatal exposure; operations were stopped, the area was isolated, and emergency escalation began.",0.96965605,1,Critical
NM_0405,Maintenance yard,LPG bottling operations,"During LPG bottling operations at Maintenance yard, Damaged pallet and unstable load were being raised without a spotter. The situation had credible potential for serious injury. The failed critical control created credible potential for serious injury; the task was stopped and reported to HSE.",0.9767014,1,Critical
NM_0716,Storage depot,Pipeline inspection,"During Pipeline inspection at Storage depot, Hands were placed near pinch points and no designated signaler was present. Multiple workers were at risk of serious injury or fatality. Personnel were moved to a safe location and the event was treated as a high-potential near miss.",0.97780025,1,Critical
NM_0238,Compressor station,Excavation work,"Shift crew reported that during Excavation work in Compressor station, Hands were placed near pinch points and no designated signaler was present. The activity was delayed pending correction. No one was exposed, but the observation required a documented corrective action.",0.061716236,0,Low
NM_0567,Field office area,Equipment maintenance,"Near-miss observation: while performing Equipment maintenance at Field office area, the team found that Fall arrest missing. The situation had credible potential for serious injury. A supervisor issued a stop-work intervention and required a formal control verification.",0.9634866,1,Critical
NM_0570,Pipeline ROW,Loading/unloading operations,A Excavation edge was not barricaded and underground utility mark-out was incomplete was identified during Loading/unloading operations at Pipeline ROW. The situation had credible potential for serious injury. A supervisor issued a stop-work intervention and required a formal control verification.,0.9177172,1,Critical
NM_0709,Field office area,Excavation work,A Line was not depressurised and workers were positioned in the potential release path was identified during Excavation work at Field office area. Multiple workers were at risk of serious injury or fatality. The situation had imminent potential for fatality and was escalated immediately.,0.9584977,1,Critical
NM_0769,Field office area,Excavation work,"Before/during Excavation work at Field office area, Reversing was attempted without a banksman and pedestrian segregation. All personnel were evacuated. Multiple critical barriers were ineffective, creating imminent serious-injury or fatality potential.",0.9791637,1,Critical
NM_0764,Maintenance yard,Scaffolding work,"Shift crew reported that during Scaffolding work in Maintenance yard, Work scope had changed but the permit and job safety analysis were not revalidated. All personnel were evacuated. The situation had imminent potential for fatality and was escalated immediately.",0.22544296,0,Low
NM_0684,Pipeline ROW,Electrical maintenance,"Before/during Electrical maintenance at Pipeline ROW, Emergency response delayed. Actual exposure to hazardous conditions occurred. Personnel were moved to a safe location and the event was treated as a high-potential near miss.",0.973251,1,Critical
NM_0391,Storage tank,Loading/unloading operations,"Near-miss observation: while performing Loading/unloading operations at Storage tank, the team found that Fall arrest missing. The activity was delayed pending correction. Work was temporarily halted pending verification of the control measure.",0.02269963,0,Low
NM_0077,Pipeline ROW,Electrical maintenance,"During routine checks at Pipeline ROW, No pre-entry gas test, attendant, rescue arrangement, or signed entry permit was observed during Electrical maintenance. The team corrected it without delay. The condition was corrected during the routine inspection, with no exposure to hazardous energy.",0.028459208,0,Low
NM_0133,Wellsite,Pump maintenance,A Exclusion zone missing was identified during Pump maintenance at Wellsite. The area was corrected immediately. The observation was logged and addressed during the same shift.,0.004068862,0,Low
NM_0732,Pump station,Reversing vehicle operations,"Shift crew reported that during Reversing vehicle operations in Pump station, Guard missing. The situation had imminent potential for fatality and was escalated immediately. Multiple critical barriers were ineffective, creating imminent serious-injury or fatality potential.",0.07486869,0,Low
NM_0049,Compressor station,Pipeline inspection,"A No pre-entry gas test, attendant, rescue arrangement, or signed entry permit was identified during Pipeline inspection at Compressor station. No work stoppage was required. The issue was minor and was rectified before it affected the task.",0.012159398,0,Low
NM_0244,Drilling rig,Manual handling of tubulars,"Inspection revealed Lift plan missing during Manual handling of tubulars at Drilling rig. The activity was delayed pending correction. The task was paused, the control was restored, and the supervisor verified readiness before work resumed.",0.0019157843,0,Low
NM_0756,Wellsite,Pipe-rack inspection,"During Pipe-rack inspection at Wellsite, Fall arrest missing. Actual exposure to hazardous conditions occurred. Personnel were moved to a safe location and the event was treated as a high-potential near miss.",0.55027586,1,Medium
NM_0330,Process plant,Vehicle movement,"During Vehicle movement at Process plant, Sample bottle label was unclear and secondary containment was not positioned. The supervisor reviewed and approved continuation after correction. The supervisor reviewed the situation and approved continuation after correction.",0.0028043413,0,Low
NM_0067,Gas processing unit,LPG bottling operations,"Near-miss observation: while performing LPG bottling operations at Gas processing unit, the team found that Line was not depressurised and workers were positioned in the potential release path. No work stoppage was required. The team recorded the observation and completed immediate housekeeping correction.",0.010559862,0,Low
NM_0109,Tank farm,Hydrostatic pressure test,Inspection revealed Emergency access route was partly obstructed by temporary materials during Hydrostatic pressure test at Tank farm. Corrective action was taken on the spot. The team recorded the observation and completed immediate housekeeping correction.,0.014761851,0,Low
NM_0669,LPG bottling plant,Excavation work,"Shift crew reported that during Excavation work in LPG bottling plant, Work scope had changed but the permit and job safety analysis were not revalidated. Actual exposure to hazardous conditions occurred. Personnel were moved to a safe location and the event was treated as a high-potential near miss.",0.04667903,0,Low
NM_0088,Compressor station,Pipe-rack inspection,Inspection revealed Permit missing during Pipe-rack inspection at Compressor station. No work stoppage was required. The team recorded the observation and completed immediate housekeeping correction.,0.009508208,0,Low
NM_0132,Wellsite,Electrical maintenance,"Near-miss observation: while performing Electrical maintenance at Wellsite, the team found that Tool inspection missing. The team corrected it without delay. The condition was corrected during the routine inspection, with no exposure to hazardous energy.",0.009947872,0,Low
NM_0577,Process plant,Scaffolding work,"Shift crew reported that during Scaffolding work in Process plant, Gas test missing. The activity was stopped as it could have resulted in serious harm. The failed critical control created credible potential for serious injury; the task was stopped and reported to HSE.",0.028499309,0,Low
NM_0167,Storage depot,Pressure vessel testing,"During routine checks at Storage depot, Pneumatic energy isolation was not locked and residual pressure remained in the line was observed during Pressure vessel testing. Corrective action was taken on the spot. The team recorded the observation and completed immediate housekeeping correction.",0.012286173,0,Low
NM_0645,Truck loading bay,LPG bottling operations,"During LPG bottling operations at Truck loading bay, Equipment defect. Work was stopped urgently and emergency response was initiated. The condition presented immediate potentially fatal exposure; operations were stopped, the area was isolated, and emergency escalation began.",0.9724229,1,Critical
NM_0517,Gas processing unit,Electrical maintenance,"During Electrical maintenance at Gas processing unit, Test manifold lacked verified restraint and pressure-release exclusion controls. The job was halted due to high-risk exposure. The situation had credible potential for serious injury and was escalated immediately.",0.41630995,0,Medium
NM_0018,Field office area,Internal tank inspection,"Shift crew reported that during Internal tank inspection in Field office area, Tool inspection missing. The team corrected it without delay. The observation was logged and addressed during the same shift.",0.0013740427,0,Low
NM_0396,Maintenance yard,Confined space entry,"Near-miss observation: while performing Confined space entry at Maintenance yard, the team found that Guard missing. The activity was delayed pending correction. No one was exposed, but the observation required a documented corrective action.",0.010415217,0,Low
NM_0061,Refinery unit,Pump maintenance,"Inspection revealed Scaffold was altered without inspection tag and toe boards were missing during Pump maintenance at Refinery unit. Corrective action was taken on the spot. The condition was corrected during the routine inspection, with no exposure to hazardous energy.",0.012538938,0,Low
NM_0355,Offshore platform,Loading/unloading operations,A Damaged pallet and unstable load were being raised without a spotter was identified during Loading/unloading operations at Offshore platform. Work was paused until the issue was addressed. The crew escalated the issue through the shift safety meeting and closed it before continuation.,0.010564416,0,Low
NM_0762,Pump station,Lifting and rigging,"During Lifting and rigging at Pump station, Tool inspection missing. All personnel were evacuated. Personnel were moved to a safe location and the event was treated as a high-potential near miss.",0.052833024,0,Low
NM_0283,Gas processing unit,Night driving to remote site,Inspection revealed PPE not used during Night driving to remote site at Gas processing unit. Work was stopped temporarily and resumed after verification. Work was temporarily halted pending verification of the control measure.,0.08295726,0,Low
NM_0273,Field office area,Grinding near drain,Inspection revealed Supervision absent during Grinding near drain at Field office area. The activity was delayed pending correction. The supervisor reviewed the situation and approved continuation after correction.,0.005223105,0,Low
NM_0555,Process plant,Process unit startup/shutdown,"Near-miss observation: while performing Process unit startup/shutdown at Process plant, the team found that PPE not used. The activity was stopped as it could have resulted in serious harm. A supervisor issued a stop-work intervention and required a formal control verification.",0.95469856,1,Critical
NM_0183,Drilling rig,Scaffold modification,"Shift crew reported that during Scaffold modification in Drilling rig, Tool inspection missing. The team corrected it without delay. The issue was minor and was rectified before it affected the task.",0.0017037278,0,Low
NM_0123,Pipeline ROW,Process unit startup/shutdown,"Near-miss observation: while performing Process unit startup/shutdown at Pipeline ROW, the team found that Training inadequate. Work was paused briefly and the issue was resolved. No work stoppage was required as the risk was minimal.",0.009271315,0,Low
NM_0111,LPG bottling plant,Hot work (welding/grinding),"During Hot work (welding/grinding) at LPG bottling plant, Communication failure. Work was paused briefly and the issue was resolved. The observation was logged and addressed during the same shift.",0.01630458,0,Low
NM_0414,Wellsite,Loading/unloading operations,A Gas testing was overdue and no dedicated fire watch was assigned was identified during Loading/unloading operations at Wellsite. Work was stopped due to potential serious injury risk. Work was halted due to high-risk exposure and corrective measures were implemented.,0.9731952,1,Critical
NM_0705,Gas processing unit,Excavation work,"Near-miss observation: while performing Excavation work at Gas processing unit, the team found that Fall arrest missing. All personnel were evacuated. The condition presented immediate potentially fatal exposure; operations were stopped, the area was isolated, and emergency escalation began.",0.9129999,1,Critical
NM_0134,Compressor station,Pump seal replacement,"Near-miss observation: while performing Pump seal replacement at Compressor station, the team found that Communication failure. Corrective action was taken on the spot. No work stoppage was required as the risk was minimal.",0.027707532,0,Low
NM_0442,Offshore platform,Loading/unloading operations,"During Loading/unloading operations at Offshore platform, Open edge protection and full-body harness anchorage were unavailable. Work was stopped due to potential serious injury risk. Work was halted due to high-risk exposure and corrective measures were implemented.",0.06721268,0,Low
NM_0502,Storage tank,Forklift pallet handling,"Shift crew reported that during Forklift pallet handling in Storage tank, PPE not used. The activity was stopped as it could have resulted in serious harm. A supervisor issued a stop-work intervention and required a formal control verification.",0.9583329,1,Critical
NM_0022,Pipeline ROW,Lifting and rigging,Inspection revealed Exclusion zone missing during Lifting and rigging at Pipeline ROW. No work stoppage was required. The team recorded the observation and completed immediate housekeeping correction.,0.0051275906,0,Low
NM_0383,Pipeline ROW,Electrical maintenance,"Before/during Electrical maintenance at Pipeline ROW, Lockout-tagout missing. The job proceeded only after corrective measures. The crew escalated the issue through the shift safety meeting and closed it before continuation.",0.015044346,0,Low
NM_0352,Process plant,Instrument calibration,"Before/during Instrument calibration at Process plant, Emergency response delayed. The job proceeded only after corrective measures. No one was exposed, but the observation required a documented corrective action.",0.0031629857,0,Low
NM_0336,Refinery unit,Process unit startup/shutdown,"A Lift plan, tag lines, and barricaded drop zone were not available was identified during Process unit startup/shutdown at Refinery unit. The activity was delayed pending correction. Work was temporarily halted pending verification of the control measure.",0.012155555,0,Low
NM_0718,Refinery unit,Tank farm operations,"During Tank farm operations at Refinery unit, Permit missing. Multiple workers were at risk of serious injury or fatality. The condition presented immediate potentially fatal exposure; operations were stopped, the area was isolated, and emergency escalation began.",0.7239355,1,High
NM_0457,LPG bottling plant,Lifting valve actuator,Inspection revealed PPE not used during Lifting valve actuator at LPG bottling plant. Critical control failure was corrected before resuming work. A supervisor issued a stop-work intervention and required a formal control verification.,0.8198176,1,Critical
NM_0436,Field office area,Forklift pallet handling,Inspection revealed Guard missing during Forklift pallet handling at Field office area. The job was halted due to high-risk exposure. The situation had credible potential for serious injury and was escalated immediately.,0.025597723,0,Low
NM_0472,Storage depot,Compressor troubleshooting,"Shift crew reported that during Compressor troubleshooting in Storage depot, Exclusion zone missing. Critical control failure was corrected before resuming work. Personnel were close to hazardous energy exposure, so the area was secured pending investigation.",0.9209819,1,Critical
NM_0166,Offshore platform,Lifting valve actuator,"Shift crew reported that during Lifting valve actuator in Offshore platform, Trip interlock was found bypassed during a production upset. The team corrected it without delay. The team recorded the observation and completed immediate housekeeping correction.",0.0071532996,0,Low
NM_0076,Gas processing unit,Breaking a pressurised flange,A Equipment defect was identified during Breaking a pressurised flange at Gas processing unit. No work stoppage was required. The issue was minor and was rectified before it affected the task.,0.08458872,0,Low
NM_0002,Truck loading bay,Pressure vessel testing,"During routine checks at Truck loading bay, Work scope had changed but the permit and job safety analysis were not revalidated was observed during Pressure vessel testing. No work stoppage was required. The observation was logged and addressed during the same shift.",0.0066639734,0,Low
NM_0191,Pipeline ROW,Crude transfer vehicle movement,"During routine checks at Pipeline ROW, Gas testing was overdue and no dedicated fire watch was assigned was observed during Crude transfer vehicle movement. Work was paused briefly and the issue was resolved. The condition was corrected during the routine inspection, with no exposure to hazardous energy.",0.0041899686,0,Low
NM_0359,Process plant,Pipe-rack inspection,"During routine checks at Process plant, Equipment defect was observed during Pipe-rack inspection. The activity was delayed pending correction. Work was temporarily halted pending verification of the control measure.",0.033432912,0,Low
NM_0318,Field office area,Instrument calibration,"During Instrument calibration at Field office area, Reversing was attempted without a banksman and pedestrian segregation. The job proceeded only after corrective measures. No one was exposed, but the observation required a documented corrective action.",0.04870321,0,Low
NM_0001,Refinery unit,Lifting and rigging,"Near-miss observation: while performing Lifting and rigging at Refinery unit, the team found that Damaged pallet and unstable load were being raised without a spotter. No work stoppage was required. The condition was corrected during the routine inspection, with no exposure to hazardous energy.",0.0919774,0,Low
NM_0713,Storage depot,Valve maintenance,A Damaged pallet and unstable load were being raised without a spotter was identified during Valve maintenance at Storage depot. Actual exposure to hazardous conditions occurred. The situation had imminent potential for fatality and was escalated immediately.,0.044118132,0,Low
NM_0170,Pipeline ROW,Electrical maintenance,"Near-miss observation: while performing Electrical maintenance at Pipeline ROW, the team found that Electrical supply and process pressure isolation were not independently verified. No work stoppage was required. No work stoppage was required as the risk was minimal.",0.0017837357,0,Low
NM_0765,Storage tank,Confined space entry,"Before/during Confined space entry at Storage tank, Exclusion zone missing. The situation had imminent potential for fatality and was escalated immediately. The situation had imminent potential for fatality and was escalated immediately.",0.6397149,1,High
NM_0281,Truck loading bay,Manual handling of tubulars,"Near-miss observation: while performing Manual handling of tubulars at Truck loading bay, the team found that Lockout-tagout missing. Work was paused until the issue was addressed. No one was exposed, but the observation required a documented corrective action.",0.012540852,0,Low
NM_0611,Field office area,Drilling operations,"Near-miss observation: while performing Drilling operations at Field office area, the team found that Work scope had changed but the permit and job safety analysis were not revalidated. All personnel were evacuated. All personnel were evacuated and the area was secured pending full investigation.",0.014973416,0,Low
NM_0178,Storage depot,Equipment maintenance,A Scaffold was altered without inspection tag and toe boards were missing was identified during Equipment maintenance at Storage depot. The team corrected it without delay. No work stoppage was required as the risk was minimal.,0.009626522,0,Low
NM_0324,Gas processing unit,Pump maintenance,"Near-miss observation: while performing Pump maintenance at Gas processing unit, the team found that Training inadequate. Work was stopped temporarily and resumed after verification. The supervisor reviewed the situation and approved continuation after correction.",0.0032077346,0,Low
NM_0397,Process plant,Wellhead valve maintenance,"During Wellhead valve maintenance at Process plant, Damaged pallet and unstable load were being raised without a spotter. The job proceeded only after corrective measures. The supervisor reviewed the situation and approved continuation after correction.",0.0077368417,0,Low
NM_0551,Storage tank,Confined space entry,"During routine checks at Storage tank, Communication failure was observed during Confined space entry. The activity was stopped as it could have resulted in serious harm. The situation had credible potential for serious injury and was escalated immediately.",0.9787861,1,Critical
NM_0583,Wellsite,Scaffolding work,"Shift crew reported that during Scaffolding work in Wellsite, Line was not depressurised and workers were positioned in the potential release path. Critical control failure was corrected before resuming work. A supervisor issued a stop-work intervention and required a formal control verification.",0.9341307,1,Critical
NM_0728,LPG bottling plant,Valve maintenance,"During routine checks at LPG bottling plant, Hands were placed near pinch points and no designated signaler was present was observed during Valve maintenance. All personnel were evacuated. Personnel were moved to a safe location and the event was treated as a high-potential near miss.",0.97037125,1,Critical
NM_0434,Pipeline ROW,Pipe-rack inspection,"Shift crew reported that during Pipe-rack inspection in Pipeline ROW, Lift plan, tag lines, and barricaded drop zone were not available. The job was halted due to high-risk exposure. The situation had credible potential for serious injury and was escalated immediately.",0.97191554,1,Critical
NM_0008,Pump station,Breaking a pressurised flange,"Before/during Breaking a pressurised flange at Pump station, Excavation edge was not barricaded and underground utility mark-out was incomplete. The team corrected it without delay. The condition was corrected during the routine inspection, with no exposure to hazardous energy.",0.012259352,0,Low
NM_0150,Truck loading bay,Grinding near drain,"A Isolation not verified was identified during Grinding near drain at Truck loading bay. The team corrected it without delay. The condition was corrected during the routine inspection, with no exposure to hazardous energy.",0.030213993,0,Low
NM_0415,Pipeline ROW,Breaking a pressurised flange,"A Supervision absent was identified during Breaking a pressurised flange at Pipeline ROW. The activity was stopped as it could have resulted in serious harm. Personnel were close to hazardous energy exposure, so the area was secured pending investigation.",0.10928129,0,Low
NM_0438,Compressor station,Emergency valve servicing,"Before/during Emergency valve servicing at Compressor station, Lift plan, tag lines, and barricaded drop zone were not available. Work was stopped due to potential serious injury risk. Personnel were close to hazardous energy exposure, so the area was secured pending investigation.",0.95773935,1,Critical
NM_0691,Process plant,Loading/unloading operations,"Shift crew reported that during Loading/unloading operations in Process plant, Procedure not followed. The situation had imminent potential for fatality and was escalated immediately. All personnel were evacuated and the area was secured pending full investigation.",0.043625787,0,Low
NM_0537,Pump station,Vessel entry preparation,"A Guard missing was identified during Vessel entry preparation at Pump station. Critical control failure was corrected before resuming work. Personnel were close to hazardous energy exposure, so the area was secured pending investigation.",0.9605951,1,Critical
NM_0148,Wellsite,Confined space entry,"Before/during Confined space entry at Wellsite, Spill containment missing. No work stoppage was required. The condition was corrected during the routine inspection, with no exposure to hazardous energy.",0.02327478,0,Low
NM_0099,Storage tank,Sampling and testing,"Shift crew reported that during Sampling and testing in Storage tank, Electrical supply and process pressure isolation were not independently verified. Corrective action was taken on the spot. The team recorded the observation and completed immediate housekeeping correction.",0.008645515,0,Low
NM_0798,Wellsite,Reversing vehicle operations,"Inspection revealed Lift plan missing during Reversing vehicle operations at Wellsite. Work was stopped urgently and emergency response was initiated. The condition presented immediate potentially fatal exposure; operations were stopped, the area was isolated, and emergency escalation began.",0.03772323,0,Low
NM_0760,Truck loading bay,Lifting and rigging,"Shift crew reported that during Lifting and rigging in Truck loading bay, Exclusion zone missing. Work was stopped urgently and emergency response was initiated. Multiple critical barriers were ineffective, creating imminent serious-injury or fatality potential.",0.81342846,1,Critical
NM_0349,Wellsite,Well intervention,A Procedure not followed was identified during Well intervention at Wellsite. The activity was delayed pending correction. The crew escalated the issue through the shift safety meeting and closed it before continuation.,0.0078009195,0,Low
NM_0475,LPG bottling plant,Crude transfer vehicle movement,A Fall arrest missing was identified during Crude transfer vehicle movement at LPG bottling plant. Work was stopped due to potential serious injury risk. A supervisor issued a stop-work intervention and required a formal control verification.,0.9382519,1,Critical
NM_0211,Wellsite,Housekeeping inspection,"Before/during Housekeeping inspection at Wellsite, Trip interlock was found bypassed during a production upset. The job proceeded only after corrective measures. The task was paused, the control was restored, and the supervisor verified readiness before work resumed.",0.006035911,0,Low
NM_0276,Wellsite,Wellhead valve maintenance,"A Driver fatigue screening and journey-management check were incomplete was identified during Wellhead valve maintenance at Wellsite. The job proceeded only after corrective measures. The task was paused, the control was restored, and the supervisor verified readiness before work resumed.",0.010896169,0,Low
NM_0101,Wellsite,Electrical maintenance,"During routine checks at Wellsite, Pneumatic energy isolation was not locked and residual pressure remained in the line was observed during Electrical maintenance. Corrective action was taken on the spot. The team recorded the observation and completed immediate housekeeping correction.",0.015012929,0,Low
NM_0773,Gas processing unit,Well intervention,"Before/during Well intervention at Gas processing unit, Supervision absent. Multiple workers were at risk of serious injury or fatality. Personnel were moved to a safe location and the event was treated as a high-potential near miss.",0.03540169,0,Low
NM_0377,Wellsite,Crude transfer vehicle movement,Inspection revealed Line was not depressurised and workers were positioned in the potential release path during Crude transfer vehicle movement at Wellsite. The activity was delayed pending correction. The crew escalated the issue through the shift safety meeting and closed it before continuation.,0.001956112,0,Low
NM_0371,Wellsite,Hot work (welding/grinding),A Training inadequate was identified during Hot work (welding/grinding) at Wellsite. The supervisor reviewed and approved continuation after correction. The crew escalated the issue through the shift safety meeting and closed it before continuation.,0.009218477,0,Low
NM_0686,LPG bottling plant,Emergency valve servicing,"During routine checks at LPG bottling plant, Gas test missing was observed during Emergency valve servicing. All personnel were evacuated. Multiple critical barriers were ineffective, creating imminent serious-injury or fatality potential.",0.9794636,1,Critical
NM_0758,Offshore platform,Breaking a pressurised flange,"Before/during Breaking a pressurised flange at Offshore platform, Drain cover was open and combustible vapour testing was not documented. Work was stopped urgently and emergency response was initiated. The situation had imminent potential for fatality and was escalated immediately.",0.96112484,1,Critical
NM_0680,Refinery unit,Loading/unloading operations,"Shift crew reported that during Loading/unloading operations in Refinery unit, Pneumatic energy isolation was not locked and residual pressure remained in the line. All personnel were evacuated. All personnel were evacuated and the area was secured pending full investigation.",0.043305475,0,Low
NM_0398,Process plant,Pump seal replacement,"During Pump seal replacement at Process plant, Pneumatic energy isolation was not locked and residual pressure remained in the line. The activity was delayed pending correction. The crew escalated the issue through the shift safety meeting and closed it before continuation.",0.011289021,0,Low
NM_0461,Pipeline ROW,Confined space entry,"During Confined space entry at Pipeline ROW, Drain cover was open and combustible vapour testing was not documented. Critical control failure was corrected before resuming work. A supervisor issued a stop-work intervention and required a formal control verification.",0.13113447,0,Low
NM_0761,Field office area,Wellhead valve maintenance,"Before/during Wellhead valve maintenance at Field office area, Reversing was attempted without a banksman and pedestrian segregation. Actual exposure to hazardous conditions occurred. Personnel were moved to a safe location and the event was treated as a high-potential near miss.",0.58633006,1,Medium
NM_0556,Gas processing unit,Grinding near drain,"Near-miss observation: while performing Grinding near drain at Gas processing unit, the team found that Driver fatigue screening and journey-management check were incomplete. The situation had credible potential for serious injury. Personnel were close to hazardous energy exposure, so the area was secured pending investigation.",0.9404365,1,Critical
NM_0187,Field office area,Compressor troubleshooting,"During routine checks at Field office area, Tool inspection missing was observed during Compressor troubleshooting. No work stoppage was required. No work stoppage was required as the risk was minimal.",0.011990589,0,Low
NM_0548,Storage tank,Excavation work,"During routine checks at Storage tank, Reversing was attempted without a banksman and pedestrian segregation was observed during Excavation work. The activity was stopped as it could have resulted in serious harm. A supervisor issued a stop-work intervention and required a formal control verification.",0.9548625,1,Critical
NM_0619,LPG bottling plant,Drilling operations,"Shift crew reported that during Drilling operations in LPG bottling plant, Training inadequate. The situation had imminent potential for fatality and was escalated immediately. Multiple critical barriers were ineffective, creating imminent serious-injury or fatality potential.",0.9825832,1,Critical
NM_0058,Compressor station,Housekeeping inspection,"During Housekeeping inspection at Compressor station, Atmosphere not tested. Work was paused briefly and the issue was resolved. The issue was minor and was rectified before it affected the task.",0.0073559345,0,Low
NM_0600,Offshore platform,Manual handling of tubulars,"During Manual handling of tubulars at Offshore platform, Isolation not verified. The activity was stopped as it could have resulted in serious harm. Work was halted due to high-risk exposure and corrective measures were implemented.",0.94881904,1,Critical
NM_0322,Process plant,Forklift pallet handling,"During routine checks at Process plant, PPE not used was observed during Forklift pallet handling. The job proceeded only after corrective measures. The task was paused, the control was restored, and the supervisor verified readiness before work resumed.",0.016370345,0,Low
NM_0673,Pipeline ROW,Hot work (welding/grinding),"During routine checks at Pipeline ROW, Exclusion zone missing was observed during Hot work (welding/grinding). Actual exposure to hazardous conditions occurred. Multiple critical barriers were ineffective, creating imminent serious-injury or fatality potential.",0.8403557,1,Critical
NM_0409,Pipeline ROW,Pump maintenance,A Exclusion zone missing was identified during Pump maintenance at Pipeline ROW. The activity was stopped as it could have resulted in serious harm. Work was halted due to high-risk exposure and corrective measures were implemented.,0.047439218,0,Low
NM_0046,Process plant,Pump maintenance,"Before/during Pump maintenance at Process plant, Gas test missing. The team corrected it without delay. The team recorded the observation and completed immediate housekeeping correction.",0.0024472182,0,Low
NM_0080,Field office area,Manual handling of tubulars,"During routine checks at Field office area, Gas testing was overdue and no dedicated fire watch was assigned was observed during Manual handling of tubulars. The area was corrected immediately. The condition was corrected during the routine inspection, with no exposure to hazardous energy.",0.009316854,0,Low
NM_0041,Maintenance yard,Chemical sampling,A Guard missing was identified during Chemical sampling at Maintenance yard. No work stoppage was required. The team recorded the observation and completed immediate housekeeping correction.,0.0028092512,0,Low
NM_0222,Maintenance yard,Breaking a pressurised flange,"Before/during Breaking a pressurised flange at Maintenance yard, Supervision absent. The job proceeded only after corrective measures. The crew escalated the issue through the shift safety meeting and closed it before continuation.",0.03546557,0,Low
NM_0644,Pipeline ROW,Lifting and rigging,"During Lifting and rigging at Pipeline ROW, Electrical supply and process pressure isolation were not independently verified. Work was stopped urgently and emergency response was initiated. The situation had imminent potential for fatality and was escalated immediately.",0.9730023,1,Critical
NM_0297,Offshore platform,LPG bottling operations,Inspection revealed Sample bottle label was unclear and secondary containment was not positioned during LPG bottling operations at Offshore platform. The job proceeded only after corrective measures. The supervisor reviewed the situation and approved continuation after correction.,0.0023846624,0,Low
NM_0661,Refinery unit,Pipe spool welding,"Near-miss observation: while performing Pipe spool welding at Refinery unit, the team found that Fall arrest missing. The situation had imminent potential for fatality and was escalated immediately. The situation had imminent potential for fatality and was escalated immediately.",0.94125485,1,Critical
NM_0594,Truck loading bay,Pump seal replacement,A Emergency response delayed was identified during Pump seal replacement at Truck loading bay. The job was halted due to high-risk exposure. The failed critical control created credible potential for serious injury; the task was stopped and reported to HSE.,0.9846489,1,Critical
NM_0753,Field office area,Vessel entry preparation,"A Emergency access route was partly obstructed by temporary materials was identified during Vessel entry preparation at Field office area. All personnel were evacuated. Multiple critical barriers were ineffective, creating imminent serious-injury or fatality potential.",0.98610884,1,Critical
NM_0301,Compressor station,Confined space entry,"Before/during Confined space entry at Compressor station, Scaffold was altered without inspection tag and toe boards were missing. Work was stopped temporarily and resumed after verification. No one was exposed, but the observation required a documented corrective action.",0.02415864,0,Low
NM_0554,Gas processing unit,Chemical sampling,"Shift crew reported that during Chemical sampling in Gas processing unit, Lift plan missing. The job was halted due to high-risk exposure. Work was halted due to high-risk exposure and corrective measures were implemented.",0.9433361,1,Critical
NM_0020,Maintenance yard,Drilling operations,"During Drilling operations at Maintenance yard, Work scope had changed but the permit and job safety analysis were not revalidated. Work was paused briefly and the issue was resolved. No work stoppage was required as the risk was minimal.",0.006262509,0,Low
NM_0116,Refinery unit,Hot work (welding/grinding),"Before/during Hot work (welding/grinding) at Refinery unit, Communication failure. No work stoppage was required. The condition was corrected during the routine inspection, with no exposure to hazardous energy.",0.022010894,0,Low
NM_0052,Gas processing unit,Pump seal replacement,"Shift crew reported that during Pump seal replacement in Gas processing unit, Guard missing. Corrective action was taken on the spot. No work stoppage was required as the risk was minimal.",0.010257036,0,Low
NM_0528,Drilling rig,Pump seal replacement,"Before/during Pump seal replacement at Drilling rig, Equipment defect. The job was halted due to high-risk exposure. The failed critical control created credible potential for serious injury; the task was stopped and reported to HSE.",0.98706377,1,Critical
NM_0177,Gas processing unit,Pressure vessel testing,A Gas testing was overdue and no dedicated fire watch was assigned was identified during Pressure vessel testing at Gas processing unit. Corrective action was taken on the spot. No work stoppage was required as the risk was minimal.,0.0376273,0,Low
NM_0468,Field office area,Scaffolding work,"During routine checks at Field office area, Training inadequate was observed during Scaffolding work. Work was stopped due to potential serious injury risk. The situation had credible potential for serious injury and was escalated immediately.",0.023197081,0,Low
NM_0175,Gas processing unit,Pressure vessel testing,"Shift crew reported that during Pressure vessel testing in Gas processing unit, Exclusion zone missing. No work stoppage was required. The observation was logged and addressed during the same shift.",0.0060202256,0,Low
NM_0256,Pump station,Pipeline inspection,"During Pipeline inspection at Pump station, Trip interlock was found bypassed during a production upset. Work was paused until the issue was addressed. No one was exposed, but the observation required a documented corrective action.",0.05429045,0,Low
NM_0131,Pipeline ROW,Manual handling of tubulars,"Near-miss observation: while performing Manual handling of tubulars at Pipeline ROW, the team found that Pneumatic energy isolation was not locked and residual pressure remained in the line. No work stoppage was required. The condition was corrected during the routine inspection, with no exposure to hazardous energy.",0.06669145,0,Low
NM_0057,Refinery unit,Sampling and testing,"During Sampling and testing at Refinery unit, PPE not used. Work was paused briefly and the issue was resolved. The observation was logged and addressed during the same shift.",0.0366758,0,Low
NM_0085,Storage depot,Electrical maintenance,"Shift crew reported that during Electrical maintenance in Storage depot, Lift plan missing. Corrective action was taken on the spot. The condition was corrected during the routine inspection, with no exposure to hazardous energy.",0.0054971725,0,Low
NM_0557,Refinery unit,Pressure vessel testing,A Equipment defect was identified during Pressure vessel testing at Refinery unit. Work was stopped due to potential serious injury risk. The failed critical control created credible potential for serious injury; the task was stopped and reported to HSE.,0.9645671,1,Critical
NM_0253,Compressor station,Vessel entry preparation,"During Vessel entry preparation at Compressor station, Exclusion zone missing. The activity was delayed pending correction. No one was exposed, but the observation required a documented corrective action.",0.011805102,0,Low
NM_0184,Pipeline ROW,Equipment maintenance,"Before/during Equipment maintenance at Pipeline ROW, Fall arrest missing. Corrective action was taken on the spot. The issue was minor and was rectified before it affected the task.",0.032553677,0,Low
NM_0151,Truck loading bay,Sampling and testing,"Near-miss observation: while performing Sampling and testing at Truck loading bay, the team found that Open edge protection and full-body harness anchorage were unavailable. The team corrected it without delay. The condition was corrected during the routine inspection, with no exposure to hazardous energy.",0.03967714,0,Low
NM_0075,Wellsite,Process unit startup/shutdown,"During routine checks at Wellsite, Guard missing was observed during Process unit startup/shutdown. No work stoppage was required. The condition was corrected during the routine inspection, with no exposure to hazardous energy.",0.015477492,0,Low
NM_0746,Field office area,Vehicle movement,"During Vehicle movement at Field office area, Hands were placed near pinch points and no designated signaler was present. The situation had imminent potential for fatality and was escalated immediately. Multiple critical barriers were ineffective, creating imminent serious-injury or fatality potential.",0.031862304,0,Low
NM_0360,Field office area,Emergency valve servicing,Inspection revealed Spill containment missing during Emergency valve servicing at Field office area. The job proceeded only after corrective measures. Work was temporarily halted pending verification of the control measure.,0.019248413,0,Low
NM_0068,Truck loading bay,Vessel entry preparation,A Equipment defect was identified during Vessel entry preparation at Truck loading bay. No work stoppage was required. The team recorded the observation and completed immediate housekeeping correction.,0.011115449,0,Low
NM_0524,Storage depot,Wellhead valve maintenance,"Near-miss observation: while performing Wellhead valve maintenance at Storage depot, the team found that Lockout-tagout missing. Critical control failure was corrected before resuming work. A supervisor issued a stop-work intervention and required a formal control verification.",0.035819054,0,Low
NM_0634,Wellsite,Internal tank inspection,"During Internal tank inspection at Wellsite, Lift plan missing. All personnel were evacuated. All personnel were evacuated and the area was secured pending full investigation.",0.91882706,1,Critical
NM_0497,Offshore platform,Lifting and rigging,"Shift crew reported that during Lifting and rigging in Offshore platform, Isolation not verified. Work was stopped due to potential serious injury risk. Personnel were close to hazardous energy exposure, so the area was secured pending investigation.",0.95347303,1,Critical
NM_0410,Truck loading bay,Sampling and testing,"During Sampling and testing at Truck loading bay, Damaged pallet and unstable load were being raised without a spotter. Critical control failure was corrected before resuming work. Personnel were close to hazardous energy exposure, so the area was secured pending investigation.",0.51750296,1,Medium
NM_0143,Wellsite,Pipe-rack inspection,"Shift crew reported that during Pipe-rack inspection in Wellsite, Isolation not verified. Work was paused briefly and the issue was resolved. The condition was corrected during the routine inspection, with no exposure to hazardous energy.",0.018768178,0,Low
NM_0543,Gas processing unit,Emergency valve servicing,"During Emergency valve servicing at Gas processing unit, Electrical supply and process pressure isolation were not independently verified. The job was halted due to high-risk exposure. Personnel were close to hazardous energy exposure, so the area was secured pending investigation.",0.94978076,1,Critical
NM_0169,Truck loading bay,Pipe-rack inspection,"Near-miss observation: while performing Pipe-rack inspection at Truck loading bay, the team found that No pre-entry gas test, attendant, rescue arrangement, or signed entry permit. Work was paused briefly and the issue was resolved. The condition was corrected during the routine inspection, with no exposure to hazardous energy.",0.057464477,0,Low
NM_0697,Field office area,Manual handling of tubulars,"During routine checks at Field office area, Damaged pallet and unstable load were being raised without a spotter was observed during Manual handling of tubulars. Multiple workers were at risk of serious injury or fatality. All personnel were evacuated and the area was secured pending full investigation.",0.041681882,0,Low
NM_0790,Refinery unit,Pump maintenance,"Inspection revealed Lift plan missing during Pump maintenance at Refinery unit. All personnel were evacuated. The condition presented immediate potentially fatal exposure; operations were stopped, the area was isolated, and emergency escalation began.",0.056142047,0,Low
NM_0682,LPG bottling plant,LPG bottling operations,"During LPG bottling operations at LPG bottling plant, Emergency access route was partly obstructed by temporary materials. Work was stopped urgently and emergency response was initiated. All personnel were evacuated and the area was secured pending full investigation.",0.94097406,1,Critical
NM_0335,Tank farm,Breaking a pressurised flange,"Before/during Breaking a pressurised flange at Tank farm, Driver fatigue screening and journey-management check were incomplete. The job proceeded only after corrective measures. The task was paused, the control was restored, and the supervisor verified readiness before work resumed.",0.022600358,0,Low
NM_0617,LPG bottling plant,Crude transfer vehicle movement,"During Crude transfer vehicle movement at LPG bottling plant, Pneumatic energy isolation was not locked and residual pressure remained in the line. Work was stopped urgently and emergency response was initiated. The condition presented immediate potentially fatal exposure; operations were stopped, the area was isolated, and emergency escalation began.",0.047052257,0,Low
NM_0454,Storage depot,Tank farm operations,"During routine checks at Storage depot, Lift plan missing was observed during Tank farm operations. The activity was stopped as it could have resulted in serious harm. Work was halted due to high-risk exposure and corrective measures were implemented.",0.15800592,0,Low
NM_0416,Drilling rig,Manual handling of tubulars,Inspection revealed Supervision absent during Manual handling of tubulars at Drilling rig. The job was halted due to high-risk exposure. The failed critical control created credible potential for serious injury; the task was stopped and reported to HSE.,0.98499596,1,Critical
NM_0779,Pipeline ROW,Instrument calibration,A Emergency access route was partly obstructed by temporary materials was identified during Instrument calibration at Pipeline ROW. Work was stopped urgently and emergency response was initiated. The situation had imminent potential for fatality and was escalated immediately.,0.058091246,0,Low
NM_0695,Truck loading bay,Night driving to remote site,"Before/during Night driving to remote site at Truck loading bay, Fire watch missing. Multiple workers were at risk of serious injury or fatality. Personnel were moved to a safe location and the event was treated as a high-potential near miss.",0.966989,1,Critical
NM_0495,Tank farm,Grinding near drain,"During Grinding near drain at Tank farm, Sample bottle label was unclear and secondary containment was not positioned. Critical control failure was corrected before resuming work. The failed critical control created credible potential for serious injury; the task was stopped and reported to HSE.",0.9640158,1,Critical
NM_0639,Gas processing unit,Scaffolding work,"During routine checks at Gas processing unit, Scaffold was altered without inspection tag and toe boards were missing was observed during Scaffolding work. The situation had imminent potential for fatality and was escalated immediately. The situation had imminent potential for fatality and was escalated immediately.",0.7202722,1,High
NM_0190,Storage depot,Vehicle movement,A Fall arrest missing was identified during Vehicle movement at Storage depot. Corrective action was taken on the spot. The observation was logged and addressed during the same shift.,0.0076936046,0,Low
NM_0182,Maintenance yard,Lifting and rigging,A Open edge protection and full-body harness anchorage were unavailable was identified during Lifting and rigging at Maintenance yard. The area was corrected immediately. No work stoppage was required as the risk was minimal.,0.020725371,0,Low
NM_0163,Gas processing unit,Pressure vessel testing,"Shift crew reported that during Pressure vessel testing in Gas processing unit, Emergency response delayed. Work was paused briefly and the issue was resolved. No work stoppage was required as the risk was minimal.",0.015056702,0,Low
NM_0494,Drilling rig,Instrument calibration,"Before/during Instrument calibration at Drilling rig, PPE not used. The job was halted due to high-risk exposure. The failed critical control created credible potential for serious injury; the task was stopped and reported to HSE.",0.98542213,1,Critical
NM_0370,Compressor station,Valve maintenance,"During Valve maintenance at Compressor station, Lift plan, tag lines, and barricaded drop zone were not available. Work was stopped temporarily and resumed after verification. The crew escalated the issue through the shift safety meeting and closed it before continuation.",0.024374193,0,Low
NM_0755,Maintenance yard,Hydrostatic pressure test,"During Hydrostatic pressure test at Maintenance yard, Isolation not verified. Work was stopped urgently and emergency response was initiated. Multiple critical barriers were ineffective, creating imminent serious-injury or fatality potential.",0.96529925,1,Critical
NM_0329,Field office area,Loading/unloading operations,"Near-miss observation: while performing Loading/unloading operations at Field office area, the team found that Hands were placed near pinch points and no designated signaler was present. Work was stopped temporarily and resumed after verification. Work was temporarily halted pending verification of the control measure.",0.0057760933,0,Low
NM_0449,LPG bottling plant,Internal tank inspection,"Before/during Internal tank inspection at LPG bottling plant, Reversing was attempted without a banksman and pedestrian segregation. Critical control failure was corrected before resuming work. The failed critical control created credible potential for serious injury; the task was stopped and reported to HSE.",0.98652875,1,Critical
NM_0445,Pipeline ROW,Wellhead valve maintenance,"During Wellhead valve maintenance at Pipeline ROW, Line was not depressurised and workers were positioned in the potential release path. The situation had credible potential for serious injury. Personnel were close to hazardous energy exposure, so the area was secured pending investigation.",0.056699235,0,Low
NM_0692,Truck loading bay,Grinding near drain,"A Pneumatic energy isolation was not locked and residual pressure remained in the line was identified during Grinding near drain at Truck loading bay. Actual exposure to hazardous conditions occurred. Multiple critical barriers were ineffective, creating imminent serious-injury or fatality potential.",0.98145604,1,Critical
NM_0483,LPG bottling plant,Crude transfer vehicle movement,"During Crude transfer vehicle movement at LPG bottling plant, Sample bottle label was unclear and secondary containment was not positioned. The job was halted due to high-risk exposure. Personnel were close to hazardous energy exposure, so the area was secured pending investigation.",0.84509385,1,Critical
NM_0319,Field office area,Chemical sampling,"Near-miss observation: while performing Chemical sampling at Field office area, the team found that Work scope had changed but the permit and job safety analysis were not revalidated. The supervisor reviewed and approved continuation after correction. The crew escalated the issue through the shift safety meeting and closed it before continuation.",0.0031975114,0,Low
NM_0706,Storage depot,Confined space entry,"During routine checks at Storage depot, Communication failure was observed during Confined space entry. Multiple workers were at risk of serious injury or fatality. All personnel were evacuated and the area was secured pending full investigation.",0.9751256,1,Critical
NM_0375,Field office area,Wellhead valve maintenance,A Open edge protection and full-body harness anchorage were unavailable was identified during Wellhead valve maintenance at Field office area. Work was paused until the issue was addressed. Work was temporarily halted pending verification of the control measure.,0.005107787,0,Low
NM_0470,Truck loading bay,Electrical maintenance,"Near-miss observation: while performing Electrical maintenance at Truck loading bay, the team found that Atmosphere not tested. Critical control failure was corrected before resuming work. Personnel were close to hazardous energy exposure, so the area was secured pending investigation.",0.9489587,1,Critical
NM_0711,Maintenance yard,LPG bottling operations,"Near-miss observation: while performing LPG bottling operations at Maintenance yard, the team found that Communication failure. Multiple workers were at risk of serious injury or fatality. All personnel were evacuated and the area was secured pending full investigation.",0.9683083,1,Critical
NM_0255,Refinery unit,Excavation work,"Near-miss observation: while performing Excavation work at Refinery unit, the team found that Hands were placed near pinch points and no designated signaler was present. The job proceeded only after corrective measures. Work was temporarily halted pending verification of the control measure.",0.018116571,0,Low
NM_0294,Offshore platform,Internal tank inspection,"During Internal tank inspection at Offshore platform, Equipment defect. Work was paused until the issue was addressed. Work was temporarily halted pending verification of the control measure.",0.00403788,0,Low
NM_0035,Storage depot,Chemical sampling,"Near-miss observation: while performing Chemical sampling at Storage depot, the team found that Fire watch missing. The team corrected it without delay. The team recorded the observation and completed immediate housekeeping correction.",0.0048908284,0,Low
NM_0579,Wellsite,Lifting valve actuator,"Before/during Lifting valve actuator at Wellsite, Drain cover was open and combustible vapour testing was not documented. Work was stopped due to potential serious injury risk. Work was halted due to high-risk exposure and corrective measures were implemented.",0.060296714,0,Low
NM_0437,Maintenance yard,Well intervention,"Before/during Well intervention at Maintenance yard, Spill containment missing. The situation had credible potential for serious injury. Personnel were close to hazardous energy exposure, so the area was secured pending investigation.",0.94526565,1,Critical
NM_0095,Truck loading bay,Excavation work,"Shift crew reported that during Excavation work in Truck loading bay, Gas test missing. The area was corrected immediately. The issue was minor and was rectified before it affected the task.",0.008622299,0,Low
NM_0480,Gas processing unit,Equipment maintenance,"Near-miss observation: while performing Equipment maintenance at Gas processing unit, the team found that Tool inspection missing. Work was stopped due to potential serious injury risk. Personnel were close to hazardous energy exposure, so the area was secured pending investigation.",0.9640147,1,Critical
NM_0460,Storage depot,Process unit startup/shutdown,"During Process unit startup/shutdown at Storage depot, Hands were placed near pinch points and no designated signaler was present. Critical control failure was corrected before resuming work. A supervisor issued a stop-work intervention and required a formal control verification.",0.9672271,1,Critical
NM_0016,Field office area,Reversing vehicle operations,"Near-miss observation: while performing Reversing vehicle operations at Field office area, the team found that Scaffold was altered without inspection tag and toe boards were missing. The team corrected it without delay. The team recorded the observation and completed immediate housekeeping correction.",0.002668185,0,Low
NM_0635,Pump station,Loading/unloading operations,"A Atmosphere not tested was identified during Loading/unloading operations at Pump station. Actual exposure to hazardous conditions occurred. Multiple critical barriers were ineffective, creating imminent serious-injury or fatality potential.",0.0628645,0,Low
NM_0354,Gas processing unit,Emergency valve servicing,"Shift crew reported that during Emergency valve servicing in Gas processing unit, No pre-entry gas test, attendant, rescue arrangement, or signed entry permit. The activity was delayed pending correction. No one was exposed, but the observation required a documented corrective action.",0.018765872,0,Low
NM_0507,Refinery unit,Scaffold modification,A Supervision absent was identified during Scaffold modification at Refinery unit. Critical control failure was corrected before resuming work. The failed critical control created credible potential for serious injury; the task was stopped and reported to HSE.,0.06690059,0,Low
NM_0664,Drilling rig,Instrument calibration,"During routine checks at Drilling rig, Atmosphere not tested was observed during Instrument calibration. The situation had imminent potential for fatality and was escalated immediately. Personnel were moved to a safe location and the event was treated as a high-potential near miss.",0.69636464,1,High
NM_0357,LPG bottling plant,Crude transfer vehicle movement,"A PPE not used was identified during Crude transfer vehicle movement at LPG bottling plant. The activity was delayed pending correction. No one was exposed, but the observation required a documented corrective action.",0.10285851,0,Low
NM_0627,LPG bottling plant,Confined space entry,"Shift crew reported that during Confined space entry in LPG bottling plant, Fire watch missing. Multiple workers were at risk of serious injury or fatality. Personnel were moved to a safe location and the event was treated as a high-potential near miss.",0.97556156,1,Critical
NM_0403,Process plant,Night driving to remote site,"Near-miss observation: while performing Night driving to remote site at Process plant, the team found that Fall arrest missing. Work was stopped due to potential serious injury risk. A supervisor issued a stop-work intervention and required a formal control verification.",0.9423795,1,Critical
NM_0640,Maintenance yard,Night driving to remote site,"During routine checks at Maintenance yard, Emergency access route was partly obstructed by temporary materials was observed during Night driving to remote site. Multiple workers were at risk of serious injury or fatality. The condition presented immediate potentially fatal exposure; operations were stopped, the area was isolated, and emergency escalation began.",0.57800686,1,Medium
NM_0795,Truck loading bay,Electrical maintenance,"During routine checks at Truck loading bay, Fall arrest missing was observed during Electrical maintenance. The situation had imminent potential for fatality and was escalated immediately. The situation had imminent potential for fatality and was escalated immediately.",0.9642233,1,Critical
NM_0633,Refinery unit,Pipeline inspection,"During Pipeline inspection at Refinery unit, Supervision absent. Multiple workers were at risk of serious injury or fatality. All personnel were evacuated and the area was secured pending full investigation.",0.96123844,1,Critical
NM_0320,Process plant,Hydrostatic pressure test,"During routine checks at Process plant, Guard missing was observed during Hydrostatic pressure test. Work was paused until the issue was addressed. The task was paused, the control was restored, and the supervisor verified readiness before work resumed.",0.0015037311,0,Low
NM_0308,Wellsite,Pump seal replacement,"Shift crew reported that during Pump seal replacement in Wellsite, Spill containment missing. The supervisor reviewed and approved continuation after correction. Work was temporarily halted pending verification of the control measure.",0.0052900435,0,Low
NM_0752,Drilling rig,Night driving to remote site,"During Night driving to remote site at Drilling rig, Scaffold was altered without inspection tag and toe boards were missing. All personnel were evacuated. Personnel were moved to a safe location and the event was treated as a high-potential near miss.",0.9494554,1,Critical
NM_0201,Field office area,Compressor troubleshooting,"Shift crew reported that during Compressor troubleshooting in Field office area, No pre-entry gas test, attendant, rescue arrangement, or signed entry permit. The supervisor reviewed and approved continuation after correction. Work was temporarily halted pending verification of the control measure.",0.014588664,0,Low
NM_0432,Storage tank,Compressor troubleshooting,"Near-miss observation: while performing Compressor troubleshooting at Storage tank, the team found that Exclusion zone missing. The activity was stopped as it could have resulted in serious harm. The failed critical control created credible potential for serious injury; the task was stopped and reported to HSE.",0.8199137,1,Critical
NM_0788,LPG bottling plant,Night driving to remote site,A Pneumatic energy isolation was not locked and residual pressure remained in the line was identified during Night driving to remote site at LPG bottling plant. Actual exposure to hazardous conditions occurred. All personnel were evacuated and the area was secured pending full investigation.,0.046203617,0,Low
NM_0417,Maintenance yard,Compressor troubleshooting,"Shift crew reported that during Compressor troubleshooting in Maintenance yard, Gas test missing. The situation had credible potential for serious injury. The situation had credible potential for serious injury and was escalated immediately.",0.08470964,0,Low
NM_0547,Pump station,Pipe-rack inspection,"Shift crew reported that during Pipe-rack inspection in Pump station, Supervision absent. The activity was stopped as it could have resulted in serious harm. The situation had credible potential for serious injury and was escalated immediately.",0.9723036,1,Critical
NM_0005,Maintenance yard,Internal tank inspection,"Shift crew reported that during Internal tank inspection in Maintenance yard, Open edge protection and full-body harness anchorage were unavailable. Corrective action was taken on the spot. The team recorded the observation and completed immediate housekeeping correction.",0.006020445,0,Low
NM_0342,Refinery unit,Scaffold modification,"During Scaffold modification at Refinery unit, Guard missing. The activity was delayed pending correction. The supervisor reviewed the situation and approved continuation after correction.",0.010228775,0,Low
NM_0596,Gas processing unit,Manual handling of tubulars,"During Manual handling of tubulars at Gas processing unit, No pre-entry gas test, attendant, rescue arrangement, or signed entry permit. The situation had credible potential for serious injury. Work was halted due to high-risk exposure and corrective measures were implemented.",0.95771015,1,Critical
NM_0034,Tank farm,Scaffold modification,"Shift crew reported that during Scaffold modification in Tank farm, Procedure not followed. Work was paused briefly and the issue was resolved. No work stoppage was required as the risk was minimal.",0.0073279445,0,Low
NM_0165,Pipeline ROW,Grinding near drain,"Before/during Grinding near drain at Pipeline ROW, Tool inspection missing. Work was paused briefly and the issue was resolved. The team recorded the observation and completed immediate housekeeping correction.",0.0020796035,0,Low
NM_0266,Pipeline ROW,Hydrostatic pressure test,"Near-miss observation: while performing Hydrostatic pressure test at Pipeline ROW, the team found that Training inadequate. The supervisor reviewed and approved continuation after correction. The supervisor reviewed the situation and approved continuation after correction.",0.0028069199,0,Low
NM_0282,Storage depot,Pump seal replacement,"Shift crew reported that during Pump seal replacement in Storage depot, Training inadequate. Work was stopped temporarily and resumed after verification. The supervisor reviewed the situation and approved continuation after correction.",0.006171217,0,Low
NM_0154,Compressor station,Pump seal replacement,"During Pump seal replacement at Compressor station, Lift plan missing. Work was paused briefly and the issue was resolved. No work stoppage was required as the risk was minimal.",0.004444325,0,Low
NM_0743,Compressor station,Breaking a pressurised flange,"During Breaking a pressurised flange at Compressor station, Lift plan, tag lines, and barricaded drop zone were not available. Multiple workers were at risk of serious injury or fatality. The condition presented immediate potentially fatal exposure; operations were stopped, the area was isolated, and emergency escalation began.",0.97816044,1,Critical
NM_0446,Storage tank,Forklift pallet handling,Inspection revealed Permit missing during Forklift pallet handling at Storage tank. The job was halted due to high-risk exposure. Work was halted due to high-risk exposure and corrective measures were implemented.,0.010859604,0,Low
NM_0280,Field office area,Housekeeping inspection,"Shift crew reported that during Housekeeping inspection in Field office area, Gas test missing. The activity was delayed pending correction. The task was paused, the control was restored, and the supervisor verified readiness before work resumed.",0.009643402,0,Low
NM_0174,Tank farm,Grinding near drain,Inspection revealed Trip interlock was found bypassed during a production upset during Grinding near drain at Tank farm. The team corrected it without delay. No work stoppage was required as the risk was minimal.,0.010905958,0,Low
NM_0082,Truck loading bay,Forklift pallet handling,"Before/during Forklift pallet handling at Truck loading bay, Electrical supply and process pressure isolation were not independently verified. Corrective action was taken on the spot. No work stoppage was required as the risk was minimal.",0.015965894,0,Low
NM_0597,Compressor station,Pressure vessel testing,"Before/during Pressure vessel testing at Compressor station, Isolation not verified. Critical control failure was corrected before resuming work. The situation had credible potential for serious injury and was escalated immediately.",0.97231007,1,Critical
NM_0606,Pump station,Pipeline inspection,"Shift crew reported that during Pipeline inspection in Pump station, Drain cover was open and combustible vapour testing was not documented. Multiple workers were at risk of serious injury or fatality. Personnel were moved to a safe location and the event was treated as a high-potential near miss.",0.9652187,1,Critical
NM_0658,Pump station,Forklift pallet handling,Inspection revealed Lift plan missing during Forklift pallet handling at Pump station. All personnel were evacuated. The situation had imminent potential for fatality and was escalated immediately.,0.02622118,0,Low
NM_0053,Refinery unit,Chemical sampling,"Inspection revealed Supervision absent during Chemical sampling at Refinery unit. No work stoppage was required. The condition was corrected during the routine inspection, with no exposure to hazardous energy.",0.019582037,0,Low
NM_0240,Compressor station,Pipe-rack inspection,A Line was not depressurised and workers were positioned in the potential release path was identified during Pipe-rack inspection at Compressor station. The job proceeded only after corrective measures. The supervisor reviewed the situation and approved continuation after correction.,0.0053315274,0,Low
NM_0072,Pump station,Scaffolding work,Inspection revealed PPE not used during Scaffolding work at Pump station. The team corrected it without delay. The issue was minor and was rectified before it affected the task.,0.013019313,0,Low
NM_0618,Compressor station,Night driving to remote site,"During routine checks at Compressor station, Lift plan missing was observed during Night driving to remote site. Multiple workers were at risk of serious injury or fatality. The situation had imminent potential for fatality and was escalated immediately.",0.5501082,1,Medium
NM_0185,Drilling rig,Drilling operations,"During routine checks at Drilling rig, Tool inspection missing was observed during Drilling operations. Work was paused briefly and the issue was resolved. The observation was logged and addressed during the same shift.",0.0016742185,0,Low
NM_0117,Pipeline ROW,Well intervention,"Shift crew reported that during Well intervention in Pipeline ROW, Gas testing was overdue and no dedicated fire watch was assigned. No work stoppage was required. The team recorded the observation and completed immediate housekeeping correction.",0.0023815131,0,Low
NM_0104,Storage tank,Loading/unloading operations,A Driver fatigue screening and journey-management check were incomplete was identified during Loading/unloading operations at Storage tank. The area was corrected immediately. The observation was logged and addressed during the same shift.,0.0046507264,0,Low
NM_0560,Offshore platform,LPG bottling operations,"Near-miss observation: while performing LPG bottling operations at Offshore platform, the team found that Atmosphere not tested. The job was halted due to high-risk exposure. The failed critical control created credible potential for serious injury; the task was stopped and reported to HSE.",0.98941237,1,Critical
NM_0736,Tank farm,Electrical maintenance,Inspection revealed Simultaneous operations were not recorded in the permit briefing during Electrical maintenance at Tank farm. All personnel were evacuated. The situation had imminent potential for fatality and was escalated immediately.,0.032103825,0,Low
NM_0641,Pipeline ROW,LPG bottling operations,"Before/during LPG bottling operations at Pipeline ROW, Spill containment missing. All personnel were evacuated. The condition presented immediate potentially fatal exposure; operations were stopped, the area was isolated, and emergency escalation began.",0.09376163,0,Low
NM_0293,Drilling rig,Housekeeping inspection,"During routine checks at Drilling rig, Work scope had changed but the permit and job safety analysis were not revalidated was observed during Housekeeping inspection. The supervisor reviewed and approved continuation after correction. The task was paused, the control was restored, and the supervisor verified readiness before work resumed.",0.009298242,0,Low
NM_0373,Drilling rig,Breaking a pressurised flange,A Excavation edge was not barricaded and underground utility mark-out was incomplete was identified during Breaking a pressurised flange at Drilling rig. The supervisor reviewed and approved continuation after correction. Work was temporarily halted pending verification of the control measure.,0.0058287894,0,Low
NM_0433,Refinery unit,Compressor troubleshooting,"During Compressor troubleshooting at Refinery unit, Drain cover was open and combustible vapour testing was not documented. Work was stopped due to potential serious injury risk. The situation had credible potential for serious injury and was escalated immediately.",0.05027619,0,Low
NM_0574,Wellsite,Drilling operations,"During routine checks at Wellsite, Gas test missing was observed during Drilling operations. Critical control failure was corrected before resuming work. Personnel were close to hazardous energy exposure, so the area was secured pending investigation.",0.04048636,0,Low
NM_0122,LPG bottling plant,Confined space entry,"Shift crew reported that during Confined space entry in LPG bottling plant, Supervision absent. The area was corrected immediately. The condition was corrected during the routine inspection, with no exposure to hazardous energy.",0.025133027,0,Low
NM_0653,LPG bottling plant,Tank farm operations,"Inspection revealed Pneumatic energy isolation was not locked and residual pressure remained in the line during Tank farm operations at LPG bottling plant. The situation had imminent potential for fatality and was escalated immediately. Multiple critical barriers were ineffective, creating imminent serious-injury or fatality potential.",0.07954104,0,Low
NM_0453,Process plant,Night driving to remote site,"During routine checks at Process plant, Lift plan, tag lines, and barricaded drop zone were not available was observed during Night driving to remote site. The activity was stopped as it could have resulted in serious harm. The situation had credible potential for serious injury and was escalated immediately.",0.19244707,0,Low
NM_0585,Storage depot,Valve maintenance,Inspection revealed Sample bottle label was unclear and secondary containment was not positioned during Valve maintenance at Storage depot. The job was halted due to high-risk exposure. Work was halted due to high-risk exposure and corrective measures were implemented.,0.44557202,0,Medium
NM_0426,Drilling rig,Lifting and rigging,"Near-miss observation: while performing Lifting and rigging at Drilling rig, the team found that Spill containment missing. Work was stopped due to potential serious injury risk. The situation had credible potential for serious injury and was escalated immediately.",0.94460267,1,Critical
NM_0516,Refinery unit,Pipeline inspection,"During Pipeline inspection at Refinery unit, Excavation edge was not barricaded and underground utility mark-out was incomplete. The job was halted due to high-risk exposure. A supervisor issued a stop-work intervention and required a formal control verification.",0.020011164,0,Low
NM_0047,Pipeline ROW,Well intervention,"During Well intervention at Pipeline ROW, Isolation not verified. The area was corrected immediately. The team recorded the observation and completed immediate housekeeping correction.",0.011688041,0,Low
NM_0772,Pipeline ROW,Valve maintenance,"During Valve maintenance at Pipeline ROW, Gas test missing. Actual exposure to hazardous conditions occurred. Personnel were moved to a safe location and the event was treated as a high-potential near miss.",0.05054723,0,Low
NM_0073,Drilling rig,Reversing vehicle operations,"During routine checks at Drilling rig, Pneumatic energy isolation was not locked and residual pressure remained in the line was observed during Reversing vehicle operations. The team corrected it without delay. The team recorded the observation and completed immediate housekeeping correction.",0.0039213425,0,Low
NM_0722,Storage depot,Lifting and rigging,"During Lifting and rigging at Storage depot, Sample bottle label was unclear and secondary containment was not positioned. Actual exposure to hazardous conditions occurred. The situation had imminent potential for fatality and was escalated immediately.",0.97352487,1,Critical
NM_0584,Tank farm,Grinding near drain,"Inspection revealed Gas test missing during Grinding near drain at Tank farm. Critical control failure was corrected before resuming work. Personnel were close to hazardous energy exposure, so the area was secured pending investigation.",0.10418164,0,Low
NM_0224,LPG bottling plant,Sampling and testing,"Shift crew reported that during Sampling and testing in LPG bottling plant, Lift plan missing. Work was stopped temporarily and resumed after verification. The task was paused, the control was restored, and the supervisor verified readiness before work resumed.",0.0232658,0,Low
NM_0703,Storage tank,Sampling and testing,"Shift crew reported that during Sampling and testing in Storage tank, Spill containment missing. The situation had imminent potential for fatality and was escalated immediately. Personnel were moved to a safe location and the event was treated as a high-potential near miss.",0.104476094,0,Low
NM_0710,Wellsite,Night driving to remote site,Inspection revealed Communication failure during Night driving to remote site at Wellsite. The situation had imminent potential for fatality and was escalated immediately. Personnel were moved to a safe location and the event was treated as a high-potential near miss.,0.9539691,1,Critical
NM_0097,Compressor station,Emergency valve servicing,"Near-miss observation: while performing Emergency valve servicing at Compressor station, the team found that Scaffold was altered without inspection tag and toe boards were missing. No work stoppage was required. The observation was logged and addressed during the same shift.",0.012632911,0,Low
NM_0164,Pipeline ROW,Compressor troubleshooting,Inspection revealed Spill containment missing during Compressor troubleshooting at Pipeline ROW. Work was paused briefly and the issue was resolved. No work stoppage was required as the risk was minimal.,0.0044395993,0,Low
NM_0628,Maintenance yard,Pump seal replacement,"Near-miss observation: while performing Pump seal replacement at Maintenance yard, the team found that Supervision absent. The situation had imminent potential for fatality and was escalated immediately. Multiple critical barriers were ineffective, creating imminent serious-injury or fatality potential.",0.97366434,1,Critical
NM_0168,Pipeline ROW,Drilling operations,"Near-miss observation: while performing Drilling operations at Pipeline ROW, the team found that Emergency access route was partly obstructed by temporary materials. The area was corrected immediately. The issue was minor and was rectified before it affected the task.",0.012548442,0,Low
NM_0411,Compressor station,Grinding near drain,A Gas test missing was identified during Grinding near drain at Compressor station. The job was halted due to high-risk exposure. The failed critical control created credible potential for serious injury; the task was stopped and reported to HSE.,0.05614677,0,Low
NM_0261,Drilling rig,Equipment maintenance,"Shift crew reported that during Equipment maintenance in Drilling rig, Equipment defect. Work was paused until the issue was addressed. The task was paused, the control was restored, and the supervisor verified readiness before work resumed.",0.019990971,0,Low
NM_0063,Truck loading bay,Sampling and testing,"Shift crew reported that during Sampling and testing in Truck loading bay, Lift plan missing. Corrective action was taken on the spot. The issue was minor and was rectified before it affected the task.",0.0030468747,0,Low
NM_0441,Gas processing unit,Manual handling of tubulars,Inspection revealed Warning sign missing during Manual handling of tubulars at Gas processing unit. The job was halted due to high-risk exposure. The situation had credible potential for serious injury and was escalated immediately.,0.3731964,0,Medium
NM_0515,Gas processing unit,Pipe-rack inspection,"Near-miss observation: while performing Pipe-rack inspection at Gas processing unit, the team found that Lift plan missing. The situation had credible potential for serious injury. The failed critical control created credible potential for serious injury; the task was stopped and reported to HSE.",0.8058859,1,Critical
NM_0501,Tank farm,Breaking a pressurised flange,"During routine checks at Tank farm, Guard missing was observed during Breaking a pressurised flange. Work was stopped due to potential serious injury risk. The failed critical control created credible potential for serious injury; the task was stopped and reported to HSE.",0.98056674,1,Critical
NM_0328,Process plant,Process unit startup/shutdown,"During routine checks at Process plant, Spill containment missing was observed during Process unit startup/shutdown. Work was paused until the issue was addressed. The crew escalated the issue through the shift safety meeting and closed it before continuation.",0.018726053,0,Low
NM_0565,Truck loading bay,Electrical maintenance,"Before/during Electrical maintenance at Truck loading bay, Emergency access route was partly obstructed by temporary materials. The job was halted due to high-risk exposure. The failed critical control created credible potential for serious injury; the task was stopped and reported to HSE.",0.9845189,1,Critical
NM_0274,Offshore platform,Electrical maintenance,"Before/during Electrical maintenance at Offshore platform, Guard missing. Work was stopped temporarily and resumed after verification. No one was exposed, but the observation required a documented corrective action.",0.017954368,0,Low
NM_0489,Maintenance yard,Pump seal replacement,"During Pump seal replacement at Maintenance yard, Permit missing. The job was halted due to high-risk exposure. The failed critical control created credible potential for serious injury; the task was stopped and reported to HSE.",0.07599825,0,Low
NM_0290,Maintenance yard,Crude transfer vehicle movement,"During Crude transfer vehicle movement at Maintenance yard, Drain cover was open and combustible vapour testing was not documented. Work was paused until the issue was addressed. Work was temporarily halted pending verification of the control measure.",0.0055116755,0,Low
NM_0662,Gas processing unit,Loading/unloading operations,"During routine checks at Gas processing unit, Reversing was attempted without a banksman and pedestrian segregation was observed during Loading/unloading operations. Multiple workers were at risk of serious injury or fatality. Personnel were moved to a safe location and the event was treated as a high-potential near miss.",0.96151114,1,Critical
NM_0657,Offshore platform,Wellhead valve maintenance,"Shift crew reported that during Wellhead valve maintenance in Offshore platform, Guard missing. All personnel were evacuated. Personnel were moved to a safe location and the event was treated as a high-potential near miss.",0.93782526,1,Critical
NM_0241,Refinery unit,Wellhead valve maintenance,Inspection revealed Drain cover was open and combustible vapour testing was not documented during Wellhead valve maintenance at Refinery unit. The activity was delayed pending correction. The crew escalated the issue through the shift safety meeting and closed it before continuation.,0.007882257,0,Low
NM_0580,Field office area,Pipe-rack inspection,A Damaged pallet and unstable load were being raised without a spotter was identified during Pipe-rack inspection at Field office area. The situation had credible potential for serious injury. The failed critical control created credible potential for serious injury; the task was stopped and reported to HSE.,0.06821447,0,Low
NM_0212,Offshore platform,Hot work (welding/grinding),"Before/during Hot work (welding/grinding) at Offshore platform, Sample bottle label was unclear and secondary containment was not positioned. The job proceeded only after corrective measures. The supervisor reviewed the situation and approved continuation after correction.",0.0012531446,0,Low
NM_0690,Drilling rig,Chemical sampling,"Shift crew reported that during Chemical sampling in Drilling rig, PPE not used. The situation had imminent potential for fatality and was escalated immediately. The situation had imminent potential for fatality and was escalated immediately.",0.97585595,1,Critical
NM_0084,Maintenance yard,Emergency valve servicing,"Near-miss observation: while performing Emergency valve servicing at Maintenance yard, the team found that Test manifold lacked verified restraint and pressure-release exclusion controls. The team corrected it without delay. The issue was minor and was rectified before it affected the task.",0.0066632065,0,Low
NM_0466,Refinery unit,Pump maintenance,Inspection revealed Hands were placed near pinch points and no designated signaler was present during Pump maintenance at Refinery unit. The activity was stopped as it could have resulted in serious harm. The situation had credible potential for serious injury and was escalated immediately.,0.97818065,1,Critical
NM_0651,Storage depot,Hot work (welding/grinding),"A Gas test missing was identified during Hot work (welding/grinding) at Storage depot. Work was stopped urgently and emergency response was initiated. Multiple critical barriers were ineffective, creating imminent serious-injury or fatality potential.",0.96052295,1,Critical
NM_0609,Pipeline ROW,Lifting and rigging,"During routine checks at Pipeline ROW, Equipment defect was observed during Lifting and rigging. Work was stopped urgently and emergency response was initiated. The situation had imminent potential for fatality and was escalated immediately.",0.97555953,1,Critical
NM_0602,Offshore platform,Sampling and testing,"Near-miss observation: while performing Sampling and testing at Offshore platform, the team found that Guard missing. The situation had imminent potential for fatality and was escalated immediately. The condition presented immediate potentially fatal exposure; operations were stopped, the area was isolated, and emergency escalation began.",0.9733595,1,Critical
NM_0128,Field office area,LPG bottling operations,"During routine checks at Field office area, Excavation edge was not barricaded and underground utility mark-out was incomplete was observed during LPG bottling operations. Corrective action was taken on the spot. The observation was logged and addressed during the same shift.",0.007176834,0,Low
NM_0435,Pipeline ROW,Compressor troubleshooting,"Before/during Compressor troubleshooting at Pipeline ROW, Trip interlock was found bypassed during a production upset. The activity was stopped as it could have resulted in serious harm. Personnel were close to hazardous energy exposure, so the area was secured pending investigation.",0.051317494,0,Low
NM_0252,Compressor station,Housekeeping inspection,"During Housekeeping inspection at Compressor station, Gas test missing. The supervisor reviewed and approved continuation after correction. The task was paused, the control was restored, and the supervisor verified readiness before work resumed.",0.0048965523,0,Low
NM_0138,Maintenance yard,Hydrostatic pressure test,"Before/during Hydrostatic pressure test at Maintenance yard, Lift plan, tag lines, and barricaded drop zone were not available. The area was corrected immediately. The observation was logged and addressed during the same shift.",0.0019013898,0,Low
NM_0314,Storage depot,Internal tank inspection,"During routine checks at Storage depot, Sample bottle label was unclear and secondary containment was not positioned was observed during Internal tank inspection. The job proceeded only after corrective measures. No one was exposed, but the observation required a documented corrective action.",0.008948834,0,Low
NM_0038,Process plant,Scaffold modification,"Near-miss observation: while performing Scaffold modification at Process plant, the team found that Lift plan missing. The area was corrected immediately. The issue was minor and was rectified before it affected the task.",0.0013728798,0,Low
NM_0291,Refinery unit,Process unit startup/shutdown,"Inspection revealed Lift plan missing during Process unit startup/shutdown at Refinery unit. The job proceeded only after corrective measures. No one was exposed, but the observation required a documented corrective action.",0.009831616,0,Low
NM_0650,Storage tank,Instrument calibration,"During Instrument calibration at Storage tank, Gas test missing. Multiple workers were at risk of serious injury or fatality. The condition presented immediate potentially fatal exposure; operations were stopped, the area was isolated, and emergency escalation began.",0.98279935,1,Critical
NM_0616,Process plant,Tank farm operations,A Communication failure was identified during Tank farm operations at Process plant. All personnel were evacuated. The situation had imminent potential for fatality and was escalated immediately.,0.0874746,0,Low
NM_0766,Tank farm,Housekeeping inspection,"Near-miss observation: while performing Housekeeping inspection at Tank farm, the team found that Exclusion zone missing. Multiple workers were at risk of serious injury or fatality. The situation had imminent potential for fatality and was escalated immediately.",0.065420866,0,Low
NM_0648,Wellsite,Sampling and testing,"Shift crew reported that during Sampling and testing in Wellsite, Emergency access route was partly obstructed by temporary materials. All personnel were evacuated. All personnel were evacuated and the area was secured pending full investigation.",0.9506679,1,Critical
NM_0060,Process plant,Grinding near drain,"Inspection revealed Training inadequate during Grinding near drain at Process plant. No work stoppage was required. The condition was corrected during the routine inspection, with no exposure to hazardous energy.",0.011732923,0,Low
NM_0192,Pipeline ROW,Reversing vehicle operations,"During routine checks at Pipeline ROW, Emergency response delayed was observed during Reversing vehicle operations. Corrective action was taken on the spot. No work stoppage was required as the risk was minimal.",0.03601138,0,Low
NM_0118,Gas processing unit,Process unit startup/shutdown,Inspection revealed Supervision absent during Process unit startup/shutdown at Gas processing unit. The area was corrected immediately. No work stoppage was required as the risk was minimal.,0.013971501,0,Low
NM_0091,Offshore platform,Equipment maintenance,"Shift crew reported that during Equipment maintenance in Offshore platform, Emergency access route was partly obstructed by temporary materials. Corrective action was taken on the spot. The issue was minor and was rectified before it affected the task.",0.020379798,0,Low
NM_0668,Storage depot,Crude transfer vehicle movement,"Shift crew reported that during Crude transfer vehicle movement in Storage depot, Hands were placed near pinch points and no designated signaler was present. Multiple workers were at risk of serious injury or fatality. The condition presented immediate potentially fatal exposure; operations were stopped, the area was isolated, and emergency escalation began.",0.066333845,0,Low
NM_0521,Compressor station,Pipe spool welding,"During routine checks at Compressor station, Equipment defect was observed during Pipe spool welding. The job was halted due to high-risk exposure. Work was halted due to high-risk exposure and corrective measures were implemented.",0.97407824,1,Critical
NM_0112,Process plant,Valve maintenance,"Shift crew reported that during Valve maintenance in Process plant, Emergency response delayed. Work was paused briefly and the issue was resolved. The issue was minor and was rectified before it affected the task.",0.007962364,0,Low
NM_0481,LPG bottling plant,Pressure vessel testing,"Shift crew reported that during Pressure vessel testing in LPG bottling plant, Equipment defect. Work was stopped due to potential serious injury risk. The situation had credible potential for serious injury and was escalated immediately.",0.9784943,1,Critical
NM_0032,Drilling rig,Pipe-rack inspection,"Inspection revealed Supervision absent during Pipe-rack inspection at Drilling rig. Work was paused briefly and the issue was resolved. The condition was corrected during the routine inspection, with no exposure to hazardous energy.",0.112031706,0,Low
NM_0287,Pipeline ROW,Pipe-rack inspection,"Near-miss observation: while performing Pipe-rack inspection at Pipeline ROW, the team found that Electrical supply and process pressure isolation were not independently verified. The job proceeded only after corrective measures. The crew escalated the issue through the shift safety meeting and closed it before continuation.",0.0062320684,0,Low
NM_0493,Maintenance yard,Pipeline inspection,"During routine checks at Maintenance yard, Procedure not followed was observed during Pipeline inspection. Critical control failure was corrected before resuming work. Work was halted due to high-risk exposure and corrective measures were implemented.",0.9519945,1,Critical
NM_0275,Maintenance yard,Sampling and testing,"A Work scope had changed but the permit and job safety analysis were not revalidated was identified during Sampling and testing at Maintenance yard. Work was stopped temporarily and resumed after verification. No one was exposed, but the observation required a documented corrective action.",0.0072384877,0,Low
NM_0787,Tank farm,Pipe spool welding,"Before/during Pipe spool welding at Tank farm, PPE not used. The situation had imminent potential for fatality and was escalated immediately. The condition presented immediate potentially fatal exposure; operations were stopped, the area was isolated, and emergency escalation began.",0.87098026,1,Critical
NM_0179,Field office area,Housekeeping inspection,"During Housekeeping inspection at Field office area, Lift plan, tag lines, and barricaded drop zone were not available. Corrective action was taken on the spot. The condition was corrected during the routine inspection, with no exposure to hazardous energy.",0.0077275266,0,Low
NM_0791,Drilling rig,Lifting and rigging,Inspection revealed Fall arrest missing during Lifting and rigging at Drilling rig. Actual exposure to hazardous conditions occurred. Personnel were moved to a safe location and the event was treated as a high-potential near miss.,0.9809387,1,Critical
NM_0624,Refinery unit,Valve maintenance,"Shift crew reported that during Valve maintenance in Refinery unit, Work scope had changed but the permit and job safety analysis were not revalidated. Multiple workers were at risk of serious injury or fatality. The condition presented immediate potentially fatal exposure; operations were stopped, the area was isolated, and emergency escalation began.",0.64916164,1,High
NM_0448,Process plant,Pipe spool welding,"Shift crew reported that during Pipe spool welding in Process plant, Training inadequate. The job was halted due to high-risk exposure. Personnel were close to hazardous energy exposure, so the area was secured pending investigation.",0.037698813,0,Low
NM_0347,Gas processing unit,Pump maintenance,"During Pump maintenance at Gas processing unit, Lift plan, tag lines, and barricaded drop zone were not available. Work was paused until the issue was addressed. The crew escalated the issue through the shift safety meeting and closed it before continuation.",0.0092622405,0,Low
NM_0498,Tank farm,Night driving to remote site,"During routine checks at Tank farm, Tool inspection missing was observed during Night driving to remote site. Work was stopped due to potential serious injury risk. Work was halted due to high-risk exposure and corrective measures were implemented.",0.059006345,0,Low
NM_0719,Gas processing unit,Tank farm operations,"Shift crew reported that during Tank farm operations in Gas processing unit, Tool inspection missing. All personnel were evacuated. The situation had imminent potential for fatality and was escalated immediately.",0.61353666,1,High
NM_0569,LPG bottling plant,Pipe-rack inspection,"During Pipe-rack inspection at LPG bottling plant, Excavation edge was not barricaded and underground utility mark-out was incomplete. The activity was stopped as it could have resulted in serious harm. The failed critical control created credible potential for serious injury; the task was stopped and reported to HSE.",0.90393,1,Critical
NM_0678,Wellsite,Emergency valve servicing,A Line was not depressurised and workers were positioned in the potential release path was identified during Emergency valve servicing at Wellsite. Actual exposure to hazardous conditions occurred. Personnel were moved to a safe location and the event was treated as a high-potential near miss.,0.9203617,1,Critical
NM_0079,Pipeline ROW,Hydrostatic pressure test,"During routine checks at Pipeline ROW, Emergency access route was partly obstructed by temporary materials was observed during Hydrostatic pressure test. No work stoppage was required. The issue was minor and was rectified before it affected the task.",0.01302819,0,Low
NM_0740,Drilling rig,Scaffold modification,"Near-miss observation: while performing Scaffold modification at Drilling rig, the team found that Drain cover was open and combustible vapour testing was not documented. Work was stopped urgently and emergency response was initiated. The condition presented immediate potentially fatal exposure; operations were stopped, the area was isolated, and emergency escalation began.",0.98910344,1,Critical
NM_0523,Tank farm,Process unit startup/shutdown,"During routine checks at Tank farm, Emergency response delayed was observed during Process unit startup/shutdown. Critical control failure was corrected before resuming work. Work was halted due to high-risk exposure and corrective measures were implemented.",0.94565314,1,Critical
NM_0337,Storage tank,Excavation work,"Near-miss observation: while performing Excavation work at Storage tank, the team found that Tool inspection missing. Work was stopped temporarily and resumed after verification. Work was temporarily halted pending verification of the control measure.",0.006446062,0,Low
NM_0683,Wellsite,Sampling and testing,"During Sampling and testing at Wellsite, Drain cover was open and combustible vapour testing was not documented. All personnel were evacuated. The condition presented immediate potentially fatal exposure; operations were stopped, the area was isolated, and emergency escalation began.",0.9394394,1,Critical
NM_0582,Gas processing unit,Pump seal replacement,"During Pump seal replacement at Gas processing unit, Emergency response delayed. Work was stopped due to potential serious injury risk. Personnel were close to hazardous energy exposure, so the area was secured pending investigation.",0.9656474,1,Critical
NM_0723,Field office area,Instrument calibration,Inspection revealed Reversing was attempted without a banksman and pedestrian segregation during Instrument calibration at Field office area. Multiple workers were at risk of serious injury or fatality. All personnel were evacuated and the area was secured pending full investigation.,0.92783386,1,Critical
NM_0595,Process plant,Excavation work,"Near-miss observation: while performing Excavation work at Process plant, the team found that Atmosphere not tested. The activity was stopped as it could have resulted in serious harm. The failed critical control created credible potential for serious injury; the task was stopped and reported to HSE.",0.951381,1,Critical
NM_0313,Process plant,Loading/unloading operations,"Near-miss observation: while performing Loading/unloading operations at Process plant, the team found that Exclusion zone missing. The job proceeded only after corrective measures. Work was temporarily halted pending verification of the control measure.",0.0036549952,0,Low
NM_0738,Gas processing unit,Breaking a pressurised flange,"Inspection revealed Excavation edge was not barricaded and underground utility mark-out was incomplete during Breaking a pressurised flange at Gas processing unit. Actual exposure to hazardous conditions occurred. Multiple critical barriers were ineffective, creating imminent serious-injury or fatality potential.",0.9803474,1,Critical
NM_0394,Storage depot,Pump maintenance,"During routine checks at Storage depot, Gas test missing was observed during Pump maintenance. The activity was delayed pending correction. No one was exposed, but the observation required a documented corrective action.",0.0012691354,0,Low
NM_0363,Offshore platform,Hydrostatic pressure test,"Before/during Hydrostatic pressure test at Offshore platform, Excavation edge was not barricaded and underground utility mark-out was incomplete. Work was stopped temporarily and resumed after verification. Work was temporarily halted pending verification of the control measure.",0.0020064896,0,Low
NM_0632,Offshore platform,Vessel entry preparation,"Near-miss observation: while performing Vessel entry preparation at Offshore platform, the team found that Reversing was attempted without a banksman and pedestrian segregation. Multiple workers were at risk of serious injury or fatality. Multiple critical barriers were ineffective, creating imminent serious-injury or fatality potential.",0.9793193,1,Critical
NM_0040,Storage depot,Pipe spool welding,Inspection revealed Procedure not followed during Pipe spool welding at Storage depot. Corrective action was taken on the spot. The observation was logged and addressed during the same shift.,0.0058648824,0,Low
NM_0499,LPG bottling plant,Compressor troubleshooting,"During routine checks at LPG bottling plant, Simultaneous operations were not recorded in the permit briefing was observed during Compressor troubleshooting. The activity was stopped as it could have resulted in serious harm. Work was halted due to high-risk exposure and corrective measures were implemented.",0.92569405,1,Critical
NM_0127,Drilling rig,Reversing vehicle operations,"Shift crew reported that during Reversing vehicle operations in Drilling rig, Test manifold lacked verified restraint and pressure-release exclusion controls. The area was corrected immediately. The observation was logged and addressed during the same shift.",0.014189385,0,Low
NM_0159,Truck loading bay,Pump maintenance,"Shift crew reported that during Pump maintenance in Truck loading bay, Guard missing. The team corrected it without delay. The issue was minor and was rectified before it affected the task.",0.0053002983,0,Low
NM_0781,Compressor station,Pipeline inspection,"Before/during Pipeline inspection at Compressor station, Tool inspection missing. All personnel were evacuated. The situation had imminent potential for fatality and was escalated immediately.",0.9653788,1,Critical
NM_0219,Truck loading bay,Chemical sampling,"Inspection revealed Guard missing during Chemical sampling at Truck loading bay. The supervisor reviewed and approved continuation after correction. The task was paused, the control was restored, and the supervisor verified readiness before work resumed.",0.019330053,0,Low
NM_0140,Wellsite,Grinding near drain,"Near-miss observation: while performing Grinding near drain at Wellsite, the team found that Gas testing was overdue and no dedicated fire watch was assigned. No work stoppage was required. The observation was logged and addressed during the same shift.",0.0048849583,0,Low
NM_0120,LPG bottling plant,Crude transfer vehicle movement,Inspection revealed Reversing was attempted without a banksman and pedestrian segregation during Crude transfer vehicle movement at LPG bottling plant. The team corrected it without delay. The team recorded the observation and completed immediate housekeeping correction.,0.0054725357,0,Low
NM_0115,Gas processing unit,Sampling and testing,"Before/during Sampling and testing at Gas processing unit, Line was not depressurised and workers were positioned in the potential release path. No work stoppage was required. The condition was corrected during the routine inspection, with no exposure to hazardous energy.",0.017514955,0,Low
NM_0730,Compressor station,Night driving to remote site,"Before/during Night driving to remote site at Compressor station, Lift plan missing. All personnel were evacuated. Multiple critical barriers were ineffective, creating imminent serious-injury or fatality potential.",0.055634882,0,Low
NM_0698,Compressor station,Grinding near drain,"During Grinding near drain at Compressor station, Communication failure. All personnel were evacuated. The condition presented immediate potentially fatal exposure; operations were stopped, the area was isolated, and emergency escalation began.",0.976552,1,Critical
NM_0246,Gas processing unit,Scaffold modification,"During Scaffold modification at Gas processing unit, Reversing was attempted without a banksman and pedestrian segregation. The activity was delayed pending correction. Work was temporarily halted pending verification of the control measure.",0.02498557,0,Low
NM_0512,LPG bottling plant,Scaffolding work,"During Scaffolding work at LPG bottling plant, Test manifold lacked verified restraint and pressure-release exclusion controls. Work was stopped due to potential serious injury risk. Work was halted due to high-risk exposure and corrective measures were implemented.",0.94171524,1,Critical
NM_0612,Drilling rig,Grinding near drain,"A Emergency access route was partly obstructed by temporary materials was identified during Grinding near drain at Drilling rig. Multiple workers were at risk of serious injury or fatality. The condition presented immediate potentially fatal exposure; operations were stopped, the area was isolated, and emergency escalation began.",0.99041957,1,Critical
NM_0477,Pump station,Compressor troubleshooting,"Shift crew reported that during Compressor troubleshooting in Pump station, Supervision absent. Work was stopped due to potential serious injury risk. The failed critical control created credible potential for serious injury; the task was stopped and reported to HSE.",0.9590214,1,Critical
NM_0381,Maintenance yard,Scaffold modification,"During routine checks at Maintenance yard, Work scope had changed but the permit and job safety analysis were not revalidated was observed during Scaffold modification. The activity was delayed pending correction. The task was paused, the control was restored, and the supervisor verified readiness before work resumed.",0.0033063986,0,Low
NM_0459,Drilling rig,Loading/unloading operations,"During routine checks at Drilling rig, Emergency access route was partly obstructed by temporary materials was observed during Loading/unloading operations. Work was stopped due to potential serious injury risk. The situation had credible potential for serious injury and was escalated immediately.",0.08479043,0,Low
NM_0407,Compressor station,Vehicle movement,A Procedure not followed was identified during Vehicle movement at Compressor station. The situation had credible potential for serious injury. A supervisor issued a stop-work intervention and required a formal control verification.,0.96077275,1,Critical
NM_0447,Compressor station,Pump maintenance,"Near-miss observation: while performing Pump maintenance at Compressor station, the team found that Supervision absent. Work was stopped due to potential serious injury risk. The situation had credible potential for serious injury and was escalated immediately.",0.34938082,0,Medium
NM_0181,Gas processing unit,Crude transfer vehicle movement,"A Supervision absent was identified during Crude transfer vehicle movement at Gas processing unit. Corrective action was taken on the spot. The condition was corrected during the routine inspection, with no exposure to hazardous energy.",0.016544493,0,Low
NM_0213,Field office area,Tank farm operations,"Before/during Tank farm operations at Field office area, Simultaneous operations were not recorded in the permit briefing. Work was stopped temporarily and resumed after verification. Work was temporarily halted pending verification of the control measure.",0.0046180906,0,Low
NM_0525,Drilling rig,Instrument calibration,"Near-miss observation: while performing Instrument calibration at Drilling rig, the team found that Fire watch missing. The situation had credible potential for serious injury. The failed critical control created credible potential for serious injury; the task was stopped and reported to HSE.",0.98692316,1,Critical
NM_0161,Field office area,Manual handling of tubulars,"During routine checks at Field office area, Tool inspection missing was observed during Manual handling of tubulars. Work was paused briefly and the issue was resolved. No work stoppage was required as the risk was minimal.",0.005564273,0,Low
NM_0200,Field office area,Pressure vessel testing,"Shift crew reported that during Pressure vessel testing in Field office area, Hands were placed near pinch points and no designated signaler was present. The team corrected it without delay. The condition was corrected during the routine inspection, with no exposure to hazardous energy.",0.009217157,0,Low
NM_0028,Refinery unit,Pipe spool welding,"Before/during Pipe spool welding at Refinery unit, Permit missing. The area was corrected immediately. The observation was logged and addressed during the same shift.",0.0014138899,0,Low
NM_0197,Maintenance yard,Pump maintenance,"Shift crew reported that during Pump maintenance in Maintenance yard, Test manifold lacked verified restraint and pressure-release exclusion controls. The team corrected it without delay. The issue was minor and was rectified before it affected the task.",0.008147875,0,Low
NM_0254,Drilling rig,Hydrostatic pressure test,"Before/during Hydrostatic pressure test at Drilling rig, Permit missing. The supervisor reviewed and approved continuation after correction. The task was paused, the control was restored, and the supervisor verified readiness before work resumed.",0.0023737857,0,Low
NM_0056,Storage depot,Pipe spool welding,"During routine checks at Storage depot, Lift plan, tag lines, and barricaded drop zone were not available was observed during Pipe spool welding. The team corrected it without delay. The issue was minor and was rectified before it affected the task.",0.008264299,0,Low
NM_0221,Offshore platform,Housekeeping inspection,A Guard missing was identified during Housekeeping inspection at Offshore platform. Work was stopped temporarily and resumed after verification. The crew escalated the issue through the shift safety meeting and closed it before continuation.,0.10110118,0,Low
NM_0605,Drilling rig,Night driving to remote site,"Near-miss observation: while performing Night driving to remote site at Drilling rig, the team found that Isolation not verified. All personnel were evacuated. Personnel were moved to a safe location and the event was treated as a high-potential near miss.",0.9646092,1,Critical
NM_0262,Refinery unit,Excavation work,"Before/during Excavation work at Refinery unit, Trip interlock was found bypassed during a production upset. Work was paused until the issue was addressed. Work was temporarily halted pending verification of the control measure.",0.011822598,0,Low
NM_0345,Pipeline ROW,Tank farm operations,"During Tank farm operations at Pipeline ROW, Electrical supply and process pressure isolation were not independently verified. The supervisor reviewed and approved continuation after correction. Work was temporarily halted pending verification of the control measure.",0.0059801005,0,Low
NM_0006,Drilling rig,Forklift pallet handling,"A Fall arrest missing was identified during Forklift pallet handling at Drilling rig. Corrective action was taken on the spot. The condition was corrected during the routine inspection, with no exposure to hazardous energy.",0.0408301,0,Low
NM_0362,Pipeline ROW,Manual handling of tubulars,"Inspection revealed Fire watch missing during Manual handling of tubulars at Pipeline ROW. The activity was delayed pending correction. No one was exposed, but the observation required a documented corrective action.",0.012031812,0,Low
NM_0593,Storage depot,Valve maintenance,"During routine checks at Storage depot, No pre-entry gas test, attendant, rescue arrangement, or signed entry permit was observed during Valve maintenance. The activity was stopped as it could have resulted in serious harm. Work was halted due to high-risk exposure and corrective measures were implemented.",0.9277245,1,Critical
NM_0307,Process plant,Manual handling of tubulars,"Before/during Manual handling of tubulars at Process plant, Warning sign missing. The supervisor reviewed and approved continuation after correction. No one was exposed, but the observation required a documented corrective action.",0.0044841277,0,Low
NM_0114,Storage depot,Hot work (welding/grinding),"During Hot work (welding/grinding) at Storage depot, Driver fatigue screening and journey-management check were incomplete. The team corrected it without delay. The observation was logged and addressed during the same shift.",0.0033450872,0,Low
NM_0767,Field office area,Tank farm operations,"Near-miss observation: while performing Tank farm operations at Field office area, the team found that Drain cover was open and combustible vapour testing was not documented. All personnel were evacuated. The condition presented immediate potentially fatal exposure; operations were stopped, the area was isolated, and emergency escalation began.",0.87361395,1,Critical
NM_0672,Drilling rig,Electrical maintenance,"During routine checks at Drilling rig, Drain cover was open and combustible vapour testing was not documented was observed during Electrical maintenance. Multiple workers were at risk of serious injury or fatality. The situation had imminent potential for fatality and was escalated immediately.",0.97976,1,Critical
NM_0620,Gas processing unit,Well intervention,"During routine checks at Gas processing unit, Fire watch missing was observed during Well intervention. All personnel were evacuated. Multiple critical barriers were ineffective, creating imminent serious-injury or fatality potential.",0.13454643,0,Low
NM_0264,Field office area,Emergency valve servicing,"During routine checks at Field office area, Exclusion zone missing was observed during Emergency valve servicing. The supervisor reviewed and approved continuation after correction. The task was paused, the control was restored, and the supervisor verified readiness before work resumed.",0.004176306,0,Low
NM_0737,Field office area,Grinding near drain,"During routine checks at Field office area, Lift plan, tag lines, and barricaded drop zone were not available was observed during Grinding near drain. Multiple workers were at risk of serious injury or fatality. The situation had imminent potential for fatality and was escalated immediately.",0.94329494,1,Critical
NM_0418,Gas processing unit,Emergency valve servicing,A Gas test missing was identified during Emergency valve servicing at Gas processing unit. Critical control failure was corrected before resuming work. The situation had credible potential for serious injury and was escalated immediately.,0.063544095,0,Low
NM_0157,Wellsite,Electrical maintenance,"Inspection revealed Lift plan, tag lines, and barricaded drop zone were not available during Electrical maintenance at Wellsite. The area was corrected immediately. No work stoppage was required as the risk was minimal.",0.01218264,0,Low
NM_0751,Maintenance yard,Pipeline inspection,"Near-miss observation: while performing Pipeline inspection at Maintenance yard, the team found that Permit missing. Actual exposure to hazardous conditions occurred. Multiple critical barriers were ineffective, creating imminent serious-injury or fatality potential.",0.9859023,1,Critical
NM_0265,Storage depot,Reversing vehicle operations,"During routine checks at Storage depot, Trip interlock was found bypassed during a production upset was observed during Reversing vehicle operations. Work was stopped temporarily and resumed after verification. The task was paused, the control was restored, and the supervisor verified readiness before work resumed.",0.019989004,0,Low
NM_0045,Field office area,Valve maintenance,"Near-miss observation: while performing Valve maintenance at Field office area, the team found that Fall arrest missing. Corrective action was taken on the spot. The team recorded the observation and completed immediate housekeeping correction.",0.003176401,0,Low
NM_0649,Field office area,Process unit startup/shutdown,"Shift crew reported that during Process unit startup/shutdown in Field office area, Damaged pallet and unstable load were being raised without a spotter. Multiple workers were at risk of serious injury or fatality. Personnel were moved to a safe location and the event was treated as a high-potential near miss.",0.9611855,1,Critical
NM_0478,Storage tank,Pressure vessel testing,"Shift crew reported that during Pressure vessel testing in Storage tank, Excavation edge was not barricaded and underground utility mark-out was incomplete. Critical control failure was corrected before resuming work. The situation had credible potential for serious injury and was escalated immediately.",0.9507544,1,Critical
NM_0139,Truck loading bay,Scaffolding work,"During routine checks at Truck loading bay, Scaffold was altered without inspection tag and toe boards were missing was observed during Scaffolding work. Corrective action was taken on the spot. The team recorded the observation and completed immediate housekeeping correction.",0.0026024783,0,Low
NM_0369,Compressor station,Pipe spool welding,"Before/during Pipe spool welding at Compressor station, Trip interlock was found bypassed during a production upset. The supervisor reviewed and approved continuation after correction. The task was paused, the control was restored, and the supervisor verified readiness before work resumed.",0.019326285,0,Low
NM_0153,LPG bottling plant,Vehicle movement,"Near-miss observation: while performing Vehicle movement at LPG bottling plant, the team found that Isolation not verified. Work was paused briefly and the issue was resolved. The observation was logged and addressed during the same shift.",0.030665644,0,Low
NM_0735,Tank farm,Lifting and rigging,"During Lifting and rigging at Tank farm, Gas testing was overdue and no dedicated fire watch was assigned. Multiple workers were at risk of serious injury or fatality. All personnel were evacuated and the area was secured pending full investigation.",0.9465994,1,Critical
NM_0368,LPG bottling plant,Valve maintenance,"During Valve maintenance at LPG bottling plant, Open edge protection and full-body harness anchorage were unavailable. Work was paused until the issue was addressed. The supervisor reviewed the situation and approved continuation after correction.",0.019072914,0,Low
NM_0044,Refinery unit,Well intervention,"A Gas testing was overdue and no dedicated fire watch was assigned was identified during Well intervention at Refinery unit. Work was paused briefly and the issue was resolved. The condition was corrected during the routine inspection, with no exposure to hazardous energy.",0.017714282,0,Low
NM_0419,Refinery unit,Well intervention,"During routine checks at Refinery unit, Guard missing was observed during Well intervention. The activity was stopped as it could have resulted in serious harm. Personnel were close to hazardous energy exposure, so the area was secured pending investigation.",0.82006395,1,Critical
NM_0374,Compressor station,Hydrostatic pressure test,A Scaffold was altered without inspection tag and toe boards were missing was identified during Hydrostatic pressure test at Compressor station. The supervisor reviewed and approved continuation after correction. Work was temporarily halted pending verification of the control measure.,0.004999022,0,Low
NM_0542,Maintenance yard,Scaffolding work,"During routine checks at Maintenance yard, Line was not depressurised and workers were positioned in the potential release path was observed during Scaffolding work. Critical control failure was corrected before resuming work. The situation had credible potential for serious injury and was escalated immediately.",0.077675715,0,Low
NM_0339,Wellsite,Internal tank inspection,"Shift crew reported that during Internal tank inspection in Wellsite, Fall arrest missing. Work was paused until the issue was addressed. The crew escalated the issue through the shift safety meeting and closed it before continuation.",0.012672047,0,Low
NM_0742,Field office area,Drilling operations,"Before/during Drilling operations at Field office area, Pneumatic energy isolation was not locked and residual pressure remained in the line. All personnel were evacuated. All personnel were evacuated and the area was secured pending full investigation.",0.10268698,0,Low
NM_0119,Truck loading bay,Process unit startup/shutdown,"Shift crew reported that during Process unit startup/shutdown in Truck loading bay, Warning sign missing. The team corrected it without delay. The issue was minor and was rectified before it affected the task.",0.023302713,0,Low
NM_0544,Pipeline ROW,Breaking a pressurised flange,"Before/during Breaking a pressurised flange at Pipeline ROW, Reversing was attempted without a banksman and pedestrian segregation. Work was stopped due to potential serious injury risk. The situation had credible potential for serious injury and was escalated immediately.",0.95308334,1,Critical
NM_0508,LPG bottling plant,Sampling and testing,"Inspection revealed Test manifold lacked verified restraint and pressure-release exclusion controls during Sampling and testing at LPG bottling plant. Critical control failure was corrected before resuming work. Personnel were close to hazardous energy exposure, so the area was secured pending investigation.",0.929733,1,Critical
NM_0519,Pipeline ROW,Well intervention,"During routine checks at Pipeline ROW, Tool inspection missing was observed during Well intervention. Work was stopped due to potential serious injury risk. Work was halted due to high-risk exposure and corrective measures were implemented.",0.038664076,0,Low
NM_0326,Offshore platform,Compressor troubleshooting,"Near-miss observation: while performing Compressor troubleshooting at Offshore platform, the team found that Reversing was attempted without a banksman and pedestrian segregation. Work was stopped temporarily and resumed after verification. The crew escalated the issue through the shift safety meeting and closed it before continuation.",0.045649208,0,Low
NM_0598,Compressor station,Chemical sampling,Inspection revealed Permit missing during Chemical sampling at Compressor station. Critical control failure was corrected before resuming work. The failed critical control created credible potential for serious injury; the task was stopped and reported to HSE.,0.975343,1,Critical
NM_0527,Drilling rig,Pipeline inspection,"Before/during Pipeline inspection at Drilling rig, Emergency access route was partly obstructed by temporary materials. Work was stopped due to potential serious injury risk. Work was halted due to high-risk exposure and corrective measures were implemented.",0.9879409,1,Critical
NM_0647,Truck loading bay,Drilling operations,"Before/during Drilling operations at Truck loading bay, Fall arrest missing. All personnel were evacuated. Personnel were moved to a safe location and the event was treated as a high-potential near miss.",0.9754471,1,Critical
NM_0745,Truck loading bay,Reversing vehicle operations,"During Reversing vehicle operations at Truck loading bay, Fire watch missing. Work was stopped urgently and emergency response was initiated. All personnel were evacuated and the area was secured pending full investigation.",0.9781543,1,Critical
NM_0108,Storage depot,Forklift pallet handling,"Near-miss observation: while performing Forklift pallet handling at Storage depot, the team found that Scaffold was altered without inspection tag and toe boards were missing. Work was paused briefly and the issue was resolved. The observation was logged and addressed during the same shift.",0.0011957245,0,Low
NM_0413,Truck loading bay,Loading/unloading operations,"Before/during Loading/unloading operations at Truck loading bay, Isolation not verified. Critical control failure was corrected before resuming work. A supervisor issued a stop-work intervention and required a formal control verification.",0.9423327,1,Critical
NM_0065,Maintenance yard,Loading/unloading operations,"Before/during Loading/unloading operations at Maintenance yard, Procedure not followed. The team corrected it without delay. The issue was minor and was rectified before it affected the task.",0.004121431,0,Low
NM_0353,Drilling rig,Lifting valve actuator,"Shift crew reported that during Lifting valve actuator in Drilling rig, Simultaneous operations were not recorded in the permit briefing. Work was stopped temporarily and resumed after verification. The supervisor reviewed the situation and approved continuation after correction.",0.01214816,0,Low
NM_0214,Gas processing unit,Equipment maintenance,"Near-miss observation: while performing Equipment maintenance at Gas processing unit, the team found that Tool inspection missing. The job proceeded only after corrective measures. Work was temporarily halted pending verification of the control measure.",0.00885304,0,Low
NM_0675,Process plant,Pipe spool welding,"Near-miss observation: while performing Pipe spool welding at Process plant, the team found that Permit missing. The situation had imminent potential for fatality and was escalated immediately. All personnel were evacuated and the area was secured pending full investigation.",0.9420564,1,Critical
NM_0048,Field office area,Housekeeping inspection,A Gas testing was overdue and no dedicated fire watch was assigned was identified during Housekeeping inspection at Field office area. Corrective action was taken on the spot. No work stoppage was required as the risk was minimal.,0.019816635,0,Low
NM_0351,Maintenance yard,Pressure vessel testing,A Lockout-tagout missing was identified during Pressure vessel testing at Maintenance yard. The activity was delayed pending correction. The supervisor reviewed the situation and approved continuation after correction.,0.0033792467,0,Low
NM_0689,Storage depot,Chemical sampling,"Near-miss observation: while performing Chemical sampling at Storage depot, the team found that Electrical supply and process pressure isolation were not independently verified. Work was stopped urgently and emergency response was initiated. Personnel were moved to a safe location and the event was treated as a high-potential near miss.",0.9505951,1,Critical
NM_0218,Truck loading bay,Valve maintenance,"Shift crew reported that during Valve maintenance in Truck loading bay, Warning sign missing. The job proceeded only after corrective measures. The crew escalated the issue through the shift safety meeting and closed it before continuation.",0.009141765,0,Low
NM_0630,LPG bottling plant,LPG bottling operations,"Near-miss observation: while performing LPG bottling operations at LPG bottling plant, the team found that Training inadequate. The situation had imminent potential for fatality and was escalated immediately. Multiple critical barriers were ineffective, creating imminent serious-injury or fatality potential.",0.9173907,1,Critical
NM_0380,Gas processing unit,Loading/unloading operations,"Before/during Loading/unloading operations at Gas processing unit, Excavation edge was not barricaded and underground utility mark-out was incomplete. Work was paused until the issue was addressed. Work was temporarily halted pending verification of the control measure.",0.013583013,0,Low
NM_0588,LPG bottling plant,Well intervention,A Open edge protection and full-body harness anchorage were unavailable was identified during Well intervention at LPG bottling plant. The job was halted due to high-risk exposure. The failed critical control created credible potential for serious injury; the task was stopped and reported to HSE.,0.96314305,1,Critical
NM_0392,Process plant,Sampling and testing,"Near-miss observation: while performing Sampling and testing at Process plant, the team found that Procedure not followed. The activity was delayed pending correction. The crew escalated the issue through the shift safety meeting and closed it before continuation.",0.0010946023,0,Low
NM_0450,Tank farm,Hydrostatic pressure test,"During Hydrostatic pressure test at Tank farm, Work scope had changed but the permit and job safety analysis were not revalidated. Work was stopped due to potential serious injury risk. The failed critical control created credible potential for serious injury; the task was stopped and reported to HSE.",0.053229235,0,Low
NM_0759,Wellsite,Forklift pallet handling,Inspection revealed Gas testing was overdue and no dedicated fire watch was assigned during Forklift pallet handling at Wellsite. All personnel were evacuated. The situation had imminent potential for fatality and was escalated immediately.,0.42277038,0,Medium
NM_0727,Refinery unit,Pump maintenance,"Before/during Pump maintenance at Refinery unit, Tool inspection missing. Multiple workers were at risk of serious injury or fatality. Personnel were moved to a safe location and the event was treated as a high-potential near miss.",0.9443976,1,Critical
NM_0670,Storage depot,Vehicle movement,A Emergency response delayed was identified during Vehicle movement at Storage depot. Work was stopped urgently and emergency response was initiated. All personnel were evacuated and the area was secured pending full investigation.,0.93889815,1,Critical
NM_0358,Process plant,Crude transfer vehicle movement,"Shift crew reported that during Crude transfer vehicle movement in Process plant, Scaffold was altered without inspection tag and toe boards were missing. Work was stopped temporarily and resumed after verification. No one was exposed, but the observation required a documented corrective action.",0.004092133,0,Low
NM_0146,Compressor station,Pipe spool welding,"During routine checks at Compressor station, Excavation edge was not barricaded and underground utility mark-out was incomplete was observed during Pipe spool welding. No work stoppage was required. The condition was corrected during the routine inspection, with no exposure to hazardous energy.",0.03889935,0,Low
NM_0303,Gas processing unit,Breaking a pressurised flange,A Procedure not followed was identified during Breaking a pressurised flange at Gas processing unit. The activity was delayed pending correction. Work was temporarily halted pending verification of the control measure.,0.024041416,0,Low
NM_0637,Process plant,Loading/unloading operations,"Near-miss observation: while performing Loading/unloading operations at Process plant, the team found that Emergency response delayed. Work was stopped urgently and emergency response was initiated. Multiple critical barriers were ineffective, creating imminent serious-injury or fatality potential.",0.061162584,0,Low
NM_0239,Storage depot,Scaffolding work,"Near-miss observation: while performing Scaffolding work at Storage depot, the team found that Reversing was attempted without a banksman and pedestrian segregation. The supervisor reviewed and approved continuation after correction. Work was temporarily halted pending verification of the control measure.",0.0067212447,0,Low
NM_0786,Storage depot,Pump maintenance,"A Electrical supply and process pressure isolation were not independently verified was identified during Pump maintenance at Storage depot. Actual exposure to hazardous conditions occurred. Multiple critical barriers were ineffective, creating imminent serious-injury or fatality potential.",0.06421834,0,Low
NM_0484,Maintenance yard,Instrument calibration,A Fall arrest missing was identified during Instrument calibration at Maintenance yard. The job was halted due to high-risk exposure. The failed critical control created credible potential for serious injury; the task was stopped and reported to HSE.,0.97445434,1,Critical
NM_0739,Compressor station,Crude transfer vehicle movement,"A Excavation edge was not barricaded and underground utility mark-out was incomplete was identified during Crude transfer vehicle movement at Compressor station. Actual exposure to hazardous conditions occurred. The condition presented immediate potentially fatal exposure; operations were stopped, the area was isolated, and emergency escalation began.",0.7901235,1,High
NM_0093,Drilling rig,Sampling and testing,"During Sampling and testing at Drilling rig, Guard missing. Corrective action was taken on the spot. The team recorded the observation and completed immediate housekeeping correction.",0.0054208934,0,Low
NM_0531,Field office area,Manual handling of tubulars,"Near-miss observation: while performing Manual handling of tubulars at Field office area, the team found that Lift plan missing. The job was halted due to high-risk exposure. A supervisor issued a stop-work intervention and required a formal control verification.",0.9586584,1,Critical
NM_0331,LPG bottling plant,Confined space entry,Inspection revealed Fall arrest missing during Confined space entry at LPG bottling plant. The job proceeded only after corrective measures. Work was temporarily halted pending verification of the control measure.,0.033084057,0,Low
NM_0509,Pipeline ROW,Loading/unloading operations,"During Loading/unloading operations at Pipeline ROW, Fall arrest missing. Work was stopped due to potential serious injury risk. Work was halted due to high-risk exposure and corrective measures were implemented.",0.61800194,1,High
NM_0142,Field office area,Process unit startup/shutdown,"During routine checks at Field office area, Open edge protection and full-body harness anchorage were unavailable was observed during Process unit startup/shutdown. The area was corrected immediately. The condition was corrected during the routine inspection, with no exposure to hazardous energy.",0.006143875,0,Low
NM_0536,Field office area,Hydrostatic pressure test,"Shift crew reported that during Hydrostatic pressure test in Field office area, Trip interlock was found bypassed during a production upset. The situation had credible potential for serious injury. Work was halted due to high-risk exposure and corrective measures were implemented.",0.6079997,1,High
NM_0325,Offshore platform,Hot work (welding/grinding),"During routine checks at Offshore platform, Lift plan missing was observed during Hot work (welding/grinding). The job proceeded only after corrective measures. The task was paused, the control was restored, and the supervisor verified readiness before work resumed.",0.0057174624,0,Low
NM_0136,Truck loading bay,Hydrostatic pressure test,"Near-miss observation: while performing Hydrostatic pressure test at Truck loading bay, the team found that Hands were placed near pinch points and no designated signaler was present. Work was paused briefly and the issue was resolved. No work stoppage was required as the risk was minimal.",0.0144305965,0,Low
NM_0234,Drilling rig,Reversing vehicle operations,"Before/during Reversing vehicle operations at Drilling rig, Pneumatic energy isolation was not locked and residual pressure remained in the line. The job proceeded only after corrective measures. Work was temporarily halted pending verification of the control measure.",0.0066588717,0,Low
NM_0589,Offshore platform,Housekeeping inspection,"During routine checks at Offshore platform, Fire watch missing was observed during Housekeeping inspection. The job was halted due to high-risk exposure. Work was halted due to high-risk exposure and corrective measures were implemented.",0.93830824,1,Critical
NM_0642,Storage depot,Electrical maintenance,"Near-miss observation: while performing Electrical maintenance at Storage depot, the team found that Damaged pallet and unstable load were being raised without a spotter. Work was stopped urgently and emergency response was initiated. The situation had imminent potential for fatality and was escalated immediately.",0.9664983,1,Critical
NM_0066,Maintenance yard,Pipe spool welding,"Inspection revealed Scaffold was altered without inspection tag and toe boards were missing during Pipe spool welding at Maintenance yard. The team corrected it without delay. The condition was corrected during the routine inspection, with no exposure to hazardous energy.",0.006440326,0,Low
NM_0659,Field office area,Hydrostatic pressure test,"Shift crew reported that during Hydrostatic pressure test in Field office area, Lift plan, tag lines, and barricaded drop zone were not available. Actual exposure to hazardous conditions occurred. Personnel were moved to a safe location and the event was treated as a high-potential near miss.",0.03461649,0,Low
NM_0656,Gas processing unit,Instrument calibration,"During routine checks at Gas processing unit, Procedure not followed was observed during Instrument calibration. Work was stopped urgently and emergency response was initiated. The situation had imminent potential for fatality and was escalated immediately.",0.41211396,0,Medium
NM_0258,Compressor station,Emergency valve servicing,"Shift crew reported that during Emergency valve servicing in Compressor station, Open edge protection and full-body harness anchorage were unavailable. Work was paused until the issue was addressed. The task was paused, the control was restored, and the supervisor verified readiness before work resumed.",0.020707266,0,Low
NM_0013,Truck loading bay,Night driving to remote site,Inspection revealed Guard missing during Night driving to remote site at Truck loading bay. The team corrected it without delay. No work stoppage was required as the risk was minimal.,0.009807738,0,Low
NM_0549,Gas processing unit,Confined space entry,"During routine checks at Gas processing unit, PPE not used was observed during Confined space entry. The job was halted due to high-risk exposure. A supervisor issued a stop-work intervention and required a formal control verification.",0.030526038,0,Low
NM_0774,Refinery unit,Forklift pallet handling,"During Forklift pallet handling at Refinery unit, PPE not used. Work was stopped urgently and emergency response was initiated. All personnel were evacuated and the area was secured pending full investigation.",0.6799207,1,High
NM_0390,Drilling rig,Hydrostatic pressure test,"Before/during Hydrostatic pressure test at Drilling rig, Damaged pallet and unstable load were being raised without a spotter. Work was stopped temporarily and resumed after verification. No one was exposed, but the observation required a documented corrective action.",0.009117194,0,Low
NM_0796,Storage tank,Pipeline inspection,"During Pipeline inspection at Storage tank, Lift plan missing. Multiple workers were at risk of serious injury or fatality. The condition presented immediate potentially fatal exposure; operations were stopped, the area was isolated, and emergency escalation began.",0.9281853,1,Critical
NM_0292,Storage depot,Tank farm operations,"During Tank farm operations at Storage depot, Electrical supply and process pressure isolation were not independently verified. The supervisor reviewed and approved continuation after correction. The crew escalated the issue through the shift safety meeting and closed it before continuation.",0.0030897213,0,Low
NM_0615,LPG bottling plant,Chemical sampling,"During Chemical sampling at LPG bottling plant, Spill containment missing. All personnel were evacuated. Multiple critical barriers were ineffective, creating imminent serious-injury or fatality potential.",0.97605795,1,Critical
NM_0208,Gas processing unit,Well intervention,"Near-miss observation: while performing Well intervention at Gas processing unit, the team found that PPE not used. Work was paused until the issue was addressed. Work was temporarily halted pending verification of the control measure.",0.06826182,0,Low
NM_0030,Process plant,Pressure vessel testing,A Procedure not followed was identified during Pressure vessel testing at Process plant. Work was paused briefly and the issue was resolved. The observation was logged and addressed during the same shift.,0.0047967145,0,Low
NM_0444,Drilling rig,Vehicle movement,"Inspection revealed No pre-entry gas test, attendant, rescue arrangement, or signed entry permit during Vehicle movement at Drilling rig. Critical control failure was corrected before resuming work. The failed critical control created credible potential for serious injury; the task was stopped and reported to HSE.",0.9884906,1,Critical
NM_0440,Storage tank,Scaffolding work,"Inspection revealed Pneumatic energy isolation was not locked and residual pressure remained in the line during Scaffolding work at Storage tank. The situation had credible potential for serious injury. Personnel were close to hazardous energy exposure, so the area was secured pending investigation.",0.081995025,0,Low
NM_0180,LPG bottling plant,Confined space entry,"Before/during Confined space entry at LPG bottling plant, Drain cover was open and combustible vapour testing was not documented. No work stoppage was required. No work stoppage was required as the risk was minimal.",0.03972416,0,Low
NM_0473,Process plant,Housekeeping inspection,"Before/during Housekeeping inspection at Process plant, Trip interlock was found bypassed during a production upset. The situation had credible potential for serious injury. The failed critical control created credible potential for serious injury; the task was stopped and reported to HSE.",0.8030971,1,Critical
NM_0267,Process plant,Forklift pallet handling,"During Forklift pallet handling at Process plant, Supervision absent. The job proceeded only after corrective measures. Work was temporarily halted pending verification of the control measure.",0.004098763,0,Low
NM_0654,Drilling rig,Lifting valve actuator,A Isolation not verified was identified during Lifting valve actuator at Drilling rig. Actual exposure to hazardous conditions occurred. The situation had imminent potential for fatality and was escalated immediately.,0.9829951,1,Critical
NM_0259,Pump station,Instrument calibration,"Near-miss observation: while performing Instrument calibration at Pump station, the team found that Fire watch missing. Work was paused until the issue was addressed. The task was paused, the control was restored, and the supervisor verified readiness before work resumed.",0.002443561,0,Low
NM_0402,Truck loading bay,Pump seal replacement,"During Pump seal replacement at Truck loading bay, Isolation not verified. Critical control failure was corrected before resuming work. Work was halted due to high-risk exposure and corrective measures were implemented.",0.971873,1,Critical
NM_0777,Gas processing unit,Forklift pallet handling,"During Forklift pallet handling at Gas processing unit, Lift plan, tag lines, and barricaded drop zone were not available. Multiple workers were at risk of serious injury or fatality. Multiple critical barriers were ineffective, creating imminent serious-injury or fatality potential.",0.9657937,1,Critical
NM_0106,Storage depot,Housekeeping inspection,A Training inadequate was identified during Housekeeping inspection at Storage depot. Corrective action was taken on the spot. The observation was logged and addressed during the same shift.,0.0031403885,0,Low
NM_0126,Process plant,Drilling operations,"Shift crew reported that during Drilling operations in Process plant, Communication failure. No work stoppage was required. The issue was minor and was rectified before it affected the task.",0.008743119,0,Low
NM_0510,Process plant,Vessel entry preparation,"Shift crew reported that during Vessel entry preparation in Process plant, Atmosphere not tested. The job was halted due to high-risk exposure. Work was halted due to high-risk exposure and corrective measures were implemented.",0.047654543,0,Low
NM_0026,Gas processing unit,Loading/unloading operations,A Work scope had changed but the permit and job safety analysis were not revalidated was identified during Loading/unloading operations at Gas processing unit. The team corrected it without delay. The issue was minor and was rectified before it affected the task.,0.0066020666,0,Low
NM_0188,Wellsite,Vessel entry preparation,"Before/during Vessel entry preparation at Wellsite, Excavation edge was not barricaded and underground utility mark-out was incomplete. The team corrected it without delay. The condition was corrected during the routine inspection, with no exposure to hazardous energy.",0.0033509696,0,Low
NM_0242,Truck loading bay,Pump seal replacement,"Near-miss observation: while performing Pump seal replacement at Truck loading bay, the team found that Fire watch missing. The job proceeded only after corrective measures. The crew escalated the issue through the shift safety meeting and closed it before continuation.",0.041688416,0,Low
NM_0625,Gas processing unit,Pump maintenance,"During Pump maintenance at Gas processing unit, Communication failure. Multiple workers were at risk of serious injury or fatality. Multiple critical barriers were ineffective, creating imminent serious-injury or fatality potential.",0.958936,1,Critical
NM_0754,Process plant,Housekeeping inspection,"Near-miss observation: while performing Housekeeping inspection at Process plant, the team found that No pre-entry gas test, attendant, rescue arrangement, or signed entry permit. All personnel were evacuated. Multiple critical barriers were ineffective, creating imminent serious-injury or fatality potential.",0.049195975,0,Low
NM_0186,LPG bottling plant,Reversing vehicle operations,"Near-miss observation: while performing Reversing vehicle operations at LPG bottling plant, the team found that Guard missing. The area was corrected immediately. The team recorded the observation and completed immediate housekeeping correction.",0.0065119094,0,Low
NM_0036,Offshore platform,Vehicle movement,"Shift crew reported that during Vehicle movement in Offshore platform, Excavation edge was not barricaded and underground utility mark-out was incomplete. The team corrected it without delay. No work stoppage was required as the risk was minimal.",0.0040143807,0,Low
NM_0083,Maintenance yard,Vehicle movement,"During routine checks at Maintenance yard, Excavation edge was not barricaded and underground utility mark-out was incomplete was observed during Vehicle movement. Work was paused briefly and the issue was resolved. The team recorded the observation and completed immediate housekeeping correction.",0.0029846644,0,Low
NM_0486,Process plant,Pipeline inspection,"Inspection revealed Procedure not followed during Pipeline inspection at Process plant. Work was stopped due to potential serious injury risk. Personnel were close to hazardous energy exposure, so the area was secured pending investigation.",0.9471535,1,Critical
NM_0250,Refinery unit,Scaffold modification,"Shift crew reported that during Scaffold modification in Refinery unit, Fall arrest missing. The supervisor reviewed and approved continuation after correction. No one was exposed, but the observation required a documented corrective action.",0.23266597,0,Low
NM_0674,Storage depot,Forklift pallet handling,A Electrical supply and process pressure isolation were not independently verified was identified during Forklift pallet handling at Storage depot. The situation had imminent potential for fatality and was escalated immediately. All personnel were evacuated and the area was secured pending full investigation.,0.04890459,0,Low
NM_0562,Compressor station,Internal tank inspection,"Shift crew reported that during Internal tank inspection in Compressor station, Simultaneous operations were not recorded in the permit briefing. The job was halted due to high-risk exposure. A supervisor issued a stop-work intervention and required a formal control verification.",0.08713298,0,Low
NM_0069,Compressor station,Pipe-rack inspection,A Sample bottle label was unclear and secondary containment was not positioned was identified during Pipe-rack inspection at Compressor station. No work stoppage was required. The issue was minor and was rectified before it affected the task.,0.013749411,0,Low
NM_0269,Tank farm,Lifting and rigging,"During Lifting and rigging at Tank farm, Test manifold lacked verified restraint and pressure-release exclusion controls. The supervisor reviewed and approved continuation after correction. The supervisor reviewed the situation and approved continuation after correction.",0.008358569,0,Low
NM_0465,Maintenance yard,Emergency valve servicing,"Shift crew reported that during Emergency valve servicing in Maintenance yard, Fire watch missing. The situation had credible potential for serious injury. The situation had credible potential for serious injury and was escalated immediately.",0.5554333,1,Medium
NM_0663,LPG bottling plant,Excavation work,"Inspection revealed Test manifold lacked verified restraint and pressure-release exclusion controls during Excavation work at LPG bottling plant. Multiple workers were at risk of serious injury or fatality. Multiple critical barriers were ineffective, creating imminent serious-injury or fatality potential.",0.9922522,1,Critical
NM_0216,Pipeline ROW,Vessel entry preparation,"During Vessel entry preparation at Pipeline ROW, Supervision absent. Work was stopped temporarily and resumed after verification. Work was temporarily halted pending verification of the control measure.",0.008339031,0,Low
NM_0341,Refinery unit,Scaffolding work,Inspection revealed Exclusion zone missing during Scaffolding work at Refinery unit. Work was paused until the issue was addressed. Work was temporarily halted pending verification of the control measure.,0.007124062,0,Low
NM_0721,Refinery unit,Process unit startup/shutdown,A Gas testing was overdue and no dedicated fire watch was assigned was identified during Process unit startup/shutdown at Refinery unit. Actual exposure to hazardous conditions occurred. The situation had imminent potential for fatality and was escalated immediately.,0.8058779,1,Critical
NM_0724,Truck loading bay,Hot work (welding/grinding),"Inspection revealed No pre-entry gas test, attendant, rescue arrangement, or signed entry permit during Hot work (welding/grinding) at Truck loading bay. All personnel were evacuated. Multiple critical barriers were ineffective, creating imminent serious-injury or fatality potential.",0.9703273,1,Critical
NM_0124,Tank farm,Housekeeping inspection,"Before/during Housekeeping inspection at Tank farm, Lift plan missing. Corrective action was taken on the spot. The team recorded the observation and completed immediate housekeeping correction.",0.003945032,0,Low
NM_0747,Pipeline ROW,Instrument calibration,"Shift crew reported that during Instrument calibration in Pipeline ROW, Guard missing. Actual exposure to hazardous conditions occurred. The condition presented immediate potentially fatal exposure; operations were stopped, the area was isolated, and emergency escalation began.",0.97807944,1,Critical
NM_0311,Storage depot,Chemical sampling,"During Chemical sampling at Storage depot, Pneumatic energy isolation was not locked and residual pressure remained in the line. Work was stopped temporarily and resumed after verification. The task was paused, the control was restored, and the supervisor verified readiness before work resumed.",0.019747186,0,Low
NM_0768,Wellsite,Reversing vehicle operations,Inspection revealed Drain cover was open and combustible vapour testing was not documented during Reversing vehicle operations at Wellsite. Actual exposure to hazardous conditions occurred. Personnel were moved to a safe location and the event was treated as a high-potential near miss.,0.9544995,1,Critical
NM_0338,Tank farm,Internal tank inspection,Inspection revealed Reversing was attempted without a banksman and pedestrian segregation during Internal tank inspection at Tank farm. Work was paused until the issue was addressed. Work was temporarily halted pending verification of the control measure.,0.021792326,0,Low
NM_0604,Pipeline ROW,Process unit startup/shutdown,"During routine checks at Pipeline ROW, Scaffold was altered without inspection tag and toe boards were missing was observed during Process unit startup/shutdown. The situation had imminent potential for fatality and was escalated immediately. The situation had imminent potential for fatality and was escalated immediately.",0.96167916,1,Critical
NM_0160,LPG bottling plant,Wellhead valve maintenance,"During Wellhead valve maintenance at LPG bottling plant, Emergency response delayed. No work stoppage was required. The condition was corrected during the routine inspection, with no exposure to hazardous energy.",0.038001504,0,Low
NM_0378,Storage depot,Excavation work,"A Work scope had changed but the permit and job safety analysis were not revalidated was identified during Excavation work at Storage depot. Work was stopped temporarily and resumed after verification. The task was paused, the control was restored, and the supervisor verified readiness before work resumed.",0.0029226078,0,Low
NM_0514,Refinery unit,Lifting valve actuator,"Near-miss observation: while performing Lifting valve actuator at Refinery unit, the team found that Communication failure. Work was stopped due to potential serious injury risk. The failed critical control created credible potential for serious injury; the task was stopped and reported to HSE.",0.9745601,1,Critical
NM_0017,Field office area,Hydrostatic pressure test,A Damaged pallet and unstable load were being raised without a spotter was identified during Hydrostatic pressure test at Field office area. The team corrected it without delay. No work stoppage was required as the risk was minimal.,0.00418856,0,Low
NM_0462,LPG bottling plant,Pipe spool welding,"During Pipe spool welding at LPG bottling plant, Tool inspection missing. The activity was stopped as it could have resulted in serious harm. The situation had credible potential for serious injury and was escalated immediately.",0.95023304,1,Critical
NM_0348,Pump station,Hydrostatic pressure test,"During routine checks at Pump station, Isolation not verified was observed during Hydrostatic pressure test. The supervisor reviewed and approved continuation after correction. No one was exposed, but the observation required a documented corrective action.",0.0063575795,0,Low
NM_0797,Truck loading bay,Night driving to remote site,"During Night driving to remote site at Truck loading bay, No pre-entry gas test, attendant, rescue arrangement, or signed entry permit. The situation had imminent potential for fatality and was escalated immediately. The situation had imminent potential for fatality and was escalated immediately.",0.059087906,0,Low
NM_0332,Storage depot,Forklift pallet handling,"Before/during Forklift pallet handling at Storage depot, Test manifold lacked verified restraint and pressure-release exclusion controls. The job proceeded only after corrective measures. No one was exposed, but the observation required a documented corrective action.",0.011701675,0,Low
NM_0147,Drilling rig,Night driving to remote site,Inspection revealed Spill containment missing during Night driving to remote site at Drilling rig. The area was corrected immediately. The issue was minor and was rectified before it affected the task.,0.016719168,0,Low
NM_0622,Offshore platform,Internal tank inspection,"Inspection revealed Damaged pallet and unstable load were being raised without a spotter during Internal tank inspection at Offshore platform. All personnel were evacuated. The condition presented immediate potentially fatal exposure; operations were stopped, the area was isolated, and emergency escalation began.",0.951255,1,Critical
NM_0367,Truck loading bay,Crude transfer vehicle movement,"During routine checks at Truck loading bay, Tool inspection missing was observed during Crude transfer vehicle movement. The activity was delayed pending correction. No one was exposed, but the observation required a documented corrective action.",0.0071039987,0,Low
NM_0051,Maintenance yard,Scaffolding work,"During Scaffolding work at Maintenance yard, Gas testing was overdue and no dedicated fire watch was assigned. The area was corrected immediately. No work stoppage was required as the risk was minimal.",0.0251829,0,Low
NM_0021,Field office area,Compressor troubleshooting,"During routine checks at Field office area, Sample bottle label was unclear and secondary containment was not positioned was observed during Compressor troubleshooting. The area was corrected immediately. The observation was logged and addressed during the same shift.",0.0030633076,0,Low
NM_0636,Field office area,Reversing vehicle operations,"During Reversing vehicle operations at Field office area, Permit missing. The situation had imminent potential for fatality and was escalated immediately. Personnel were moved to a safe location and the event was treated as a high-potential near miss.",0.055752777,0,Low
NM_0482,Storage depot,Hydrostatic pressure test,"Near-miss observation: while performing Hydrostatic pressure test at Storage depot, the team found that Drain cover was open and combustible vapour testing was not documented. Work was stopped due to potential serious injury risk. Personnel were close to hazardous energy exposure, so the area was secured pending investigation.",0.95363605,1,Critical
NM_0529,LPG bottling plant,Confined space entry,Inspection revealed Lift plan missing during Confined space entry at LPG bottling plant. The activity was stopped as it could have resulted in serious harm. The situation had credible potential for serious injury and was escalated immediately.,0.945186,1,Critical
NM_0129,Pipeline ROW,Scaffold modification,"During Scaffold modification at Pipeline ROW, Lift plan missing. Corrective action was taken on the spot. The condition was corrected during the routine inspection, with no exposure to hazardous energy.",0.0051619243,0,Low
NM_0712,Gas processing unit,Manual handling of tubulars,"Shift crew reported that during Manual handling of tubulars in Gas processing unit, Supervision absent. Multiple workers were at risk of serious injury or fatality. Multiple critical barriers were ineffective, creating imminent serious-injury or fatality potential.",0.9050948,1,Critical
NM_0679,Offshore platform,Vehicle movement,"During Vehicle movement at Offshore platform, Isolation not verified. All personnel were evacuated. Multiple critical barriers were ineffective, creating imminent serious-injury or fatality potential.",0.9744037,1,Critical
NM_0476,Truck loading bay,Well intervention,"Before/during Well intervention at Truck loading bay, No pre-entry gas test, attendant, rescue arrangement, or signed entry permit. The situation had credible potential for serious injury. A supervisor issued a stop-work intervention and required a formal control verification.",0.9589976,1,Critical
NM_0561,Compressor station,Confined space entry,Inspection revealed Driver fatigue screening and journey-management check were incomplete during Confined space entry at Compressor station. The activity was stopped as it could have resulted in serious harm. Work was halted due to high-risk exposure and corrective measures were implemented.,0.05823307,0,Low
NM_0284,Pipeline ROW,Electrical maintenance,"Near-miss observation: while performing Electrical maintenance at Pipeline ROW, the team found that Test manifold lacked verified restraint and pressure-release exclusion controls. Work was stopped temporarily and resumed after verification. The task was paused, the control was restored, and the supervisor verified readiness before work resumed.",0.004245099,0,Low
NM_0401,Process plant,Breaking a pressurised flange,"Before/during Breaking a pressurised flange at Process plant, Fire watch missing. The job was halted due to high-risk exposure. Personnel were close to hazardous energy exposure, so the area was secured pending investigation.",0.9668605,1,Critical
NM_0071,LPG bottling plant,Pipeline inspection,"Shift crew reported that during Pipeline inspection in LPG bottling plant, Test manifold lacked verified restraint and pressure-release exclusion controls. Work was paused briefly and the issue was resolved. The issue was minor and was rectified before it affected the task.",0.013640838,0,Low
NM_0770,Maintenance yard,Internal tank inspection,"Before/during Internal tank inspection at Maintenance yard, Permit missing. Multiple workers were at risk of serious injury or fatality. Multiple critical barriers were ineffective, creating imminent serious-injury or fatality potential.",0.9579149,1,Critical
NM_0029,Field office area,Loading/unloading operations,"Before/during Loading/unloading operations at Field office area, No pre-entry gas test, attendant, rescue arrangement, or signed entry permit. The area was corrected immediately. No work stoppage was required as the risk was minimal.",0.008990432,0,Low
NM_0443,Maintenance yard,Forklift pallet handling,"Before/during Forklift pallet handling at Maintenance yard, Isolation not verified. The situation had credible potential for serious injury. The failed critical control created credible potential for serious injury; the task was stopped and reported to HSE.",0.06366297,0,Low
NM_0062,Drilling rig,Night driving to remote site,Inspection revealed Warning sign missing during Night driving to remote site at Drilling rig. No work stoppage was required. The issue was minor and was rectified before it affected the task.,0.022759803,0,Low
NM_0296,Pipeline ROW,Process unit startup/shutdown,"Shift crew reported that during Process unit startup/shutdown in Pipeline ROW, Gas testing was overdue and no dedicated fire watch was assigned. The job proceeded only after corrective measures. The task was paused, the control was restored, and the supervisor verified readiness before work resumed.",0.01707564,0,Low
NM_0236,Offshore platform,Confined space entry,"During Confined space entry at Offshore platform, Equipment defect. Work was stopped temporarily and resumed after verification. The task was paused, the control was restored, and the supervisor verified readiness before work resumed.",0.030638967,0,Low
