report_id,report_type,description_raw,description_clean,site,activity,barrier_failure,iogp_life_saving_rule,risk_level,sif_potential,case_basis
NM_0278,Near Miss,Inspection revealed Excavation edge was not barricaded and underground utility mark-out was incomplete during Scaffold modification at Truck loading bay. Work was paused until the issue was addressed. The supervisor reviewed the situation and approved continuation after correction.,Inspection revealed Excavation edge was not barricaded and underground utility mark-out was incomplete during Scaffold modification at Truck loading bay. Work was paused until the issue was addressed. The supervisor reviewed the situation and approved continuation after correction.,Truck loading bay,Scaffold modification,Excavation edge was not barricaded and underground utility mark-out was incomplete,Working at Height,Medium,0,Line-of-fire controls
NM_0343,Near Miss,"Before/during Lifting and rigging at Maintenance yard, Isolation not verified. Work was paused until the issue was addressed. The crew escalated the issue through the shift safety meeting and closed it before continuation.","Before/during Lifting and rigging at Maintenance yard, Isolation not verified. Work was paused until the issue was addressed. The crew escalated the issue through the shift safety meeting and closed it before continuation.",Maintenance yard,Lifting and rigging,Isolation not verified,Energy Isolation,Medium,0,Fall from height
NM_0231,Near Miss,"During Wellhead valve maintenance at Compressor station, Drain cover was open and combustible vapour testing was not documented. Work was stopped temporarily and resumed after verification. Work was temporarily halted pending verification of the control measure.","During Wellhead valve maintenance at Compressor station, Drain cover was open and combustible vapour testing was not documented. Work was stopped temporarily and resumed after verification. Work was temporarily halted pending verification of the control measure.",Compressor station,Wellhead valve maintenance,Drain cover was open and combustible vapour testing was not documented,Hot Work,Medium,0,Energy isolation controls
NM_0365,Near Miss,"Before/during Loading/unloading operations at LPG bottling plant, Lift plan missing. Work was paused until the issue was addressed. The supervisor reviewed the situation and approved continuation after correction.","Before/during Loading/unloading operations at LPG bottling plant, Lift plan missing. Work was paused until the issue was addressed. The supervisor reviewed the situation and approved continuation after correction.",LPG bottling plant,Loading/unloading operations,Lift plan missing,Safe Mechanical Lifting,Medium,0,Hydrostatic testing incident
NM_0162,Near Miss,"Near-miss observation: while performing Forklift pallet handling at Wellsite, the team found that Pneumatic energy isolation was not locked and residual pressure remained in the line. The area was corrected immediately. The condition was corrected during the routine inspection, with no exposure to hazardous energy.","Near-miss observation: while performing Forklift pallet handling at Wellsite, the team found that Pneumatic energy isolation was not locked and residual pressure remained in the line. The area was corrected immediately. The condition was corrected during the routine inspection, with no exposure to hazardous energy.",Wellsite,Forklift pallet handling,Pneumatic energy isolation was not locked and residual pressure remained in the line,Energy Isolation,Low,0,Furnace explosion precursor
NM_0694,Near Miss,"A Exclusion zone missing was identified during Process unit startup/shutdown at LPG bottling plant. Work was stopped urgently and emergency response was initiated. Multiple critical barriers were ineffective, creating imminent serious-injury or fatality potential.","A Exclusion zone missing was identified during Process unit startup/shutdown at LPG bottling plant. Work was stopped urgently and emergency response was initiated. Multiple critical barriers were ineffective, creating imminent serious-injury or fatality potential.",LPG bottling plant,Process unit startup/shutdown,Exclusion zone missing,Line of Fire,Critical,1,Hot-work controls
NM_0205,Near Miss,"Near-miss observation: while performing Lifting valve actuator at Gas processing unit, the team found that Atmosphere not tested. Work was paused until the issue was addressed. No one was exposed, but the observation required a documented corrective action.","Near-miss observation: while performing Lifting valve actuator at Gas processing unit, the team found that Atmosphere not tested. Work was paused until the issue was addressed. No one was exposed, but the observation required a documented corrective action.",Gas processing unit,Lifting valve actuator,Atmosphere not tested,Confined Space,Medium,0,Finger injury during handling
NM_0513,Near Miss,"During Sampling and testing at Refinery unit, Exclusion zone missing. Work was stopped due to potential serious injury risk. Work was halted due to high-risk exposure and corrective measures were implemented.","During Sampling and testing at Refinery unit, Exclusion zone missing. Work was stopped due to potential serious injury risk. Work was halted due to high-risk exposure and corrective measures were implemented.",Refinery unit,Sampling and testing,Exclusion zone missing,Line of Fire,High,1,Pinch-point controls
NM_0286,Near Miss,"Before/during Vessel entry preparation at LPG bottling plant, PPE not used. The job proceeded only after corrective measures. The supervisor reviewed the situation and approved continuation after correction.","Before/during Vessel entry preparation at LPG bottling plant, PPE not used. The job proceeded only after corrective measures. The supervisor reviewed the situation and approved continuation after correction.",LPG bottling plant,Vessel entry preparation,PPE not used,Confined Space,Medium,0,Pinch-point controls
NM_0464,Near Miss,A Spill containment missing was identified during Reversing vehicle operations at Drilling rig. The job was halted due to high-risk exposure. The failed critical control created credible potential for serious injury; the task was stopped and reported to HSE.,A Spill containment missing was identified during Reversing vehicle operations at Drilling rig. The job was halted due to high-risk exposure. The failed critical control created credible potential for serious injury; the task was stopped and reported to HSE.,Drilling rig,Reversing vehicle operations,Spill containment missing,Driving,High,1,Safety-control bypass
NM_0424,Near Miss,"Near-miss observation: while performing Electrical maintenance at Storage depot, the team found that Lift plan missing. Critical control failure was corrected before resuming work. A supervisor issued a stop-work intervention and required a formal control verification.","Near-miss observation: while performing Electrical maintenance at Storage depot, the team found that Lift plan missing. Critical control failure was corrected before resuming work. A supervisor issued a stop-work intervention and required a formal control verification.",Storage depot,Electrical maintenance,Lift plan missing,Energy Isolation,High,1,Forklift handling controls
NM_0412,Near Miss,"Near-miss observation: while performing Hot work (welding/grinding) at Process plant, the team found that Trip interlock was found bypassed during a production upset. Critical control failure was corrected before resuming work. A supervisor issued a stop-work intervention and required a formal control verification.","Near-miss observation: while performing Hot work (welding/grinding) at Process plant, the team found that Trip interlock was found bypassed during a production upset. Critical control failure was corrected before resuming work. A supervisor issued a stop-work intervention and required a formal control verification.",Process plant,Hot work (welding/grinding),Trip interlock was found bypassed during a production upset,Hot Work,High,1,Energy isolation controls
NM_0681,Near Miss,"During routine checks at Field office area, Fall arrest missing was observed during Valve maintenance. Multiple workers were at risk of serious injury or fatality. All personnel were evacuated and the area was secured pending full investigation.","During routine checks at Field office area, Fall arrest missing was observed during Valve maintenance. Multiple workers were at risk of serious injury or fatality. All personnel were evacuated and the area was secured pending full investigation.",Field office area,Valve maintenance,Fall arrest missing,Working at Height,Critical,1,Chemical-handling controls
NM_0420,Near Miss,"During routine checks at Tank farm, Electrical supply and process pressure isolation were not independently verified was observed during Lifting and rigging. The situation had credible potential for serious injury. Work was halted due to high-risk exposure and corrective measures were implemented.","During routine checks at Tank farm, Electrical supply and process pressure isolation were not independently verified was observed during Lifting and rigging. The situation had credible potential for serious injury. Work was halted due to high-risk exposure and corrective measures were implemented.",Tank farm,Lifting and rigging,Electrical supply and process pressure isolation were not independently verified,Safe Mechanical Lifting,High,1,SIMOPS controls
NM_0731,Near Miss,"Near-miss observation: while performing Scaffold modification at Pump station, the team found that Simultaneous operations were not recorded in the permit briefing. Actual exposure to hazardous conditions occurred. Multiple critical barriers were ineffective, creating imminent serious-injury or fatality potential.","Near-miss observation: while performing Scaffold modification at Pump station, the team found that Simultaneous operations were not recorded in the permit briefing. Actual exposure to hazardous conditions occurred. Multiple critical barriers were ineffective, creating imminent serious-injury or fatality potential.",Pump station,Scaffold modification,Simultaneous operations were not recorded in the permit briefing,Working at Height,Critical,1,Permit-to-work controls
NM_0210,Near Miss,"Before/during Compressor troubleshooting at Maintenance yard, Emergency access route was partly obstructed by temporary materials. Work was paused until the issue was addressed. The crew escalated the issue through the shift safety meeting and closed it before continuation.","Before/during Compressor troubleshooting at Maintenance yard, Emergency access route was partly obstructed by temporary materials. Work was paused until the issue was addressed. The crew escalated the issue through the shift safety meeting and closed it before continuation.",Maintenance yard,Compressor troubleshooting,Emergency access route was partly obstructed by temporary materials,None/Not Applicable,Medium,0,Line-of-fire controls
NM_0395,Near Miss,"A Work scope had changed but the permit and job safety analysis were not revalidated was identified during Wellhead valve maintenance at Refinery unit. The activity was delayed pending correction. No one was exposed, but the observation required a documented corrective action.","A Work scope had changed but the permit and job safety analysis were not revalidated was identified during Wellhead valve maintenance at Refinery unit. The activity was delayed pending correction. No one was exposed, but the observation required a documented corrective action.",Refinery unit,Wellhead valve maintenance,Work scope had changed but the permit and job safety analysis were not revalidated,Hot Work,Medium,0,Energy isolation incident
NM_0518,Near Miss,"Near-miss observation: while performing Sampling and testing at Truck loading bay, the team found that Lift plan, tag lines, and barricaded drop zone were not available. Critical control failure was corrected before resuming work. The situation had credible potential for serious injury and was escalated immediately.","Near-miss observation: while performing Sampling and testing at Truck loading bay, the team found that Lift plan, tag lines, and barricaded drop zone were not available. Critical control failure was corrected before resuming work. The situation had credible potential for serious injury and was escalated immediately.",Truck loading bay,Sampling and testing,"Lift plan, tag lines, and barricaded drop zone were not available",Safe Mechanical Lifting,High,1,Finger injury during handling
NM_0581,Near Miss,"Near-miss observation: while performing Instrument calibration at LPG bottling plant, the team found that Tool inspection missing. Critical control failure was corrected before resuming work. A supervisor issued a stop-work intervention and required a formal control verification.","Near-miss observation: while performing Instrument calibration at LPG bottling plant, the team found that Tool inspection missing. Critical control failure was corrected before resuming work. A supervisor issued a stop-work intervention and required a formal control verification.",LPG bottling plant,Instrument calibration,Tool inspection missing,Confined Space,High,1,Process fire precursor
NM_0566,Near Miss,"Shift crew reported that during Pump seal replacement in Gas processing unit, Simultaneous operations were not recorded in the permit briefing. The job was halted due to high-risk exposure. The situation had credible potential for serious injury and was escalated immediately.","Shift crew reported that during Pump seal replacement in Gas processing unit, Simultaneous operations were not recorded in the permit briefing. The job was halted due to high-risk exposure. The situation had credible potential for serious injury and was escalated immediately.",Gas processing unit,Pump seal replacement,Simultaneous operations were not recorded in the permit briefing,None/Not Applicable,High,1,Confined-space entry controls
NM_0102,Near Miss,"Shift crew reported that during Excavation work in Pump station, Lift plan missing. No work stoppage was required. No work stoppage was required as the risk was minimal.","Shift crew reported that during Excavation work in Pump station, Lift plan missing. No work stoppage was required. No work stoppage was required as the risk was minimal.",Pump station,Excavation work,Lift plan missing,Safe Mechanical Lifting,Low,0,Hot work incident
NM_0631,Near Miss,"During routine checks at Field office area, Emergency access route was partly obstructed by temporary materials was observed during Scaffolding work. Work was stopped urgently and emergency response was initiated. The situation had imminent potential for fatality and was escalated immediately.","During routine checks at Field office area, Emergency access route was partly obstructed by temporary materials was observed during Scaffolding work. Work was stopped urgently and emergency response was initiated. The situation had imminent potential for fatality and was escalated immediately.",Field office area,Scaffolding work,Emergency access route was partly obstructed by temporary materials,Working at Height,Critical,1,Hot work incident
NM_0408,Near Miss,"Before/during Scaffold modification at Truck loading bay, Lockout-tagout missing. The situation had credible potential for serious injury. Personnel were close to hazardous energy exposure, so the area was secured pending investigation.","Before/during Scaffold modification at Truck loading bay, Lockout-tagout missing. The situation had credible potential for serious injury. Personnel were close to hazardous energy exposure, so the area was secured pending investigation.",Truck loading bay,Scaffold modification,Lockout-tagout missing,Energy Isolation,High,1,Energy isolation controls
NM_0492,Near Miss,Inspection revealed Guard missing during Housekeeping inspection at Pipeline ROW. Critical control failure was corrected before resuming work. The situation had credible potential for serious injury and was escalated immediately.,Inspection revealed Guard missing during Housekeeping inspection at Pipeline ROW. Critical control failure was corrected before resuming work. The situation had credible potential for serious injury and was escalated immediately.,Pipeline ROW,Housekeeping inspection,Guard missing,None/Not Applicable,High,1,Vehicle collision precursor
NM_0070,Near Miss,"Shift crew reported that during Hot work (welding/grinding) in LPG bottling plant, Lift plan, tag lines, and barricaded drop zone were not available. Corrective action was taken on the spot. The observation was logged and addressed during the same shift.","Shift crew reported that during Hot work (welding/grinding) in LPG bottling plant, Lift plan, tag lines, and barricaded drop zone were not available. Corrective action was taken on the spot. The observation was logged and addressed during the same shift.",LPG bottling plant,Hot work (welding/grinding),"Lift plan, tag lines, and barricaded drop zone were not available",Hot Work,Low,0,Energy isolation incident
NM_0203,Near Miss,"During routine checks at Field office area, Exclusion zone missing was observed during Emergency valve servicing. The supervisor reviewed and approved continuation after correction. The task was paused, the control was restored, and the supervisor verified readiness before work resumed.","During routine checks at Field office area, Exclusion zone missing was observed during Emergency valve servicing. The supervisor reviewed and approved continuation after correction. The task was paused, the control was restored, and the supervisor verified readiness before work resumed.",Field office area,Emergency valve servicing,Exclusion zone missing,Line of Fire,Medium,0,Slip/trip/fall incident
NM_0471,Near Miss,"During Pump seal replacement at Wellsite, Atmosphere not tested. The situation had credible potential for serious injury. A supervisor issued a stop-work intervention and required a formal control verification.","During Pump seal replacement at Wellsite, Atmosphere not tested. The situation had credible potential for serious injury. A supervisor issued a stop-work intervention and required a formal control verification.",Wellsite,Pump seal replacement,Atmosphere not tested,Confined Space,High,1,Pressure-testing controls
NM_0172,Near Miss,A Trip interlock was found bypassed during a production upset was identified during Pipe spool welding at Storage depot. Work was paused briefly and the issue was resolved. The issue was minor and was rectified before it affected the task.,A Trip interlock was found bypassed during a production upset was identified during Pipe spool welding at Storage depot. Work was paused briefly and the issue was resolved. The issue was minor and was rectified before it affected the task.,Storage depot,Pipe spool welding,Trip interlock was found bypassed during a production upset,Hot Work,Low,0,Energy isolation incident
NM_0249,Near Miss,"Shift crew reported that during Scaffolding work in LPG bottling plant, Simultaneous operations were not recorded in the permit briefing. The activity was delayed pending correction. Work was temporarily halted pending verification of the control measure.","Shift crew reported that during Scaffolding work in LPG bottling plant, Simultaneous operations were not recorded in the permit briefing. The activity was delayed pending correction. Work was temporarily halted pending verification of the control measure.",LPG bottling plant,Scaffolding work,Simultaneous operations were not recorded in the permit briefing,Working at Height,Medium,0,Excavation controls
NM_0578,Near Miss,Inspection revealed Spill containment missing during Internal tank inspection at Storage tank. Critical control failure was corrected before resuming work. A supervisor issued a stop-work intervention and required a formal control verification.,Inspection revealed Spill containment missing during Internal tank inspection at Storage tank. Critical control failure was corrected before resuming work. A supervisor issued a stop-work intervention and required a formal control verification.,Storage tank,Internal tank inspection,Spill containment missing,Confined Space,High,1,Chemical-handling controls
NM_0485,Near Miss,"Before/during Drilling operations at Offshore platform, Emergency response delayed. The situation had credible potential for serious injury. Personnel were close to hazardous energy exposure, so the area was secured pending investigation.","Before/during Drilling operations at Offshore platform, Emergency response delayed. The situation had credible potential for serious injury. Personnel were close to hazardous energy exposure, so the area was secured pending investigation.",Offshore platform,Drilling operations,Emergency response delayed,Working at Height,High,1,Maintenance fabrication fire
NM_0520,Near Miss,Inspection revealed Drain cover was open and combustible vapour testing was not documented during Sampling and testing at Drilling rig. Work was stopped due to potential serious injury risk. The failed critical control created credible potential for serious injury; the task was stopped and reported to HSE.,Inspection revealed Drain cover was open and combustible vapour testing was not documented during Sampling and testing at Drilling rig. Work was stopped due to potential serious injury risk. The failed critical control created credible potential for serious injury; the task was stopped and reported to HSE.,Drilling rig,Sampling and testing,Drain cover was open and combustible vapour testing was not documented,Hot Work,High,1,Lifting/crane incident
NM_0563,Near Miss,A Line was not depressurised and workers were positioned in the potential release path was identified during Hot work (welding/grinding) at Drilling rig. Critical control failure was corrected before resuming work. A supervisor issued a stop-work intervention and required a formal control verification.,A Line was not depressurised and workers were positioned in the potential release path was identified during Hot work (welding/grinding) at Drilling rig. Critical control failure was corrected before resuming work. A supervisor issued a stop-work intervention and required a formal control verification.,Drilling rig,Hot work (welding/grinding),Line was not depressurised and workers were positioned in the potential release path,Hot Work,High,1,Pinch-point controls
NM_0100,Near Miss,"During Night driving to remote site at Offshore platform, Drain cover was open and combustible vapour testing was not documented. Corrective action was taken on the spot. The team recorded the observation and completed immediate housekeeping correction.","During Night driving to remote site at Offshore platform, Drain cover was open and combustible vapour testing was not documented. Corrective action was taken on the spot. The team recorded the observation and completed immediate housekeeping correction.",Offshore platform,Night driving to remote site,Drain cover was open and combustible vapour testing was not documented,Hot Work,Low,0,Forklift handling controls
NM_0430,Near Miss,"During routine checks at Gas processing unit, Gas testing was overdue and no dedicated fire watch was assigned was observed during Scaffold modification. The activity was stopped as it could have resulted in serious harm. Work was halted due to high-risk exposure and corrective measures were implemented.","During routine checks at Gas processing unit, Gas testing was overdue and no dedicated fire watch was assigned was observed during Scaffold modification. The activity was stopped as it could have resulted in serious harm. Work was halted due to high-risk exposure and corrective measures were implemented.",Gas processing unit,Scaffold modification,Gas testing was overdue and no dedicated fire watch was assigned,Confined Space,High,1,Confined space entry incident
NM_0399,Near Miss,"During Chemical sampling at Compressor station, Open edge protection and full-body harness anchorage were unavailable. The job proceeded only after corrective measures. Work was temporarily halted pending verification of the control measure.","During Chemical sampling at Compressor station, Open edge protection and full-body harness anchorage were unavailable. The job proceeded only after corrective measures. Work was temporarily halted pending verification of the control measure.",Compressor station,Chemical sampling,Open edge protection and full-body harness anchorage were unavailable,Working at Height,Medium,0,LPG release incident
NM_0558,Near Miss,"During Drilling operations at Wellsite, Fall arrest missing. The job was halted due to high-risk exposure. Work was halted due to high-risk exposure and corrective measures were implemented.","During Drilling operations at Wellsite, Fall arrest missing. The job was halted due to high-risk exposure. Work was halted due to high-risk exposure and corrective measures were implemented.",Wellsite,Drilling operations,Fall arrest missing,Working at Height,High,1,LPG release incident
NM_0488,Near Miss,"A Simultaneous operations were not recorded in the permit briefing was identified during Internal tank inspection at Refinery unit. The situation had credible potential for serious injury. Personnel were close to hazardous energy exposure, so the area was secured pending investigation.","A Simultaneous operations were not recorded in the permit briefing was identified during Internal tank inspection at Refinery unit. The situation had credible potential for serious injury. Personnel were close to hazardous energy exposure, so the area was secured pending investigation.",Refinery unit,Internal tank inspection,Simultaneous operations were not recorded in the permit briefing,Confined Space,High,1,LPG release incident
NM_0317,Near Miss,"Near-miss observation: while performing Chemical sampling at Drilling rig, the team found that Drain cover was open and combustible vapour testing was not documented. The supervisor reviewed and approved continuation after correction. The supervisor reviewed the situation and approved continuation after correction.","Near-miss observation: while performing Chemical sampling at Drilling rig, the team found that Drain cover was open and combustible vapour testing was not documented. The supervisor reviewed and approved continuation after correction. The supervisor reviewed the situation and approved continuation after correction.",Drilling rig,Chemical sampling,Drain cover was open and combustible vapour testing was not documented,Hot Work,Medium,0,Fall from height
NM_0199,Near Miss,"Before/during Reversing vehicle operations at Refinery unit, No pre-entry gas test, attendant, rescue arrangement, or signed entry permit. The area was corrected immediately. The team recorded the observation and completed immediate housekeeping correction.","Before/during Reversing vehicle operations at Refinery unit, No pre-entry gas test, attendant, rescue arrangement, or signed entry permit. The area was corrected immediately. The team recorded the observation and completed immediate housekeeping correction.",Refinery unit,Reversing vehicle operations,"No pre-entry gas test, attendant, rescue arrangement, or signed entry permit",Confined Space,Low,0,Vehicle-movement controls
NM_0789,Near Miss,"Shift crew reported that during Hot work (welding/grinding) in Drilling rig, Open edge protection and full-body harness anchorage were unavailable. Actual exposure to hazardous conditions occurred. The condition presented immediate potentially fatal exposure; operations were stopped, the area was isolated, and emergency escalation began.","Shift crew reported that during Hot work (welding/grinding) in Drilling rig, Open edge protection and full-body harness anchorage were unavailable. Actual exposure to hazardous conditions occurred. The condition presented immediate potentially fatal exposure; operations were stopped, the area was isolated, and emergency escalation began.",Drilling rig,Hot work (welding/grinding),Open edge protection and full-body harness anchorage were unavailable,Hot Work,Critical,1,Equipment failure incident
NM_0504,Near Miss,"Inspection revealed Guard missing during Crude transfer vehicle movement at Storage depot. Work was stopped due to potential serious injury risk. Personnel were close to hazardous energy exposure, so the area was secured pending investigation.","Inspection revealed Guard missing during Crude transfer vehicle movement at Storage depot. Work was stopped due to potential serious injury risk. Personnel were close to hazardous energy exposure, so the area was secured pending investigation.",Storage depot,Crude transfer vehicle movement,Guard missing,Energy Isolation,High,1,Lifting/crane incident
NM_0621,Near Miss,"During routine checks at Process plant, Damaged pallet and unstable load were being raised without a spotter was observed during Vehicle movement. Multiple workers were at risk of serious injury or fatality. The condition presented immediate potentially fatal exposure; operations were stopped, the area was isolated, and emergency escalation began.","During routine checks at Process plant, Damaged pallet and unstable load were being raised without a spotter was observed during Vehicle movement. Multiple workers were at risk of serious injury or fatality. The condition presented immediate potentially fatal exposure; operations were stopped, the area was isolated, and emergency escalation began.",Process plant,Vehicle movement,Damaged pallet and unstable load were being raised without a spotter,Driving,Critical,1,Energy isolation controls
NM_0474,Near Miss,A Driver fatigue screening and journey-management check were incomplete was identified during Excavation work at Pipeline ROW. Critical control failure was corrected before resuming work. The situation had credible potential for serious injury and was escalated immediately.,A Driver fatigue screening and journey-management check were incomplete was identified during Excavation work at Pipeline ROW. Critical control failure was corrected before resuming work. The situation had credible potential for serious injury and was escalated immediately.,Pipeline ROW,Excavation work,Driver fatigue screening and journey-management check were incomplete,Line of Fire,High,1,Wellsite fatality precursor
NM_0500,Near Miss,"A No pre-entry gas test, attendant, rescue arrangement, or signed entry permit was identified during Pressure vessel testing at Storage depot. The situation had credible potential for serious injury. The failed critical control created credible potential for serious injury; the task was stopped and reported to HSE.","A No pre-entry gas test, attendant, rescue arrangement, or signed entry permit was identified during Pressure vessel testing at Storage depot. The situation had credible potential for serious injury. The failed critical control created credible potential for serious injury; the task was stopped and reported to HSE.",Storage depot,Pressure vessel testing,"No pre-entry gas test, attendant, rescue arrangement, or signed entry permit",Confined Space,High,1,Energy isolation controls
NM_0010,Near Miss,A Scaffold was altered without inspection tag and toe boards were missing was identified during Hydrostatic pressure test at Compressor station. Corrective action was taken on the spot. No work stoppage was required as the risk was minimal.,A Scaffold was altered without inspection tag and toe boards were missing was identified during Hydrostatic pressure test at Compressor station. Corrective action was taken on the spot. No work stoppage was required as the risk was minimal.,Compressor station,Hydrostatic pressure test,Scaffold was altered without inspection tag and toe boards were missing,Driving,Low,0,Scaffold controls
NM_0042,Near Miss,Inspection revealed Spill containment missing during Confined space entry at Field office area. No work stoppage was required. The team recorded the observation and completed immediate housekeeping correction.,Inspection revealed Spill containment missing during Confined space entry at Field office area. No work stoppage was required. The team recorded the observation and completed immediate housekeeping correction.,Field office area,Confined space entry,Spill containment missing,Confined Space,Low,0,SIMOPS controls
NM_0591,Near Miss,A Driver fatigue screening and journey-management check were incomplete was identified during Valve maintenance at Gas processing unit. The activity was stopped as it could have resulted in serious harm. The failed critical control created credible potential for serious injury; the task was stopped and reported to HSE.,A Driver fatigue screening and journey-management check were incomplete was identified during Valve maintenance at Gas processing unit. The activity was stopped as it could have resulted in serious harm. The failed critical control created credible potential for serious injury; the task was stopped and reported to HSE.,Gas processing unit,Valve maintenance,Driver fatigue screening and journey-management check were incomplete,Driving,High,1,Forklift handling controls
NM_0776,Near Miss,"A Permit missing was identified during Pipe spool welding at Truck loading bay. The situation had imminent potential for fatality and was escalated immediately. Multiple critical barriers were ineffective, creating imminent serious-injury or fatality potential.","A Permit missing was identified during Pipe spool welding at Truck loading bay. The situation had imminent potential for fatality and was escalated immediately. Multiple critical barriers were ineffective, creating imminent serious-injury or fatality potential.",Truck loading bay,Pipe spool welding,Permit missing,Hot Work,Critical,1,Furnace explosion precursor
NM_0230,Near Miss,"Near-miss observation: while performing Emergency valve servicing at Wellsite, the team found that Electrical supply and process pressure isolation were not independently verified. The supervisor reviewed and approved continuation after correction. The supervisor reviewed the situation and approved continuation after correction.","Near-miss observation: while performing Emergency valve servicing at Wellsite, the team found that Electrical supply and process pressure isolation were not independently verified. The supervisor reviewed and approved continuation after correction. The supervisor reviewed the situation and approved continuation after correction.",Wellsite,Emergency valve servicing,Electrical supply and process pressure isolation were not independently verified,Confined Space,Medium,0,Hot-work controls
NM_0039,Near Miss,"During routine checks at Field office area, Electrical supply and process pressure isolation were not independently verified was observed during LPG bottling operations. The team corrected it without delay. The observation was logged and addressed during the same shift.","During routine checks at Field office area, Electrical supply and process pressure isolation were not independently verified was observed during LPG bottling operations. The team corrected it without delay. The observation was logged and addressed during the same shift.",Field office area,LPG bottling operations,Electrical supply and process pressure isolation were not independently verified,Hot Work,Low,0,Maintenance fabrication fire
NM_0539,Near Miss,"During Valve maintenance at LPG bottling plant, Exclusion zone missing. The job was halted due to high-risk exposure. A supervisor issued a stop-work intervention and required a formal control verification.","During Valve maintenance at LPG bottling plant, Exclusion zone missing. The job was halted due to high-risk exposure. A supervisor issued a stop-work intervention and required a formal control verification.",LPG bottling plant,Valve maintenance,Exclusion zone missing,Line of Fire,High,1,Electrical shock precursor
NM_0086,Near Miss,"Near-miss observation: while performing Compressor troubleshooting at Offshore platform, the team found that Communication failure. No work stoppage was required. The team recorded the observation and completed immediate housekeeping correction.","Near-miss observation: while performing Compressor troubleshooting at Offshore platform, the team found that Communication failure. No work stoppage was required. The team recorded the observation and completed immediate housekeeping correction.",Offshore platform,Compressor troubleshooting,Communication failure,Work Authorization,Low,0,Process fire precursor
NM_0011,Near Miss,"During routine checks at Process plant, Permit missing was observed during Scaffold modification. No work stoppage was required. The issue was minor and was rectified before it affected the task.","During routine checks at Process plant, Permit missing was observed during Scaffold modification. No work stoppage was required. The issue was minor and was rectified before it affected the task.",Process plant,Scaffold modification,Permit missing,Working at Height,Low,0,LPG release incident
NM_0532,Near Miss,"Near-miss observation: while performing Lifting and rigging at LPG bottling plant, the team found that Exclusion zone missing. The job was halted due to high-risk exposure. The situation had credible potential for serious injury and was escalated immediately.","Near-miss observation: while performing Lifting and rigging at LPG bottling plant, the team found that Exclusion zone missing. The job was halted due to high-risk exposure. The situation had credible potential for serious injury and was escalated immediately.",LPG bottling plant,Lifting and rigging,Exclusion zone missing,Safe Mechanical Lifting,High,1,Confined-space entry controls
NM_0327,Near Miss,"Before/during Confined space entry at Pipeline ROW, Reversing was attempted without a banksman and pedestrian segregation. Work was stopped temporarily and resumed after verification. Work was temporarily halted pending verification of the control measure.","Before/during Confined space entry at Pipeline ROW, Reversing was attempted without a banksman and pedestrian segregation. Work was stopped temporarily and resumed after verification. Work was temporarily halted pending verification of the control measure.",Pipeline ROW,Confined space entry,Reversing was attempted without a banksman and pedestrian segregation,Confined Space,Medium,0,Journey-management controls
NM_0268,Near Miss,"During Hydrostatic pressure test at Wellsite, Tool inspection missing. The supervisor reviewed and approved continuation after correction. Work was temporarily halted pending verification of the control measure.","During Hydrostatic pressure test at Wellsite, Tool inspection missing. The supervisor reviewed and approved continuation after correction. Work was temporarily halted pending verification of the control measure.",Wellsite,Hydrostatic pressure test,Tool inspection missing,Work Authorization,Medium,0,SIMOPS controls
NM_0202,Near Miss,"During Pipe spool welding at Compressor station, Gas testing was overdue and no dedicated fire watch was assigned. The activity was delayed pending correction. Work was temporarily halted pending verification of the control measure.","During Pipe spool welding at Compressor station, Gas testing was overdue and no dedicated fire watch was assigned. The activity was delayed pending correction. Work was temporarily halted pending verification of the control measure.",Compressor station,Pipe spool welding,Gas testing was overdue and no dedicated fire watch was assigned,Confined Space,Medium,0,Line-of-fire controls
NM_0576,Near Miss,"During Pump maintenance at LPG bottling plant, Communication failure. The activity was stopped as it could have resulted in serious harm. Personnel were close to hazardous energy exposure, so the area was secured pending investigation.","During Pump maintenance at LPG bottling plant, Communication failure. The activity was stopped as it could have resulted in serious harm. Personnel were close to hazardous energy exposure, so the area was secured pending investigation.",LPG bottling plant,Pump maintenance,Communication failure,None/Not Applicable,High,1,Vehicle collision precursor
NM_0467,Near Miss,Inspection revealed Procedure not followed during Drilling operations at Compressor station. The situation had credible potential for serious injury. The situation had credible potential for serious injury and was escalated immediately.,Inspection revealed Procedure not followed during Drilling operations at Compressor station. The situation had credible potential for serious injury. The situation had credible potential for serious injury and was escalated immediately.,Compressor station,Drilling operations,Procedure not followed,Work Authorization,High,1,Vehicle collision precursor
NM_0564,Near Miss,Inspection revealed Damaged pallet and unstable load were being raised without a spotter during Internal tank inspection at Storage depot. The job was halted due to high-risk exposure. A supervisor issued a stop-work intervention and required a formal control verification.,Inspection revealed Damaged pallet and unstable load were being raised without a spotter during Internal tank inspection at Storage depot. The job was halted due to high-risk exposure. A supervisor issued a stop-work intervention and required a formal control verification.,Storage depot,Internal tank inspection,Damaged pallet and unstable load were being raised without a spotter,Confined Space,High,1,Process fire precursor
NM_0081,Near Miss,"Near-miss observation: while performing Hydrostatic pressure test at Refinery unit, the team found that Emergency response delayed. Corrective action was taken on the spot. The issue was minor and was rectified before it affected the task.","Near-miss observation: while performing Hydrostatic pressure test at Refinery unit, the team found that Emergency response delayed. Corrective action was taken on the spot. The issue was minor and was rectified before it affected the task.",Refinery unit,Hydrostatic pressure test,Emergency response delayed,Work Authorization,Low,0,Vehicle-movement controls
NM_0677,Near Miss,"During Pressure vessel testing at Truck loading bay, No pre-entry gas test, attendant, rescue arrangement, or signed entry permit. Multiple workers were at risk of serious injury or fatality. All personnel were evacuated and the area was secured pending full investigation.","During Pressure vessel testing at Truck loading bay, No pre-entry gas test, attendant, rescue arrangement, or signed entry permit. Multiple workers were at risk of serious injury or fatality. All personnel were evacuated and the area was secured pending full investigation.",Truck loading bay,Pressure vessel testing,"No pre-entry gas test, attendant, rescue arrangement, or signed entry permit",Confined Space,Critical,1,Energy isolation incident
NM_0546,Near Miss,Inspection revealed Isolation not verified during Well intervention at Truck loading bay. The job was halted due to high-risk exposure. Work was halted due to high-risk exposure and corrective measures were implemented.,Inspection revealed Isolation not verified during Well intervention at Truck loading bay. The job was halted due to high-risk exposure. Work was halted due to high-risk exposure and corrective measures were implemented.,Truck loading bay,Well intervention,Isolation not verified,Energy Isolation,High,1,Journey-management controls
NM_0090,Near Miss,Inspection revealed Electrical supply and process pressure isolation were not independently verified during Pipe spool welding at Drilling rig. The area was corrected immediately. No work stoppage was required as the risk was minimal.,Inspection revealed Electrical supply and process pressure isolation were not independently verified during Pipe spool welding at Drilling rig. The area was corrected immediately. No work stoppage was required as the risk was minimal.,Drilling rig,Pipe spool welding,Electrical supply and process pressure isolation were not independently verified,Hot Work,Low,0,Vehicle collision precursor
NM_0033,Near Miss,"Near-miss observation: while performing Compressor troubleshooting at Storage depot, the team found that Supervision absent. The team corrected it without delay. The condition was corrected during the routine inspection, with no exposure to hazardous energy.","Near-miss observation: while performing Compressor troubleshooting at Storage depot, the team found that Supervision absent. The team corrected it without delay. The condition was corrected during the routine inspection, with no exposure to hazardous energy.",Storage depot,Compressor troubleshooting,Supervision absent,Bypassing Safety Controls,Low,0,Hot work incident
NM_0094,Near Miss,"During Manual handling of tubulars at Gas processing unit, Lift plan missing. No work stoppage was required. The team recorded the observation and completed immediate housekeeping correction.","During Manual handling of tubulars at Gas processing unit, Lift plan missing. No work stoppage was required. The team recorded the observation and completed immediate housekeeping correction.",Gas processing unit,Manual handling of tubulars,Lift plan missing,Safe Mechanical Lifting,Low,0,SIMOPS controls
NM_0503,Near Miss,"Near-miss observation: while performing Drilling operations at Compressor station, the team found that No pre-entry gas test, attendant, rescue arrangement, or signed entry permit. The job was halted due to high-risk exposure. The situation had credible potential for serious injury and was escalated immediately.","Near-miss observation: while performing Drilling operations at Compressor station, the team found that No pre-entry gas test, attendant, rescue arrangement, or signed entry permit. The job was halted due to high-risk exposure. The situation had credible potential for serious injury and was escalated immediately.",Compressor station,Drilling operations,"No pre-entry gas test, attendant, rescue arrangement, or signed entry permit",Confined Space,High,1,Wellsite fatality precursor
NM_0687,Near Miss,"Before/during Compressor troubleshooting at Offshore platform, No pre-entry gas test, attendant, rescue arrangement, or signed entry permit. The situation had imminent potential for fatality and was escalated immediately. Multiple critical barriers were ineffective, creating imminent serious-injury or fatality potential.","Before/during Compressor troubleshooting at Offshore platform, No pre-entry gas test, attendant, rescue arrangement, or signed entry permit. The situation had imminent potential for fatality and was escalated immediately. Multiple critical barriers were ineffective, creating imminent serious-injury or fatality potential.",Offshore platform,Compressor troubleshooting,"No pre-entry gas test, attendant, rescue arrangement, or signed entry permit",Confined Space,Critical,1,Finger injury during handling
NM_0535,Near Miss,"Before/during Wellhead valve maintenance at Truck loading bay, Electrical supply and process pressure isolation were not independently verified. The situation had credible potential for serious injury. Work was halted due to high-risk exposure and corrective measures were implemented.","Before/during Wellhead valve maintenance at Truck loading bay, Electrical supply and process pressure isolation were not independently verified. The situation had credible potential for serious injury. Work was halted due to high-risk exposure and corrective measures were implemented.",Truck loading bay,Wellhead valve maintenance,Electrical supply and process pressure isolation were not independently verified,Work Authorization,High,1,Fall from height
NM_0729,Near Miss,"During Hydrostatic pressure test at Field office area, Gas testing was overdue and no dedicated fire watch was assigned. Work was stopped urgently and emergency response was initiated. Personnel were moved to a safe location and the event was treated as a high-potential near miss.","During Hydrostatic pressure test at Field office area, Gas testing was overdue and no dedicated fire watch was assigned. Work was stopped urgently and emergency response was initiated. Personnel were moved to a safe location and the event was treated as a high-potential near miss.",Field office area,Hydrostatic pressure test,Gas testing was overdue and no dedicated fire watch was assigned,Confined Space,Critical,1,Pressure-testing controls
NM_0305,Near Miss,"During routine checks at Offshore platform, Fall arrest missing was observed during Crude transfer vehicle movement. The job proceeded only after corrective measures. The supervisor reviewed the situation and approved continuation after correction.","During routine checks at Offshore platform, Fall arrest missing was observed during Crude transfer vehicle movement. The job proceeded only after corrective measures. The supervisor reviewed the situation and approved continuation after correction.",Offshore platform,Crude transfer vehicle movement,Fall arrest missing,Working at Height,Medium,0,Forklift handling controls
NM_0098,Near Miss,Inspection revealed Exclusion zone missing during Valve maintenance at Storage depot. Work was paused briefly and the issue was resolved. The observation was logged and addressed during the same shift.,Inspection revealed Exclusion zone missing during Valve maintenance at Storage depot. Work was paused briefly and the issue was resolved. The observation was logged and addressed during the same shift.,Storage depot,Valve maintenance,Exclusion zone missing,Line of Fire,Low,0,Scaffold controls
NM_0176,Near Miss,"During routine checks at Maintenance yard, Work scope had changed but the permit and job safety analysis were not revalidated was observed during Loading/unloading operations. Work was paused briefly and the issue was resolved. The observation was logged and addressed during the same shift.","During routine checks at Maintenance yard, Work scope had changed but the permit and job safety analysis were not revalidated was observed during Loading/unloading operations. Work was paused briefly and the issue was resolved. The observation was logged and addressed during the same shift.",Maintenance yard,Loading/unloading operations,Work scope had changed but the permit and job safety analysis were not revalidated,Bypassing Safety Controls,Low,0,Slip/trip/fall incident
NM_0775,Near Miss,"During routine checks at Compressor station, Communication failure was observed during LPG bottling operations. Multiple workers were at risk of serious injury or fatality. The condition presented immediate potentially fatal exposure; operations were stopped, the area was isolated, and emergency escalation began.","During routine checks at Compressor station, Communication failure was observed during LPG bottling operations. Multiple workers were at risk of serious injury or fatality. The condition presented immediate potentially fatal exposure; operations were stopped, the area was isolated, and emergency escalation began.",Compressor station,LPG bottling operations,Communication failure,Confined Space,Critical,1,Vehicle-movement controls
NM_0309,Near Miss,"Shift crew reported that during Wellhead valve maintenance in Storage depot, Lockout-tagout missing. The activity was delayed pending correction. Work was temporarily halted pending verification of the control measure.","Shift crew reported that during Wellhead valve maintenance in Storage depot, Lockout-tagout missing. The activity was delayed pending correction. Work was temporarily halted pending verification of the control measure.",Storage depot,Wellhead valve maintenance,Lockout-tagout missing,Energy Isolation,Medium,0,Pressure testing incident
NM_0376,Near Miss,"Shift crew reported that during Chemical sampling in Storage depot, Gas testing was overdue and no dedicated fire watch was assigned. The activity was delayed pending correction. Work was temporarily halted pending verification of the control measure.","Shift crew reported that during Chemical sampling in Storage depot, Gas testing was overdue and no dedicated fire watch was assigned. The activity was delayed pending correction. Work was temporarily halted pending verification of the control measure.",Storage depot,Chemical sampling,Gas testing was overdue and no dedicated fire watch was assigned,Confined Space,Medium,0,Permit-to-work controls
NM_0794,Near Miss,"During routine checks at Compressor station, Emergency access route was partly obstructed by temporary materials was observed during Pipeline inspection. Actual exposure to hazardous conditions occurred. Multiple critical barriers were ineffective, creating imminent serious-injury or fatality potential.","During routine checks at Compressor station, Emergency access route was partly obstructed by temporary materials was observed during Pipeline inspection. Actual exposure to hazardous conditions occurred. Multiple critical barriers were ineffective, creating imminent serious-injury or fatality potential.",Compressor station,Pipeline inspection,Emergency access route was partly obstructed by temporary materials,None/Not Applicable,Critical,1,Equipment failure incident
NM_0652,Near Miss,"Inspection revealed PPE not used during Loading/unloading operations at Pipeline ROW. Actual exposure to hazardous conditions occurred. Multiple critical barriers were ineffective, creating imminent serious-injury or fatality potential.","Inspection revealed PPE not used during Loading/unloading operations at Pipeline ROW. Actual exposure to hazardous conditions occurred. Multiple critical barriers were ineffective, creating imminent serious-injury or fatality potential.",Pipeline ROW,Loading/unloading operations,PPE not used,Work Authorization,Critical,1,Finger injury during handling
NM_0428,Near Miss,"Before/during Tank farm operations at Compressor station, Electrical supply and process pressure isolation were not independently verified. The job was halted due to high-risk exposure. The situation had credible potential for serious injury and was escalated immediately.","Before/during Tank farm operations at Compressor station, Electrical supply and process pressure isolation were not independently verified. The job was halted due to high-risk exposure. The situation had credible potential for serious injury and was escalated immediately.",Compressor station,Tank farm operations,Electrical supply and process pressure isolation were not independently verified,Confined Space,High,1,Hot-work controls
NM_0340,Near Miss,"Shift crew reported that during Scaffolding work in Storage depot, Exclusion zone missing. The supervisor reviewed and approved continuation after correction. Work was temporarily halted pending verification of the control measure.","Shift crew reported that during Scaffolding work in Storage depot, Exclusion zone missing. The supervisor reviewed and approved continuation after correction. Work was temporarily halted pending verification of the control measure.",Storage depot,Scaffolding work,Exclusion zone missing,Working at Height,Medium,0,Emergency-access controls
NM_0155,Near Miss,"During routine checks at Process plant, PPE not used was observed during Pipe spool welding. No work stoppage was required. The observation was logged and addressed during the same shift.","During routine checks at Process plant, PPE not used was observed during Pipe spool welding. No work stoppage was required. The observation was logged and addressed during the same shift.",Process plant,Pipe spool welding,PPE not used,Hot Work,Low,0,Equipment failure incident
NM_0614,Near Miss,"Shift crew reported that during Loading/unloading operations in Process plant, Scaffold was altered without inspection tag and toe boards were missing. All personnel were evacuated. Multiple critical barriers were ineffective, creating imminent serious-injury or fatality potential.","Shift crew reported that during Loading/unloading operations in Process plant, Scaffold was altered without inspection tag and toe boards were missing. All personnel were evacuated. Multiple critical barriers were ineffective, creating imminent serious-injury or fatality potential.",Process plant,Loading/unloading operations,Scaffold was altered without inspection tag and toe boards were missing,None/Not Applicable,Critical,1,Electrical shock precursor
NM_0152,Near Miss,"Before/during Equipment maintenance at Storage depot, Lift plan, tag lines, and barricaded drop zone were not available. No work stoppage was required. The condition was corrected during the routine inspection, with no exposure to hazardous energy.","Before/during Equipment maintenance at Storage depot, Lift plan, tag lines, and barricaded drop zone were not available. No work stoppage was required. The condition was corrected during the routine inspection, with no exposure to hazardous energy.",Storage depot,Equipment maintenance,"Lift plan, tag lines, and barricaded drop zone were not available",Safe Mechanical Lifting,Low,0,Hot-work controls
NM_0456,Near Miss,"Shift crew reported that during Confined space entry in Process plant, Pneumatic energy isolation was not locked and residual pressure remained in the line. The activity was stopped as it could have resulted in serious harm. The situation had credible potential for serious injury and was escalated immediately.","Shift crew reported that during Confined space entry in Process plant, Pneumatic energy isolation was not locked and residual pressure remained in the line. The activity was stopped as it could have resulted in serious harm. The situation had credible potential for serious injury and was escalated immediately.",Process plant,Confined space entry,Pneumatic energy isolation was not locked and residual pressure remained in the line,Confined Space,High,1,Hot-work controls
NM_0573,Near Miss,"Before/during Crude transfer vehicle movement at Wellsite, Lift plan missing. Work was stopped due to potential serious injury risk. Work was halted due to high-risk exposure and corrective measures were implemented.","Before/during Crude transfer vehicle movement at Wellsite, Lift plan missing. Work was stopped due to potential serious injury risk. Work was halted due to high-risk exposure and corrective measures were implemented.",Wellsite,Crude transfer vehicle movement,Lift plan missing,Safe Mechanical Lifting,High,1,Excavation/pipeline incident
NM_0387,Near Miss,"Before/during Confined space entry at LPG bottling plant, Scaffold was altered without inspection tag and toe boards were missing. The job proceeded only after corrective measures. No one was exposed, but the observation required a documented corrective action.","Before/during Confined space entry at LPG bottling plant, Scaffold was altered without inspection tag and toe boards were missing. The job proceeded only after corrective measures. No one was exposed, but the observation required a documented corrective action.",LPG bottling plant,Confined space entry,Scaffold was altered without inspection tag and toe boards were missing,Confined Space,Medium,0,Excavation/pipeline incident
NM_0393,Near Miss,"Inspection revealed Guard missing during Hydrostatic pressure test at Storage tank. The job proceeded only after corrective measures. No one was exposed, but the observation required a documented corrective action.","Inspection revealed Guard missing during Hydrostatic pressure test at Storage tank. The job proceeded only after corrective measures. No one was exposed, but the observation required a documented corrective action.",Storage tank,Hydrostatic pressure test,Guard missing,Driving,Medium,0,Dropped object incident
NM_0568,Near Miss,"Before/during Wellhead valve maintenance at Process plant, Isolation not verified. The job was halted due to high-risk exposure. Work was halted due to high-risk exposure and corrective measures were implemented.","Before/during Wellhead valve maintenance at Process plant, Isolation not verified. The job was halted due to high-risk exposure. Work was halted due to high-risk exposure and corrective measures were implemented.",Process plant,Wellhead valve maintenance,Isolation not verified,Energy Isolation,High,1,Pressure testing incident
NM_0553,Near Miss,A Atmosphere not tested was identified during Tank farm operations at Drilling rig. The situation had credible potential for serious injury. A supervisor issued a stop-work intervention and required a formal control verification.,A Atmosphere not tested was identified during Tank farm operations at Drilling rig. The situation had credible potential for serious injury. A supervisor issued a stop-work intervention and required a formal control verification.,Drilling rig,Tank farm operations,Atmosphere not tested,Confined Space,High,1,Lifting/crane incident
NM_0054,Near Miss,"Near-miss observation: while performing Process unit startup/shutdown at Pipeline ROW, the team found that Guard missing. The area was corrected immediately. The condition was corrected during the routine inspection, with no exposure to hazardous energy.","Near-miss observation: while performing Process unit startup/shutdown at Pipeline ROW, the team found that Guard missing. The area was corrected immediately. The condition was corrected during the routine inspection, with no exposure to hazardous energy.",Pipeline ROW,Process unit startup/shutdown,Guard missing,Bypassing Safety Controls,Low,0,Hot-work controls
NM_0217,Near Miss,Inspection revealed Gas test missing during Pipe-rack inspection at Process plant. The activity was delayed pending correction. The supervisor reviewed the situation and approved continuation after correction.,Inspection revealed Gas test missing during Pipe-rack inspection at Process plant. The activity was delayed pending correction. The supervisor reviewed the situation and approved continuation after correction.,Process plant,Pipe-rack inspection,Gas test missing,Confined Space,Medium,0,Excavation/pipeline incident
NM_0316,Near Miss,Inspection revealed Gas testing was overdue and no dedicated fire watch was assigned during Grinding near drain at Compressor station. Work was paused until the issue was addressed. Work was temporarily halted pending verification of the control measure.,Inspection revealed Gas testing was overdue and no dedicated fire watch was assigned during Grinding near drain at Compressor station. Work was paused until the issue was addressed. Work was temporarily halted pending verification of the control measure.,Compressor station,Grinding near drain,Gas testing was overdue and no dedicated fire watch was assigned,Confined Space,Medium,0,Energy isolation incident
NM_0295,Near Miss,"Shift crew reported that during Excavation work in Drilling rig, Permit missing. The job proceeded only after corrective measures. No one was exposed, but the observation required a documented corrective action.","Shift crew reported that during Excavation work in Drilling rig, Permit missing. The job proceeded only after corrective measures. No one was exposed, but the observation required a documented corrective action.",Drilling rig,Excavation work,Permit missing,Work Authorization,Medium,0,Furnace explosion precursor
NM_0125,Near Miss,"Before/during Night driving to remote site at Gas processing unit, Excavation edge was not barricaded and underground utility mark-out was incomplete. Corrective action was taken on the spot. The team recorded the observation and completed immediate housekeeping correction.","Before/during Night driving to remote site at Gas processing unit, Excavation edge was not barricaded and underground utility mark-out was incomplete. Corrective action was taken on the spot. The team recorded the observation and completed immediate housekeeping correction.",Gas processing unit,Night driving to remote site,Excavation edge was not barricaded and underground utility mark-out was incomplete,Working at Height,Low,0,LPG release incident
NM_0209,Near Miss,"During Drilling operations at Process plant, Fall arrest missing. The supervisor reviewed and approved continuation after correction. Work was temporarily halted pending verification of the control measure.","During Drilling operations at Process plant, Fall arrest missing. The supervisor reviewed and approved continuation after correction. Work was temporarily halted pending verification of the control measure.",Process plant,Drilling operations,Fall arrest missing,Working at Height,Medium,0,LPG release incident
NM_0105,Near Miss,"Near-miss observation: while performing Internal tank inspection at Storage tank, the team found that No pre-entry gas test, attendant, rescue arrangement, or signed entry permit. Corrective action was taken on the spot. The team recorded the observation and completed immediate housekeeping correction.","Near-miss observation: while performing Internal tank inspection at Storage tank, the team found that No pre-entry gas test, attendant, rescue arrangement, or signed entry permit. Corrective action was taken on the spot. The team recorded the observation and completed immediate housekeeping correction.",Storage tank,Internal tank inspection,"No pre-entry gas test, attendant, rescue arrangement, or signed entry permit",Confined Space,Low,0,Hydrostatic testing incident
NM_0534,Near Miss,"Shift crew reported that during Housekeeping inspection in Truck loading bay, Exclusion zone missing. The situation had credible potential for serious injury. A supervisor issued a stop-work intervention and required a formal control verification.","Shift crew reported that during Housekeeping inspection in Truck loading bay, Exclusion zone missing. The situation had credible potential for serious injury. A supervisor issued a stop-work intervention and required a formal control verification.",Truck loading bay,Housekeeping inspection,Exclusion zone missing,Line of Fire,High,1,Dropped object incident
NM_0263,Near Miss,"During Pump seal replacement at Pump station, Training inadequate. The supervisor reviewed and approved continuation after correction. No one was exposed, but the observation required a documented corrective action.","During Pump seal replacement at Pump station, Training inadequate. The supervisor reviewed and approved continuation after correction. No one was exposed, but the observation required a documented corrective action.",Pump station,Pump seal replacement,Training inadequate,Energy Isolation,Medium,0,LPG release incident
NM_0312,Near Miss,"Before/during Reversing vehicle operations at Compressor station, Spill containment missing. The activity was delayed pending correction. The crew escalated the issue through the shift safety meeting and closed it before continuation.","Before/during Reversing vehicle operations at Compressor station, Spill containment missing. The activity was delayed pending correction. The crew escalated the issue through the shift safety meeting and closed it before continuation.",Compressor station,Reversing vehicle operations,Spill containment missing,Driving,Medium,0,Journey-management controls
NM_0676,Near Miss,"During routine checks at Tank farm, No pre-entry gas test, attendant, rescue arrangement, or signed entry permit was observed during Instrument calibration. The situation had imminent potential for fatality and was escalated immediately. Personnel were moved to a safe location and the event was treated as a high-potential near miss.","During routine checks at Tank farm, No pre-entry gas test, attendant, rescue arrangement, or signed entry permit was observed during Instrument calibration. The situation had imminent potential for fatality and was escalated immediately. Personnel were moved to a safe location and the event was treated as a high-potential near miss.",Tank farm,Instrument calibration,"No pre-entry gas test, attendant, rescue arrangement, or signed entry permit",Confined Space,Critical,1,Emergency-access controls
NM_0227,Near Miss,"During routine checks at Compressor station, Lockout-tagout missing was observed during Electrical maintenance. Work was paused until the issue was addressed. The crew escalated the issue through the shift safety meeting and closed it before continuation.","During routine checks at Compressor station, Lockout-tagout missing was observed during Electrical maintenance. Work was paused until the issue was addressed. The crew escalated the issue through the shift safety meeting and closed it before continuation.",Compressor station,Electrical maintenance,Lockout-tagout missing,Energy Isolation,Medium,0,Vehicle-movement controls
NM_0158,Near Miss,"Inspection revealed Damaged pallet and unstable load were being raised without a spotter during Wellhead valve maintenance at Refinery unit. Corrective action was taken on the spot. The condition was corrected during the routine inspection, with no exposure to hazardous energy.","Inspection revealed Damaged pallet and unstable load were being raised without a spotter during Wellhead valve maintenance at Refinery unit. Corrective action was taken on the spot. The condition was corrected during the routine inspection, with no exposure to hazardous energy.",Refinery unit,Wellhead valve maintenance,Damaged pallet and unstable load were being raised without a spotter,None/Not Applicable,Low,0,Maintenance fabrication fire
NM_0455,Near Miss,"During routine checks at Gas processing unit, Lift plan missing was observed during Wellhead valve maintenance. Work was stopped due to potential serious injury risk. Work was halted due to high-risk exposure and corrective measures were implemented.","During routine checks at Gas processing unit, Lift plan missing was observed during Wellhead valve maintenance. Work was stopped due to potential serious injury risk. Work was halted due to high-risk exposure and corrective measures were implemented.",Gas processing unit,Wellhead valve maintenance,Lift plan missing,Safe Mechanical Lifting,High,1,Journey-management controls
NM_0356,Near Miss,"A Lift plan, tag lines, and barricaded drop zone were not available was identified during Forklift pallet handling at Drilling rig. The activity was delayed pending correction. The crew escalated the issue through the shift safety meeting and closed it before continuation.","A Lift plan, tag lines, and barricaded drop zone were not available was identified during Forklift pallet handling at Drilling rig. The activity was delayed pending correction. The crew escalated the issue through the shift safety meeting and closed it before continuation.",Drilling rig,Forklift pallet handling,"Lift plan, tag lines, and barricaded drop zone were not available",Safe Mechanical Lifting,Medium,0,Hot-work controls
NM_0505,Near Miss,"Shift crew reported that during Pipe-rack inspection in Truck loading bay, Atmosphere not tested. Critical control failure was corrected before resuming work. A supervisor issued a stop-work intervention and required a formal control verification.","Shift crew reported that during Pipe-rack inspection in Truck loading bay, Atmosphere not tested. Critical control failure was corrected before resuming work. A supervisor issued a stop-work intervention and required a formal control verification.",Truck loading bay,Pipe-rack inspection,Atmosphere not tested,Confined Space,High,1,SIMOPS controls
NM_0491,Near Miss,"During Pipe spool welding at Compressor station, PPE not used. Critical control failure was corrected before resuming work. Work was halted due to high-risk exposure and corrective measures were implemented.","During Pipe spool welding at Compressor station, PPE not used. Critical control failure was corrected before resuming work. Work was halted due to high-risk exposure and corrective measures were implemented.",Compressor station,Pipe spool welding,PPE not used,Hot Work,High,1,Confined space entry incident
NM_0479,Near Miss,Inspection revealed Sample bottle label was unclear and secondary containment was not positioned during Chemical sampling at Storage tank. Work was stopped due to potential serious injury risk. The failed critical control created credible potential for serious injury; the task was stopped and reported to HSE.,Inspection revealed Sample bottle label was unclear and secondary containment was not positioned during Chemical sampling at Storage tank. Work was stopped due to potential serious injury risk. The failed critical control created credible potential for serious injury; the task was stopped and reported to HSE.,Storage tank,Chemical sampling,Sample bottle label was unclear and secondary containment was not positioned,None/Not Applicable,High,1,Hydrostatic testing incident
NM_0607,Near Miss,"Before/during Chemical sampling at Process plant, Driver fatigue screening and journey-management check were incomplete. Multiple workers were at risk of serious injury or fatality. The condition presented immediate potentially fatal exposure; operations were stopped, the area was isolated, and emergency escalation began.","Before/during Chemical sampling at Process plant, Driver fatigue screening and journey-management check were incomplete. Multiple workers were at risk of serious injury or fatality. The condition presented immediate potentially fatal exposure; operations were stopped, the area was isolated, and emergency escalation began.",Process plant,Chemical sampling,Driver fatigue screening and journey-management check were incomplete,None/Not Applicable,Critical,1,Pressure testing incident
NM_0451,Near Miss,"A Lift plan, tag lines, and barricaded drop zone were not available was identified during Vehicle movement at Compressor station. The situation had credible potential for serious injury. The situation had credible potential for serious injury and was escalated immediately.","A Lift plan, tag lines, and barricaded drop zone were not available was identified during Vehicle movement at Compressor station. The situation had credible potential for serious injury. The situation had credible potential for serious injury and was escalated immediately.",Compressor station,Vehicle movement,"Lift plan, tag lines, and barricaded drop zone were not available",Safe Mechanical Lifting,High,1,Excavation controls
NM_0288,Near Miss,"During Scaffolding work at Refinery unit, Open edge protection and full-body harness anchorage were unavailable. The activity was delayed pending correction. The crew escalated the issue through the shift safety meeting and closed it before continuation.","During Scaffolding work at Refinery unit, Open edge protection and full-body harness anchorage were unavailable. The activity was delayed pending correction. The crew escalated the issue through the shift safety meeting and closed it before continuation.",Refinery unit,Scaffolding work,Open edge protection and full-body harness anchorage were unavailable,Working at Height,Medium,0,Hydrostatic testing incident
NM_0707,Near Miss,"Near-miss observation: while performing Electrical maintenance at Storage tank, the team found that Driver fatigue screening and journey-management check were incomplete. All personnel were evacuated. The condition presented immediate potentially fatal exposure; operations were stopped, the area was isolated, and emergency escalation began.","Near-miss observation: while performing Electrical maintenance at Storage tank, the team found that Driver fatigue screening and journey-management check were incomplete. All personnel were evacuated. The condition presented immediate potentially fatal exposure; operations were stopped, the area was isolated, and emergency escalation began.",Storage tank,Electrical maintenance,Driver fatigue screening and journey-management check were incomplete,Energy Isolation,Critical,1,Finger injury during handling
NM_0780,Near Miss,"Shift crew reported that during Valve maintenance in Drilling rig, Pneumatic energy isolation was not locked and residual pressure remained in the line. Actual exposure to hazardous conditions occurred. The situation had imminent potential for fatality and was escalated immediately.","Shift crew reported that during Valve maintenance in Drilling rig, Pneumatic energy isolation was not locked and residual pressure remained in the line. Actual exposure to hazardous conditions occurred. The situation had imminent potential for fatality and was escalated immediately.",Drilling rig,Valve maintenance,Pneumatic energy isolation was not locked and residual pressure remained in the line,Energy Isolation,Critical,1,LPG release incident
NM_0251,Near Miss,"A Training inadequate was identified during Pipe-rack inspection at Wellsite. Work was stopped temporarily and resumed after verification. The task was paused, the control was restored, and the supervisor verified readiness before work resumed.","A Training inadequate was identified during Pipe-rack inspection at Wellsite. Work was stopped temporarily and resumed after verification. The task was paused, the control was restored, and the supervisor verified readiness before work resumed.",Wellsite,Pipe-rack inspection,Training inadequate,Work Authorization,Medium,0,Work-at-height controls
NM_0382,Near Miss,"Before/during Electrical maintenance at Wellsite, Fall arrest missing. The supervisor reviewed and approved continuation after correction. The task was paused, the control was restored, and the supervisor verified readiness before work resumed.","Before/during Electrical maintenance at Wellsite, Fall arrest missing. The supervisor reviewed and approved continuation after correction. The task was paused, the control was restored, and the supervisor verified readiness before work resumed.",Wellsite,Electrical maintenance,Fall arrest missing,Energy Isolation,Medium,0,Electrical shock precursor
NM_0156,Near Miss,"Before/during Night driving to remote site at Storage depot, Communication failure. Corrective action was taken on the spot. The issue was minor and was rectified before it affected the task.","Before/during Night driving to remote site at Storage depot, Communication failure. Corrective action was taken on the spot. The issue was minor and was rectified before it affected the task.",Storage depot,Night driving to remote site,Communication failure,Bypassing Safety Controls,Low,0,Lifting/crane incident
NM_0350,Near Miss,Inspection revealed Procedure not followed during Pressure vessel testing at Process plant. Work was paused until the issue was addressed. The supervisor reviewed the situation and approved continuation after correction.,Inspection revealed Procedure not followed during Pressure vessel testing at Process plant. Work was paused until the issue was addressed. The supervisor reviewed the situation and approved continuation after correction.,Process plant,Pressure vessel testing,Procedure not followed,Confined Space,Medium,0,Scaffold controls
NM_0321,Near Miss,"During Reversing vehicle operations at Process plant, Drain cover was open and combustible vapour testing was not documented. Work was stopped temporarily and resumed after verification. The task was paused, the control was restored, and the supervisor verified readiness before work resumed.","During Reversing vehicle operations at Process plant, Drain cover was open and combustible vapour testing was not documented. Work was stopped temporarily and resumed after verification. The task was paused, the control was restored, and the supervisor verified readiness before work resumed.",Process plant,Reversing vehicle operations,Drain cover was open and combustible vapour testing was not documented,Hot Work,Medium,0,Vehicle collision precursor
NM_0050,Near Miss,Inspection revealed Guard missing during Crude transfer vehicle movement at Wellsite. Corrective action was taken on the spot. The observation was logged and addressed during the same shift.,Inspection revealed Guard missing during Crude transfer vehicle movement at Wellsite. Corrective action was taken on the spot. The observation was logged and addressed during the same shift.,Wellsite,Crude transfer vehicle movement,Guard missing,Safe Mechanical Lifting,Low,0,Mechanical-lifting controls
NM_0545,Near Miss,"Shift crew reported that during Pump seal replacement in Wellsite, Electrical supply and process pressure isolation were not independently verified. The situation had credible potential for serious injury. The situation had credible potential for serious injury and was escalated immediately.","Shift crew reported that during Pump seal replacement in Wellsite, Electrical supply and process pressure isolation were not independently verified. The situation had credible potential for serious injury. The situation had credible potential for serious injury and was escalated immediately.",Wellsite,Pump seal replacement,Electrical supply and process pressure isolation were not independently verified,Energy Isolation,High,1,Safety-control bypass
NM_0189,Near Miss,"During Well intervention at Field office area, Pneumatic energy isolation was not locked and residual pressure remained in the line. Corrective action was taken on the spot. The condition was corrected during the routine inspection, with no exposure to hazardous energy.","During Well intervention at Field office area, Pneumatic energy isolation was not locked and residual pressure remained in the line. Corrective action was taken on the spot. The condition was corrected during the routine inspection, with no exposure to hazardous energy.",Field office area,Well intervention,Pneumatic energy isolation was not locked and residual pressure remained in the line,Energy Isolation,Low,0,Permit-to-work controls
NM_0734,Near Miss,"Near-miss observation: while performing Instrument calibration at Wellsite, the team found that Supervision absent. Multiple workers were at risk of serious injury or fatality. Personnel were moved to a safe location and the event was treated as a high-potential near miss.","Near-miss observation: while performing Instrument calibration at Wellsite, the team found that Supervision absent. Multiple workers were at risk of serious injury or fatality. Personnel were moved to a safe location and the event was treated as a high-potential near miss.",Wellsite,Instrument calibration,Supervision absent,Safe Mechanical Lifting,Critical,1,Hot work incident
NM_0235,Near Miss,"Before/during Pipe spool welding at Pipeline ROW, Atmosphere not tested. Work was paused until the issue was addressed. No one was exposed, but the observation required a documented corrective action.","Before/during Pipe spool welding at Pipeline ROW, Atmosphere not tested. Work was paused until the issue was addressed. No one was exposed, but the observation required a documented corrective action.",Pipeline ROW,Pipe spool welding,Atmosphere not tested,Confined Space,Medium,0,Pressure testing incident
NM_0785,Near Miss,"Near-miss observation: while performing Pipe spool welding at Wellsite, the team found that Tool inspection missing. Actual exposure to hazardous conditions occurred. The situation had imminent potential for fatality and was escalated immediately.","Near-miss observation: while performing Pipe spool welding at Wellsite, the team found that Tool inspection missing. Actual exposure to hazardous conditions occurred. The situation had imminent potential for fatality and was escalated immediately.",Wellsite,Pipe spool welding,Tool inspection missing,Hot Work,Critical,1,Journey-management controls
NM_0087,Near Miss,A Guard missing was identified during Housekeeping inspection at Refinery unit. Corrective action was taken on the spot. The team recorded the observation and completed immediate housekeeping correction.,A Guard missing was identified during Housekeeping inspection at Refinery unit. Corrective action was taken on the spot. The team recorded the observation and completed immediate housekeeping correction.,Refinery unit,Housekeeping inspection,Guard missing,None/Not Applicable,Low,0,Excavation controls
NM_0552,Near Miss,Inspection revealed Pneumatic energy isolation was not locked and residual pressure remained in the line during Instrument calibration at Pipeline ROW. The activity was stopped as it could have resulted in serious harm. A supervisor issued a stop-work intervention and required a formal control verification.,Inspection revealed Pneumatic energy isolation was not locked and residual pressure remained in the line during Instrument calibration at Pipeline ROW. The activity was stopped as it could have resulted in serious harm. A supervisor issued a stop-work intervention and required a formal control verification.,Pipeline ROW,Instrument calibration,Pneumatic energy isolation was not locked and residual pressure remained in the line,Energy Isolation,High,1,Forklift handling controls
NM_0386,Near Miss,A Guard missing was identified during LPG bottling operations at Wellsite. Work was stopped temporarily and resumed after verification. The supervisor reviewed the situation and approved continuation after correction.,A Guard missing was identified during LPG bottling operations at Wellsite. Work was stopped temporarily and resumed after verification. The supervisor reviewed the situation and approved continuation after correction.,Wellsite,LPG bottling operations,Guard missing,Hot Work,Medium,0,Hot-work controls
NM_0771,Near Miss,"During routine checks at Drilling rig, Test manifold lacked verified restraint and pressure-release exclusion controls was observed during Hot work (welding/grinding). Actual exposure to hazardous conditions occurred. Multiple critical barriers were ineffective, creating imminent serious-injury or fatality potential.","During routine checks at Drilling rig, Test manifold lacked verified restraint and pressure-release exclusion controls was observed during Hot work (welding/grinding). Actual exposure to hazardous conditions occurred. Multiple critical barriers were ineffective, creating imminent serious-injury or fatality potential.",Drilling rig,Hot work (welding/grinding),Test manifold lacked verified restraint and pressure-release exclusion controls,Hot Work,Critical,1,Vehicle-movement controls
NM_0277,Near Miss,"Near-miss observation: while performing Loading/unloading operations at Tank farm, the team found that Communication failure. Work was paused until the issue was addressed. The crew escalated the issue through the shift safety meeting and closed it before continuation.","Near-miss observation: while performing Loading/unloading operations at Tank farm, the team found that Communication failure. Work was paused until the issue was addressed. The crew escalated the issue through the shift safety meeting and closed it before continuation.",Tank farm,Loading/unloading operations,Communication failure,Working at Height,Medium,0,Electrical shock precursor
NM_0427,Near Miss,"During LPG bottling operations at Offshore platform, PPE not used. The situation had credible potential for serious injury. A supervisor issued a stop-work intervention and required a formal control verification.","During LPG bottling operations at Offshore platform, PPE not used. The situation had credible potential for serious injury. A supervisor issued a stop-work intervention and required a formal control verification.",Offshore platform,LPG bottling operations,PPE not used,Work Authorization,High,1,Process fire precursor
NM_0708,Near Miss,"During routine checks at Wellsite, Gas testing was overdue and no dedicated fire watch was assigned was observed during Housekeeping inspection. All personnel were evacuated. The situation had imminent potential for fatality and was escalated immediately.","During routine checks at Wellsite, Gas testing was overdue and no dedicated fire watch was assigned was observed during Housekeeping inspection. All personnel were evacuated. The situation had imminent potential for fatality and was escalated immediately.",Wellsite,Housekeeping inspection,Gas testing was overdue and no dedicated fire watch was assigned,Confined Space,Critical,1,Pressure testing incident
NM_0800,Near Miss,"Before/during Pressure vessel testing at Pipeline ROW, Damaged pallet and unstable load were being raised without a spotter. All personnel were evacuated. The situation had imminent potential for fatality and was escalated immediately.","Before/during Pressure vessel testing at Pipeline ROW, Damaged pallet and unstable load were being raised without a spotter. All personnel were evacuated. The situation had imminent potential for fatality and was escalated immediately.",Pipeline ROW,Pressure vessel testing,Damaged pallet and unstable load were being raised without a spotter,Confined Space,Critical,1,Vehicle-movement controls
NM_0310,Near Miss,"Near-miss observation: while performing Sampling and testing at Maintenance yard, the team found that Damaged pallet and unstable load were being raised without a spotter. Work was stopped temporarily and resumed after verification. The supervisor reviewed the situation and approved continuation after correction.","Near-miss observation: while performing Sampling and testing at Maintenance yard, the team found that Damaged pallet and unstable load were being raised without a spotter. Work was stopped temporarily and resumed after verification. The supervisor reviewed the situation and approved continuation after correction.",Maintenance yard,Sampling and testing,Damaged pallet and unstable load were being raised without a spotter,None/Not Applicable,Medium,0,Mechanical-lifting controls
NM_0671,Near Miss,"Before/during Process unit startup/shutdown at Storage depot, Tool inspection missing. Multiple workers were at risk of serious injury or fatality. Personnel were moved to a safe location and the event was treated as a high-potential near miss.","Before/during Process unit startup/shutdown at Storage depot, Tool inspection missing. Multiple workers were at risk of serious injury or fatality. Personnel were moved to a safe location and the event was treated as a high-potential near miss.",Storage depot,Process unit startup/shutdown,Tool inspection missing,Driving,Critical,1,Wellsite fatality precursor
NM_0599,Near Miss,"Shift crew reported that during Pump maintenance in Gas processing unit, Work scope had changed but the permit and job safety analysis were not revalidated. Work was stopped due to potential serious injury risk. Personnel were close to hazardous energy exposure, so the area was secured pending investigation.","Shift crew reported that during Pump maintenance in Gas processing unit, Work scope had changed but the permit and job safety analysis were not revalidated. Work was stopped due to potential serious injury risk. Personnel were close to hazardous energy exposure, so the area was secured pending investigation.",Gas processing unit,Pump maintenance,Work scope had changed but the permit and job safety analysis were not revalidated,Energy Isolation,High,1,Line-of-fire controls
NM_0315,Near Miss,"Before/during Lifting valve actuator at Wellsite, Gas test missing. Work was stopped temporarily and resumed after verification. The crew escalated the issue through the shift safety meeting and closed it before continuation.","Before/during Lifting valve actuator at Wellsite, Gas test missing. Work was stopped temporarily and resumed after verification. The crew escalated the issue through the shift safety meeting and closed it before continuation.",Wellsite,Lifting valve actuator,Gas test missing,Confined Space,Medium,0,Scaffold controls
NM_0260,Near Miss,"During routine checks at Gas processing unit, Isolation not verified was observed during Instrument calibration. Work was paused until the issue was addressed. The task was paused, the control was restored, and the supervisor verified readiness before work resumed.","During routine checks at Gas processing unit, Isolation not verified was observed during Instrument calibration. Work was paused until the issue was addressed. The task was paused, the control was restored, and the supervisor verified readiness before work resumed.",Gas processing unit,Instrument calibration,Isolation not verified,Energy Isolation,Medium,0,Energy isolation incident
NM_0463,Near Miss,"Near-miss observation: while performing Crude transfer vehicle movement at Truck loading bay, the team found that Sample bottle label was unclear and secondary containment was not positioned. The job was halted due to high-risk exposure. A supervisor issued a stop-work intervention and required a formal control verification.","Near-miss observation: while performing Crude transfer vehicle movement at Truck loading bay, the team found that Sample bottle label was unclear and secondary containment was not positioned. The job was halted due to high-risk exposure. A supervisor issued a stop-work intervention and required a formal control verification.",Truck loading bay,Crude transfer vehicle movement,Sample bottle label was unclear and secondary containment was not positioned,Work Authorization,High,1,Lifting/crane incident
NM_0225,Near Miss,"Shift crew reported that during Valve maintenance in Field office area, Open edge protection and full-body harness anchorage were unavailable. Work was paused until the issue was addressed. No one was exposed, but the observation required a documented corrective action.","Shift crew reported that during Valve maintenance in Field office area, Open edge protection and full-body harness anchorage were unavailable. Work was paused until the issue was addressed. No one was exposed, but the observation required a documented corrective action.",Field office area,Valve maintenance,Open edge protection and full-body harness anchorage were unavailable,Working at Height,Medium,0,Lifting/crane incident
NM_0613,Near Miss,"Shift crew reported that during Pump maintenance in Wellsite, Training inadequate. Actual exposure to hazardous conditions occurred. The condition presented immediate potentially fatal exposure; operations were stopped, the area was isolated, and emergency escalation began.","Shift crew reported that during Pump maintenance in Wellsite, Training inadequate. Actual exposure to hazardous conditions occurred. The condition presented immediate potentially fatal exposure; operations were stopped, the area was isolated, and emergency escalation began.",Wellsite,Pump maintenance,Training inadequate,Confined Space,Critical,1,Confined-space entry controls
NM_0055,Near Miss,A Emergency response delayed was identified during Reversing vehicle operations at Drilling rig. The area was corrected immediately. No work stoppage was required as the risk was minimal.,A Emergency response delayed was identified during Reversing vehicle operations at Drilling rig. The area was corrected immediately. No work stoppage was required as the risk was minimal.,Drilling rig,Reversing vehicle operations,Emergency response delayed,Driving,Low,0,LPG release incident
NM_0198,Near Miss,"During Pump maintenance at Gas processing unit, Guard missing. No work stoppage was required. The issue was minor and was rectified before it affected the task.","During Pump maintenance at Gas processing unit, Guard missing. No work stoppage was required. The issue was minor and was rectified before it affected the task.",Gas processing unit,Pump maintenance,Guard missing,Line of Fire,Low,0,Journey-management controls
NM_0196,Near Miss,"Shift crew reported that during Housekeeping inspection in Pipeline ROW, Atmosphere not tested. No work stoppage was required. No work stoppage was required as the risk was minimal.","Shift crew reported that during Housekeeping inspection in Pipeline ROW, Atmosphere not tested. No work stoppage was required. No work stoppage was required as the risk was minimal.",Pipeline ROW,Housekeeping inspection,Atmosphere not tested,Confined Space,Low,0,Permit-to-work controls
NM_0799,Near Miss,"Inspection revealed Test manifold lacked verified restraint and pressure-release exclusion controls during Scaffolding work at Storage depot. Actual exposure to hazardous conditions occurred. Multiple critical barriers were ineffective, creating imminent serious-injury or fatality potential.","Inspection revealed Test manifold lacked verified restraint and pressure-release exclusion controls during Scaffolding work at Storage depot. Actual exposure to hazardous conditions occurred. Multiple critical barriers were ineffective, creating imminent serious-injury or fatality potential.",Storage depot,Scaffolding work,Test manifold lacked verified restraint and pressure-release exclusion controls,Working at Height,Critical,1,SIMOPS controls
NM_0782,Near Miss,"Before/during Vehicle movement at Process plant, Line was not depressurised and workers were positioned in the potential release path. The situation had imminent potential for fatality and was escalated immediately. The condition presented immediate potentially fatal exposure; operations were stopped, the area was isolated, and emergency escalation began.","Before/during Vehicle movement at Process plant, Line was not depressurised and workers were positioned in the potential release path. The situation had imminent potential for fatality and was escalated immediately. The condition presented immediate potentially fatal exposure; operations were stopped, the area was isolated, and emergency escalation began.",Process plant,Vehicle movement,Line was not depressurised and workers were positioned in the potential release path,Driving,Critical,1,Wellsite fatality precursor
NM_0439,Near Miss,"Shift crew reported that during Instrument calibration in Field office area, Electrical supply and process pressure isolation were not independently verified. Critical control failure was corrected before resuming work. The situation had credible potential for serious injury and was escalated immediately.","Shift crew reported that during Instrument calibration in Field office area, Electrical supply and process pressure isolation were not independently verified. Critical control failure was corrected before resuming work. The situation had credible potential for serious injury and was escalated immediately.",Field office area,Instrument calibration,Electrical supply and process pressure isolation were not independently verified,Energy Isolation,High,1,Energy isolation controls
NM_0626,Near Miss,"A Emergency response delayed was identified during Lifting and rigging at Compressor station. Work was stopped urgently and emergency response was initiated. Multiple critical barriers were ineffective, creating imminent serious-injury or fatality potential.","A Emergency response delayed was identified during Lifting and rigging at Compressor station. Work was stopped urgently and emergency response was initiated. Multiple critical barriers were ineffective, creating imminent serious-injury or fatality potential.",Compressor station,Lifting and rigging,Emergency response delayed,Safe Mechanical Lifting,Critical,1,Dropped object incident
NM_0103,Near Miss,Inspection revealed Work scope had changed but the permit and job safety analysis were not revalidated during Grinding near drain at Drilling rig. The area was corrected immediately. The observation was logged and addressed during the same shift.,Inspection revealed Work scope had changed but the permit and job safety analysis were not revalidated during Grinding near drain at Drilling rig. The area was corrected immediately. The observation was logged and addressed during the same shift.,Drilling rig,Grinding near drain,Work scope had changed but the permit and job safety analysis were not revalidated,Hot Work,Low,0,Emergency-access controls
NM_0233,Near Miss,"Before/during Pipe-rack inspection at Truck loading bay, Fire watch missing. Work was paused until the issue was addressed. Work was temporarily halted pending verification of the control measure.","Before/during Pipe-rack inspection at Truck loading bay, Fire watch missing. Work was paused until the issue was addressed. Work was temporarily halted pending verification of the control measure.",Truck loading bay,Pipe-rack inspection,Fire watch missing,Hot Work,Medium,0,Finger injury during handling
NM_0037,Near Miss,"During Vehicle movement at Refinery unit, Scaffold was altered without inspection tag and toe boards were missing. The team corrected it without delay. No work stoppage was required as the risk was minimal.","During Vehicle movement at Refinery unit, Scaffold was altered without inspection tag and toe boards were missing. The team corrected it without delay. No work stoppage was required as the risk was minimal.",Refinery unit,Vehicle movement,Scaffold was altered without inspection tag and toe boards were missing,Driving,Low,0,Chemical-handling controls
NM_0522,Near Miss,"During Equipment maintenance at Pipeline ROW, Trip interlock was found bypassed during a production upset. The situation had credible potential for serious injury. The situation had credible potential for serious injury and was escalated immediately.","During Equipment maintenance at Pipeline ROW, Trip interlock was found bypassed during a production upset. The situation had credible potential for serious injury. The situation had credible potential for serious injury and was escalated immediately.",Pipeline ROW,Equipment maintenance,Trip interlock was found bypassed during a production upset,Bypassing Safety Controls,High,1,Excavation controls
NM_0506,Near Miss,"Before/during Pump maintenance at Drilling rig, Fall arrest missing. The activity was stopped as it could have resulted in serious harm. A supervisor issued a stop-work intervention and required a formal control verification.","Before/during Pump maintenance at Drilling rig, Fall arrest missing. The activity was stopped as it could have resulted in serious harm. A supervisor issued a stop-work intervention and required a formal control verification.",Drilling rig,Pump maintenance,Fall arrest missing,Working at Height,High,1,Finger injury during handling
NM_0299,Near Miss,Inspection revealed Equipment defect during Electrical maintenance at Process plant. The supervisor reviewed and approved continuation after correction. Work was temporarily halted pending verification of the control measure.,Inspection revealed Equipment defect during Electrical maintenance at Process plant. The supervisor reviewed and approved continuation after correction. Work was temporarily halted pending verification of the control measure.,Process plant,Electrical maintenance,Equipment defect,Energy Isolation,Medium,0,Hydrostatic testing incident
NM_0204,Near Miss,"Before/during Chemical sampling at Truck loading bay, Lockout-tagout missing. Work was paused until the issue was addressed. The crew escalated the issue through the shift safety meeting and closed it before continuation.","Before/during Chemical sampling at Truck loading bay, Lockout-tagout missing. Work was paused until the issue was addressed. The crew escalated the issue through the shift safety meeting and closed it before continuation.",Truck loading bay,Chemical sampling,Lockout-tagout missing,Energy Isolation,Medium,0,Chemical exposure incident
NM_0306,Near Miss,"During Loading/unloading operations at Offshore platform, Trip interlock was found bypassed during a production upset. Work was stopped temporarily and resumed after verification. Work was temporarily halted pending verification of the control measure.","During Loading/unloading operations at Offshore platform, Trip interlock was found bypassed during a production upset. Work was stopped temporarily and resumed after verification. Work was temporarily halted pending verification of the control measure.",Offshore platform,Loading/unloading operations,Trip interlock was found bypassed during a production upset,Bypassing Safety Controls,Medium,0,Dropped object incident
NM_0586,Near Miss,"Before/during Lifting and rigging at Tank farm, No pre-entry gas test, attendant, rescue arrangement, or signed entry permit. Work was stopped due to potential serious injury risk. A supervisor issued a stop-work intervention and required a formal control verification.","Before/during Lifting and rigging at Tank farm, No pre-entry gas test, attendant, rescue arrangement, or signed entry permit. Work was stopped due to potential serious injury risk. A supervisor issued a stop-work intervention and required a formal control verification.",Tank farm,Lifting and rigging,"No pre-entry gas test, attendant, rescue arrangement, or signed entry permit",Confined Space,High,1,Emergency-access controls
NM_0571,Near Miss,"During routine checks at Gas processing unit, Gas testing was overdue and no dedicated fire watch was assigned was observed during Loading/unloading operations. The situation had credible potential for serious injury. The situation had credible potential for serious injury and was escalated immediately.","During routine checks at Gas processing unit, Gas testing was overdue and no dedicated fire watch was assigned was observed during Loading/unloading operations. The situation had credible potential for serious injury. The situation had credible potential for serious injury and was escalated immediately.",Gas processing unit,Loading/unloading operations,Gas testing was overdue and no dedicated fire watch was assigned,Confined Space,High,1,Chemical-handling controls
NM_0012,Near Miss,"Before/during Well intervention at Compressor station, Scaffold was altered without inspection tag and toe boards were missing. The area was corrected immediately. The observation was logged and addressed during the same shift.","Before/during Well intervention at Compressor station, Scaffold was altered without inspection tag and toe boards were missing. The area was corrected immediately. The observation was logged and addressed during the same shift.",Compressor station,Well intervention,Scaffold was altered without inspection tag and toe boards were missing,Driving,Low,0,Process fire precursor
NM_0726,Near Miss,"Near-miss observation: while performing Process unit startup/shutdown at Process plant, the team found that Reversing was attempted without a banksman and pedestrian segregation. Multiple workers were at risk of serious injury or fatality. Personnel were moved to a safe location and the event was treated as a high-potential near miss.","Near-miss observation: while performing Process unit startup/shutdown at Process plant, the team found that Reversing was attempted without a banksman and pedestrian segregation. Multiple workers were at risk of serious injury or fatality. Personnel were moved to a safe location and the event was treated as a high-potential near miss.",Process plant,Process unit startup/shutdown,Reversing was attempted without a banksman and pedestrian segregation,Driving,Critical,1,LPG release incident
NM_0226,Near Miss,"Shift crew reported that during Pump maintenance in Wellsite, Work scope had changed but the permit and job safety analysis were not revalidated. Work was paused until the issue was addressed. Work was temporarily halted pending verification of the control measure.","Shift crew reported that during Pump maintenance in Wellsite, Work scope had changed but the permit and job safety analysis were not revalidated. Work was paused until the issue was addressed. Work was temporarily halted pending verification of the control measure.",Wellsite,Pump maintenance,Work scope had changed but the permit and job safety analysis were not revalidated,Safe Mechanical Lifting,Medium,0,Energy isolation incident
NM_0014,Near Miss,Inspection revealed Emergency response delayed during Housekeeping inspection at Compressor station. No work stoppage was required. The observation was logged and addressed during the same shift.,Inspection revealed Emergency response delayed during Housekeeping inspection at Compressor station. No work stoppage was required. The observation was logged and addressed during the same shift.,Compressor station,Housekeeping inspection,Emergency response delayed,None/Not Applicable,Low,0,Stored-energy controls
NM_0744,Near Miss,"Before/during Scaffold modification at Pump station, Supervision absent. The situation had imminent potential for fatality and was escalated immediately. The situation had imminent potential for fatality and was escalated immediately.","Before/during Scaffold modification at Pump station, Supervision absent. The situation had imminent potential for fatality and was escalated immediately. The situation had imminent potential for fatality and was escalated immediately.",Pump station,Scaffold modification,Supervision absent,Working at Height,Critical,1,Journey-management controls
NM_0271,Near Miss,"Near-miss observation: while performing Chemical sampling at Refinery unit, the team found that Lockout-tagout missing. Work was stopped temporarily and resumed after verification. Work was temporarily halted pending verification of the control measure.","Near-miss observation: while performing Chemical sampling at Refinery unit, the team found that Lockout-tagout missing. Work was stopped temporarily and resumed after verification. Work was temporarily halted pending verification of the control measure.",Refinery unit,Chemical sampling,Lockout-tagout missing,Energy Isolation,Medium,0,Energy isolation controls
NM_0089,Near Miss,"Near-miss observation: while performing Pump seal replacement at Pipeline ROW, the team found that Drain cover was open and combustible vapour testing was not documented. No work stoppage was required. The observation was logged and addressed during the same shift.","Near-miss observation: while performing Pump seal replacement at Pipeline ROW, the team found that Drain cover was open and combustible vapour testing was not documented. No work stoppage was required. The observation was logged and addressed during the same shift.",Pipeline ROW,Pump seal replacement,Drain cover was open and combustible vapour testing was not documented,Hot Work,Low,0,Vehicle-movement controls
NM_0792,Near Miss,"Inspection revealed Lift plan, tag lines, and barricaded drop zone were not available during Instrument calibration at Maintenance yard. Work was stopped urgently and emergency response was initiated. The situation had imminent potential for fatality and was escalated immediately.","Inspection revealed Lift plan, tag lines, and barricaded drop zone were not available during Instrument calibration at Maintenance yard. Work was stopped urgently and emergency response was initiated. The situation had imminent potential for fatality and was escalated immediately.",Maintenance yard,Instrument calibration,"Lift plan, tag lines, and barricaded drop zone were not available",Safe Mechanical Lifting,Critical,1,Confined space entry incident
NM_0575,Near Miss,"During routine checks at Wellsite, Exclusion zone missing was observed during Wellhead valve maintenance. The job was halted due to high-risk exposure. A supervisor issued a stop-work intervention and required a formal control verification.","During routine checks at Wellsite, Exclusion zone missing was observed during Wellhead valve maintenance. The job was halted due to high-risk exposure. A supervisor issued a stop-work intervention and required a formal control verification.",Wellsite,Wellhead valve maintenance,Exclusion zone missing,Line of Fire,High,1,Lifting/crane incident
NM_0559,Near Miss,"Before/during Manual handling of tubulars at Storage tank, Gas testing was overdue and no dedicated fire watch was assigned. The situation had credible potential for serious injury. The failed critical control created credible potential for serious injury; the task was stopped and reported to HSE.","Before/during Manual handling of tubulars at Storage tank, Gas testing was overdue and no dedicated fire watch was assigned. The situation had credible potential for serious injury. The failed critical control created credible potential for serious injury; the task was stopped and reported to HSE.",Storage tank,Manual handling of tubulars,Gas testing was overdue and no dedicated fire watch was assigned,Confined Space,High,1,Electrical shock precursor
NM_0272,Near Miss,"Near-miss observation: while performing Drilling operations at Compressor station, the team found that Drain cover was open and combustible vapour testing was not documented. Work was stopped temporarily and resumed after verification. The supervisor reviewed the situation and approved continuation after correction.","Near-miss observation: while performing Drilling operations at Compressor station, the team found that Drain cover was open and combustible vapour testing was not documented. Work was stopped temporarily and resumed after verification. The supervisor reviewed the situation and approved continuation after correction.",Compressor station,Drilling operations,Drain cover was open and combustible vapour testing was not documented,Hot Work,Medium,0,Confined-space entry controls
NM_0526,Near Miss,Inspection revealed Communication failure during Vessel entry preparation at Wellsite. The job was halted due to high-risk exposure. A supervisor issued a stop-work intervention and required a formal control verification.,Inspection revealed Communication failure during Vessel entry preparation at Wellsite. The job was halted due to high-risk exposure. A supervisor issued a stop-work intervention and required a formal control verification.,Wellsite,Vessel entry preparation,Communication failure,Confined Space,High,1,Dropped object incident
NM_0496,Near Miss,"Shift crew reported that during Process unit startup/shutdown in Field office area, Spill containment missing. The activity was stopped as it could have resulted in serious harm. Personnel were close to hazardous energy exposure, so the area was secured pending investigation.","Shift crew reported that during Process unit startup/shutdown in Field office area, Spill containment missing. The activity was stopped as it could have resulted in serious harm. Personnel were close to hazardous energy exposure, so the area was secured pending investigation.",Field office area,Process unit startup/shutdown,Spill containment missing,Safe Mechanical Lifting,High,1,Electrical shock precursor
NM_0646,Near Miss,"During routine checks at Pipeline ROW, Emergency response delayed was observed during Pump maintenance. Multiple workers were at risk of serious injury or fatality. All personnel were evacuated and the area was secured pending full investigation.","During routine checks at Pipeline ROW, Emergency response delayed was observed during Pump maintenance. Multiple workers were at risk of serious injury or fatality. All personnel were evacuated and the area was secured pending full investigation.",Pipeline ROW,Pump maintenance,Emergency response delayed,None/Not Applicable,Critical,1,Forklift handling controls
NM_0206,Near Miss,"During routine checks at Truck loading bay, Training inadequate was observed during Tank farm operations. Work was paused until the issue was addressed. The crew escalated the issue through the shift safety meeting and closed it before continuation.","During routine checks at Truck loading bay, Training inadequate was observed during Tank farm operations. Work was paused until the issue was addressed. The crew escalated the issue through the shift safety meeting and closed it before continuation.",Truck loading bay,Tank farm operations,Training inadequate,Confined Space,Medium,0,Hot-work controls
NM_0025,Near Miss,"Near-miss observation: while performing Forklift pallet handling at Gas processing unit, the team found that Fire watch missing. The team corrected it without delay. The issue was minor and was rectified before it affected the task.","Near-miss observation: while performing Forklift pallet handling at Gas processing unit, the team found that Fire watch missing. The team corrected it without delay. The issue was minor and was rectified before it affected the task.",Gas processing unit,Forklift pallet handling,Fire watch missing,Hot Work,Low,0,Pinch-point controls
NM_0699,Near Miss,A Trip interlock was found bypassed during a production upset was identified during Lifting and rigging at Wellsite. Work was stopped urgently and emergency response was initiated. Personnel were moved to a safe location and the event was treated as a high-potential near miss.,A Trip interlock was found bypassed during a production upset was identified during Lifting and rigging at Wellsite. Work was stopped urgently and emergency response was initiated. Personnel were moved to a safe location and the event was treated as a high-potential near miss.,Wellsite,Lifting and rigging,Trip interlock was found bypassed during a production upset,Safe Mechanical Lifting,Critical,1,Slip/trip/fall incident
NM_0110,Near Miss,A Sample bottle label was unclear and secondary containment was not positioned was identified during Chemical sampling at Pipeline ROW. Work was paused briefly and the issue was resolved. The issue was minor and was rectified before it affected the task.,A Sample bottle label was unclear and secondary containment was not positioned was identified during Chemical sampling at Pipeline ROW. Work was paused briefly and the issue was resolved. The issue was minor and was rectified before it affected the task.,Pipeline ROW,Chemical sampling,Sample bottle label was unclear and secondary containment was not positioned,None/Not Applicable,Low,0,SIMOPS controls
NM_0725,Near Miss,Inspection revealed Scaffold was altered without inspection tag and toe boards were missing during Grinding near drain at Pump station. Multiple workers were at risk of serious injury or fatality. The situation had imminent potential for fatality and was escalated immediately.,Inspection revealed Scaffold was altered without inspection tag and toe boards were missing during Grinding near drain at Pump station. Multiple workers were at risk of serious injury or fatality. The situation had imminent potential for fatality and was escalated immediately.,Pump station,Grinding near drain,Scaffold was altered without inspection tag and toe boards were missing,Hot Work,Critical,1,Finger injury during handling
NM_0763,Near Miss,"During routine checks at Field office area, Training inadequate was observed during Internal tank inspection. Work was stopped urgently and emergency response was initiated. The situation had imminent potential for fatality and was escalated immediately.","During routine checks at Field office area, Training inadequate was observed during Internal tank inspection. Work was stopped urgently and emergency response was initiated. The situation had imminent potential for fatality and was escalated immediately.",Field office area,Internal tank inspection,Training inadequate,Confined Space,Critical,1,Process fire precursor
NM_0257,Near Miss,Inspection revealed Pneumatic energy isolation was not locked and residual pressure remained in the line during Scaffold modification at Gas processing unit. Work was stopped temporarily and resumed after verification. The supervisor reviewed the situation and approved continuation after correction.,Inspection revealed Pneumatic energy isolation was not locked and residual pressure remained in the line during Scaffold modification at Gas processing unit. Work was stopped temporarily and resumed after verification. The supervisor reviewed the situation and approved continuation after correction.,Gas processing unit,Scaffold modification,Pneumatic energy isolation was not locked and residual pressure remained in the line,Energy Isolation,Medium,0,Wellsite fatality precursor
NM_0587,Near Miss,"Before/during Pressure vessel testing at Field office area, Simultaneous operations were not recorded in the permit briefing. Critical control failure was corrected before resuming work. Work was halted due to high-risk exposure and corrective measures were implemented.","Before/during Pressure vessel testing at Field office area, Simultaneous operations were not recorded in the permit briefing. Critical control failure was corrected before resuming work. Work was halted due to high-risk exposure and corrective measures were implemented.",Field office area,Pressure vessel testing,Simultaneous operations were not recorded in the permit briefing,Confined Space,High,1,Chemical exposure incident
NM_0388,Near Miss,"Inspection revealed Lift plan missing during Night driving to remote site at Storage depot. The activity was delayed pending correction. The task was paused, the control was restored, and the supervisor verified readiness before work resumed.","Inspection revealed Lift plan missing during Night driving to remote site at Storage depot. The activity was delayed pending correction. The task was paused, the control was restored, and the supervisor verified readiness before work resumed.",Storage depot,Night driving to remote site,Lift plan missing,Safe Mechanical Lifting,Medium,0,Dropped object incident
NM_0223,Near Miss,"A Spill containment missing was identified during Electrical maintenance at Pipeline ROW. The supervisor reviewed and approved continuation after correction. The task was paused, the control was restored, and the supervisor verified readiness before work resumed.","A Spill containment missing was identified during Electrical maintenance at Pipeline ROW. The supervisor reviewed and approved continuation after correction. The task was paused, the control was restored, and the supervisor verified readiness before work resumed.",Pipeline ROW,Electrical maintenance,Spill containment missing,Energy Isolation,Medium,0,Hot-work controls
NM_0243,Near Miss,A Warning sign missing was identified during Manual handling of tubulars at LPG bottling plant. The job proceeded only after corrective measures. The crew escalated the issue through the shift safety meeting and closed it before continuation.,A Warning sign missing was identified during Manual handling of tubulars at LPG bottling plant. The job proceeded only after corrective measures. The crew escalated the issue through the shift safety meeting and closed it before continuation.,LPG bottling plant,Manual handling of tubulars,Warning sign missing,Working at Height,Medium,0,Excavation controls
NM_0715,Near Miss,"Near-miss observation: while performing Night driving to remote site at Storage depot, the team found that Atmosphere not tested. Work was stopped urgently and emergency response was initiated. The condition presented immediate potentially fatal exposure; operations were stopped, the area was isolated, and emergency escalation began.","Near-miss observation: while performing Night driving to remote site at Storage depot, the team found that Atmosphere not tested. Work was stopped urgently and emergency response was initiated. The condition presented immediate potentially fatal exposure; operations were stopped, the area was isolated, and emergency escalation began.",Storage depot,Night driving to remote site,Atmosphere not tested,Confined Space,Critical,1,Energy isolation incident
NM_0121,Near Miss,"Before/during Loading/unloading operations at Drilling rig, Trip interlock was found bypassed during a production upset. No work stoppage was required. The observation was logged and addressed during the same shift.","Before/during Loading/unloading operations at Drilling rig, Trip interlock was found bypassed during a production upset. No work stoppage was required. The observation was logged and addressed during the same shift.",Drilling rig,Loading/unloading operations,Trip interlock was found bypassed during a production upset,Bypassing Safety Controls,Low,0,Excavation/pipeline incident
NM_0194,Near Miss,"Shift crew reported that during Pump maintenance in Refinery unit, Reversing was attempted without a banksman and pedestrian segregation. No work stoppage was required. The observation was logged and addressed during the same shift.","Shift crew reported that during Pump maintenance in Refinery unit, Reversing was attempted without a banksman and pedestrian segregation. No work stoppage was required. The observation was logged and addressed during the same shift.",Refinery unit,Pump maintenance,Reversing was attempted without a banksman and pedestrian segregation,Driving,Low,0,Pressure testing incident
NM_0778,Near Miss,"During routine checks at Tank farm, Open edge protection and full-body harness anchorage were unavailable was observed during Breaking a pressurised flange. Actual exposure to hazardous conditions occurred. Personnel were moved to a safe location and the event was treated as a high-potential near miss.","During routine checks at Tank farm, Open edge protection and full-body harness anchorage were unavailable was observed during Breaking a pressurised flange. Actual exposure to hazardous conditions occurred. Personnel were moved to a safe location and the event was treated as a high-potential near miss.",Tank farm,Breaking a pressurised flange,Open edge protection and full-body harness anchorage were unavailable,Working at Height,Critical,1,Electrical shock precursor
NM_0043,Near Miss,"Near-miss observation: while performing Electrical maintenance at Pipeline ROW, the team found that Atmosphere not tested. The area was corrected immediately. No work stoppage was required as the risk was minimal.","Near-miss observation: while performing Electrical maintenance at Pipeline ROW, the team found that Atmosphere not tested. The area was corrected immediately. No work stoppage was required as the risk was minimal.",Pipeline ROW,Electrical maintenance,Atmosphere not tested,Confined Space,Low,0,Wellsite fatality precursor
NM_0696,Near Miss,"During routine checks at Drilling rig, Spill containment missing was observed during Breaking a pressurised flange. Actual exposure to hazardous conditions occurred. The condition presented immediate potentially fatal exposure; operations were stopped, the area was isolated, and emergency escalation began.","During routine checks at Drilling rig, Spill containment missing was observed during Breaking a pressurised flange. Actual exposure to hazardous conditions occurred. The condition presented immediate potentially fatal exposure; operations were stopped, the area was isolated, and emergency escalation began.",Drilling rig,Breaking a pressurised flange,Spill containment missing,Confined Space,Critical,1,Confined space entry incident
NM_0078,Near Miss,"Shift crew reported that during Lifting valve actuator in Offshore platform, Driver fatigue screening and journey-management check were incomplete. Corrective action was taken on the spot. The condition was corrected during the routine inspection, with no exposure to hazardous energy.","Shift crew reported that during Lifting valve actuator in Offshore platform, Driver fatigue screening and journey-management check were incomplete. Corrective action was taken on the spot. The condition was corrected during the routine inspection, with no exposure to hazardous energy.",Offshore platform,Lifting valve actuator,Driver fatigue screening and journey-management check were incomplete,Safe Mechanical Lifting,Low,0,Stored-energy controls
NM_0145,Near Miss,A Emergency access route was partly obstructed by temporary materials was identified during Confined space entry at Compressor station. The area was corrected immediately. No work stoppage was required as the risk was minimal.,A Emergency access route was partly obstructed by temporary materials was identified during Confined space entry at Compressor station. The area was corrected immediately. No work stoppage was required as the risk was minimal.,Compressor station,Confined space entry,Emergency access route was partly obstructed by temporary materials,Confined Space,Low,0,Fall from height
NM_0300,Near Miss,"Near-miss observation: while performing Sampling and testing at Pump station, the team found that PPE not used. Work was paused until the issue was addressed. No one was exposed, but the observation required a documented corrective action.","Near-miss observation: while performing Sampling and testing at Pump station, the team found that PPE not used. Work was paused until the issue was addressed. No one was exposed, but the observation required a documented corrective action.",Pump station,Sampling and testing,PPE not used,None/Not Applicable,Medium,0,Vehicle collision precursor
NM_0247,Near Miss,"Near-miss observation: while performing Valve maintenance at Pipeline ROW, the team found that Lockout-tagout missing. The supervisor reviewed and approved continuation after correction. No one was exposed, but the observation required a documented corrective action.","Near-miss observation: while performing Valve maintenance at Pipeline ROW, the team found that Lockout-tagout missing. The supervisor reviewed and approved continuation after correction. No one was exposed, but the observation required a documented corrective action.",Pipeline ROW,Valve maintenance,Lockout-tagout missing,Energy Isolation,Medium,0,Confined-space entry controls
NM_0660,Near Miss,"A Permit missing was identified during Housekeeping inspection at Pipeline ROW. Actual exposure to hazardous conditions occurred. Multiple critical barriers were ineffective, creating imminent serious-injury or fatality potential.","A Permit missing was identified during Housekeeping inspection at Pipeline ROW. Actual exposure to hazardous conditions occurred. Multiple critical barriers were ineffective, creating imminent serious-injury or fatality potential.",Pipeline ROW,Housekeeping inspection,Permit missing,Work Authorization,Critical,1,Pressure testing incident
NM_0059,Near Miss,"Shift crew reported that during Valve maintenance in Truck loading bay, Pneumatic energy isolation was not locked and residual pressure remained in the line. The team corrected it without delay. The team recorded the observation and completed immediate housekeeping correction.","Shift crew reported that during Valve maintenance in Truck loading bay, Pneumatic energy isolation was not locked and residual pressure remained in the line. The team corrected it without delay. The team recorded the observation and completed immediate housekeeping correction.",Truck loading bay,Valve maintenance,Pneumatic energy isolation was not locked and residual pressure remained in the line,Energy Isolation,Low,0,LPG release incident
NM_0113,Near Miss,"During routine checks at Field office area, Procedure not followed was observed during Electrical maintenance. Work was paused briefly and the issue was resolved. The condition was corrected during the routine inspection, with no exposure to hazardous energy.","During routine checks at Field office area, Procedure not followed was observed during Electrical maintenance. Work was paused briefly and the issue was resolved. The condition was corrected during the routine inspection, with no exposure to hazardous energy.",Field office area,Electrical maintenance,Procedure not followed,Energy Isolation,Low,0,Vehicle collision precursor
NM_0717,Near Miss,"Before/during Valve maintenance at Pipeline ROW, Fire watch missing. Actual exposure to hazardous conditions occurred. All personnel were evacuated and the area was secured pending full investigation.","Before/during Valve maintenance at Pipeline ROW, Fire watch missing. Actual exposure to hazardous conditions occurred. All personnel were evacuated and the area was secured pending full investigation.",Pipeline ROW,Valve maintenance,Fire watch missing,Hot Work,Critical,1,Slip/trip/fall incident
NM_0023,Near Miss,"During routine checks at Wellsite, No pre-entry gas test, attendant, rescue arrangement, or signed entry permit was observed during Hot work (welding/grinding). No work stoppage was required. The observation was logged and addressed during the same shift.","During routine checks at Wellsite, No pre-entry gas test, attendant, rescue arrangement, or signed entry permit was observed during Hot work (welding/grinding). No work stoppage was required. The observation was logged and addressed during the same shift.",Wellsite,Hot work (welding/grinding),"No pre-entry gas test, attendant, rescue arrangement, or signed entry permit",Confined Space,Low,0,Forklift handling controls
NM_0289,Near Miss,"Inspection revealed Line was not depressurised and workers were positioned in the potential release path during Excavation work at Storage depot. Work was paused until the issue was addressed. The task was paused, the control was restored, and the supervisor verified readiness before work resumed.","Inspection revealed Line was not depressurised and workers were positioned in the potential release path during Excavation work at Storage depot. Work was paused until the issue was addressed. The task was paused, the control was restored, and the supervisor verified readiness before work resumed.",Storage depot,Excavation work,Line was not depressurised and workers were positioned in the potential release path,Line of Fire,Medium,0,Finger injury during handling
NM_0107,Near Miss,"Near-miss observation: while performing Drilling operations at Pipeline ROW, the team found that Equipment defect. The area was corrected immediately. No work stoppage was required as the risk was minimal.","Near-miss observation: while performing Drilling operations at Pipeline ROW, the team found that Equipment defect. The area was corrected immediately. No work stoppage was required as the risk was minimal.",Pipeline ROW,Drilling operations,Equipment defect,Line of Fire,Low,0,Vehicle-movement controls
NM_0701,Near Miss,"Near-miss observation: while performing Tank farm operations at Gas processing unit, the team found that Excavation edge was not barricaded and underground utility mark-out was incomplete. Actual exposure to hazardous conditions occurred. Personnel were moved to a safe location and the event was treated as a high-potential near miss.","Near-miss observation: while performing Tank farm operations at Gas processing unit, the team found that Excavation edge was not barricaded and underground utility mark-out was incomplete. Actual exposure to hazardous conditions occurred. Personnel were moved to a safe location and the event was treated as a high-potential near miss.",Gas processing unit,Tank farm operations,Excavation edge was not barricaded and underground utility mark-out was incomplete,Confined Space,Critical,1,Chemical exposure incident
NM_0511,Near Miss,"During routine checks at Drilling rig, PPE not used was observed during Grinding near drain. Work was stopped due to potential serious injury risk. A supervisor issued a stop-work intervention and required a formal control verification.","During routine checks at Drilling rig, PPE not used was observed during Grinding near drain. Work was stopped due to potential serious injury risk. A supervisor issued a stop-work intervention and required a formal control verification.",Drilling rig,Grinding near drain,PPE not used,Hot Work,High,1,Maintenance fabrication fire
NM_0610,Near Miss,"During routine checks at Drilling rig, Gas testing was overdue and no dedicated fire watch was assigned was observed during Reversing vehicle operations. All personnel were evacuated. Personnel were moved to a safe location and the event was treated as a high-potential near miss.","During routine checks at Drilling rig, Gas testing was overdue and no dedicated fire watch was assigned was observed during Reversing vehicle operations. All personnel were evacuated. Personnel were moved to a safe location and the event was treated as a high-potential near miss.",Drilling rig,Reversing vehicle operations,Gas testing was overdue and no dedicated fire watch was assigned,Confined Space,Critical,1,Forklift handling controls
NM_0379,Near Miss,"Before/during Hydrostatic pressure test at Gas processing unit, Electrical supply and process pressure isolation were not independently verified. The job proceeded only after corrective measures. The task was paused, the control was restored, and the supervisor verified readiness before work resumed.","Before/during Hydrostatic pressure test at Gas processing unit, Electrical supply and process pressure isolation were not independently verified. The job proceeded only after corrective measures. The task was paused, the control was restored, and the supervisor verified readiness before work resumed.",Gas processing unit,Hydrostatic pressure test,Electrical supply and process pressure isolation were not independently verified,Hot Work,Medium,0,Chemical exposure incident
NM_0024,Near Miss,"Near-miss observation: while performing Electrical maintenance at Truck loading bay, the team found that Warning sign missing. The team corrected it without delay. The observation was logged and addressed during the same shift.","Near-miss observation: while performing Electrical maintenance at Truck loading bay, the team found that Warning sign missing. The team corrected it without delay. The observation was logged and addressed during the same shift.",Truck loading bay,Electrical maintenance,Warning sign missing,Energy Isolation,Low,0,Journey-management controls
NM_0173,Near Miss,"Near-miss observation: while performing Pipeline inspection at LPG bottling plant, the team found that Driver fatigue screening and journey-management check were incomplete. Work was paused briefly and the issue was resolved. The team recorded the observation and completed immediate housekeeping correction.","Near-miss observation: while performing Pipeline inspection at LPG bottling plant, the team found that Driver fatigue screening and journey-management check were incomplete. Work was paused briefly and the issue was resolved. The team recorded the observation and completed immediate housekeeping correction.",LPG bottling plant,Pipeline inspection,Driver fatigue screening and journey-management check were incomplete,Driving,Low,0,Vehicle-movement controls
NM_0195,Near Miss,"Shift crew reported that during Reversing vehicle operations in Gas processing unit, Training inadequate. No work stoppage was required. No work stoppage was required as the risk was minimal.","Shift crew reported that during Reversing vehicle operations in Gas processing unit, Training inadequate. No work stoppage was required. No work stoppage was required as the risk was minimal.",Gas processing unit,Reversing vehicle operations,Training inadequate,Driving,Low,0,Fall from height
NM_0372,Near Miss,"During routine checks at Wellsite, Electrical supply and process pressure isolation were not independently verified was observed during Electrical maintenance. The supervisor reviewed and approved continuation after correction. The task was paused, the control was restored, and the supervisor verified readiness before work resumed.","During routine checks at Wellsite, Electrical supply and process pressure isolation were not independently verified was observed during Electrical maintenance. The supervisor reviewed and approved continuation after correction. The task was paused, the control was restored, and the supervisor verified readiness before work resumed.",Wellsite,Electrical maintenance,Electrical supply and process pressure isolation were not independently verified,Energy Isolation,Medium,0,Electrical shock precursor
NM_0003,Near Miss,"During Grinding near drain at Field office area, Isolation not verified. The area was corrected immediately. The observation was logged and addressed during the same shift.","During Grinding near drain at Field office area, Isolation not verified. The area was corrected immediately. The observation was logged and addressed during the same shift.",Field office area,Grinding near drain,Isolation not verified,Energy Isolation,Low,0,Lifting/crane incident
NM_0096,Near Miss,"During Manual handling of tubulars at Maintenance yard, Hands were placed near pinch points and no designated signaler was present. Work was paused briefly and the issue was resolved. The team recorded the observation and completed immediate housekeeping correction.","During Manual handling of tubulars at Maintenance yard, Hands were placed near pinch points and no designated signaler was present. Work was paused briefly and the issue was resolved. The team recorded the observation and completed immediate housekeeping correction.",Maintenance yard,Manual handling of tubulars,Hands were placed near pinch points and no designated signaler was present,Line of Fire,Low,0,Pressure-testing controls
NM_0749,Near Miss,"During routine checks at Storage depot, Training inadequate was observed during Lifting valve actuator. Actual exposure to hazardous conditions occurred. Multiple critical barriers were ineffective, creating imminent serious-injury or fatality potential.","During routine checks at Storage depot, Training inadequate was observed during Lifting valve actuator. Actual exposure to hazardous conditions occurred. Multiple critical barriers were ineffective, creating imminent serious-injury or fatality potential.",Storage depot,Lifting valve actuator,Training inadequate,Safe Mechanical Lifting,Critical,1,Slip/trip/fall incident
NM_0421,Near Miss,Inspection revealed Electrical supply and process pressure isolation were not independently verified during Vehicle movement at Process plant. The job was halted due to high-risk exposure. A supervisor issued a stop-work intervention and required a formal control verification.,Inspection revealed Electrical supply and process pressure isolation were not independently verified during Vehicle movement at Process plant. The job was halted due to high-risk exposure. A supervisor issued a stop-work intervention and required a formal control verification.,Process plant,Vehicle movement,Electrical supply and process pressure isolation were not independently verified,Driving,High,1,Equipment failure incident
NM_0009,Near Miss,"During routine checks at Storage tank, Guard missing was observed during Housekeeping inspection. The team corrected it without delay. The observation was logged and addressed during the same shift.","During routine checks at Storage tank, Guard missing was observed during Housekeeping inspection. The team corrected it without delay. The observation was logged and addressed during the same shift.",Storage tank,Housekeeping inspection,Guard missing,None/Not Applicable,Low,0,Journey-management controls
NM_0334,Near Miss,"Inspection revealed Line was not depressurised and workers were positioned in the potential release path during Hydrostatic pressure test at Process plant. Work was paused until the issue was addressed. No one was exposed, but the observation required a documented corrective action.","Inspection revealed Line was not depressurised and workers were positioned in the potential release path during Hydrostatic pressure test at Process plant. Work was paused until the issue was addressed. No one was exposed, but the observation required a documented corrective action.",Process plant,Hydrostatic pressure test,Line was not depressurised and workers were positioned in the potential release path,Line of Fire,Medium,0,Hot-work controls
NM_0279,Near Miss,A Lockout-tagout missing was identified during Pipeline inspection at Compressor station. Work was paused until the issue was addressed. The supervisor reviewed the situation and approved continuation after correction.,A Lockout-tagout missing was identified during Pipeline inspection at Compressor station. Work was paused until the issue was addressed. The supervisor reviewed the situation and approved continuation after correction.,Compressor station,Pipeline inspection,Lockout-tagout missing,Energy Isolation,Medium,0,Pinch-point controls
NM_0171,Near Miss,Inspection revealed Sample bottle label was unclear and secondary containment was not positioned during Housekeeping inspection at Gas processing unit. No work stoppage was required. No work stoppage was required as the risk was minimal.,Inspection revealed Sample bottle label was unclear and secondary containment was not positioned during Housekeeping inspection at Gas processing unit. No work stoppage was required. No work stoppage was required as the risk was minimal.,Gas processing unit,Housekeeping inspection,Sample bottle label was unclear and secondary containment was not positioned,None/Not Applicable,Low,0,Chemical exposure incident
NM_0364,Near Miss,"A Open edge protection and full-body harness anchorage were unavailable was identified during Housekeeping inspection at Gas processing unit. The supervisor reviewed and approved continuation after correction. The task was paused, the control was restored, and the supervisor verified readiness before work resumed.","A Open edge protection and full-body harness anchorage were unavailable was identified during Housekeeping inspection at Gas processing unit. The supervisor reviewed and approved continuation after correction. The task was paused, the control was restored, and the supervisor verified readiness before work resumed.",Gas processing unit,Housekeeping inspection,Open edge protection and full-body harness anchorage were unavailable,Working at Height,Medium,0,Furnace explosion precursor
NM_0733,Near Miss,"A Pneumatic energy isolation was not locked and residual pressure remained in the line was identified during Scaffold modification at Gas processing unit. Actual exposure to hazardous conditions occurred. Multiple critical barriers were ineffective, creating imminent serious-injury or fatality potential.","A Pneumatic energy isolation was not locked and residual pressure remained in the line was identified during Scaffold modification at Gas processing unit. Actual exposure to hazardous conditions occurred. Multiple critical barriers were ineffective, creating imminent serious-injury or fatality potential.",Gas processing unit,Scaffold modification,Pneumatic energy isolation was not locked and residual pressure remained in the line,Energy Isolation,Critical,1,Excavation controls
NM_0452,Near Miss,"Before/during Confined space entry at Storage depot, Trip interlock was found bypassed during a production upset. The job was halted due to high-risk exposure. The situation had credible potential for serious injury and was escalated immediately.","Before/during Confined space entry at Storage depot, Trip interlock was found bypassed during a production upset. The job was halted due to high-risk exposure. The situation had credible potential for serious injury and was escalated immediately.",Storage depot,Confined space entry,Trip interlock was found bypassed during a production upset,Confined Space,High,1,Hot-work controls
NM_0757,Near Miss,A Open edge protection and full-body harness anchorage were unavailable was identified during Pipe spool welding at Storage tank. Multiple workers were at risk of serious injury or fatality. The situation had imminent potential for fatality and was escalated immediately.,A Open edge protection and full-body harness anchorage were unavailable was identified during Pipe spool welding at Storage tank. Multiple workers were at risk of serious injury or fatality. The situation had imminent potential for fatality and was escalated immediately.,Storage tank,Pipe spool welding,Open edge protection and full-body harness anchorage were unavailable,Hot Work,Critical,1,Scaffold controls
NM_0490,Near Miss,"Near-miss observation: while performing Emergency valve servicing at Pump station, the team found that Trip interlock was found bypassed during a production upset. The job was halted due to high-risk exposure. The failed critical control created credible potential for serious injury; the task was stopped and reported to HSE.","Near-miss observation: while performing Emergency valve servicing at Pump station, the team found that Trip interlock was found bypassed during a production upset. The job was halted due to high-risk exposure. The failed critical control created credible potential for serious injury; the task was stopped and reported to HSE.",Pump station,Emergency valve servicing,Trip interlock was found bypassed during a production upset,Bypassing Safety Controls,High,1,Vehicle-movement controls
NM_0603,Near Miss,"Near-miss observation: while performing Hydrostatic pressure test at Process plant, the team found that Test manifold lacked verified restraint and pressure-release exclusion controls. Actual exposure to hazardous conditions occurred. The situation had imminent potential for fatality and was escalated immediately.","Near-miss observation: while performing Hydrostatic pressure test at Process plant, the team found that Test manifold lacked verified restraint and pressure-release exclusion controls. Actual exposure to hazardous conditions occurred. The situation had imminent potential for fatality and was escalated immediately.",Process plant,Hydrostatic pressure test,Test manifold lacked verified restraint and pressure-release exclusion controls,Safe Mechanical Lifting,Critical,1,Pressure testing incident
NM_0361,Near Miss,"Near-miss observation: while performing Chemical sampling at Wellsite, the team found that Guard missing. The activity was delayed pending correction. No one was exposed, but the observation required a documented corrective action.","Near-miss observation: while performing Chemical sampling at Wellsite, the team found that Guard missing. The activity was delayed pending correction. No one was exposed, but the observation required a documented corrective action.",Wellsite,Chemical sampling,Guard missing,None/Not Applicable,Medium,0,Hydrostatic testing incident
NM_0007,Near Miss,"Shift crew reported that during Scaffolding work in Gas processing unit, Excavation edge was not barricaded and underground utility mark-out was incomplete. Work was paused briefly and the issue was resolved. The observation was logged and addressed during the same shift.","Shift crew reported that during Scaffolding work in Gas processing unit, Excavation edge was not barricaded and underground utility mark-out was incomplete. Work was paused briefly and the issue was resolved. The observation was logged and addressed during the same shift.",Gas processing unit,Scaffolding work,Excavation edge was not barricaded and underground utility mark-out was incomplete,Working at Height,Low,0,Maintenance fabrication fire
NM_0228,Near Miss,"During LPG bottling operations at Maintenance yard, Supervision absent. The supervisor reviewed and approved continuation after correction. The task was paused, the control was restored, and the supervisor verified readiness before work resumed.","During LPG bottling operations at Maintenance yard, Supervision absent. The supervisor reviewed and approved continuation after correction. The task was paused, the control was restored, and the supervisor verified readiness before work resumed.",Maintenance yard,LPG bottling operations,Supervision absent,Work Authorization,Medium,0,Confined space entry incident
NM_0229,Near Miss,"Before/during Vessel entry preparation at Drilling rig, No pre-entry gas test, attendant, rescue arrangement, or signed entry permit. Work was paused until the issue was addressed. The crew escalated the issue through the shift safety meeting and closed it before continuation.","Before/during Vessel entry preparation at Drilling rig, No pre-entry gas test, attendant, rescue arrangement, or signed entry permit. Work was paused until the issue was addressed. The crew escalated the issue through the shift safety meeting and closed it before continuation.",Drilling rig,Vessel entry preparation,"No pre-entry gas test, attendant, rescue arrangement, or signed entry permit",Confined Space,Medium,0,Chemical-handling controls
NM_0629,Near Miss,"Shift crew reported that during Sampling and testing in Storage tank, Pneumatic energy isolation was not locked and residual pressure remained in the line. Multiple workers were at risk of serious injury or fatality. All personnel were evacuated and the area was secured pending full investigation.","Shift crew reported that during Sampling and testing in Storage tank, Pneumatic energy isolation was not locked and residual pressure remained in the line. Multiple workers were at risk of serious injury or fatality. All personnel were evacuated and the area was secured pending full investigation.",Storage tank,Sampling and testing,Pneumatic energy isolation was not locked and residual pressure remained in the line,Energy Isolation,Critical,1,Finger injury during handling
NM_0064,Near Miss,"During routine checks at Drilling rig, Excavation edge was not barricaded and underground utility mark-out was incomplete was observed during Manual handling of tubulars. No work stoppage was required. No work stoppage was required as the risk was minimal.","During routine checks at Drilling rig, Excavation edge was not barricaded and underground utility mark-out was incomplete was observed during Manual handling of tubulars. No work stoppage was required. No work stoppage was required as the risk was minimal.",Drilling rig,Manual handling of tubulars,Excavation edge was not barricaded and underground utility mark-out was incomplete,Working at Height,Low,0,Pinch-point controls
NM_0237,Near Miss,"During routine checks at Storage tank, Gas testing was overdue and no dedicated fire watch was assigned was observed during Scaffold modification. The job proceeded only after corrective measures. Work was temporarily halted pending verification of the control measure.","During routine checks at Storage tank, Gas testing was overdue and no dedicated fire watch was assigned was observed during Scaffold modification. The job proceeded only after corrective measures. Work was temporarily halted pending verification of the control measure.",Storage tank,Scaffold modification,Gas testing was overdue and no dedicated fire watch was assigned,Confined Space,Medium,0,LPG release incident
NM_0092,Near Miss,"During Pressure vessel testing at Storage depot, Pneumatic energy isolation was not locked and residual pressure remained in the line. The team corrected it without delay. The team recorded the observation and completed immediate housekeeping correction.","During Pressure vessel testing at Storage depot, Pneumatic energy isolation was not locked and residual pressure remained in the line. The team corrected it without delay. The team recorded the observation and completed immediate housekeeping correction.",Storage depot,Pressure vessel testing,Pneumatic energy isolation was not locked and residual pressure remained in the line,Confined Space,Low,0,Fall from height
NM_0700,Near Miss,"Shift crew reported that during Emergency valve servicing in Gas processing unit, Supervision absent. Multiple workers were at risk of serious injury or fatality. The condition presented immediate potentially fatal exposure; operations were stopped, the area was isolated, and emergency escalation began.","Shift crew reported that during Emergency valve servicing in Gas processing unit, Supervision absent. Multiple workers were at risk of serious injury or fatality. The condition presented immediate potentially fatal exposure; operations were stopped, the area was isolated, and emergency escalation began.",Gas processing unit,Emergency valve servicing,Supervision absent,Confined Space,Critical,1,Permit-to-work controls
NM_0135,Near Miss,"Before/during Instrument calibration at Compressor station, Isolation not verified. No work stoppage was required. The team recorded the observation and completed immediate housekeeping correction.","Before/during Instrument calibration at Compressor station, Isolation not verified. No work stoppage was required. The team recorded the observation and completed immediate housekeeping correction.",Compressor station,Instrument calibration,Isolation not verified,Energy Isolation,Low,0,Fall from height
NM_0688,Near Miss,A Warning sign missing was identified during Electrical maintenance at Pipeline ROW. Actual exposure to hazardous conditions occurred. Personnel were moved to a safe location and the event was treated as a high-potential near miss.,A Warning sign missing was identified during Electrical maintenance at Pipeline ROW. Actual exposure to hazardous conditions occurred. Personnel were moved to a safe location and the event was treated as a high-potential near miss.,Pipeline ROW,Electrical maintenance,Warning sign missing,Energy Isolation,Critical,1,Confined space entry incident
NM_0423,Near Miss,"Before/during Wellhead valve maintenance at Drilling rig, Sample bottle label was unclear and secondary containment was not positioned. The job was halted due to high-risk exposure. Personnel were close to hazardous energy exposure, so the area was secured pending investigation.","Before/during Wellhead valve maintenance at Drilling rig, Sample bottle label was unclear and secondary containment was not positioned. The job was halted due to high-risk exposure. Personnel were close to hazardous energy exposure, so the area was secured pending investigation.",Drilling rig,Wellhead valve maintenance,Sample bottle label was unclear and secondary containment was not positioned,Driving,High,1,Pressure testing incident
NM_0608,Near Miss,"Near-miss observation: while performing Pressure vessel testing at Refinery unit, the team found that Training inadequate. The situation had imminent potential for fatality and was escalated immediately. Multiple critical barriers were ineffective, creating imminent serious-injury or fatality potential.","Near-miss observation: while performing Pressure vessel testing at Refinery unit, the team found that Training inadequate. The situation had imminent potential for fatality and was escalated immediately. Multiple critical barriers were ineffective, creating imminent serious-injury or fatality potential.",Refinery unit,Pressure vessel testing,Training inadequate,Confined Space,Critical,1,Pressure-testing controls
NM_0431,Near Miss,Inspection revealed Procedure not followed during Scaffold modification at Truck loading bay. The activity was stopped as it could have resulted in serious harm. Work was halted due to high-risk exposure and corrective measures were implemented.,Inspection revealed Procedure not followed during Scaffold modification at Truck loading bay. The activity was stopped as it could have resulted in serious harm. Work was halted due to high-risk exposure and corrective measures were implemented.,Truck loading bay,Scaffold modification,Procedure not followed,Working at Height,High,1,Maintenance fabrication fire
NM_0592,Near Miss,Inspection revealed Fire watch missing during Grinding near drain at Refinery unit. Work was stopped due to potential serious injury risk. The failed critical control created credible potential for serious injury; the task was stopped and reported to HSE.,Inspection revealed Fire watch missing during Grinding near drain at Refinery unit. Work was stopped due to potential serious injury risk. The failed critical control created credible potential for serious injury; the task was stopped and reported to HSE.,Refinery unit,Grinding near drain,Fire watch missing,Hot Work,High,1,Hot-work controls
NM_0667,Near Miss,"Before/during Equipment maintenance at Storage depot, Supervision absent. Work was stopped urgently and emergency response was initiated. Personnel were moved to a safe location and the event was treated as a high-potential near miss.","Before/during Equipment maintenance at Storage depot, Supervision absent. Work was stopped urgently and emergency response was initiated. Personnel were moved to a safe location and the event was treated as a high-potential near miss.",Storage depot,Equipment maintenance,Supervision absent,Energy Isolation,Critical,1,Chemical-handling controls
NM_0538,Near Miss,"During Pump seal replacement at Field office area, Open edge protection and full-body harness anchorage were unavailable. Critical control failure was corrected before resuming work. The failed critical control created credible potential for serious injury; the task was stopped and reported to HSE.","During Pump seal replacement at Field office area, Open edge protection and full-body harness anchorage were unavailable. Critical control failure was corrected before resuming work. The failed critical control created credible potential for serious injury; the task was stopped and reported to HSE.",Field office area,Pump seal replacement,Open edge protection and full-body harness anchorage were unavailable,Working at Height,High,1,Confined space entry incident
NM_0702,Near Miss,"Inspection revealed Sample bottle label was unclear and secondary containment was not positioned during Vessel entry preparation at Storage depot. All personnel were evacuated. Multiple critical barriers were ineffective, creating imminent serious-injury or fatality potential.","Inspection revealed Sample bottle label was unclear and secondary containment was not positioned during Vessel entry preparation at Storage depot. All personnel were evacuated. Multiple critical barriers were ineffective, creating imminent serious-injury or fatality potential.",Storage depot,Vessel entry preparation,Sample bottle label was unclear and secondary containment was not positioned,Confined Space,Critical,1,Furnace explosion precursor
NM_0425,Near Miss,"Shift crew reported that during Scaffolding work in Truck loading bay, Work scope had changed but the permit and job safety analysis were not revalidated. The activity was stopped as it could have resulted in serious harm. The failed critical control created credible potential for serious injury; the task was stopped and reported to HSE.","Shift crew reported that during Scaffolding work in Truck loading bay, Work scope had changed but the permit and job safety analysis were not revalidated. The activity was stopped as it could have resulted in serious harm. The failed critical control created credible potential for serious injury; the task was stopped and reported to HSE.",Truck loading bay,Scaffolding work,Work scope had changed but the permit and job safety analysis were not revalidated,Working at Height,High,1,Hot work incident
NM_0784,Near Miss,"During Night driving to remote site at Storage tank, Lift plan, tag lines, and barricaded drop zone were not available. Actual exposure to hazardous conditions occurred. The condition presented immediate potentially fatal exposure; operations were stopped, the area was isolated, and emergency escalation began.","During Night driving to remote site at Storage tank, Lift plan, tag lines, and barricaded drop zone were not available. Actual exposure to hazardous conditions occurred. The condition presented immediate potentially fatal exposure; operations were stopped, the area was isolated, and emergency escalation began.",Storage tank,Night driving to remote site,"Lift plan, tag lines, and barricaded drop zone were not available",Safe Mechanical Lifting,Critical,1,Line-of-fire controls
NM_0346,Near Miss,Inspection revealed Guard missing during Tank farm operations at Drilling rig. The supervisor reviewed and approved continuation after correction. The crew escalated the issue through the shift safety meeting and closed it before continuation.,Inspection revealed Guard missing during Tank farm operations at Drilling rig. The supervisor reviewed and approved continuation after correction. The crew escalated the issue through the shift safety meeting and closed it before continuation.,Drilling rig,Tank farm operations,Guard missing,Confined Space,Medium,0,Slip/trip/fall incident
NM_0793,Near Miss,"During Pipe spool welding at Gas processing unit, Training inadequate. Work was stopped urgently and emergency response was initiated. Multiple critical barriers were ineffective, creating imminent serious-injury or fatality potential.","During Pipe spool welding at Gas processing unit, Training inadequate. Work was stopped urgently and emergency response was initiated. Multiple critical barriers were ineffective, creating imminent serious-injury or fatality potential.",Gas processing unit,Pipe spool welding,Training inadequate,Hot Work,Critical,1,Chemical-handling controls
NM_0207,Near Miss,A Tool inspection missing was identified during Chemical sampling at Field office area. The supervisor reviewed and approved continuation after correction. The supervisor reviewed the situation and approved continuation after correction.,A Tool inspection missing was identified during Chemical sampling at Field office area. The supervisor reviewed and approved continuation after correction. The supervisor reviewed the situation and approved continuation after correction.,Field office area,Chemical sampling,Tool inspection missing,None/Not Applicable,Medium,0,Hot-work controls
NM_0404,Near Miss,"During Pipe-rack inspection at Pump station, Test manifold lacked verified restraint and pressure-release exclusion controls. Critical control failure was corrected before resuming work. The situation had credible potential for serious injury and was escalated immediately.","During Pipe-rack inspection at Pump station, Test manifold lacked verified restraint and pressure-release exclusion controls. Critical control failure was corrected before resuming work. The situation had credible potential for serious injury and was escalated immediately.",Pump station,Pipe-rack inspection,Test manifold lacked verified restraint and pressure-release exclusion controls,Work Authorization,High,1,Hot-work controls
NM_0015,Near Miss,"During Pipe-rack inspection at Storage depot, Supervision absent. Corrective action was taken on the spot. The team recorded the observation and completed immediate housekeeping correction.","During Pipe-rack inspection at Storage depot, Supervision absent. Corrective action was taken on the spot. The team recorded the observation and completed immediate housekeeping correction.",Storage depot,Pipe-rack inspection,Supervision absent,Confined Space,Low,0,Process fire precursor
NM_0027,Near Miss,"During routine checks at Pipeline ROW, Lift plan, tag lines, and barricaded drop zone were not available was observed during Equipment maintenance. The area was corrected immediately. The condition was corrected during the routine inspection, with no exposure to hazardous energy.","During routine checks at Pipeline ROW, Lift plan, tag lines, and barricaded drop zone were not available was observed during Equipment maintenance. The area was corrected immediately. The condition was corrected during the routine inspection, with no exposure to hazardous energy.",Pipeline ROW,Equipment maintenance,"Lift plan, tag lines, and barricaded drop zone were not available",Safe Mechanical Lifting,Low,0,Hot-work controls
NM_0530,Near Miss,"Shift crew reported that during Emergency valve servicing in Wellsite, Drain cover was open and combustible vapour testing was not documented. The activity was stopped as it could have resulted in serious harm. Work was halted due to high-risk exposure and corrective measures were implemented.","Shift crew reported that during Emergency valve servicing in Wellsite, Drain cover was open and combustible vapour testing was not documented. The activity was stopped as it could have resulted in serious harm. Work was halted due to high-risk exposure and corrective measures were implemented.",Wellsite,Emergency valve servicing,Drain cover was open and combustible vapour testing was not documented,Hot Work,High,1,Wellsite fatality precursor
NM_0302,Near Miss,Inspection revealed Open edge protection and full-body harness anchorage were unavailable during Manual handling of tubulars at Storage tank. Work was paused until the issue was addressed. The crew escalated the issue through the shift safety meeting and closed it before continuation.,Inspection revealed Open edge protection and full-body harness anchorage were unavailable during Manual handling of tubulars at Storage tank. Work was paused until the issue was addressed. The crew escalated the issue through the shift safety meeting and closed it before continuation.,Storage tank,Manual handling of tubulars,Open edge protection and full-body harness anchorage were unavailable,Working at Height,Medium,0,Furnace explosion precursor
NM_0693,Near Miss,"Near-miss observation: while performing Crude transfer vehicle movement at Storage depot, the team found that Procedure not followed. Work was stopped urgently and emergency response was initiated. Multiple critical barriers were ineffective, creating imminent serious-injury or fatality potential.","Near-miss observation: while performing Crude transfer vehicle movement at Storage depot, the team found that Procedure not followed. Work was stopped urgently and emergency response was initiated. Multiple critical barriers were ineffective, creating imminent serious-injury or fatality potential.",Storage depot,Crude transfer vehicle movement,Procedure not followed,Work Authorization,Critical,1,Hot-work controls
NM_0750,Near Miss,"During routine checks at Refinery unit, Fire watch missing was observed during Internal tank inspection. Actual exposure to hazardous conditions occurred. The situation had imminent potential for fatality and was escalated immediately.","During routine checks at Refinery unit, Fire watch missing was observed during Internal tank inspection. Actual exposure to hazardous conditions occurred. The situation had imminent potential for fatality and was escalated immediately.",Refinery unit,Internal tank inspection,Fire watch missing,Confined Space,Critical,1,Electrical shock precursor
NM_0572,Near Miss,"Near-miss observation: while performing Lifting and rigging at Wellsite, the team found that Damaged pallet and unstable load were being raised without a spotter. The activity was stopped as it could have resulted in serious harm. The failed critical control created credible potential for serious injury; the task was stopped and reported to HSE.","Near-miss observation: while performing Lifting and rigging at Wellsite, the team found that Damaged pallet and unstable load were being raised without a spotter. The activity was stopped as it could have resulted in serious harm. The failed critical control created credible potential for serious injury; the task was stopped and reported to HSE.",Wellsite,Lifting and rigging,Damaged pallet and unstable load were being raised without a spotter,Safe Mechanical Lifting,High,1,Maintenance fabrication fire
NM_0469,Near Miss,"Shift crew reported that during Compressor troubleshooting in Truck loading bay, Damaged pallet and unstable load were being raised without a spotter. The job was halted due to high-risk exposure. A supervisor issued a stop-work intervention and required a formal control verification.","Shift crew reported that during Compressor troubleshooting in Truck loading bay, Damaged pallet and unstable load were being raised without a spotter. The job was halted due to high-risk exposure. A supervisor issued a stop-work intervention and required a formal control verification.",Truck loading bay,Compressor troubleshooting,Damaged pallet and unstable load were being raised without a spotter,Safe Mechanical Lifting,High,1,Pressure-testing controls
NM_0623,Near Miss,"Near-miss observation: while performing Vessel entry preparation at Drilling rig, the team found that Communication failure. Actual exposure to hazardous conditions occurred. Multiple critical barriers were ineffective, creating imminent serious-injury or fatality potential.","Near-miss observation: while performing Vessel entry preparation at Drilling rig, the team found that Communication failure. Actual exposure to hazardous conditions occurred. Multiple critical barriers were ineffective, creating imminent serious-injury or fatality potential.",Drilling rig,Vessel entry preparation,Communication failure,Confined Space,Critical,1,Vehicle collision precursor
NM_0285,Near Miss,"Before/during Excavation work at Gas processing unit, Gas testing was overdue and no dedicated fire watch was assigned. Work was stopped temporarily and resumed after verification. The task was paused, the control was restored, and the supervisor verified readiness before work resumed.","Before/during Excavation work at Gas processing unit, Gas testing was overdue and no dedicated fire watch was assigned. Work was stopped temporarily and resumed after verification. The task was paused, the control was restored, and the supervisor verified readiness before work resumed.",Gas processing unit,Excavation work,Gas testing was overdue and no dedicated fire watch was assigned,Confined Space,Medium,0,Fall from height
NM_0384,Near Miss,"During routine checks at Refinery unit, Scaffold was altered without inspection tag and toe boards were missing was observed during Pipeline inspection. Work was paused until the issue was addressed. Work was temporarily halted pending verification of the control measure.","During routine checks at Refinery unit, Scaffold was altered without inspection tag and toe boards were missing was observed during Pipeline inspection. Work was paused until the issue was addressed. Work was temporarily halted pending verification of the control measure.",Refinery unit,Pipeline inspection,Scaffold was altered without inspection tag and toe boards were missing,Driving,Medium,0,Excavation controls
NM_0487,Near Miss,"During routine checks at Compressor station, Reversing was attempted without a banksman and pedestrian segregation was observed during Lifting valve actuator. Work was stopped due to potential serious injury risk. Personnel were close to hazardous energy exposure, so the area was secured pending investigation.","During routine checks at Compressor station, Reversing was attempted without a banksman and pedestrian segregation was observed during Lifting valve actuator. Work was stopped due to potential serious injury risk. Personnel were close to hazardous energy exposure, so the area was secured pending investigation.",Compressor station,Lifting valve actuator,Reversing was attempted without a banksman and pedestrian segregation,Safe Mechanical Lifting,High,1,Furnace explosion precursor
NM_0714,Near Miss,"Before/during Pipe spool welding at Gas processing unit, Exclusion zone missing. Multiple workers were at risk of serious injury or fatality. Multiple critical barriers were ineffective, creating imminent serious-injury or fatality potential.","Before/during Pipe spool welding at Gas processing unit, Exclusion zone missing. Multiple workers were at risk of serious injury or fatality. Multiple critical barriers were ineffective, creating imminent serious-injury or fatality potential.",Gas processing unit,Pipe spool welding,Exclusion zone missing,Hot Work,Critical,1,Hot work incident
NM_0144,Near Miss,"Near-miss observation: while performing Scaffold modification at Offshore platform, the team found that Line was not depressurised and workers were positioned in the potential release path. The area was corrected immediately. The team recorded the observation and completed immediate housekeeping correction.","Near-miss observation: while performing Scaffold modification at Offshore platform, the team found that Line was not depressurised and workers were positioned in the potential release path. The area was corrected immediately. The team recorded the observation and completed immediate housekeeping correction.",Offshore platform,Scaffold modification,Line was not depressurised and workers were positioned in the potential release path,Working at Height,Low,0,Fall from height
NM_0323,Near Miss,"A Reversing was attempted without a banksman and pedestrian segregation was identified during Vessel entry preparation at Process plant. The supervisor reviewed and approved continuation after correction. No one was exposed, but the observation required a documented corrective action.","A Reversing was attempted without a banksman and pedestrian segregation was identified during Vessel entry preparation at Process plant. The supervisor reviewed and approved continuation after correction. No one was exposed, but the observation required a documented corrective action.",Process plant,Vessel entry preparation,Reversing was attempted without a banksman and pedestrian segregation,Confined Space,Medium,0,Chemical-handling controls
NM_0601,Near Miss,A Drain cover was open and combustible vapour testing was not documented was identified during Vehicle movement at Maintenance yard. Work was stopped urgently and emergency response was initiated. The situation had imminent potential for fatality and was escalated immediately.,A Drain cover was open and combustible vapour testing was not documented was identified during Vehicle movement at Maintenance yard. Work was stopped urgently and emergency response was initiated. The situation had imminent potential for fatality and was escalated immediately.,Maintenance yard,Vehicle movement,Drain cover was open and combustible vapour testing was not documented,Hot Work,Critical,1,Scaffold controls
NM_0643,Near Miss,"Shift crew reported that during Instrument calibration in Pipeline ROW, Lift plan, tag lines, and barricaded drop zone were not available. Work was stopped urgently and emergency response was initiated. The situation had imminent potential for fatality and was escalated immediately.","Shift crew reported that during Instrument calibration in Pipeline ROW, Lift plan, tag lines, and barricaded drop zone were not available. Work was stopped urgently and emergency response was initiated. The situation had imminent potential for fatality and was escalated immediately.",Pipeline ROW,Instrument calibration,"Lift plan, tag lines, and barricaded drop zone were not available",Safe Mechanical Lifting,Critical,1,Pressure-testing controls
NM_0130,Near Miss,"During Pipeline inspection at Process plant, Scaffold was altered without inspection tag and toe boards were missing. The team corrected it without delay. The observation was logged and addressed during the same shift.","During Pipeline inspection at Process plant, Scaffold was altered without inspection tag and toe boards were missing. The team corrected it without delay. The observation was logged and addressed during the same shift.",Process plant,Pipeline inspection,Scaffold was altered without inspection tag and toe boards were missing,Working at Height,Low,0,Pressure-testing controls
NM_0550,Near Miss,"Before/during Pipe-rack inspection at Drilling rig, Equipment defect. Critical control failure was corrected before resuming work. Work was halted due to high-risk exposure and corrective measures were implemented.","Before/during Pipe-rack inspection at Drilling rig, Equipment defect. Critical control failure was corrected before resuming work. Work was halted due to high-risk exposure and corrective measures were implemented.",Drilling rig,Pipe-rack inspection,Equipment defect,Confined Space,High,1,Electrical shock precursor
NM_0366,Near Miss,A Atmosphere not tested was identified during Sampling and testing at Drilling rig. Work was paused until the issue was addressed. Work was temporarily halted pending verification of the control measure.,A Atmosphere not tested was identified during Sampling and testing at Drilling rig. Work was paused until the issue was addressed. Work was temporarily halted pending verification of the control measure.,Drilling rig,Sampling and testing,Atmosphere not tested,Confined Space,Medium,0,Confined-space entry controls
NM_0141,Near Miss,"During Lifting and rigging at Field office area, Line was not depressurised and workers were positioned in the potential release path. Work was paused briefly and the issue was resolved. The observation was logged and addressed during the same shift.","During Lifting and rigging at Field office area, Line was not depressurised and workers were positioned in the potential release path. Work was paused briefly and the issue was resolved. The observation was logged and addressed during the same shift.",Field office area,Lifting and rigging,Line was not depressurised and workers were positioned in the potential release path,Safe Mechanical Lifting,Low,0,SIMOPS controls
NM_0741,Near Miss,"During routine checks at Tank farm, Test manifold lacked verified restraint and pressure-release exclusion controls was observed during Well intervention. The situation had imminent potential for fatality and was escalated immediately. Multiple critical barriers were ineffective, creating imminent serious-injury or fatality potential.","During routine checks at Tank farm, Test manifold lacked verified restraint and pressure-release exclusion controls was observed during Well intervention. The situation had imminent potential for fatality and was escalated immediately. Multiple critical barriers were ineffective, creating imminent serious-injury or fatality potential.",Tank farm,Well intervention,Test manifold lacked verified restraint and pressure-release exclusion controls,Line of Fire,Critical,1,Confined-space entry controls
NM_0540,Near Miss,"During routine checks at Truck loading bay, Permit missing was observed during Hot work (welding/grinding). The activity was stopped as it could have resulted in serious harm. A supervisor issued a stop-work intervention and required a formal control verification.","During routine checks at Truck loading bay, Permit missing was observed during Hot work (welding/grinding). The activity was stopped as it could have resulted in serious harm. A supervisor issued a stop-work intervention and required a formal control verification.",Truck loading bay,Hot work (welding/grinding),Permit missing,Hot Work,High,1,Vehicle-movement controls
NM_0590,Near Miss,"During Reversing vehicle operations at Storage depot, Test manifold lacked verified restraint and pressure-release exclusion controls. Work was stopped due to potential serious injury risk. Personnel were close to hazardous energy exposure, so the area was secured pending investigation.","During Reversing vehicle operations at Storage depot, Test manifold lacked verified restraint and pressure-release exclusion controls. Work was stopped due to potential serious injury risk. Personnel were close to hazardous energy exposure, so the area was secured pending investigation.",Storage depot,Reversing vehicle operations,Test manifold lacked verified restraint and pressure-release exclusion controls,Driving,High,1,Excavation controls
NM_0406,Near Miss,"Shift crew reported that during Tank farm operations in Gas processing unit, Lift plan, tag lines, and barricaded drop zone were not available. Critical control failure was corrected before resuming work. A supervisor issued a stop-work intervention and required a formal control verification.","Shift crew reported that during Tank farm operations in Gas processing unit, Lift plan, tag lines, and barricaded drop zone were not available. Critical control failure was corrected before resuming work. A supervisor issued a stop-work intervention and required a formal control verification.",Gas processing unit,Tank farm operations,"Lift plan, tag lines, and barricaded drop zone were not available",Confined Space,High,1,Safety-control bypass
NM_0149,Near Miss,Inspection revealed Sample bottle label was unclear and secondary containment was not positioned during Tank farm operations at Compressor station. Work was paused briefly and the issue was resolved. The observation was logged and addressed during the same shift.,Inspection revealed Sample bottle label was unclear and secondary containment was not positioned during Tank farm operations at Compressor station. Work was paused briefly and the issue was resolved. The observation was logged and addressed during the same shift.,Compressor station,Tank farm operations,Sample bottle label was unclear and secondary containment was not positioned,Confined Space,Low,0,Chemical-handling controls
NM_0665,Near Miss,"During Hydrostatic pressure test at Truck loading bay, Gas testing was overdue and no dedicated fire watch was assigned. All personnel were evacuated. Multiple critical barriers were ineffective, creating imminent serious-injury or fatality potential.","During Hydrostatic pressure test at Truck loading bay, Gas testing was overdue and no dedicated fire watch was assigned. All personnel were evacuated. Multiple critical barriers were ineffective, creating imminent serious-injury or fatality potential.",Truck loading bay,Hydrostatic pressure test,Gas testing was overdue and no dedicated fire watch was assigned,Confined Space,Critical,1,Stored-energy controls
NM_0400,Near Miss,Inspection revealed Communication failure during Breaking a pressurised flange at Compressor station. Work was paused until the issue was addressed. The crew escalated the issue through the shift safety meeting and closed it before continuation.,Inspection revealed Communication failure during Breaking a pressurised flange at Compressor station. Work was paused until the issue was addressed. The crew escalated the issue through the shift safety meeting and closed it before continuation.,Compressor station,Breaking a pressurised flange,Communication failure,Hot Work,Medium,0,Work-at-height controls
NM_0385,Near Miss,"Before/during Forklift pallet handling at Process plant, Electrical supply and process pressure isolation were not independently verified. The activity was delayed pending correction. The crew escalated the issue through the shift safety meeting and closed it before continuation.","Before/during Forklift pallet handling at Process plant, Electrical supply and process pressure isolation were not independently verified. The activity was delayed pending correction. The crew escalated the issue through the shift safety meeting and closed it before continuation.",Process plant,Forklift pallet handling,Electrical supply and process pressure isolation were not independently verified,Safe Mechanical Lifting,Medium,0,Pinch-point controls
NM_0541,Near Miss,"During routine checks at Storage depot, Lockout-tagout missing was observed during Pressure vessel testing. The situation had credible potential for serious injury. The situation had credible potential for serious injury and was escalated immediately.","During routine checks at Storage depot, Lockout-tagout missing was observed during Pressure vessel testing. The situation had credible potential for serious injury. The situation had credible potential for serious injury and was escalated immediately.",Storage depot,Pressure vessel testing,Lockout-tagout missing,Confined Space,High,1,Equipment failure incident
NM_0458,Near Miss,"During routine checks at Drilling rig, Atmosphere not tested was observed during Equipment maintenance. The job was halted due to high-risk exposure. The failed critical control created credible potential for serious injury; the task was stopped and reported to HSE.","During routine checks at Drilling rig, Atmosphere not tested was observed during Equipment maintenance. The job was halted due to high-risk exposure. The failed critical control created credible potential for serious injury; the task was stopped and reported to HSE.",Drilling rig,Equipment maintenance,Atmosphere not tested,Confined Space,High,1,SIMOPS controls
NM_0074,Near Miss,"Shift crew reported that during Process unit startup/shutdown in LPG bottling plant, Scaffold was altered without inspection tag and toe boards were missing. The area was corrected immediately. The issue was minor and was rectified before it affected the task.","Shift crew reported that during Process unit startup/shutdown in LPG bottling plant, Scaffold was altered without inspection tag and toe boards were missing. The area was corrected immediately. The issue was minor and was rectified before it affected the task.",LPG bottling plant,Process unit startup/shutdown,Scaffold was altered without inspection tag and toe boards were missing,Bypassing Safety Controls,Low,0,Process fire precursor
NM_0031,Near Miss,"Near-miss observation: while performing Crude transfer vehicle movement at Pipeline ROW, the team found that Electrical supply and process pressure isolation were not independently verified. The team corrected it without delay. The observation was logged and addressed during the same shift.","Near-miss observation: while performing Crude transfer vehicle movement at Pipeline ROW, the team found that Electrical supply and process pressure isolation were not independently verified. The team corrected it without delay. The observation was logged and addressed during the same shift.",Pipeline ROW,Crude transfer vehicle movement,Electrical supply and process pressure isolation were not independently verified,Energy Isolation,Low,0,SIMOPS controls
NM_0638,Near Miss,"Before/during Crude transfer vehicle movement at Pump station, Isolation not verified. All personnel were evacuated. Personnel were moved to a safe location and the event was treated as a high-potential near miss.","Before/during Crude transfer vehicle movement at Pump station, Isolation not verified. All personnel were evacuated. Personnel were moved to a safe location and the event was treated as a high-potential near miss.",Pump station,Crude transfer vehicle movement,Isolation not verified,Energy Isolation,Critical,1,Finger injury during handling
NM_0533,Near Miss,"During Hydrostatic pressure test at Refinery unit, Line was not depressurised and workers were positioned in the potential release path. Work was stopped due to potential serious injury risk. Work was halted due to high-risk exposure and corrective measures were implemented.","During Hydrostatic pressure test at Refinery unit, Line was not depressurised and workers were positioned in the potential release path. Work was stopped due to potential serious injury risk. Work was halted due to high-risk exposure and corrective measures were implemented.",Refinery unit,Hydrostatic pressure test,Line was not depressurised and workers were positioned in the potential release path,Line of Fire,High,1,Fall from height
NM_0298,Near Miss,"During Forklift pallet handling at Maintenance yard, Spill containment missing. Work was paused until the issue was addressed. The supervisor reviewed the situation and approved continuation after correction.","During Forklift pallet handling at Maintenance yard, Spill containment missing. Work was paused until the issue was addressed. The supervisor reviewed the situation and approved continuation after correction.",Maintenance yard,Forklift pallet handling,Spill containment missing,Safe Mechanical Lifting,Medium,0,Chemical-handling controls
NM_0004,Near Miss,"During routine checks at Maintenance yard, Tool inspection missing was observed during Scaffolding work. The team corrected it without delay. The condition was corrected during the routine inspection, with no exposure to hazardous energy.","During routine checks at Maintenance yard, Tool inspection missing was observed during Scaffolding work. The team corrected it without delay. The condition was corrected during the routine inspection, with no exposure to hazardous energy.",Maintenance yard,Scaffolding work,Tool inspection missing,Working at Height,Low,0,Forklift handling controls
NM_0704,Near Miss,A Gas test missing was identified during Housekeeping inspection at Process plant. Multiple workers were at risk of serious injury or fatality. All personnel were evacuated and the area was secured pending full investigation.,A Gas test missing was identified during Housekeeping inspection at Process plant. Multiple workers were at risk of serious injury or fatality. All personnel were evacuated and the area was secured pending full investigation.,Process plant,Housekeeping inspection,Gas test missing,Confined Space,Critical,1,Excavation/pipeline incident
NM_0304,Near Miss,"During routine checks at Wellsite, Communication failure was observed during Scaffolding work. The activity was delayed pending correction. No one was exposed, but the observation required a documented corrective action.","During routine checks at Wellsite, Communication failure was observed during Scaffolding work. The activity was delayed pending correction. No one was exposed, but the observation required a documented corrective action.",Wellsite,Scaffolding work,Communication failure,Working at Height,Medium,0,Safety-control bypass
NM_0215,Near Miss,"Near-miss observation: while performing Scaffold modification at Pipeline ROW, the team found that Communication failure. The job proceeded only after corrective measures. The crew escalated the issue through the shift safety meeting and closed it before continuation.","Near-miss observation: while performing Scaffold modification at Pipeline ROW, the team found that Communication failure. The job proceeded only after corrective measures. The crew escalated the issue through the shift safety meeting and closed it before continuation.",Pipeline ROW,Scaffold modification,Communication failure,Working at Height,Medium,0,Slip/trip/fall incident
NM_0720,Near Miss,A Fire watch missing was identified during Pipeline inspection at Maintenance yard. Multiple workers were at risk of serious injury or fatality. Personnel were moved to a safe location and the event was treated as a high-potential near miss.,A Fire watch missing was identified during Pipeline inspection at Maintenance yard. Multiple workers were at risk of serious injury or fatality. Personnel were moved to a safe location and the event was treated as a high-potential near miss.,Maintenance yard,Pipeline inspection,Fire watch missing,Hot Work,Critical,1,Energy isolation incident
NM_0666,Near Miss,"Near-miss observation: while performing Lifting and rigging at Wellsite, the team found that Fall arrest missing. Actual exposure to hazardous conditions occurred. The situation had imminent potential for fatality and was escalated immediately.","Near-miss observation: while performing Lifting and rigging at Wellsite, the team found that Fall arrest missing. Actual exposure to hazardous conditions occurred. The situation had imminent potential for fatality and was escalated immediately.",Wellsite,Lifting and rigging,Fall arrest missing,Safe Mechanical Lifting,Critical,1,Forklift handling controls
NM_0220,Near Miss,"Near-miss observation: while performing Manual handling of tubulars at Truck loading bay, the team found that Gas testing was overdue and no dedicated fire watch was assigned. The job proceeded only after corrective measures. No one was exposed, but the observation required a documented corrective action.","Near-miss observation: while performing Manual handling of tubulars at Truck loading bay, the team found that Gas testing was overdue and no dedicated fire watch was assigned. The job proceeded only after corrective measures. No one was exposed, but the observation required a documented corrective action.",Truck loading bay,Manual handling of tubulars,Gas testing was overdue and no dedicated fire watch was assigned,Confined Space,Medium,0,Confined space entry incident
NM_0333,Near Miss,"A Supervision absent was identified during Sampling and testing at Gas processing unit. Work was paused until the issue was addressed. No one was exposed, but the observation required a documented corrective action.","A Supervision absent was identified during Sampling and testing at Gas processing unit. Work was paused until the issue was addressed. No one was exposed, but the observation required a documented corrective action.",Gas processing unit,Sampling and testing,Supervision absent,None/Not Applicable,Medium,0,Dropped object incident
NM_0685,Near Miss,"Shift crew reported that during Reversing vehicle operations in Truck loading bay, Supervision absent. Multiple workers were at risk of serious injury or fatality. Personnel were moved to a safe location and the event was treated as a high-potential near miss.","Shift crew reported that during Reversing vehicle operations in Truck loading bay, Supervision absent. Multiple workers were at risk of serious injury or fatality. Personnel were moved to a safe location and the event was treated as a high-potential near miss.",Truck loading bay,Reversing vehicle operations,Supervision absent,Driving,Critical,1,Line-of-fire controls
NM_0019,Near Miss,"Before/during Vehicle movement at Storage depot, Pneumatic energy isolation was not locked and residual pressure remained in the line. The area was corrected immediately. The team recorded the observation and completed immediate housekeeping correction.","Before/during Vehicle movement at Storage depot, Pneumatic energy isolation was not locked and residual pressure remained in the line. The area was corrected immediately. The team recorded the observation and completed immediate housekeeping correction.",Storage depot,Vehicle movement,Pneumatic energy isolation was not locked and residual pressure remained in the line,Energy Isolation,Low,0,Line-of-fire controls
NM_0429,Near Miss,Inspection revealed Permit missing during Hot work (welding/grinding) at Storage depot. Critical control failure was corrected before resuming work. Work was halted due to high-risk exposure and corrective measures were implemented.,Inspection revealed Permit missing during Hot work (welding/grinding) at Storage depot. Critical control failure was corrected before resuming work. Work was halted due to high-risk exposure and corrective measures were implemented.,Storage depot,Hot work (welding/grinding),Permit missing,Hot Work,High,1,Excavation/pipeline incident
NM_0748,Near Miss,"During Night driving to remote site at Truck loading bay, Work scope had changed but the permit and job safety analysis were not revalidated. Multiple workers were at risk of serious injury or fatality. The situation had imminent potential for fatality and was escalated immediately.","During Night driving to remote site at Truck loading bay, Work scope had changed but the permit and job safety analysis were not revalidated. Multiple workers were at risk of serious injury or fatality. The situation had imminent potential for fatality and was escalated immediately.",Truck loading bay,Night driving to remote site,Work scope had changed but the permit and job safety analysis were not revalidated,Confined Space,Critical,1,Finger injury during handling
NM_0783,Near Miss,"During Hydrostatic pressure test at Wellsite, Open edge protection and full-body harness anchorage were unavailable. Multiple workers were at risk of serious injury or fatality. The condition presented immediate potentially fatal exposure; operations were stopped, the area was isolated, and emergency escalation began.","During Hydrostatic pressure test at Wellsite, Open edge protection and full-body harness anchorage were unavailable. Multiple workers were at risk of serious injury or fatality. The condition presented immediate potentially fatal exposure; operations were stopped, the area was isolated, and emergency escalation began.",Wellsite,Hydrostatic pressure test,Open edge protection and full-body harness anchorage were unavailable,Working at Height,Critical,1,Confined-space entry controls
NM_0193,Near Miss,"A Fall arrest missing was identified during Sampling and testing at Pump station. The team corrected it without delay. The condition was corrected during the routine inspection, with no exposure to hazardous energy.","A Fall arrest missing was identified during Sampling and testing at Pump station. The team corrected it without delay. The condition was corrected during the routine inspection, with no exposure to hazardous energy.",Pump station,Sampling and testing,Fall arrest missing,Working at Height,Low,0,Hot-work controls
NM_0245,Near Miss,"During routine checks at Maintenance yard, Excavation edge was not barricaded and underground utility mark-out was incomplete was observed during Valve maintenance. The activity was delayed pending correction. The task was paused, the control was restored, and the supervisor verified readiness before work resumed.","During routine checks at Maintenance yard, Excavation edge was not barricaded and underground utility mark-out was incomplete was observed during Valve maintenance. The activity was delayed pending correction. The task was paused, the control was restored, and the supervisor verified readiness before work resumed.",Maintenance yard,Valve maintenance,Excavation edge was not barricaded and underground utility mark-out was incomplete,Working at Height,Medium,0,Mechanical-lifting controls
NM_0248,Near Miss,Inspection revealed Warning sign missing during Wellhead valve maintenance at Refinery unit. The activity was delayed pending correction. The supervisor reviewed the situation and approved continuation after correction.,Inspection revealed Warning sign missing during Wellhead valve maintenance at Refinery unit. The activity was delayed pending correction. The supervisor reviewed the situation and approved continuation after correction.,Refinery unit,Wellhead valve maintenance,Warning sign missing,Safe Mechanical Lifting,Medium,0,Furnace explosion precursor
NM_0422,Near Miss,A Pneumatic energy isolation was not locked and residual pressure remained in the line was identified during Manual handling of tubulars at Drilling rig. The situation had credible potential for serious injury. The failed critical control created credible potential for serious injury; the task was stopped and reported to HSE.,A Pneumatic energy isolation was not locked and residual pressure remained in the line was identified during Manual handling of tubulars at Drilling rig. The situation had credible potential for serious injury. The failed critical control created credible potential for serious injury; the task was stopped and reported to HSE.,Drilling rig,Manual handling of tubulars,Pneumatic energy isolation was not locked and residual pressure remained in the line,Energy Isolation,High,1,Furnace explosion precursor
NM_0137,Near Miss,A Test manifold lacked verified restraint and pressure-release exclusion controls was identified during Grinding near drain at Storage tank. The team corrected it without delay. No work stoppage was required as the risk was minimal.,A Test manifold lacked verified restraint and pressure-release exclusion controls was identified during Grinding near drain at Storage tank. The team corrected it without delay. No work stoppage was required as the risk was minimal.,Storage tank,Grinding near drain,Test manifold lacked verified restraint and pressure-release exclusion controls,Hot Work,Low,0,Maintenance fabrication fire
NM_0389,Near Miss,A Guard missing was identified during Confined space entry at Refinery unit. Work was paused until the issue was addressed. The crew escalated the issue through the shift safety meeting and closed it before continuation.,A Guard missing was identified during Confined space entry at Refinery unit. Work was paused until the issue was addressed. The crew escalated the issue through the shift safety meeting and closed it before continuation.,Refinery unit,Confined space entry,Guard missing,Confined Space,Medium,0,Hot work incident
NM_0232,Near Miss,Inspection revealed Sample bottle label was unclear and secondary containment was not positioned during Breaking a pressurised flange at Maintenance yard. The activity was delayed pending correction. The supervisor reviewed the situation and approved continuation after correction.,Inspection revealed Sample bottle label was unclear and secondary containment was not positioned during Breaking a pressurised flange at Maintenance yard. The activity was delayed pending correction. The supervisor reviewed the situation and approved continuation after correction.,Maintenance yard,Breaking a pressurised flange,Sample bottle label was unclear and secondary containment was not positioned,Bypassing Safety Controls,Medium,0,Hot-work controls
NM_0270,Near Miss,"Shift crew reported that during Hydrostatic pressure test in Wellsite, Open edge protection and full-body harness anchorage were unavailable. Work was stopped temporarily and resumed after verification. The crew escalated the issue through the shift safety meeting and closed it before continuation.","Shift crew reported that during Hydrostatic pressure test in Wellsite, Open edge protection and full-body harness anchorage were unavailable. Work was stopped temporarily and resumed after verification. The crew escalated the issue through the shift safety meeting and closed it before continuation.",Wellsite,Hydrostatic pressure test,Open edge protection and full-body harness anchorage were unavailable,Working at Height,Medium,0,Chemical exposure incident
NM_0344,Near Miss,"Before/during Pump maintenance at Refinery unit, Permit missing. The supervisor reviewed and approved continuation after correction. No one was exposed, but the observation required a documented corrective action.","Before/during Pump maintenance at Refinery unit, Permit missing. The supervisor reviewed and approved continuation after correction. No one was exposed, but the observation required a documented corrective action.",Refinery unit,Pump maintenance,Permit missing,Work Authorization,Medium,0,Scaffold controls
NM_0655,Near Miss,"Before/during Pipe-rack inspection at LPG bottling plant, Emergency response delayed. The situation had imminent potential for fatality and was escalated immediately. The condition presented immediate potentially fatal exposure; operations were stopped, the area was isolated, and emergency escalation began.","Before/during Pipe-rack inspection at LPG bottling plant, Emergency response delayed. The situation had imminent potential for fatality and was escalated immediately. The condition presented immediate potentially fatal exposure; operations were stopped, the area was isolated, and emergency escalation began.",LPG bottling plant,Pipe-rack inspection,Emergency response delayed,Working at Height,Critical,1,Hydrostatic testing incident
NM_0405,Near Miss,"During LPG bottling operations at Maintenance yard, Damaged pallet and unstable load were being raised without a spotter. The situation had credible potential for serious injury. The failed critical control created credible potential for serious injury; the task was stopped and reported to HSE.","During LPG bottling operations at Maintenance yard, Damaged pallet and unstable load were being raised without a spotter. The situation had credible potential for serious injury. The failed critical control created credible potential for serious injury; the task was stopped and reported to HSE.",Maintenance yard,LPG bottling operations,Damaged pallet and unstable load were being raised without a spotter,Confined Space,High,1,Safety-control bypass
NM_0716,Near Miss,"During Pipeline inspection at Storage depot, Hands were placed near pinch points and no designated signaler was present. Multiple workers were at risk of serious injury or fatality. Personnel were moved to a safe location and the event was treated as a high-potential near miss.","During Pipeline inspection at Storage depot, Hands were placed near pinch points and no designated signaler was present. Multiple workers were at risk of serious injury or fatality. Personnel were moved to a safe location and the event was treated as a high-potential near miss.",Storage depot,Pipeline inspection,Hands were placed near pinch points and no designated signaler was present,Line of Fire,Critical,1,Forklift handling controls
NM_0238,Near Miss,"Shift crew reported that during Excavation work in Compressor station, Hands were placed near pinch points and no designated signaler was present. The activity was delayed pending correction. No one was exposed, but the observation required a documented corrective action.","Shift crew reported that during Excavation work in Compressor station, Hands were placed near pinch points and no designated signaler was present. The activity was delayed pending correction. No one was exposed, but the observation required a documented corrective action.",Compressor station,Excavation work,Hands were placed near pinch points and no designated signaler was present,Line of Fire,Medium,0,Vehicle-movement controls
NM_0567,Near Miss,"Near-miss observation: while performing Equipment maintenance at Field office area, the team found that Fall arrest missing. The situation had credible potential for serious injury. A supervisor issued a stop-work intervention and required a formal control verification.","Near-miss observation: while performing Equipment maintenance at Field office area, the team found that Fall arrest missing. The situation had credible potential for serious injury. A supervisor issued a stop-work intervention and required a formal control verification.",Field office area,Equipment maintenance,Fall arrest missing,Working at Height,High,1,Energy isolation incident
NM_0570,Near Miss,A Excavation edge was not barricaded and underground utility mark-out was incomplete was identified during Loading/unloading operations at Pipeline ROW. The situation had credible potential for serious injury. A supervisor issued a stop-work intervention and required a formal control verification.,A Excavation edge was not barricaded and underground utility mark-out was incomplete was identified during Loading/unloading operations at Pipeline ROW. The situation had credible potential for serious injury. A supervisor issued a stop-work intervention and required a formal control verification.,Pipeline ROW,Loading/unloading operations,Excavation edge was not barricaded and underground utility mark-out was incomplete,Working at Height,High,1,Vehicle-movement controls
NM_0709,Near Miss,A Line was not depressurised and workers were positioned in the potential release path was identified during Excavation work at Field office area. Multiple workers were at risk of serious injury or fatality. The situation had imminent potential for fatality and was escalated immediately.,A Line was not depressurised and workers were positioned in the potential release path was identified during Excavation work at Field office area. Multiple workers were at risk of serious injury or fatality. The situation had imminent potential for fatality and was escalated immediately.,Field office area,Excavation work,Line was not depressurised and workers were positioned in the potential release path,Line of Fire,Critical,1,Pinch-point controls
NM_0769,Near Miss,"Before/during Excavation work at Field office area, Reversing was attempted without a banksman and pedestrian segregation. All personnel were evacuated. Multiple critical barriers were ineffective, creating imminent serious-injury or fatality potential.","Before/during Excavation work at Field office area, Reversing was attempted without a banksman and pedestrian segregation. All personnel were evacuated. Multiple critical barriers were ineffective, creating imminent serious-injury or fatality potential.",Field office area,Excavation work,Reversing was attempted without a banksman and pedestrian segregation,Driving,Critical,1,Chemical-handling controls
NM_0764,Near Miss,"Shift crew reported that during Scaffolding work in Maintenance yard, Work scope had changed but the permit and job safety analysis were not revalidated. All personnel were evacuated. The situation had imminent potential for fatality and was escalated immediately.","Shift crew reported that during Scaffolding work in Maintenance yard, Work scope had changed but the permit and job safety analysis were not revalidated. All personnel were evacuated. The situation had imminent potential for fatality and was escalated immediately.",Maintenance yard,Scaffolding work,Work scope had changed but the permit and job safety analysis were not revalidated,Working at Height,Critical,1,Energy isolation controls
NM_0684,Near Miss,"Before/during Electrical maintenance at Pipeline ROW, Emergency response delayed. Actual exposure to hazardous conditions occurred. Personnel were moved to a safe location and the event was treated as a high-potential near miss.","Before/during Electrical maintenance at Pipeline ROW, Emergency response delayed. Actual exposure to hazardous conditions occurred. Personnel were moved to a safe location and the event was treated as a high-potential near miss.",Pipeline ROW,Electrical maintenance,Emergency response delayed,Energy Isolation,Critical,1,Chemical exposure incident
NM_0391,Near Miss,"Near-miss observation: while performing Loading/unloading operations at Storage tank, the team found that Fall arrest missing. The activity was delayed pending correction. Work was temporarily halted pending verification of the control measure.","Near-miss observation: while performing Loading/unloading operations at Storage tank, the team found that Fall arrest missing. The activity was delayed pending correction. Work was temporarily halted pending verification of the control measure.",Storage tank,Loading/unloading operations,Fall arrest missing,Working at Height,Medium,0,LPG release incident
NM_0077,Near Miss,"During routine checks at Pipeline ROW, No pre-entry gas test, attendant, rescue arrangement, or signed entry permit was observed during Electrical maintenance. The team corrected it without delay. The condition was corrected during the routine inspection, with no exposure to hazardous energy.","During routine checks at Pipeline ROW, No pre-entry gas test, attendant, rescue arrangement, or signed entry permit was observed during Electrical maintenance. The team corrected it without delay. The condition was corrected during the routine inspection, with no exposure to hazardous energy.",Pipeline ROW,Electrical maintenance,"No pre-entry gas test, attendant, rescue arrangement, or signed entry permit",Confined Space,Low,0,Hydrostatic testing incident
NM_0133,Near Miss,A Exclusion zone missing was identified during Pump maintenance at Wellsite. The area was corrected immediately. The observation was logged and addressed during the same shift.,A Exclusion zone missing was identified during Pump maintenance at Wellsite. The area was corrected immediately. The observation was logged and addressed during the same shift.,Wellsite,Pump maintenance,Exclusion zone missing,Line of Fire,Low,0,Lifting/crane incident
NM_0732,Near Miss,"Shift crew reported that during Reversing vehicle operations in Pump station, Guard missing. The situation had imminent potential for fatality and was escalated immediately. Multiple critical barriers were ineffective, creating imminent serious-injury or fatality potential.","Shift crew reported that during Reversing vehicle operations in Pump station, Guard missing. The situation had imminent potential for fatality and was escalated immediately. Multiple critical barriers were ineffective, creating imminent serious-injury or fatality potential.",Pump station,Reversing vehicle operations,Guard missing,Driving,Critical,1,Maintenance fabrication fire
NM_0049,Near Miss,"A No pre-entry gas test, attendant, rescue arrangement, or signed entry permit was identified during Pipeline inspection at Compressor station. No work stoppage was required. The issue was minor and was rectified before it affected the task.","A No pre-entry gas test, attendant, rescue arrangement, or signed entry permit was identified during Pipeline inspection at Compressor station. No work stoppage was required. The issue was minor and was rectified before it affected the task.",Compressor station,Pipeline inspection,"No pre-entry gas test, attendant, rescue arrangement, or signed entry permit",Confined Space,Low,0,Excavation controls
NM_0244,Near Miss,"Inspection revealed Lift plan missing during Manual handling of tubulars at Drilling rig. The activity was delayed pending correction. The task was paused, the control was restored, and the supervisor verified readiness before work resumed.","Inspection revealed Lift plan missing during Manual handling of tubulars at Drilling rig. The activity was delayed pending correction. The task was paused, the control was restored, and the supervisor verified readiness before work resumed.",Drilling rig,Manual handling of tubulars,Lift plan missing,Safe Mechanical Lifting,Medium,0,Fall from height
NM_0756,Near Miss,"During Pipe-rack inspection at Wellsite, Fall arrest missing. Actual exposure to hazardous conditions occurred. Personnel were moved to a safe location and the event was treated as a high-potential near miss.","During Pipe-rack inspection at Wellsite, Fall arrest missing. Actual exposure to hazardous conditions occurred. Personnel were moved to a safe location and the event was treated as a high-potential near miss.",Wellsite,Pipe-rack inspection,Fall arrest missing,Working at Height,Critical,1,Slip/trip/fall incident
NM_0330,Near Miss,"During Vehicle movement at Process plant, Sample bottle label was unclear and secondary containment was not positioned. The supervisor reviewed and approved continuation after correction. The supervisor reviewed the situation and approved continuation after correction.","During Vehicle movement at Process plant, Sample bottle label was unclear and secondary containment was not positioned. The supervisor reviewed and approved continuation after correction. The supervisor reviewed the situation and approved continuation after correction.",Process plant,Vehicle movement,Sample bottle label was unclear and secondary containment was not positioned,Driving,Medium,0,Hot work incident
NM_0067,Near Miss,"Near-miss observation: while performing LPG bottling operations at Gas processing unit, the team found that Line was not depressurised and workers were positioned in the potential release path. No work stoppage was required. The team recorded the observation and completed immediate housekeeping correction.","Near-miss observation: while performing LPG bottling operations at Gas processing unit, the team found that Line was not depressurised and workers were positioned in the potential release path. No work stoppage was required. The team recorded the observation and completed immediate housekeeping correction.",Gas processing unit,LPG bottling operations,Line was not depressurised and workers were positioned in the potential release path,Line of Fire,Low,0,Wellsite fatality precursor
NM_0109,Near Miss,Inspection revealed Emergency access route was partly obstructed by temporary materials during Hydrostatic pressure test at Tank farm. Corrective action was taken on the spot. The team recorded the observation and completed immediate housekeeping correction.,Inspection revealed Emergency access route was partly obstructed by temporary materials during Hydrostatic pressure test at Tank farm. Corrective action was taken on the spot. The team recorded the observation and completed immediate housekeeping correction.,Tank farm,Hydrostatic pressure test,Emergency access route was partly obstructed by temporary materials,None/Not Applicable,Low,0,Work-at-height controls
NM_0669,Near Miss,"Shift crew reported that during Excavation work in LPG bottling plant, Work scope had changed but the permit and job safety analysis were not revalidated. Actual exposure to hazardous conditions occurred. Personnel were moved to a safe location and the event was treated as a high-potential near miss.","Shift crew reported that during Excavation work in LPG bottling plant, Work scope had changed but the permit and job safety analysis were not revalidated. Actual exposure to hazardous conditions occurred. Personnel were moved to a safe location and the event was treated as a high-potential near miss.",LPG bottling plant,Excavation work,Work scope had changed but the permit and job safety analysis were not revalidated,Line of Fire,Critical,1,Pinch-point controls
NM_0088,Near Miss,Inspection revealed Permit missing during Pipe-rack inspection at Compressor station. No work stoppage was required. The team recorded the observation and completed immediate housekeeping correction.,Inspection revealed Permit missing during Pipe-rack inspection at Compressor station. No work stoppage was required. The team recorded the observation and completed immediate housekeeping correction.,Compressor station,Pipe-rack inspection,Permit missing,Work Authorization,Low,0,Permit-to-work controls
NM_0132,Near Miss,"Near-miss observation: while performing Electrical maintenance at Wellsite, the team found that Tool inspection missing. The team corrected it without delay. The condition was corrected during the routine inspection, with no exposure to hazardous energy.","Near-miss observation: while performing Electrical maintenance at Wellsite, the team found that Tool inspection missing. The team corrected it without delay. The condition was corrected during the routine inspection, with no exposure to hazardous energy.",Wellsite,Electrical maintenance,Tool inspection missing,Energy Isolation,Low,0,Emergency-access controls
NM_0577,Near Miss,"Shift crew reported that during Scaffolding work in Process plant, Gas test missing. The activity was stopped as it could have resulted in serious harm. The failed critical control created credible potential for serious injury; the task was stopped and reported to HSE.","Shift crew reported that during Scaffolding work in Process plant, Gas test missing. The activity was stopped as it could have resulted in serious harm. The failed critical control created credible potential for serious injury; the task was stopped and reported to HSE.",Process plant,Scaffolding work,Gas test missing,Confined Space,High,1,Finger injury during handling
NM_0167,Near Miss,"During routine checks at Storage depot, Pneumatic energy isolation was not locked and residual pressure remained in the line was observed during Pressure vessel testing. Corrective action was taken on the spot. The team recorded the observation and completed immediate housekeeping correction.","During routine checks at Storage depot, Pneumatic energy isolation was not locked and residual pressure remained in the line was observed during Pressure vessel testing. Corrective action was taken on the spot. The team recorded the observation and completed immediate housekeeping correction.",Storage depot,Pressure vessel testing,Pneumatic energy isolation was not locked and residual pressure remained in the line,Confined Space,Low,0,Electrical shock precursor
NM_0645,Near Miss,"During LPG bottling operations at Truck loading bay, Equipment defect. Work was stopped urgently and emergency response was initiated. The condition presented immediate potentially fatal exposure; operations were stopped, the area was isolated, and emergency escalation began.","During LPG bottling operations at Truck loading bay, Equipment defect. Work was stopped urgently and emergency response was initiated. The condition presented immediate potentially fatal exposure; operations were stopped, the area was isolated, and emergency escalation began.",Truck loading bay,LPG bottling operations,Equipment defect,Safe Mechanical Lifting,Critical,1,Hot-work controls
NM_0517,Near Miss,"During Electrical maintenance at Gas processing unit, Test manifold lacked verified restraint and pressure-release exclusion controls. The job was halted due to high-risk exposure. The situation had credible potential for serious injury and was escalated immediately.","During Electrical maintenance at Gas processing unit, Test manifold lacked verified restraint and pressure-release exclusion controls. The job was halted due to high-risk exposure. The situation had credible potential for serious injury and was escalated immediately.",Gas processing unit,Electrical maintenance,Test manifold lacked verified restraint and pressure-release exclusion controls,Energy Isolation,High,1,Energy isolation controls
NM_0018,Near Miss,"Shift crew reported that during Internal tank inspection in Field office area, Tool inspection missing. The team corrected it without delay. The observation was logged and addressed during the same shift.","Shift crew reported that during Internal tank inspection in Field office area, Tool inspection missing. The team corrected it without delay. The observation was logged and addressed during the same shift.",Field office area,Internal tank inspection,Tool inspection missing,Confined Space,Low,0,Safety-control bypass
NM_0396,Near Miss,"Near-miss observation: while performing Confined space entry at Maintenance yard, the team found that Guard missing. The activity was delayed pending correction. No one was exposed, but the observation required a documented corrective action.","Near-miss observation: while performing Confined space entry at Maintenance yard, the team found that Guard missing. The activity was delayed pending correction. No one was exposed, but the observation required a documented corrective action.",Maintenance yard,Confined space entry,Guard missing,Confined Space,Medium,0,Energy isolation controls
NM_0061,Near Miss,"Inspection revealed Scaffold was altered without inspection tag and toe boards were missing during Pump maintenance at Refinery unit. Corrective action was taken on the spot. The condition was corrected during the routine inspection, with no exposure to hazardous energy.","Inspection revealed Scaffold was altered without inspection tag and toe boards were missing during Pump maintenance at Refinery unit. Corrective action was taken on the spot. The condition was corrected during the routine inspection, with no exposure to hazardous energy.",Refinery unit,Pump maintenance,Scaffold was altered without inspection tag and toe boards were missing,Confined Space,Low,0,Equipment failure incident
NM_0355,Near Miss,A Damaged pallet and unstable load were being raised without a spotter was identified during Loading/unloading operations at Offshore platform. Work was paused until the issue was addressed. The crew escalated the issue through the shift safety meeting and closed it before continuation.,A Damaged pallet and unstable load were being raised without a spotter was identified during Loading/unloading operations at Offshore platform. Work was paused until the issue was addressed. The crew escalated the issue through the shift safety meeting and closed it before continuation.,Offshore platform,Loading/unloading operations,Damaged pallet and unstable load were being raised without a spotter,Safe Mechanical Lifting,Medium,0,Journey-management controls
NM_0762,Near Miss,"During Lifting and rigging at Pump station, Tool inspection missing. All personnel were evacuated. Personnel were moved to a safe location and the event was treated as a high-potential near miss.","During Lifting and rigging at Pump station, Tool inspection missing. All personnel were evacuated. Personnel were moved to a safe location and the event was treated as a high-potential near miss.",Pump station,Lifting and rigging,Tool inspection missing,Safe Mechanical Lifting,Critical,1,Excavation controls
NM_0283,Near Miss,Inspection revealed PPE not used during Night driving to remote site at Gas processing unit. Work was stopped temporarily and resumed after verification. Work was temporarily halted pending verification of the control measure.,Inspection revealed PPE not used during Night driving to remote site at Gas processing unit. Work was stopped temporarily and resumed after verification. Work was temporarily halted pending verification of the control measure.,Gas processing unit,Night driving to remote site,PPE not used,Confined Space,Medium,0,Scaffold controls
NM_0273,Near Miss,Inspection revealed Supervision absent during Grinding near drain at Field office area. The activity was delayed pending correction. The supervisor reviewed the situation and approved continuation after correction.,Inspection revealed Supervision absent during Grinding near drain at Field office area. The activity was delayed pending correction. The supervisor reviewed the situation and approved continuation after correction.,Field office area,Grinding near drain,Supervision absent,Hot Work,Medium,0,Excavation/pipeline incident
NM_0555,Near Miss,"Near-miss observation: while performing Process unit startup/shutdown at Process plant, the team found that PPE not used. The activity was stopped as it could have resulted in serious harm. A supervisor issued a stop-work intervention and required a formal control verification.","Near-miss observation: while performing Process unit startup/shutdown at Process plant, the team found that PPE not used. The activity was stopped as it could have resulted in serious harm. A supervisor issued a stop-work intervention and required a formal control verification.",Process plant,Process unit startup/shutdown,PPE not used,None/Not Applicable,High,1,Energy isolation controls
NM_0183,Near Miss,"Shift crew reported that during Scaffold modification in Drilling rig, Tool inspection missing. The team corrected it without delay. The issue was minor and was rectified before it affected the task.","Shift crew reported that during Scaffold modification in Drilling rig, Tool inspection missing. The team corrected it without delay. The issue was minor and was rectified before it affected the task.",Drilling rig,Scaffold modification,Tool inspection missing,Working at Height,Low,0,Energy isolation incident
NM_0123,Near Miss,"Near-miss observation: while performing Process unit startup/shutdown at Pipeline ROW, the team found that Training inadequate. Work was paused briefly and the issue was resolved. No work stoppage was required as the risk was minimal.","Near-miss observation: while performing Process unit startup/shutdown at Pipeline ROW, the team found that Training inadequate. Work was paused briefly and the issue was resolved. No work stoppage was required as the risk was minimal.",Pipeline ROW,Process unit startup/shutdown,Training inadequate,Working at Height,Low,0,Maintenance fabrication fire
NM_0111,Near Miss,"During Hot work (welding/grinding) at LPG bottling plant, Communication failure. Work was paused briefly and the issue was resolved. The observation was logged and addressed during the same shift.","During Hot work (welding/grinding) at LPG bottling plant, Communication failure. Work was paused briefly and the issue was resolved. The observation was logged and addressed during the same shift.",LPG bottling plant,Hot work (welding/grinding),Communication failure,Hot Work,Low,0,Fall from height
NM_0414,Near Miss,A Gas testing was overdue and no dedicated fire watch was assigned was identified during Loading/unloading operations at Wellsite. Work was stopped due to potential serious injury risk. Work was halted due to high-risk exposure and corrective measures were implemented.,A Gas testing was overdue and no dedicated fire watch was assigned was identified during Loading/unloading operations at Wellsite. Work was stopped due to potential serious injury risk. Work was halted due to high-risk exposure and corrective measures were implemented.,Wellsite,Loading/unloading operations,Gas testing was overdue and no dedicated fire watch was assigned,Confined Space,High,1,Confined-space entry controls
NM_0705,Near Miss,"Near-miss observation: while performing Excavation work at Gas processing unit, the team found that Fall arrest missing. All personnel were evacuated. The condition presented immediate potentially fatal exposure; operations were stopped, the area was isolated, and emergency escalation began.","Near-miss observation: while performing Excavation work at Gas processing unit, the team found that Fall arrest missing. All personnel were evacuated. The condition presented immediate potentially fatal exposure; operations were stopped, the area was isolated, and emergency escalation began.",Gas processing unit,Excavation work,Fall arrest missing,Working at Height,Critical,1,Hydrostatic testing incident
NM_0134,Near Miss,"Near-miss observation: while performing Pump seal replacement at Compressor station, the team found that Communication failure. Corrective action was taken on the spot. No work stoppage was required as the risk was minimal.","Near-miss observation: while performing Pump seal replacement at Compressor station, the team found that Communication failure. Corrective action was taken on the spot. No work stoppage was required as the risk was minimal.",Compressor station,Pump seal replacement,Communication failure,Work Authorization,Low,0,Excavation controls
NM_0442,Near Miss,"During Loading/unloading operations at Offshore platform, Open edge protection and full-body harness anchorage were unavailable. Work was stopped due to potential serious injury risk. Work was halted due to high-risk exposure and corrective measures were implemented.","During Loading/unloading operations at Offshore platform, Open edge protection and full-body harness anchorage were unavailable. Work was stopped due to potential serious injury risk. Work was halted due to high-risk exposure and corrective measures were implemented.",Offshore platform,Loading/unloading operations,Open edge protection and full-body harness anchorage were unavailable,Working at Height,High,1,Lifting/crane incident
NM_0502,Near Miss,"Shift crew reported that during Forklift pallet handling in Storage tank, PPE not used. The activity was stopped as it could have resulted in serious harm. A supervisor issued a stop-work intervention and required a formal control verification.","Shift crew reported that during Forklift pallet handling in Storage tank, PPE not used. The activity was stopped as it could have resulted in serious harm. A supervisor issued a stop-work intervention and required a formal control verification.",Storage tank,Forklift pallet handling,PPE not used,Safe Mechanical Lifting,High,1,Fall from height
NM_0022,Near Miss,Inspection revealed Exclusion zone missing during Lifting and rigging at Pipeline ROW. No work stoppage was required. The team recorded the observation and completed immediate housekeeping correction.,Inspection revealed Exclusion zone missing during Lifting and rigging at Pipeline ROW. No work stoppage was required. The team recorded the observation and completed immediate housekeeping correction.,Pipeline ROW,Lifting and rigging,Exclusion zone missing,Safe Mechanical Lifting,Low,0,Hot-work controls
NM_0383,Near Miss,"Before/during Electrical maintenance at Pipeline ROW, Lockout-tagout missing. The job proceeded only after corrective measures. The crew escalated the issue through the shift safety meeting and closed it before continuation.","Before/during Electrical maintenance at Pipeline ROW, Lockout-tagout missing. The job proceeded only after corrective measures. The crew escalated the issue through the shift safety meeting and closed it before continuation.",Pipeline ROW,Electrical maintenance,Lockout-tagout missing,Energy Isolation,Medium,0,Energy isolation controls
NM_0352,Near Miss,"Before/during Instrument calibration at Process plant, Emergency response delayed. The job proceeded only after corrective measures. No one was exposed, but the observation required a documented corrective action.","Before/during Instrument calibration at Process plant, Emergency response delayed. The job proceeded only after corrective measures. No one was exposed, but the observation required a documented corrective action.",Process plant,Instrument calibration,Emergency response delayed,Line of Fire,Medium,0,Hot work incident
NM_0336,Near Miss,"A Lift plan, tag lines, and barricaded drop zone were not available was identified during Process unit startup/shutdown at Refinery unit. The activity was delayed pending correction. Work was temporarily halted pending verification of the control measure.","A Lift plan, tag lines, and barricaded drop zone were not available was identified during Process unit startup/shutdown at Refinery unit. The activity was delayed pending correction. Work was temporarily halted pending verification of the control measure.",Refinery unit,Process unit startup/shutdown,"Lift plan, tag lines, and barricaded drop zone were not available",Safe Mechanical Lifting,Medium,0,Scaffold controls
NM_0718,Near Miss,"During Tank farm operations at Refinery unit, Permit missing. Multiple workers were at risk of serious injury or fatality. The condition presented immediate potentially fatal exposure; operations were stopped, the area was isolated, and emergency escalation began.","During Tank farm operations at Refinery unit, Permit missing. Multiple workers were at risk of serious injury or fatality. The condition presented immediate potentially fatal exposure; operations were stopped, the area was isolated, and emergency escalation began.",Refinery unit,Tank farm operations,Permit missing,Confined Space,Critical,1,Forklift handling controls
NM_0457,Near Miss,Inspection revealed PPE not used during Lifting valve actuator at LPG bottling plant. Critical control failure was corrected before resuming work. A supervisor issued a stop-work intervention and required a formal control verification.,Inspection revealed PPE not used during Lifting valve actuator at LPG bottling plant. Critical control failure was corrected before resuming work. A supervisor issued a stop-work intervention and required a formal control verification.,LPG bottling plant,Lifting valve actuator,PPE not used,Safe Mechanical Lifting,High,1,Hot-work controls
NM_0436,Near Miss,Inspection revealed Guard missing during Forklift pallet handling at Field office area. The job was halted due to high-risk exposure. The situation had credible potential for serious injury and was escalated immediately.,Inspection revealed Guard missing during Forklift pallet handling at Field office area. The job was halted due to high-risk exposure. The situation had credible potential for serious injury and was escalated immediately.,Field office area,Forklift pallet handling,Guard missing,Safe Mechanical Lifting,High,1,Vehicle-movement controls
NM_0472,Near Miss,"Shift crew reported that during Compressor troubleshooting in Storage depot, Exclusion zone missing. Critical control failure was corrected before resuming work. Personnel were close to hazardous energy exposure, so the area was secured pending investigation.","Shift crew reported that during Compressor troubleshooting in Storage depot, Exclusion zone missing. Critical control failure was corrected before resuming work. Personnel were close to hazardous energy exposure, so the area was secured pending investigation.",Storage depot,Compressor troubleshooting,Exclusion zone missing,Line of Fire,High,1,Hot work incident
NM_0166,Near Miss,"Shift crew reported that during Lifting valve actuator in Offshore platform, Trip interlock was found bypassed during a production upset. The team corrected it without delay. The team recorded the observation and completed immediate housekeeping correction.","Shift crew reported that during Lifting valve actuator in Offshore platform, Trip interlock was found bypassed during a production upset. The team corrected it without delay. The team recorded the observation and completed immediate housekeeping correction.",Offshore platform,Lifting valve actuator,Trip interlock was found bypassed during a production upset,Safe Mechanical Lifting,Low,0,Safety-control bypass
NM_0076,Near Miss,A Equipment defect was identified during Breaking a pressurised flange at Gas processing unit. No work stoppage was required. The issue was minor and was rectified before it affected the task.,A Equipment defect was identified during Breaking a pressurised flange at Gas processing unit. No work stoppage was required. The issue was minor and was rectified before it affected the task.,Gas processing unit,Breaking a pressurised flange,Equipment defect,None/Not Applicable,Low,0,Equipment failure incident
NM_0002,Near Miss,"During routine checks at Truck loading bay, Work scope had changed but the permit and job safety analysis were not revalidated was observed during Pressure vessel testing. No work stoppage was required. The observation was logged and addressed during the same shift.","During routine checks at Truck loading bay, Work scope had changed but the permit and job safety analysis were not revalidated was observed during Pressure vessel testing. No work stoppage was required. The observation was logged and addressed during the same shift.",Truck loading bay,Pressure vessel testing,Work scope had changed but the permit and job safety analysis were not revalidated,Confined Space,Low,0,Forklift handling controls
NM_0191,Near Miss,"During routine checks at Pipeline ROW, Gas testing was overdue and no dedicated fire watch was assigned was observed during Crude transfer vehicle movement. Work was paused briefly and the issue was resolved. The condition was corrected during the routine inspection, with no exposure to hazardous energy.","During routine checks at Pipeline ROW, Gas testing was overdue and no dedicated fire watch was assigned was observed during Crude transfer vehicle movement. Work was paused briefly and the issue was resolved. The condition was corrected during the routine inspection, with no exposure to hazardous energy.",Pipeline ROW,Crude transfer vehicle movement,Gas testing was overdue and no dedicated fire watch was assigned,Confined Space,Low,0,Process fire precursor
NM_0359,Near Miss,"During routine checks at Process plant, Equipment defect was observed during Pipe-rack inspection. The activity was delayed pending correction. Work was temporarily halted pending verification of the control measure.","During routine checks at Process plant, Equipment defect was observed during Pipe-rack inspection. The activity was delayed pending correction. Work was temporarily halted pending verification of the control measure.",Process plant,Pipe-rack inspection,Equipment defect,Work Authorization,Medium,0,Maintenance fabrication fire
NM_0318,Near Miss,"During Instrument calibration at Field office area, Reversing was attempted without a banksman and pedestrian segregation. The job proceeded only after corrective measures. No one was exposed, but the observation required a documented corrective action.","During Instrument calibration at Field office area, Reversing was attempted without a banksman and pedestrian segregation. The job proceeded only after corrective measures. No one was exposed, but the observation required a documented corrective action.",Field office area,Instrument calibration,Reversing was attempted without a banksman and pedestrian segregation,Driving,Medium,0,Pinch-point controls
NM_0001,Near Miss,"Near-miss observation: while performing Lifting and rigging at Refinery unit, the team found that Damaged pallet and unstable load were being raised without a spotter. No work stoppage was required. The condition was corrected during the routine inspection, with no exposure to hazardous energy.","Near-miss observation: while performing Lifting and rigging at Refinery unit, the team found that Damaged pallet and unstable load were being raised without a spotter. No work stoppage was required. The condition was corrected during the routine inspection, with no exposure to hazardous energy.",Refinery unit,Lifting and rigging,Damaged pallet and unstable load were being raised without a spotter,Safe Mechanical Lifting,Low,0,Journey-management controls
NM_0713,Near Miss,A Damaged pallet and unstable load were being raised without a spotter was identified during Valve maintenance at Storage depot. Actual exposure to hazardous conditions occurred. The situation had imminent potential for fatality and was escalated immediately.,A Damaged pallet and unstable load were being raised without a spotter was identified during Valve maintenance at Storage depot. Actual exposure to hazardous conditions occurred. The situation had imminent potential for fatality and was escalated immediately.,Storage depot,Valve maintenance,Damaged pallet and unstable load were being raised without a spotter,Hot Work,Critical,1,Line-of-fire controls
NM_0170,Near Miss,"Near-miss observation: while performing Electrical maintenance at Pipeline ROW, the team found that Electrical supply and process pressure isolation were not independently verified. No work stoppage was required. No work stoppage was required as the risk was minimal.","Near-miss observation: while performing Electrical maintenance at Pipeline ROW, the team found that Electrical supply and process pressure isolation were not independently verified. No work stoppage was required. No work stoppage was required as the risk was minimal.",Pipeline ROW,Electrical maintenance,Electrical supply and process pressure isolation were not independently verified,Energy Isolation,Low,0,Hot-work controls
NM_0765,Near Miss,"Before/during Confined space entry at Storage tank, Exclusion zone missing. The situation had imminent potential for fatality and was escalated immediately. The situation had imminent potential for fatality and was escalated immediately.","Before/during Confined space entry at Storage tank, Exclusion zone missing. The situation had imminent potential for fatality and was escalated immediately. The situation had imminent potential for fatality and was escalated immediately.",Storage tank,Confined space entry,Exclusion zone missing,Confined Space,Critical,1,Vehicle collision precursor
NM_0281,Near Miss,"Near-miss observation: while performing Manual handling of tubulars at Truck loading bay, the team found that Lockout-tagout missing. Work was paused until the issue was addressed. No one was exposed, but the observation required a documented corrective action.","Near-miss observation: while performing Manual handling of tubulars at Truck loading bay, the team found that Lockout-tagout missing. Work was paused until the issue was addressed. No one was exposed, but the observation required a documented corrective action.",Truck loading bay,Manual handling of tubulars,Lockout-tagout missing,Energy Isolation,Medium,0,Process fire precursor
NM_0611,Near Miss,"Near-miss observation: while performing Drilling operations at Field office area, the team found that Work scope had changed but the permit and job safety analysis were not revalidated. All personnel were evacuated. All personnel were evacuated and the area was secured pending full investigation.","Near-miss observation: while performing Drilling operations at Field office area, the team found that Work scope had changed but the permit and job safety analysis were not revalidated. All personnel were evacuated. All personnel were evacuated and the area was secured pending full investigation.",Field office area,Drilling operations,Work scope had changed but the permit and job safety analysis were not revalidated,Energy Isolation,Critical,1,Dropped object incident
NM_0178,Near Miss,A Scaffold was altered without inspection tag and toe boards were missing was identified during Equipment maintenance at Storage depot. The team corrected it without delay. No work stoppage was required as the risk was minimal.,A Scaffold was altered without inspection tag and toe boards were missing was identified during Equipment maintenance at Storage depot. The team corrected it without delay. No work stoppage was required as the risk was minimal.,Storage depot,Equipment maintenance,Scaffold was altered without inspection tag and toe boards were missing,Work Authorization,Low,0,Equipment failure incident
NM_0324,Near Miss,"Near-miss observation: while performing Pump maintenance at Gas processing unit, the team found that Training inadequate. Work was stopped temporarily and resumed after verification. The supervisor reviewed the situation and approved continuation after correction.","Near-miss observation: while performing Pump maintenance at Gas processing unit, the team found that Training inadequate. Work was stopped temporarily and resumed after verification. The supervisor reviewed the situation and approved continuation after correction.",Gas processing unit,Pump maintenance,Training inadequate,Confined Space,Medium,0,Mechanical-lifting controls
NM_0397,Near Miss,"During Wellhead valve maintenance at Process plant, Damaged pallet and unstable load were being raised without a spotter. The job proceeded only after corrective measures. The supervisor reviewed the situation and approved continuation after correction.","During Wellhead valve maintenance at Process plant, Damaged pallet and unstable load were being raised without a spotter. The job proceeded only after corrective measures. The supervisor reviewed the situation and approved continuation after correction.",Process plant,Wellhead valve maintenance,Damaged pallet and unstable load were being raised without a spotter,Safe Mechanical Lifting,Medium,0,Hot-work controls
NM_0551,Near Miss,"During routine checks at Storage tank, Communication failure was observed during Confined space entry. The activity was stopped as it could have resulted in serious harm. The situation had credible potential for serious injury and was escalated immediately.","During routine checks at Storage tank, Communication failure was observed during Confined space entry. The activity was stopped as it could have resulted in serious harm. The situation had credible potential for serious injury and was escalated immediately.",Storage tank,Confined space entry,Communication failure,Confined Space,High,1,Hydrostatic testing incident
NM_0583,Near Miss,"Shift crew reported that during Scaffolding work in Wellsite, Line was not depressurised and workers were positioned in the potential release path. Critical control failure was corrected before resuming work. A supervisor issued a stop-work intervention and required a formal control verification.","Shift crew reported that during Scaffolding work in Wellsite, Line was not depressurised and workers were positioned in the potential release path. Critical control failure was corrected before resuming work. A supervisor issued a stop-work intervention and required a formal control verification.",Wellsite,Scaffolding work,Line was not depressurised and workers were positioned in the potential release path,Working at Height,High,1,Emergency-access controls
NM_0728,Near Miss,"During routine checks at LPG bottling plant, Hands were placed near pinch points and no designated signaler was present was observed during Valve maintenance. All personnel were evacuated. Personnel were moved to a safe location and the event was treated as a high-potential near miss.","During routine checks at LPG bottling plant, Hands were placed near pinch points and no designated signaler was present was observed during Valve maintenance. All personnel were evacuated. Personnel were moved to a safe location and the event was treated as a high-potential near miss.",LPG bottling plant,Valve maintenance,Hands were placed near pinch points and no designated signaler was present,Line of Fire,Critical,1,Vehicle collision precursor
NM_0434,Near Miss,"Shift crew reported that during Pipe-rack inspection in Pipeline ROW, Lift plan, tag lines, and barricaded drop zone were not available. The job was halted due to high-risk exposure. The situation had credible potential for serious injury and was escalated immediately.","Shift crew reported that during Pipe-rack inspection in Pipeline ROW, Lift plan, tag lines, and barricaded drop zone were not available. The job was halted due to high-risk exposure. The situation had credible potential for serious injury and was escalated immediately.",Pipeline ROW,Pipe-rack inspection,"Lift plan, tag lines, and barricaded drop zone were not available",Safe Mechanical Lifting,High,1,Dropped object incident
NM_0008,Near Miss,"Before/during Breaking a pressurised flange at Pump station, Excavation edge was not barricaded and underground utility mark-out was incomplete. The team corrected it without delay. The condition was corrected during the routine inspection, with no exposure to hazardous energy.","Before/during Breaking a pressurised flange at Pump station, Excavation edge was not barricaded and underground utility mark-out was incomplete. The team corrected it without delay. The condition was corrected during the routine inspection, with no exposure to hazardous energy.",Pump station,Breaking a pressurised flange,Excavation edge was not barricaded and underground utility mark-out was incomplete,Working at Height,Low,0,Pinch-point controls
NM_0150,Near Miss,"A Isolation not verified was identified during Grinding near drain at Truck loading bay. The team corrected it without delay. The condition was corrected during the routine inspection, with no exposure to hazardous energy.","A Isolation not verified was identified during Grinding near drain at Truck loading bay. The team corrected it without delay. The condition was corrected during the routine inspection, with no exposure to hazardous energy.",Truck loading bay,Grinding near drain,Isolation not verified,Energy Isolation,Low,0,Hot-work controls
NM_0415,Near Miss,"A Supervision absent was identified during Breaking a pressurised flange at Pipeline ROW. The activity was stopped as it could have resulted in serious harm. Personnel were close to hazardous energy exposure, so the area was secured pending investigation.","A Supervision absent was identified during Breaking a pressurised flange at Pipeline ROW. The activity was stopped as it could have resulted in serious harm. Personnel were close to hazardous energy exposure, so the area was secured pending investigation.",Pipeline ROW,Breaking a pressurised flange,Supervision absent,Bypassing Safety Controls,High,1,Excavation/pipeline incident
NM_0438,Near Miss,"Before/during Emergency valve servicing at Compressor station, Lift plan, tag lines, and barricaded drop zone were not available. Work was stopped due to potential serious injury risk. Personnel were close to hazardous energy exposure, so the area was secured pending investigation.","Before/during Emergency valve servicing at Compressor station, Lift plan, tag lines, and barricaded drop zone were not available. Work was stopped due to potential serious injury risk. Personnel were close to hazardous energy exposure, so the area was secured pending investigation.",Compressor station,Emergency valve servicing,"Lift plan, tag lines, and barricaded drop zone were not available",Safe Mechanical Lifting,High,1,SIMOPS controls
NM_0691,Near Miss,"Shift crew reported that during Loading/unloading operations in Process plant, Procedure not followed. The situation had imminent potential for fatality and was escalated immediately. All personnel were evacuated and the area was secured pending full investigation.","Shift crew reported that during Loading/unloading operations in Process plant, Procedure not followed. The situation had imminent potential for fatality and was escalated immediately. All personnel were evacuated and the area was secured pending full investigation.",Process plant,Loading/unloading operations,Procedure not followed,Work Authorization,Critical,1,Vehicle collision precursor
NM_0537,Near Miss,"A Guard missing was identified during Vessel entry preparation at Pump station. Critical control failure was corrected before resuming work. Personnel were close to hazardous energy exposure, so the area was secured pending investigation.","A Guard missing was identified during Vessel entry preparation at Pump station. Critical control failure was corrected before resuming work. Personnel were close to hazardous energy exposure, so the area was secured pending investigation.",Pump station,Vessel entry preparation,Guard missing,Confined Space,High,1,Wellsite fatality precursor
NM_0148,Near Miss,"Before/during Confined space entry at Wellsite, Spill containment missing. No work stoppage was required. The condition was corrected during the routine inspection, with no exposure to hazardous energy.","Before/during Confined space entry at Wellsite, Spill containment missing. No work stoppage was required. The condition was corrected during the routine inspection, with no exposure to hazardous energy.",Wellsite,Confined space entry,Spill containment missing,Confined Space,Low,0,Chemical exposure incident
NM_0099,Near Miss,"Shift crew reported that during Sampling and testing in Storage tank, Electrical supply and process pressure isolation were not independently verified. Corrective action was taken on the spot. The team recorded the observation and completed immediate housekeeping correction.","Shift crew reported that during Sampling and testing in Storage tank, Electrical supply and process pressure isolation were not independently verified. Corrective action was taken on the spot. The team recorded the observation and completed immediate housekeeping correction.",Storage tank,Sampling and testing,Electrical supply and process pressure isolation were not independently verified,None/Not Applicable,Low,0,Journey-management controls
NM_0798,Near Miss,"Inspection revealed Lift plan missing during Reversing vehicle operations at Wellsite. Work was stopped urgently and emergency response was initiated. The condition presented immediate potentially fatal exposure; operations were stopped, the area was isolated, and emergency escalation began.","Inspection revealed Lift plan missing during Reversing vehicle operations at Wellsite. Work was stopped urgently and emergency response was initiated. The condition presented immediate potentially fatal exposure; operations were stopped, the area was isolated, and emergency escalation began.",Wellsite,Reversing vehicle operations,Lift plan missing,Safe Mechanical Lifting,Critical,1,Hot-work controls
NM_0760,Near Miss,"Shift crew reported that during Lifting and rigging in Truck loading bay, Exclusion zone missing. Work was stopped urgently and emergency response was initiated. Multiple critical barriers were ineffective, creating imminent serious-injury or fatality potential.","Shift crew reported that during Lifting and rigging in Truck loading bay, Exclusion zone missing. Work was stopped urgently and emergency response was initiated. Multiple critical barriers were ineffective, creating imminent serious-injury or fatality potential.",Truck loading bay,Lifting and rigging,Exclusion zone missing,Safe Mechanical Lifting,Critical,1,Journey-management controls
NM_0349,Near Miss,A Procedure not followed was identified during Well intervention at Wellsite. The activity was delayed pending correction. The crew escalated the issue through the shift safety meeting and closed it before continuation.,A Procedure not followed was identified during Well intervention at Wellsite. The activity was delayed pending correction. The crew escalated the issue through the shift safety meeting and closed it before continuation.,Wellsite,Well intervention,Procedure not followed,Work Authorization,Medium,0,Fall from height
NM_0475,Near Miss,A Fall arrest missing was identified during Crude transfer vehicle movement at LPG bottling plant. Work was stopped due to potential serious injury risk. A supervisor issued a stop-work intervention and required a formal control verification.,A Fall arrest missing was identified during Crude transfer vehicle movement at LPG bottling plant. Work was stopped due to potential serious injury risk. A supervisor issued a stop-work intervention and required a formal control verification.,LPG bottling plant,Crude transfer vehicle movement,Fall arrest missing,Working at Height,High,1,Lifting/crane incident
NM_0211,Near Miss,"Before/during Housekeeping inspection at Wellsite, Trip interlock was found bypassed during a production upset. The job proceeded only after corrective measures. The task was paused, the control was restored, and the supervisor verified readiness before work resumed.","Before/during Housekeeping inspection at Wellsite, Trip interlock was found bypassed during a production upset. The job proceeded only after corrective measures. The task was paused, the control was restored, and the supervisor verified readiness before work resumed.",Wellsite,Housekeeping inspection,Trip interlock was found bypassed during a production upset,Bypassing Safety Controls,Medium,0,Energy isolation incident
NM_0276,Near Miss,"A Driver fatigue screening and journey-management check were incomplete was identified during Wellhead valve maintenance at Wellsite. The job proceeded only after corrective measures. The task was paused, the control was restored, and the supervisor verified readiness before work resumed.","A Driver fatigue screening and journey-management check were incomplete was identified during Wellhead valve maintenance at Wellsite. The job proceeded only after corrective measures. The task was paused, the control was restored, and the supervisor verified readiness before work resumed.",Wellsite,Wellhead valve maintenance,Driver fatigue screening and journey-management check were incomplete,Driving,Medium,0,LPG release incident
NM_0101,Near Miss,"During routine checks at Wellsite, Pneumatic energy isolation was not locked and residual pressure remained in the line was observed during Electrical maintenance. Corrective action was taken on the spot. The team recorded the observation and completed immediate housekeeping correction.","During routine checks at Wellsite, Pneumatic energy isolation was not locked and residual pressure remained in the line was observed during Electrical maintenance. Corrective action was taken on the spot. The team recorded the observation and completed immediate housekeeping correction.",Wellsite,Electrical maintenance,Pneumatic energy isolation was not locked and residual pressure remained in the line,Energy Isolation,Low,0,Excavation controls
NM_0773,Near Miss,"Before/during Well intervention at Gas processing unit, Supervision absent. Multiple workers were at risk of serious injury or fatality. Personnel were moved to a safe location and the event was treated as a high-potential near miss.","Before/during Well intervention at Gas processing unit, Supervision absent. Multiple workers were at risk of serious injury or fatality. Personnel were moved to a safe location and the event was treated as a high-potential near miss.",Gas processing unit,Well intervention,Supervision absent,Bypassing Safety Controls,Critical,1,Equipment failure incident
NM_0377,Near Miss,Inspection revealed Line was not depressurised and workers were positioned in the potential release path during Crude transfer vehicle movement at Wellsite. The activity was delayed pending correction. The crew escalated the issue through the shift safety meeting and closed it before continuation.,Inspection revealed Line was not depressurised and workers were positioned in the potential release path during Crude transfer vehicle movement at Wellsite. The activity was delayed pending correction. The crew escalated the issue through the shift safety meeting and closed it before continuation.,Wellsite,Crude transfer vehicle movement,Line was not depressurised and workers were positioned in the potential release path,Line of Fire,Medium,0,Chemical-handling controls
NM_0371,Near Miss,A Training inadequate was identified during Hot work (welding/grinding) at Wellsite. The supervisor reviewed and approved continuation after correction. The crew escalated the issue through the shift safety meeting and closed it before continuation.,A Training inadequate was identified during Hot work (welding/grinding) at Wellsite. The supervisor reviewed and approved continuation after correction. The crew escalated the issue through the shift safety meeting and closed it before continuation.,Wellsite,Hot work (welding/grinding),Training inadequate,Hot Work,Medium,0,Energy isolation controls
NM_0686,Near Miss,"During routine checks at LPG bottling plant, Gas test missing was observed during Emergency valve servicing. All personnel were evacuated. Multiple critical barriers were ineffective, creating imminent serious-injury or fatality potential.","During routine checks at LPG bottling plant, Gas test missing was observed during Emergency valve servicing. All personnel were evacuated. Multiple critical barriers were ineffective, creating imminent serious-injury or fatality potential.",LPG bottling plant,Emergency valve servicing,Gas test missing,Confined Space,Critical,1,Confined space entry incident
NM_0758,Near Miss,"Before/during Breaking a pressurised flange at Offshore platform, Drain cover was open and combustible vapour testing was not documented. Work was stopped urgently and emergency response was initiated. The situation had imminent potential for fatality and was escalated immediately.","Before/during Breaking a pressurised flange at Offshore platform, Drain cover was open and combustible vapour testing was not documented. Work was stopped urgently and emergency response was initiated. The situation had imminent potential for fatality and was escalated immediately.",Offshore platform,Breaking a pressurised flange,Drain cover was open and combustible vapour testing was not documented,Hot Work,Critical,1,Safety-control bypass
NM_0680,Near Miss,"Shift crew reported that during Loading/unloading operations in Refinery unit, Pneumatic energy isolation was not locked and residual pressure remained in the line. All personnel were evacuated. All personnel were evacuated and the area was secured pending full investigation.","Shift crew reported that during Loading/unloading operations in Refinery unit, Pneumatic energy isolation was not locked and residual pressure remained in the line. All personnel were evacuated. All personnel were evacuated and the area was secured pending full investigation.",Refinery unit,Loading/unloading operations,Pneumatic energy isolation was not locked and residual pressure remained in the line,Energy Isolation,Critical,1,Electrical shock precursor
NM_0398,Near Miss,"During Pump seal replacement at Process plant, Pneumatic energy isolation was not locked and residual pressure remained in the line. The activity was delayed pending correction. The crew escalated the issue through the shift safety meeting and closed it before continuation.","During Pump seal replacement at Process plant, Pneumatic energy isolation was not locked and residual pressure remained in the line. The activity was delayed pending correction. The crew escalated the issue through the shift safety meeting and closed it before continuation.",Process plant,Pump seal replacement,Pneumatic energy isolation was not locked and residual pressure remained in the line,Energy Isolation,Medium,0,Confined-space entry controls
NM_0461,Near Miss,"During Confined space entry at Pipeline ROW, Drain cover was open and combustible vapour testing was not documented. Critical control failure was corrected before resuming work. A supervisor issued a stop-work intervention and required a formal control verification.","During Confined space entry at Pipeline ROW, Drain cover was open and combustible vapour testing was not documented. Critical control failure was corrected before resuming work. A supervisor issued a stop-work intervention and required a formal control verification.",Pipeline ROW,Confined space entry,Drain cover was open and combustible vapour testing was not documented,Confined Space,High,1,Process fire precursor
NM_0761,Near Miss,"Before/during Wellhead valve maintenance at Field office area, Reversing was attempted without a banksman and pedestrian segregation. Actual exposure to hazardous conditions occurred. Personnel were moved to a safe location and the event was treated as a high-potential near miss.","Before/during Wellhead valve maintenance at Field office area, Reversing was attempted without a banksman and pedestrian segregation. Actual exposure to hazardous conditions occurred. Personnel were moved to a safe location and the event was treated as a high-potential near miss.",Field office area,Wellhead valve maintenance,Reversing was attempted without a banksman and pedestrian segregation,Driving,Critical,1,Journey-management controls
NM_0556,Near Miss,"Near-miss observation: while performing Grinding near drain at Gas processing unit, the team found that Driver fatigue screening and journey-management check were incomplete. The situation had credible potential for serious injury. Personnel were close to hazardous energy exposure, so the area was secured pending investigation.","Near-miss observation: while performing Grinding near drain at Gas processing unit, the team found that Driver fatigue screening and journey-management check were incomplete. The situation had credible potential for serious injury. Personnel were close to hazardous energy exposure, so the area was secured pending investigation.",Gas processing unit,Grinding near drain,Driver fatigue screening and journey-management check were incomplete,Hot Work,High,1,Mechanical-lifting controls
NM_0187,Near Miss,"During routine checks at Field office area, Tool inspection missing was observed during Compressor troubleshooting. No work stoppage was required. No work stoppage was required as the risk was minimal.","During routine checks at Field office area, Tool inspection missing was observed during Compressor troubleshooting. No work stoppage was required. No work stoppage was required as the risk was minimal.",Field office area,Compressor troubleshooting,Tool inspection missing,Hot Work,Low,0,Excavation/pipeline incident
NM_0548,Near Miss,"During routine checks at Storage tank, Reversing was attempted without a banksman and pedestrian segregation was observed during Excavation work. The activity was stopped as it could have resulted in serious harm. A supervisor issued a stop-work intervention and required a formal control verification.","During routine checks at Storage tank, Reversing was attempted without a banksman and pedestrian segregation was observed during Excavation work. The activity was stopped as it could have resulted in serious harm. A supervisor issued a stop-work intervention and required a formal control verification.",Storage tank,Excavation work,Reversing was attempted without a banksman and pedestrian segregation,Driving,High,1,Emergency-access controls
NM_0619,Near Miss,"Shift crew reported that during Drilling operations in LPG bottling plant, Training inadequate. The situation had imminent potential for fatality and was escalated immediately. Multiple critical barriers were ineffective, creating imminent serious-injury or fatality potential.","Shift crew reported that during Drilling operations in LPG bottling plant, Training inadequate. The situation had imminent potential for fatality and was escalated immediately. Multiple critical barriers were ineffective, creating imminent serious-injury or fatality potential.",LPG bottling plant,Drilling operations,Training inadequate,Driving,Critical,1,Hot-work controls
NM_0058,Near Miss,"During Housekeeping inspection at Compressor station, Atmosphere not tested. Work was paused briefly and the issue was resolved. The issue was minor and was rectified before it affected the task.","During Housekeeping inspection at Compressor station, Atmosphere not tested. Work was paused briefly and the issue was resolved. The issue was minor and was rectified before it affected the task.",Compressor station,Housekeeping inspection,Atmosphere not tested,Confined Space,Low,0,Maintenance fabrication fire
NM_0600,Near Miss,"During Manual handling of tubulars at Offshore platform, Isolation not verified. The activity was stopped as it could have resulted in serious harm. Work was halted due to high-risk exposure and corrective measures were implemented.","During Manual handling of tubulars at Offshore platform, Isolation not verified. The activity was stopped as it could have resulted in serious harm. Work was halted due to high-risk exposure and corrective measures were implemented.",Offshore platform,Manual handling of tubulars,Isolation not verified,Energy Isolation,High,1,Hot work incident
NM_0322,Near Miss,"During routine checks at Process plant, PPE not used was observed during Forklift pallet handling. The job proceeded only after corrective measures. The task was paused, the control was restored, and the supervisor verified readiness before work resumed.","During routine checks at Process plant, PPE not used was observed during Forklift pallet handling. The job proceeded only after corrective measures. The task was paused, the control was restored, and the supervisor verified readiness before work resumed.",Process plant,Forklift pallet handling,PPE not used,Safe Mechanical Lifting,Medium,0,Forklift handling controls
NM_0673,Near Miss,"During routine checks at Pipeline ROW, Exclusion zone missing was observed during Hot work (welding/grinding). Actual exposure to hazardous conditions occurred. Multiple critical barriers were ineffective, creating imminent serious-injury or fatality potential.","During routine checks at Pipeline ROW, Exclusion zone missing was observed during Hot work (welding/grinding). Actual exposure to hazardous conditions occurred. Multiple critical barriers were ineffective, creating imminent serious-injury or fatality potential.",Pipeline ROW,Hot work (welding/grinding),Exclusion zone missing,Hot Work,Critical,1,Journey-management controls
NM_0409,Near Miss,A Exclusion zone missing was identified during Pump maintenance at Pipeline ROW. The activity was stopped as it could have resulted in serious harm. Work was halted due to high-risk exposure and corrective measures were implemented.,A Exclusion zone missing was identified during Pump maintenance at Pipeline ROW. The activity was stopped as it could have resulted in serious harm. Work was halted due to high-risk exposure and corrective measures were implemented.,Pipeline ROW,Pump maintenance,Exclusion zone missing,Line of Fire,High,1,Electrical shock precursor
NM_0046,Near Miss,"Before/during Pump maintenance at Process plant, Gas test missing. The team corrected it without delay. The team recorded the observation and completed immediate housekeeping correction.","Before/during Pump maintenance at Process plant, Gas test missing. The team corrected it without delay. The team recorded the observation and completed immediate housekeeping correction.",Process plant,Pump maintenance,Gas test missing,Confined Space,Low,0,Furnace explosion precursor
NM_0080,Near Miss,"During routine checks at Field office area, Gas testing was overdue and no dedicated fire watch was assigned was observed during Manual handling of tubulars. The area was corrected immediately. The condition was corrected during the routine inspection, with no exposure to hazardous energy.","During routine checks at Field office area, Gas testing was overdue and no dedicated fire watch was assigned was observed during Manual handling of tubulars. The area was corrected immediately. The condition was corrected during the routine inspection, with no exposure to hazardous energy.",Field office area,Manual handling of tubulars,Gas testing was overdue and no dedicated fire watch was assigned,Confined Space,Low,0,Excavation/pipeline incident
NM_0041,Near Miss,A Guard missing was identified during Chemical sampling at Maintenance yard. No work stoppage was required. The team recorded the observation and completed immediate housekeeping correction.,A Guard missing was identified during Chemical sampling at Maintenance yard. No work stoppage was required. The team recorded the observation and completed immediate housekeeping correction.,Maintenance yard,Chemical sampling,Guard missing,None/Not Applicable,Low,0,Pressure-testing controls
NM_0222,Near Miss,"Before/during Breaking a pressurised flange at Maintenance yard, Supervision absent. The job proceeded only after corrective measures. The crew escalated the issue through the shift safety meeting and closed it before continuation.","Before/during Breaking a pressurised flange at Maintenance yard, Supervision absent. The job proceeded only after corrective measures. The crew escalated the issue through the shift safety meeting and closed it before continuation.",Maintenance yard,Breaking a pressurised flange,Supervision absent,Energy Isolation,Medium,0,Journey-management controls
NM_0644,Near Miss,"During Lifting and rigging at Pipeline ROW, Electrical supply and process pressure isolation were not independently verified. Work was stopped urgently and emergency response was initiated. The situation had imminent potential for fatality and was escalated immediately.","During Lifting and rigging at Pipeline ROW, Electrical supply and process pressure isolation were not independently verified. Work was stopped urgently and emergency response was initiated. The situation had imminent potential for fatality and was escalated immediately.",Pipeline ROW,Lifting and rigging,Electrical supply and process pressure isolation were not independently verified,Safe Mechanical Lifting,Critical,1,Electrical shock precursor
NM_0297,Near Miss,Inspection revealed Sample bottle label was unclear and secondary containment was not positioned during LPG bottling operations at Offshore platform. The job proceeded only after corrective measures. The supervisor reviewed the situation and approved continuation after correction.,Inspection revealed Sample bottle label was unclear and secondary containment was not positioned during LPG bottling operations at Offshore platform. The job proceeded only after corrective measures. The supervisor reviewed the situation and approved continuation after correction.,Offshore platform,LPG bottling operations,Sample bottle label was unclear and secondary containment was not positioned,Safe Mechanical Lifting,Medium,0,Lifting/crane incident
NM_0661,Near Miss,"Near-miss observation: while performing Pipe spool welding at Refinery unit, the team found that Fall arrest missing. The situation had imminent potential for fatality and was escalated immediately. The situation had imminent potential for fatality and was escalated immediately.","Near-miss observation: while performing Pipe spool welding at Refinery unit, the team found that Fall arrest missing. The situation had imminent potential for fatality and was escalated immediately. The situation had imminent potential for fatality and was escalated immediately.",Refinery unit,Pipe spool welding,Fall arrest missing,Hot Work,Critical,1,Line-of-fire controls
NM_0594,Near Miss,A Emergency response delayed was identified during Pump seal replacement at Truck loading bay. The job was halted due to high-risk exposure. The failed critical control created credible potential for serious injury; the task was stopped and reported to HSE.,A Emergency response delayed was identified during Pump seal replacement at Truck loading bay. The job was halted due to high-risk exposure. The failed critical control created credible potential for serious injury; the task was stopped and reported to HSE.,Truck loading bay,Pump seal replacement,Emergency response delayed,Work Authorization,High,1,Forklift handling controls
NM_0753,Near Miss,"A Emergency access route was partly obstructed by temporary materials was identified during Vessel entry preparation at Field office area. All personnel were evacuated. Multiple critical barriers were ineffective, creating imminent serious-injury or fatality potential.","A Emergency access route was partly obstructed by temporary materials was identified during Vessel entry preparation at Field office area. All personnel were evacuated. Multiple critical barriers were ineffective, creating imminent serious-injury or fatality potential.",Field office area,Vessel entry preparation,Emergency access route was partly obstructed by temporary materials,Confined Space,Critical,1,LPG release incident
NM_0301,Near Miss,"Before/during Confined space entry at Compressor station, Scaffold was altered without inspection tag and toe boards were missing. Work was stopped temporarily and resumed after verification. No one was exposed, but the observation required a documented corrective action.","Before/during Confined space entry at Compressor station, Scaffold was altered without inspection tag and toe boards were missing. Work was stopped temporarily and resumed after verification. No one was exposed, but the observation required a documented corrective action.",Compressor station,Confined space entry,Scaffold was altered without inspection tag and toe boards were missing,Confined Space,Medium,0,Emergency-access controls
NM_0554,Near Miss,"Shift crew reported that during Chemical sampling in Gas processing unit, Lift plan missing. The job was halted due to high-risk exposure. Work was halted due to high-risk exposure and corrective measures were implemented.","Shift crew reported that during Chemical sampling in Gas processing unit, Lift plan missing. The job was halted due to high-risk exposure. Work was halted due to high-risk exposure and corrective measures were implemented.",Gas processing unit,Chemical sampling,Lift plan missing,Safe Mechanical Lifting,High,1,Energy isolation controls
NM_0020,Near Miss,"During Drilling operations at Maintenance yard, Work scope had changed but the permit and job safety analysis were not revalidated. Work was paused briefly and the issue was resolved. No work stoppage was required as the risk was minimal.","During Drilling operations at Maintenance yard, Work scope had changed but the permit and job safety analysis were not revalidated. Work was paused briefly and the issue was resolved. No work stoppage was required as the risk was minimal.",Maintenance yard,Drilling operations,Work scope had changed but the permit and job safety analysis were not revalidated,Energy Isolation,Low,0,Furnace explosion precursor
NM_0116,Near Miss,"Before/during Hot work (welding/grinding) at Refinery unit, Communication failure. No work stoppage was required. The condition was corrected during the routine inspection, with no exposure to hazardous energy.","Before/during Hot work (welding/grinding) at Refinery unit, Communication failure. No work stoppage was required. The condition was corrected during the routine inspection, with no exposure to hazardous energy.",Refinery unit,Hot work (welding/grinding),Communication failure,Hot Work,Low,0,Furnace explosion precursor
NM_0052,Near Miss,"Shift crew reported that during Pump seal replacement in Gas processing unit, Guard missing. Corrective action was taken on the spot. No work stoppage was required as the risk was minimal.","Shift crew reported that during Pump seal replacement in Gas processing unit, Guard missing. Corrective action was taken on the spot. No work stoppage was required as the risk was minimal.",Gas processing unit,Pump seal replacement,Guard missing,None/Not Applicable,Low,0,Maintenance fabrication fire
NM_0528,Near Miss,"Before/during Pump seal replacement at Drilling rig, Equipment defect. The job was halted due to high-risk exposure. The failed critical control created credible potential for serious injury; the task was stopped and reported to HSE.","Before/during Pump seal replacement at Drilling rig, Equipment defect. The job was halted due to high-risk exposure. The failed critical control created credible potential for serious injury; the task was stopped and reported to HSE.",Drilling rig,Pump seal replacement,Equipment defect,Working at Height,High,1,Lifting/crane incident
NM_0177,Near Miss,A Gas testing was overdue and no dedicated fire watch was assigned was identified during Pressure vessel testing at Gas processing unit. Corrective action was taken on the spot. No work stoppage was required as the risk was minimal.,A Gas testing was overdue and no dedicated fire watch was assigned was identified during Pressure vessel testing at Gas processing unit. Corrective action was taken on the spot. No work stoppage was required as the risk was minimal.,Gas processing unit,Pressure vessel testing,Gas testing was overdue and no dedicated fire watch was assigned,Confined Space,Low,0,Pressure testing incident
NM_0468,Near Miss,"During routine checks at Field office area, Training inadequate was observed during Scaffolding work. Work was stopped due to potential serious injury risk. The situation had credible potential for serious injury and was escalated immediately.","During routine checks at Field office area, Training inadequate was observed during Scaffolding work. Work was stopped due to potential serious injury risk. The situation had credible potential for serious injury and was escalated immediately.",Field office area,Scaffolding work,Training inadequate,Working at Height,High,1,Maintenance fabrication fire
NM_0175,Near Miss,"Shift crew reported that during Pressure vessel testing in Gas processing unit, Exclusion zone missing. No work stoppage was required. The observation was logged and addressed during the same shift.","Shift crew reported that during Pressure vessel testing in Gas processing unit, Exclusion zone missing. No work stoppage was required. The observation was logged and addressed during the same shift.",Gas processing unit,Pressure vessel testing,Exclusion zone missing,Confined Space,Low,0,SIMOPS controls
NM_0256,Near Miss,"During Pipeline inspection at Pump station, Trip interlock was found bypassed during a production upset. Work was paused until the issue was addressed. No one was exposed, but the observation required a documented corrective action.","During Pipeline inspection at Pump station, Trip interlock was found bypassed during a production upset. Work was paused until the issue was addressed. No one was exposed, but the observation required a documented corrective action.",Pump station,Pipeline inspection,Trip interlock was found bypassed during a production upset,Bypassing Safety Controls,Medium,0,Energy isolation incident
NM_0131,Near Miss,"Near-miss observation: while performing Manual handling of tubulars at Pipeline ROW, the team found that Pneumatic energy isolation was not locked and residual pressure remained in the line. No work stoppage was required. The condition was corrected during the routine inspection, with no exposure to hazardous energy.","Near-miss observation: while performing Manual handling of tubulars at Pipeline ROW, the team found that Pneumatic energy isolation was not locked and residual pressure remained in the line. No work stoppage was required. The condition was corrected during the routine inspection, with no exposure to hazardous energy.",Pipeline ROW,Manual handling of tubulars,Pneumatic energy isolation was not locked and residual pressure remained in the line,Energy Isolation,Low,0,Confined-space entry controls
NM_0057,Near Miss,"During Sampling and testing at Refinery unit, PPE not used. Work was paused briefly and the issue was resolved. The observation was logged and addressed during the same shift.","During Sampling and testing at Refinery unit, PPE not used. Work was paused briefly and the issue was resolved. The observation was logged and addressed during the same shift.",Refinery unit,Sampling and testing,PPE not used,None/Not Applicable,Low,0,Emergency-access controls
NM_0085,Near Miss,"Shift crew reported that during Electrical maintenance in Storage depot, Lift plan missing. Corrective action was taken on the spot. The condition was corrected during the routine inspection, with no exposure to hazardous energy.","Shift crew reported that during Electrical maintenance in Storage depot, Lift plan missing. Corrective action was taken on the spot. The condition was corrected during the routine inspection, with no exposure to hazardous energy.",Storage depot,Electrical maintenance,Lift plan missing,Energy Isolation,Low,0,Dropped object incident
NM_0557,Near Miss,A Equipment defect was identified during Pressure vessel testing at Refinery unit. Work was stopped due to potential serious injury risk. The failed critical control created credible potential for serious injury; the task was stopped and reported to HSE.,A Equipment defect was identified during Pressure vessel testing at Refinery unit. Work was stopped due to potential serious injury risk. The failed critical control created credible potential for serious injury; the task was stopped and reported to HSE.,Refinery unit,Pressure vessel testing,Equipment defect,Confined Space,High,1,Energy isolation controls
NM_0253,Near Miss,"During Vessel entry preparation at Compressor station, Exclusion zone missing. The activity was delayed pending correction. No one was exposed, but the observation required a documented corrective action.","During Vessel entry preparation at Compressor station, Exclusion zone missing. The activity was delayed pending correction. No one was exposed, but the observation required a documented corrective action.",Compressor station,Vessel entry preparation,Exclusion zone missing,Confined Space,Medium,0,Maintenance fabrication fire
NM_0184,Near Miss,"Before/during Equipment maintenance at Pipeline ROW, Fall arrest missing. Corrective action was taken on the spot. The issue was minor and was rectified before it affected the task.","Before/during Equipment maintenance at Pipeline ROW, Fall arrest missing. Corrective action was taken on the spot. The issue was minor and was rectified before it affected the task.",Pipeline ROW,Equipment maintenance,Fall arrest missing,Working at Height,Low,0,Permit-to-work controls
NM_0151,Near Miss,"Near-miss observation: while performing Sampling and testing at Truck loading bay, the team found that Open edge protection and full-body harness anchorage were unavailable. The team corrected it without delay. The condition was corrected during the routine inspection, with no exposure to hazardous energy.","Near-miss observation: while performing Sampling and testing at Truck loading bay, the team found that Open edge protection and full-body harness anchorage were unavailable. The team corrected it without delay. The condition was corrected during the routine inspection, with no exposure to hazardous energy.",Truck loading bay,Sampling and testing,Open edge protection and full-body harness anchorage were unavailable,Working at Height,Low,0,Fall from height
NM_0075,Near Miss,"During routine checks at Wellsite, Guard missing was observed during Process unit startup/shutdown. No work stoppage was required. The condition was corrected during the routine inspection, with no exposure to hazardous energy.","During routine checks at Wellsite, Guard missing was observed during Process unit startup/shutdown. No work stoppage was required. The condition was corrected during the routine inspection, with no exposure to hazardous energy.",Wellsite,Process unit startup/shutdown,Guard missing,Work Authorization,Low,0,Hydrostatic testing incident
NM_0746,Near Miss,"During Vehicle movement at Field office area, Hands were placed near pinch points and no designated signaler was present. The situation had imminent potential for fatality and was escalated immediately. Multiple critical barriers were ineffective, creating imminent serious-injury or fatality potential.","During Vehicle movement at Field office area, Hands were placed near pinch points and no designated signaler was present. The situation had imminent potential for fatality and was escalated immediately. Multiple critical barriers were ineffective, creating imminent serious-injury or fatality potential.",Field office area,Vehicle movement,Hands were placed near pinch points and no designated signaler was present,Driving,Critical,1,Energy isolation controls
NM_0360,Near Miss,Inspection revealed Spill containment missing during Emergency valve servicing at Field office area. The job proceeded only after corrective measures. Work was temporarily halted pending verification of the control measure.,Inspection revealed Spill containment missing during Emergency valve servicing at Field office area. The job proceeded only after corrective measures. Work was temporarily halted pending verification of the control measure.,Field office area,Emergency valve servicing,Spill containment missing,Working at Height,Medium,0,Hot-work controls
NM_0068,Near Miss,A Equipment defect was identified during Vessel entry preparation at Truck loading bay. No work stoppage was required. The team recorded the observation and completed immediate housekeeping correction.,A Equipment defect was identified during Vessel entry preparation at Truck loading bay. No work stoppage was required. The team recorded the observation and completed immediate housekeeping correction.,Truck loading bay,Vessel entry preparation,Equipment defect,Confined Space,Low,0,Fall from height
NM_0524,Near Miss,"Near-miss observation: while performing Wellhead valve maintenance at Storage depot, the team found that Lockout-tagout missing. Critical control failure was corrected before resuming work. A supervisor issued a stop-work intervention and required a formal control verification.","Near-miss observation: while performing Wellhead valve maintenance at Storage depot, the team found that Lockout-tagout missing. Critical control failure was corrected before resuming work. A supervisor issued a stop-work intervention and required a formal control verification.",Storage depot,Wellhead valve maintenance,Lockout-tagout missing,Energy Isolation,High,1,Pressure-testing controls
NM_0634,Near Miss,"During Internal tank inspection at Wellsite, Lift plan missing. All personnel were evacuated. All personnel were evacuated and the area was secured pending full investigation.","During Internal tank inspection at Wellsite, Lift plan missing. All personnel were evacuated. All personnel were evacuated and the area was secured pending full investigation.",Wellsite,Internal tank inspection,Lift plan missing,Confined Space,Critical,1,Emergency-access controls
NM_0497,Near Miss,"Shift crew reported that during Lifting and rigging in Offshore platform, Isolation not verified. Work was stopped due to potential serious injury risk. Personnel were close to hazardous energy exposure, so the area was secured pending investigation.","Shift crew reported that during Lifting and rigging in Offshore platform, Isolation not verified. Work was stopped due to potential serious injury risk. Personnel were close to hazardous energy exposure, so the area was secured pending investigation.",Offshore platform,Lifting and rigging,Isolation not verified,Energy Isolation,High,1,Stored-energy controls
NM_0410,Near Miss,"During Sampling and testing at Truck loading bay, Damaged pallet and unstable load were being raised without a spotter. Critical control failure was corrected before resuming work. Personnel were close to hazardous energy exposure, so the area was secured pending investigation.","During Sampling and testing at Truck loading bay, Damaged pallet and unstable load were being raised without a spotter. Critical control failure was corrected before resuming work. Personnel were close to hazardous energy exposure, so the area was secured pending investigation.",Truck loading bay,Sampling and testing,Damaged pallet and unstable load were being raised without a spotter,None/Not Applicable,High,1,Energy isolation controls
NM_0143,Near Miss,"Shift crew reported that during Pipe-rack inspection in Wellsite, Isolation not verified. Work was paused briefly and the issue was resolved. The condition was corrected during the routine inspection, with no exposure to hazardous energy.","Shift crew reported that during Pipe-rack inspection in Wellsite, Isolation not verified. Work was paused briefly and the issue was resolved. The condition was corrected during the routine inspection, with no exposure to hazardous energy.",Wellsite,Pipe-rack inspection,Isolation not verified,Energy Isolation,Low,0,Electrical shock precursor
NM_0543,Near Miss,"During Emergency valve servicing at Gas processing unit, Electrical supply and process pressure isolation were not independently verified. The job was halted due to high-risk exposure. Personnel were close to hazardous energy exposure, so the area was secured pending investigation.","During Emergency valve servicing at Gas processing unit, Electrical supply and process pressure isolation were not independently verified. The job was halted due to high-risk exposure. Personnel were close to hazardous energy exposure, so the area was secured pending investigation.",Gas processing unit,Emergency valve servicing,Electrical supply and process pressure isolation were not independently verified,Line of Fire,High,1,Finger injury during handling
NM_0169,Near Miss,"Near-miss observation: while performing Pipe-rack inspection at Truck loading bay, the team found that No pre-entry gas test, attendant, rescue arrangement, or signed entry permit. Work was paused briefly and the issue was resolved. The condition was corrected during the routine inspection, with no exposure to hazardous energy.","Near-miss observation: while performing Pipe-rack inspection at Truck loading bay, the team found that No pre-entry gas test, attendant, rescue arrangement, or signed entry permit. Work was paused briefly and the issue was resolved. The condition was corrected during the routine inspection, with no exposure to hazardous energy.",Truck loading bay,Pipe-rack inspection,"No pre-entry gas test, attendant, rescue arrangement, or signed entry permit",Confined Space,Low,0,Mechanical-lifting controls
NM_0697,Near Miss,"During routine checks at Field office area, Damaged pallet and unstable load were being raised without a spotter was observed during Manual handling of tubulars. Multiple workers were at risk of serious injury or fatality. All personnel were evacuated and the area was secured pending full investigation.","During routine checks at Field office area, Damaged pallet and unstable load were being raised without a spotter was observed during Manual handling of tubulars. Multiple workers were at risk of serious injury or fatality. All personnel were evacuated and the area was secured pending full investigation.",Field office area,Manual handling of tubulars,Damaged pallet and unstable load were being raised without a spotter,Driving,Critical,1,Equipment failure incident
NM_0790,Near Miss,"Inspection revealed Lift plan missing during Pump maintenance at Refinery unit. All personnel were evacuated. The condition presented immediate potentially fatal exposure; operations were stopped, the area was isolated, and emergency escalation began.","Inspection revealed Lift plan missing during Pump maintenance at Refinery unit. All personnel were evacuated. The condition presented immediate potentially fatal exposure; operations were stopped, the area was isolated, and emergency escalation began.",Refinery unit,Pump maintenance,Lift plan missing,Safe Mechanical Lifting,Critical,1,Hydrostatic testing incident
NM_0682,Near Miss,"During LPG bottling operations at LPG bottling plant, Emergency access route was partly obstructed by temporary materials. Work was stopped urgently and emergency response was initiated. All personnel were evacuated and the area was secured pending full investigation.","During LPG bottling operations at LPG bottling plant, Emergency access route was partly obstructed by temporary materials. Work was stopped urgently and emergency response was initiated. All personnel were evacuated and the area was secured pending full investigation.",LPG bottling plant,LPG bottling operations,Emergency access route was partly obstructed by temporary materials,None/Not Applicable,Critical,1,Work-at-height controls
NM_0335,Near Miss,"Before/during Breaking a pressurised flange at Tank farm, Driver fatigue screening and journey-management check were incomplete. The job proceeded only after corrective measures. The task was paused, the control was restored, and the supervisor verified readiness before work resumed.","Before/during Breaking a pressurised flange at Tank farm, Driver fatigue screening and journey-management check were incomplete. The job proceeded only after corrective measures. The task was paused, the control was restored, and the supervisor verified readiness before work resumed.",Tank farm,Breaking a pressurised flange,Driver fatigue screening and journey-management check were incomplete,Driving,Medium,0,Slip/trip/fall incident
NM_0617,Near Miss,"During Crude transfer vehicle movement at LPG bottling plant, Pneumatic energy isolation was not locked and residual pressure remained in the line. Work was stopped urgently and emergency response was initiated. The condition presented immediate potentially fatal exposure; operations were stopped, the area was isolated, and emergency escalation began.","During Crude transfer vehicle movement at LPG bottling plant, Pneumatic energy isolation was not locked and residual pressure remained in the line. Work was stopped urgently and emergency response was initiated. The condition presented immediate potentially fatal exposure; operations were stopped, the area was isolated, and emergency escalation began.",LPG bottling plant,Crude transfer vehicle movement,Pneumatic energy isolation was not locked and residual pressure remained in the line,Energy Isolation,Critical,1,Forklift handling controls
NM_0454,Near Miss,"During routine checks at Storage depot, Lift plan missing was observed during Tank farm operations. The activity was stopped as it could have resulted in serious harm. Work was halted due to high-risk exposure and corrective measures were implemented.","During routine checks at Storage depot, Lift plan missing was observed during Tank farm operations. The activity was stopped as it could have resulted in serious harm. Work was halted due to high-risk exposure and corrective measures were implemented.",Storage depot,Tank farm operations,Lift plan missing,Confined Space,High,1,Wellsite fatality precursor
NM_0416,Near Miss,Inspection revealed Supervision absent during Manual handling of tubulars at Drilling rig. The job was halted due to high-risk exposure. The failed critical control created credible potential for serious injury; the task was stopped and reported to HSE.,Inspection revealed Supervision absent during Manual handling of tubulars at Drilling rig. The job was halted due to high-risk exposure. The failed critical control created credible potential for serious injury; the task was stopped and reported to HSE.,Drilling rig,Manual handling of tubulars,Supervision absent,Line of Fire,High,1,SIMOPS controls
NM_0779,Near Miss,A Emergency access route was partly obstructed by temporary materials was identified during Instrument calibration at Pipeline ROW. Work was stopped urgently and emergency response was initiated. The situation had imminent potential for fatality and was escalated immediately.,A Emergency access route was partly obstructed by temporary materials was identified during Instrument calibration at Pipeline ROW. Work was stopped urgently and emergency response was initiated. The situation had imminent potential for fatality and was escalated immediately.,Pipeline ROW,Instrument calibration,Emergency access route was partly obstructed by temporary materials,None/Not Applicable,Critical,1,Emergency-access controls
NM_0695,Near Miss,"Before/during Night driving to remote site at Truck loading bay, Fire watch missing. Multiple workers were at risk of serious injury or fatality. Personnel were moved to a safe location and the event was treated as a high-potential near miss.","Before/during Night driving to remote site at Truck loading bay, Fire watch missing. Multiple workers were at risk of serious injury or fatality. Personnel were moved to a safe location and the event was treated as a high-potential near miss.",Truck loading bay,Night driving to remote site,Fire watch missing,Hot Work,Critical,1,Chemical-handling controls
NM_0495,Near Miss,"During Grinding near drain at Tank farm, Sample bottle label was unclear and secondary containment was not positioned. Critical control failure was corrected before resuming work. The failed critical control created credible potential for serious injury; the task was stopped and reported to HSE.","During Grinding near drain at Tank farm, Sample bottle label was unclear and secondary containment was not positioned. Critical control failure was corrected before resuming work. The failed critical control created credible potential for serious injury; the task was stopped and reported to HSE.",Tank farm,Grinding near drain,Sample bottle label was unclear and secondary containment was not positioned,Hot Work,High,1,Finger injury during handling
NM_0639,Near Miss,"During routine checks at Gas processing unit, Scaffold was altered without inspection tag and toe boards were missing was observed during Scaffolding work. The situation had imminent potential for fatality and was escalated immediately. The situation had imminent potential for fatality and was escalated immediately.","During routine checks at Gas processing unit, Scaffold was altered without inspection tag and toe boards were missing was observed during Scaffolding work. The situation had imminent potential for fatality and was escalated immediately. The situation had imminent potential for fatality and was escalated immediately.",Gas processing unit,Scaffolding work,Scaffold was altered without inspection tag and toe boards were missing,Working at Height,Critical,1,Excavation/pipeline incident
NM_0190,Near Miss,A Fall arrest missing was identified during Vehicle movement at Storage depot. Corrective action was taken on the spot. The observation was logged and addressed during the same shift.,A Fall arrest missing was identified during Vehicle movement at Storage depot. Corrective action was taken on the spot. The observation was logged and addressed during the same shift.,Storage depot,Vehicle movement,Fall arrest missing,Working at Height,Low,0,Equipment failure incident
NM_0182,Near Miss,A Open edge protection and full-body harness anchorage were unavailable was identified during Lifting and rigging at Maintenance yard. The area was corrected immediately. No work stoppage was required as the risk was minimal.,A Open edge protection and full-body harness anchorage were unavailable was identified during Lifting and rigging at Maintenance yard. The area was corrected immediately. No work stoppage was required as the risk was minimal.,Maintenance yard,Lifting and rigging,Open edge protection and full-body harness anchorage were unavailable,Safe Mechanical Lifting,Low,0,Hot-work controls
NM_0163,Near Miss,"Shift crew reported that during Pressure vessel testing in Gas processing unit, Emergency response delayed. Work was paused briefly and the issue was resolved. No work stoppage was required as the risk was minimal.","Shift crew reported that during Pressure vessel testing in Gas processing unit, Emergency response delayed. Work was paused briefly and the issue was resolved. No work stoppage was required as the risk was minimal.",Gas processing unit,Pressure vessel testing,Emergency response delayed,Confined Space,Low,0,Maintenance fabrication fire
NM_0494,Near Miss,"Before/during Instrument calibration at Drilling rig, PPE not used. The job was halted due to high-risk exposure. The failed critical control created credible potential for serious injury; the task was stopped and reported to HSE.","Before/during Instrument calibration at Drilling rig, PPE not used. The job was halted due to high-risk exposure. The failed critical control created credible potential for serious injury; the task was stopped and reported to HSE.",Drilling rig,Instrument calibration,PPE not used,Line of Fire,High,1,Hot work incident
NM_0370,Near Miss,"During Valve maintenance at Compressor station, Lift plan, tag lines, and barricaded drop zone were not available. Work was stopped temporarily and resumed after verification. The crew escalated the issue through the shift safety meeting and closed it before continuation.","During Valve maintenance at Compressor station, Lift plan, tag lines, and barricaded drop zone were not available. Work was stopped temporarily and resumed after verification. The crew escalated the issue through the shift safety meeting and closed it before continuation.",Compressor station,Valve maintenance,"Lift plan, tag lines, and barricaded drop zone were not available",Safe Mechanical Lifting,Medium,0,Electrical shock precursor
NM_0755,Near Miss,"During Hydrostatic pressure test at Maintenance yard, Isolation not verified. Work was stopped urgently and emergency response was initiated. Multiple critical barriers were ineffective, creating imminent serious-injury or fatality potential.","During Hydrostatic pressure test at Maintenance yard, Isolation not verified. Work was stopped urgently and emergency response was initiated. Multiple critical barriers were ineffective, creating imminent serious-injury or fatality potential.",Maintenance yard,Hydrostatic pressure test,Isolation not verified,Energy Isolation,Critical,1,Journey-management controls
NM_0329,Near Miss,"Near-miss observation: while performing Loading/unloading operations at Field office area, the team found that Hands were placed near pinch points and no designated signaler was present. Work was stopped temporarily and resumed after verification. Work was temporarily halted pending verification of the control measure.","Near-miss observation: while performing Loading/unloading operations at Field office area, the team found that Hands were placed near pinch points and no designated signaler was present. Work was stopped temporarily and resumed after verification. Work was temporarily halted pending verification of the control measure.",Field office area,Loading/unloading operations,Hands were placed near pinch points and no designated signaler was present,Line of Fire,Medium,0,Hot-work controls
NM_0449,Near Miss,"Before/during Internal tank inspection at LPG bottling plant, Reversing was attempted without a banksman and pedestrian segregation. Critical control failure was corrected before resuming work. The failed critical control created credible potential for serious injury; the task was stopped and reported to HSE.","Before/during Internal tank inspection at LPG bottling plant, Reversing was attempted without a banksman and pedestrian segregation. Critical control failure was corrected before resuming work. The failed critical control created credible potential for serious injury; the task was stopped and reported to HSE.",LPG bottling plant,Internal tank inspection,Reversing was attempted without a banksman and pedestrian segregation,Confined Space,High,1,Energy isolation incident
NM_0445,Near Miss,"During Wellhead valve maintenance at Pipeline ROW, Line was not depressurised and workers were positioned in the potential release path. The situation had credible potential for serious injury. Personnel were close to hazardous energy exposure, so the area was secured pending investigation.","During Wellhead valve maintenance at Pipeline ROW, Line was not depressurised and workers were positioned in the potential release path. The situation had credible potential for serious injury. Personnel were close to hazardous energy exposure, so the area was secured pending investigation.",Pipeline ROW,Wellhead valve maintenance,Line was not depressurised and workers were positioned in the potential release path,Line of Fire,High,1,Permit-to-work controls
NM_0692,Near Miss,"A Pneumatic energy isolation was not locked and residual pressure remained in the line was identified during Grinding near drain at Truck loading bay. Actual exposure to hazardous conditions occurred. Multiple critical barriers were ineffective, creating imminent serious-injury or fatality potential.","A Pneumatic energy isolation was not locked and residual pressure remained in the line was identified during Grinding near drain at Truck loading bay. Actual exposure to hazardous conditions occurred. Multiple critical barriers were ineffective, creating imminent serious-injury or fatality potential.",Truck loading bay,Grinding near drain,Pneumatic energy isolation was not locked and residual pressure remained in the line,Energy Isolation,Critical,1,Confined space entry incident
NM_0483,Near Miss,"During Crude transfer vehicle movement at LPG bottling plant, Sample bottle label was unclear and secondary containment was not positioned. The job was halted due to high-risk exposure. Personnel were close to hazardous energy exposure, so the area was secured pending investigation.","During Crude transfer vehicle movement at LPG bottling plant, Sample bottle label was unclear and secondary containment was not positioned. The job was halted due to high-risk exposure. Personnel were close to hazardous energy exposure, so the area was secured pending investigation.",LPG bottling plant,Crude transfer vehicle movement,Sample bottle label was unclear and secondary containment was not positioned,Safe Mechanical Lifting,High,1,Hot-work controls
NM_0319,Near Miss,"Near-miss observation: while performing Chemical sampling at Field office area, the team found that Work scope had changed but the permit and job safety analysis were not revalidated. The supervisor reviewed and approved continuation after correction. The crew escalated the issue through the shift safety meeting and closed it before continuation.","Near-miss observation: while performing Chemical sampling at Field office area, the team found that Work scope had changed but the permit and job safety analysis were not revalidated. The supervisor reviewed and approved continuation after correction. The crew escalated the issue through the shift safety meeting and closed it before continuation.",Field office area,Chemical sampling,Work scope had changed but the permit and job safety analysis were not revalidated,None/Not Applicable,Medium,0,Hot-work controls
NM_0706,Near Miss,"During routine checks at Storage depot, Communication failure was observed during Confined space entry. Multiple workers were at risk of serious injury or fatality. All personnel were evacuated and the area was secured pending full investigation.","During routine checks at Storage depot, Communication failure was observed during Confined space entry. Multiple workers were at risk of serious injury or fatality. All personnel were evacuated and the area was secured pending full investigation.",Storage depot,Confined space entry,Communication failure,Confined Space,Critical,1,Pressure testing incident
NM_0375,Near Miss,A Open edge protection and full-body harness anchorage were unavailable was identified during Wellhead valve maintenance at Field office area. Work was paused until the issue was addressed. Work was temporarily halted pending verification of the control measure.,A Open edge protection and full-body harness anchorage were unavailable was identified during Wellhead valve maintenance at Field office area. Work was paused until the issue was addressed. Work was temporarily halted pending verification of the control measure.,Field office area,Wellhead valve maintenance,Open edge protection and full-body harness anchorage were unavailable,Working at Height,Medium,0,Excavation controls
NM_0470,Near Miss,"Near-miss observation: while performing Electrical maintenance at Truck loading bay, the team found that Atmosphere not tested. Critical control failure was corrected before resuming work. Personnel were close to hazardous energy exposure, so the area was secured pending investigation.","Near-miss observation: while performing Electrical maintenance at Truck loading bay, the team found that Atmosphere not tested. Critical control failure was corrected before resuming work. Personnel were close to hazardous energy exposure, so the area was secured pending investigation.",Truck loading bay,Electrical maintenance,Atmosphere not tested,Confined Space,High,1,Electrical shock precursor
NM_0711,Near Miss,"Near-miss observation: while performing LPG bottling operations at Maintenance yard, the team found that Communication failure. Multiple workers were at risk of serious injury or fatality. All personnel were evacuated and the area was secured pending full investigation.","Near-miss observation: while performing LPG bottling operations at Maintenance yard, the team found that Communication failure. Multiple workers were at risk of serious injury or fatality. All personnel were evacuated and the area was secured pending full investigation.",Maintenance yard,LPG bottling operations,Communication failure,Safe Mechanical Lifting,Critical,1,Finger injury during handling
NM_0255,Near Miss,"Near-miss observation: while performing Excavation work at Refinery unit, the team found that Hands were placed near pinch points and no designated signaler was present. The job proceeded only after corrective measures. Work was temporarily halted pending verification of the control measure.","Near-miss observation: while performing Excavation work at Refinery unit, the team found that Hands were placed near pinch points and no designated signaler was present. The job proceeded only after corrective measures. Work was temporarily halted pending verification of the control measure.",Refinery unit,Excavation work,Hands were placed near pinch points and no designated signaler was present,Line of Fire,Medium,0,Pressure testing incident
NM_0294,Near Miss,"During Internal tank inspection at Offshore platform, Equipment defect. Work was paused until the issue was addressed. Work was temporarily halted pending verification of the control measure.","During Internal tank inspection at Offshore platform, Equipment defect. Work was paused until the issue was addressed. Work was temporarily halted pending verification of the control measure.",Offshore platform,Internal tank inspection,Equipment defect,Confined Space,Medium,0,Fall from height
NM_0035,Near Miss,"Near-miss observation: while performing Chemical sampling at Storage depot, the team found that Fire watch missing. The team corrected it without delay. The team recorded the observation and completed immediate housekeeping correction.","Near-miss observation: while performing Chemical sampling at Storage depot, the team found that Fire watch missing. The team corrected it without delay. The team recorded the observation and completed immediate housekeeping correction.",Storage depot,Chemical sampling,Fire watch missing,Hot Work,Low,0,Hot-work controls
NM_0579,Near Miss,"Before/during Lifting valve actuator at Wellsite, Drain cover was open and combustible vapour testing was not documented. Work was stopped due to potential serious injury risk. Work was halted due to high-risk exposure and corrective measures were implemented.","Before/during Lifting valve actuator at Wellsite, Drain cover was open and combustible vapour testing was not documented. Work was stopped due to potential serious injury risk. Work was halted due to high-risk exposure and corrective measures were implemented.",Wellsite,Lifting valve actuator,Drain cover was open and combustible vapour testing was not documented,Hot Work,High,1,Dropped object incident
NM_0437,Near Miss,"Before/during Well intervention at Maintenance yard, Spill containment missing. The situation had credible potential for serious injury. Personnel were close to hazardous energy exposure, so the area was secured pending investigation.","Before/during Well intervention at Maintenance yard, Spill containment missing. The situation had credible potential for serious injury. Personnel were close to hazardous energy exposure, so the area was secured pending investigation.",Maintenance yard,Well intervention,Spill containment missing,Work Authorization,High,1,Pressure-testing controls
NM_0095,Near Miss,"Shift crew reported that during Excavation work in Truck loading bay, Gas test missing. The area was corrected immediately. The issue was minor and was rectified before it affected the task.","Shift crew reported that during Excavation work in Truck loading bay, Gas test missing. The area was corrected immediately. The issue was minor and was rectified before it affected the task.",Truck loading bay,Excavation work,Gas test missing,Confined Space,Low,0,Pressure testing incident
NM_0480,Near Miss,"Near-miss observation: while performing Equipment maintenance at Gas processing unit, the team found that Tool inspection missing. Work was stopped due to potential serious injury risk. Personnel were close to hazardous energy exposure, so the area was secured pending investigation.","Near-miss observation: while performing Equipment maintenance at Gas processing unit, the team found that Tool inspection missing. Work was stopped due to potential serious injury risk. Personnel were close to hazardous energy exposure, so the area was secured pending investigation.",Gas processing unit,Equipment maintenance,Tool inspection missing,Hot Work,High,1,Fall from height
NM_0460,Near Miss,"During Process unit startup/shutdown at Storage depot, Hands were placed near pinch points and no designated signaler was present. Critical control failure was corrected before resuming work. A supervisor issued a stop-work intervention and required a formal control verification.","During Process unit startup/shutdown at Storage depot, Hands were placed near pinch points and no designated signaler was present. Critical control failure was corrected before resuming work. A supervisor issued a stop-work intervention and required a formal control verification.",Storage depot,Process unit startup/shutdown,Hands were placed near pinch points and no designated signaler was present,Line of Fire,High,1,Energy isolation incident
NM_0016,Near Miss,"Near-miss observation: while performing Reversing vehicle operations at Field office area, the team found that Scaffold was altered without inspection tag and toe boards were missing. The team corrected it without delay. The team recorded the observation and completed immediate housekeeping correction.","Near-miss observation: while performing Reversing vehicle operations at Field office area, the team found that Scaffold was altered without inspection tag and toe boards were missing. The team corrected it without delay. The team recorded the observation and completed immediate housekeeping correction.",Field office area,Reversing vehicle operations,Scaffold was altered without inspection tag and toe boards were missing,Driving,Low,0,Chemical exposure incident
NM_0635,Near Miss,"A Atmosphere not tested was identified during Loading/unloading operations at Pump station. Actual exposure to hazardous conditions occurred. Multiple critical barriers were ineffective, creating imminent serious-injury or fatality potential.","A Atmosphere not tested was identified during Loading/unloading operations at Pump station. Actual exposure to hazardous conditions occurred. Multiple critical barriers were ineffective, creating imminent serious-injury or fatality potential.",Pump station,Loading/unloading operations,Atmosphere not tested,Confined Space,Critical,1,Equipment failure incident
NM_0354,Near Miss,"Shift crew reported that during Emergency valve servicing in Gas processing unit, No pre-entry gas test, attendant, rescue arrangement, or signed entry permit. The activity was delayed pending correction. No one was exposed, but the observation required a documented corrective action.","Shift crew reported that during Emergency valve servicing in Gas processing unit, No pre-entry gas test, attendant, rescue arrangement, or signed entry permit. The activity was delayed pending correction. No one was exposed, but the observation required a documented corrective action.",Gas processing unit,Emergency valve servicing,"No pre-entry gas test, attendant, rescue arrangement, or signed entry permit",Confined Space,Medium,0,Excavation controls
NM_0507,Near Miss,A Supervision absent was identified during Scaffold modification at Refinery unit. Critical control failure was corrected before resuming work. The failed critical control created credible potential for serious injury; the task was stopped and reported to HSE.,A Supervision absent was identified during Scaffold modification at Refinery unit. Critical control failure was corrected before resuming work. The failed critical control created credible potential for serious injury; the task was stopped and reported to HSE.,Refinery unit,Scaffold modification,Supervision absent,Working at Height,High,1,Emergency-access controls
NM_0664,Near Miss,"During routine checks at Drilling rig, Atmosphere not tested was observed during Instrument calibration. The situation had imminent potential for fatality and was escalated immediately. Personnel were moved to a safe location and the event was treated as a high-potential near miss.","During routine checks at Drilling rig, Atmosphere not tested was observed during Instrument calibration. The situation had imminent potential for fatality and was escalated immediately. Personnel were moved to a safe location and the event was treated as a high-potential near miss.",Drilling rig,Instrument calibration,Atmosphere not tested,Confined Space,Critical,1,Lifting/crane incident
NM_0357,Near Miss,"A PPE not used was identified during Crude transfer vehicle movement at LPG bottling plant. The activity was delayed pending correction. No one was exposed, but the observation required a documented corrective action.","A PPE not used was identified during Crude transfer vehicle movement at LPG bottling plant. The activity was delayed pending correction. No one was exposed, but the observation required a documented corrective action.",LPG bottling plant,Crude transfer vehicle movement,PPE not used,Safe Mechanical Lifting,Medium,0,Confined-space entry controls
NM_0627,Near Miss,"Shift crew reported that during Confined space entry in LPG bottling plant, Fire watch missing. Multiple workers were at risk of serious injury or fatality. Personnel were moved to a safe location and the event was treated as a high-potential near miss.","Shift crew reported that during Confined space entry in LPG bottling plant, Fire watch missing. Multiple workers were at risk of serious injury or fatality. Personnel were moved to a safe location and the event was treated as a high-potential near miss.",LPG bottling plant,Confined space entry,Fire watch missing,Confined Space,Critical,1,Work-at-height controls
NM_0403,Near Miss,"Near-miss observation: while performing Night driving to remote site at Process plant, the team found that Fall arrest missing. Work was stopped due to potential serious injury risk. A supervisor issued a stop-work intervention and required a formal control verification.","Near-miss observation: while performing Night driving to remote site at Process plant, the team found that Fall arrest missing. Work was stopped due to potential serious injury risk. A supervisor issued a stop-work intervention and required a formal control verification.",Process plant,Night driving to remote site,Fall arrest missing,Working at Height,High,1,Emergency-access controls
NM_0640,Near Miss,"During routine checks at Maintenance yard, Emergency access route was partly obstructed by temporary materials was observed during Night driving to remote site. Multiple workers were at risk of serious injury or fatality. The condition presented immediate potentially fatal exposure; operations were stopped, the area was isolated, and emergency escalation began.","During routine checks at Maintenance yard, Emergency access route was partly obstructed by temporary materials was observed during Night driving to remote site. Multiple workers were at risk of serious injury or fatality. The condition presented immediate potentially fatal exposure; operations were stopped, the area was isolated, and emergency escalation began.",Maintenance yard,Night driving to remote site,Emergency access route was partly obstructed by temporary materials,None/Not Applicable,Critical,1,Dropped object incident
NM_0795,Near Miss,"During routine checks at Truck loading bay, Fall arrest missing was observed during Electrical maintenance. The situation had imminent potential for fatality and was escalated immediately. The situation had imminent potential for fatality and was escalated immediately.","During routine checks at Truck loading bay, Fall arrest missing was observed during Electrical maintenance. The situation had imminent potential for fatality and was escalated immediately. The situation had imminent potential for fatality and was escalated immediately.",Truck loading bay,Electrical maintenance,Fall arrest missing,Energy Isolation,Critical,1,Stored-energy controls
NM_0633,Near Miss,"During Pipeline inspection at Refinery unit, Supervision absent. Multiple workers were at risk of serious injury or fatality. All personnel were evacuated and the area was secured pending full investigation.","During Pipeline inspection at Refinery unit, Supervision absent. Multiple workers were at risk of serious injury or fatality. All personnel were evacuated and the area was secured pending full investigation.",Refinery unit,Pipeline inspection,Supervision absent,Bypassing Safety Controls,Critical,1,Energy isolation controls
NM_0320,Near Miss,"During routine checks at Process plant, Guard missing was observed during Hydrostatic pressure test. Work was paused until the issue was addressed. The task was paused, the control was restored, and the supervisor verified readiness before work resumed.","During routine checks at Process plant, Guard missing was observed during Hydrostatic pressure test. Work was paused until the issue was addressed. The task was paused, the control was restored, and the supervisor verified readiness before work resumed.",Process plant,Hydrostatic pressure test,Guard missing,None/Not Applicable,Medium,0,Chemical-handling controls
NM_0308,Near Miss,"Shift crew reported that during Pump seal replacement in Wellsite, Spill containment missing. The supervisor reviewed and approved continuation after correction. Work was temporarily halted pending verification of the control measure.","Shift crew reported that during Pump seal replacement in Wellsite, Spill containment missing. The supervisor reviewed and approved continuation after correction. Work was temporarily halted pending verification of the control measure.",Wellsite,Pump seal replacement,Spill containment missing,Driving,Medium,0,Furnace explosion precursor
NM_0752,Near Miss,"During Night driving to remote site at Drilling rig, Scaffold was altered without inspection tag and toe boards were missing. All personnel were evacuated. Personnel were moved to a safe location and the event was treated as a high-potential near miss.","During Night driving to remote site at Drilling rig, Scaffold was altered without inspection tag and toe boards were missing. All personnel were evacuated. Personnel were moved to a safe location and the event was treated as a high-potential near miss.",Drilling rig,Night driving to remote site,Scaffold was altered without inspection tag and toe boards were missing,Driving,Critical,1,Chemical exposure incident
NM_0201,Near Miss,"Shift crew reported that during Compressor troubleshooting in Field office area, No pre-entry gas test, attendant, rescue arrangement, or signed entry permit. The supervisor reviewed and approved continuation after correction. Work was temporarily halted pending verification of the control measure.","Shift crew reported that during Compressor troubleshooting in Field office area, No pre-entry gas test, attendant, rescue arrangement, or signed entry permit. The supervisor reviewed and approved continuation after correction. Work was temporarily halted pending verification of the control measure.",Field office area,Compressor troubleshooting,"No pre-entry gas test, attendant, rescue arrangement, or signed entry permit",Confined Space,Medium,0,Furnace explosion precursor
NM_0432,Near Miss,"Near-miss observation: while performing Compressor troubleshooting at Storage tank, the team found that Exclusion zone missing. The activity was stopped as it could have resulted in serious harm. The failed critical control created credible potential for serious injury; the task was stopped and reported to HSE.","Near-miss observation: while performing Compressor troubleshooting at Storage tank, the team found that Exclusion zone missing. The activity was stopped as it could have resulted in serious harm. The failed critical control created credible potential for serious injury; the task was stopped and reported to HSE.",Storage tank,Compressor troubleshooting,Exclusion zone missing,Line of Fire,High,1,Excavation/pipeline incident
NM_0788,Near Miss,A Pneumatic energy isolation was not locked and residual pressure remained in the line was identified during Night driving to remote site at LPG bottling plant. Actual exposure to hazardous conditions occurred. All personnel were evacuated and the area was secured pending full investigation.,A Pneumatic energy isolation was not locked and residual pressure remained in the line was identified during Night driving to remote site at LPG bottling plant. Actual exposure to hazardous conditions occurred. All personnel were evacuated and the area was secured pending full investigation.,LPG bottling plant,Night driving to remote site,Pneumatic energy isolation was not locked and residual pressure remained in the line,Energy Isolation,Critical,1,Chemical exposure incident
NM_0417,Near Miss,"Shift crew reported that during Compressor troubleshooting in Maintenance yard, Gas test missing. The situation had credible potential for serious injury. The situation had credible potential for serious injury and was escalated immediately.","Shift crew reported that during Compressor troubleshooting in Maintenance yard, Gas test missing. The situation had credible potential for serious injury. The situation had credible potential for serious injury and was escalated immediately.",Maintenance yard,Compressor troubleshooting,Gas test missing,Confined Space,High,1,Process fire precursor
NM_0547,Near Miss,"Shift crew reported that during Pipe-rack inspection in Pump station, Supervision absent. The activity was stopped as it could have resulted in serious harm. The situation had credible potential for serious injury and was escalated immediately.","Shift crew reported that during Pipe-rack inspection in Pump station, Supervision absent. The activity was stopped as it could have resulted in serious harm. The situation had credible potential for serious injury and was escalated immediately.",Pump station,Pipe-rack inspection,Supervision absent,Bypassing Safety Controls,High,1,LPG release incident
NM_0005,Near Miss,"Shift crew reported that during Internal tank inspection in Maintenance yard, Open edge protection and full-body harness anchorage were unavailable. Corrective action was taken on the spot. The team recorded the observation and completed immediate housekeeping correction.","Shift crew reported that during Internal tank inspection in Maintenance yard, Open edge protection and full-body harness anchorage were unavailable. Corrective action was taken on the spot. The team recorded the observation and completed immediate housekeeping correction.",Maintenance yard,Internal tank inspection,Open edge protection and full-body harness anchorage were unavailable,Confined Space,Low,0,Mechanical-lifting controls
NM_0342,Near Miss,"During Scaffold modification at Refinery unit, Guard missing. The activity was delayed pending correction. The supervisor reviewed the situation and approved continuation after correction.","During Scaffold modification at Refinery unit, Guard missing. The activity was delayed pending correction. The supervisor reviewed the situation and approved continuation after correction.",Refinery unit,Scaffold modification,Guard missing,Working at Height,Medium,0,Furnace explosion precursor
NM_0596,Near Miss,"During Manual handling of tubulars at Gas processing unit, No pre-entry gas test, attendant, rescue arrangement, or signed entry permit. The situation had credible potential for serious injury. Work was halted due to high-risk exposure and corrective measures were implemented.","During Manual handling of tubulars at Gas processing unit, No pre-entry gas test, attendant, rescue arrangement, or signed entry permit. The situation had credible potential for serious injury. Work was halted due to high-risk exposure and corrective measures were implemented.",Gas processing unit,Manual handling of tubulars,"No pre-entry gas test, attendant, rescue arrangement, or signed entry permit",Confined Space,High,1,Electrical shock precursor
NM_0034,Near Miss,"Shift crew reported that during Scaffold modification in Tank farm, Procedure not followed. Work was paused briefly and the issue was resolved. No work stoppage was required as the risk was minimal.","Shift crew reported that during Scaffold modification in Tank farm, Procedure not followed. Work was paused briefly and the issue was resolved. No work stoppage was required as the risk was minimal.",Tank farm,Scaffold modification,Procedure not followed,Working at Height,Low,0,Vehicle-movement controls
NM_0165,Near Miss,"Before/during Grinding near drain at Pipeline ROW, Tool inspection missing. Work was paused briefly and the issue was resolved. The team recorded the observation and completed immediate housekeeping correction.","Before/during Grinding near drain at Pipeline ROW, Tool inspection missing. Work was paused briefly and the issue was resolved. The team recorded the observation and completed immediate housekeeping correction.",Pipeline ROW,Grinding near drain,Tool inspection missing,Hot Work,Low,0,Hydrostatic testing incident
NM_0266,Near Miss,"Near-miss observation: while performing Hydrostatic pressure test at Pipeline ROW, the team found that Training inadequate. The supervisor reviewed and approved continuation after correction. The supervisor reviewed the situation and approved continuation after correction.","Near-miss observation: while performing Hydrostatic pressure test at Pipeline ROW, the team found that Training inadequate. The supervisor reviewed and approved continuation after correction. The supervisor reviewed the situation and approved continuation after correction.",Pipeline ROW,Hydrostatic pressure test,Training inadequate,Line of Fire,Medium,0,Journey-management controls
NM_0282,Near Miss,"Shift crew reported that during Pump seal replacement in Storage depot, Training inadequate. Work was stopped temporarily and resumed after verification. The supervisor reviewed the situation and approved continuation after correction.","Shift crew reported that during Pump seal replacement in Storage depot, Training inadequate. Work was stopped temporarily and resumed after verification. The supervisor reviewed the situation and approved continuation after correction.",Storage depot,Pump seal replacement,Training inadequate,Working at Height,Medium,0,Confined space entry incident
NM_0154,Near Miss,"During Pump seal replacement at Compressor station, Lift plan missing. Work was paused briefly and the issue was resolved. No work stoppage was required as the risk was minimal.","During Pump seal replacement at Compressor station, Lift plan missing. Work was paused briefly and the issue was resolved. No work stoppage was required as the risk was minimal.",Compressor station,Pump seal replacement,Lift plan missing,Safe Mechanical Lifting,Low,0,Maintenance fabrication fire
NM_0743,Near Miss,"During Breaking a pressurised flange at Compressor station, Lift plan, tag lines, and barricaded drop zone were not available. Multiple workers were at risk of serious injury or fatality. The condition presented immediate potentially fatal exposure; operations were stopped, the area was isolated, and emergency escalation began.","During Breaking a pressurised flange at Compressor station, Lift plan, tag lines, and barricaded drop zone were not available. Multiple workers were at risk of serious injury or fatality. The condition presented immediate potentially fatal exposure; operations were stopped, the area was isolated, and emergency escalation began.",Compressor station,Breaking a pressurised flange,"Lift plan, tag lines, and barricaded drop zone were not available",Safe Mechanical Lifting,Critical,1,Excavation/pipeline incident
NM_0446,Near Miss,Inspection revealed Permit missing during Forklift pallet handling at Storage tank. The job was halted due to high-risk exposure. Work was halted due to high-risk exposure and corrective measures were implemented.,Inspection revealed Permit missing during Forklift pallet handling at Storage tank. The job was halted due to high-risk exposure. Work was halted due to high-risk exposure and corrective measures were implemented.,Storage tank,Forklift pallet handling,Permit missing,Safe Mechanical Lifting,High,1,Slip/trip/fall incident
NM_0280,Near Miss,"Shift crew reported that during Housekeeping inspection in Field office area, Gas test missing. The activity was delayed pending correction. The task was paused, the control was restored, and the supervisor verified readiness before work resumed.","Shift crew reported that during Housekeeping inspection in Field office area, Gas test missing. The activity was delayed pending correction. The task was paused, the control was restored, and the supervisor verified readiness before work resumed.",Field office area,Housekeeping inspection,Gas test missing,Confined Space,Medium,0,Lifting/crane incident
NM_0174,Near Miss,Inspection revealed Trip interlock was found bypassed during a production upset during Grinding near drain at Tank farm. The team corrected it without delay. No work stoppage was required as the risk was minimal.,Inspection revealed Trip interlock was found bypassed during a production upset during Grinding near drain at Tank farm. The team corrected it without delay. No work stoppage was required as the risk was minimal.,Tank farm,Grinding near drain,Trip interlock was found bypassed during a production upset,Hot Work,Low,0,Finger injury during handling
NM_0082,Near Miss,"Before/during Forklift pallet handling at Truck loading bay, Electrical supply and process pressure isolation were not independently verified. Corrective action was taken on the spot. No work stoppage was required as the risk was minimal.","Before/during Forklift pallet handling at Truck loading bay, Electrical supply and process pressure isolation were not independently verified. Corrective action was taken on the spot. No work stoppage was required as the risk was minimal.",Truck loading bay,Forklift pallet handling,Electrical supply and process pressure isolation were not independently verified,Safe Mechanical Lifting,Low,0,Confined-space entry controls
NM_0597,Near Miss,"Before/during Pressure vessel testing at Compressor station, Isolation not verified. Critical control failure was corrected before resuming work. The situation had credible potential for serious injury and was escalated immediately.","Before/during Pressure vessel testing at Compressor station, Isolation not verified. Critical control failure was corrected before resuming work. The situation had credible potential for serious injury and was escalated immediately.",Compressor station,Pressure vessel testing,Isolation not verified,Confined Space,High,1,Hot-work controls
NM_0606,Near Miss,"Shift crew reported that during Pipeline inspection in Pump station, Drain cover was open and combustible vapour testing was not documented. Multiple workers were at risk of serious injury or fatality. Personnel were moved to a safe location and the event was treated as a high-potential near miss.","Shift crew reported that during Pipeline inspection in Pump station, Drain cover was open and combustible vapour testing was not documented. Multiple workers were at risk of serious injury or fatality. Personnel were moved to a safe location and the event was treated as a high-potential near miss.",Pump station,Pipeline inspection,Drain cover was open and combustible vapour testing was not documented,Hot Work,Critical,1,Maintenance fabrication fire
NM_0658,Near Miss,Inspection revealed Lift plan missing during Forklift pallet handling at Pump station. All personnel were evacuated. The situation had imminent potential for fatality and was escalated immediately.,Inspection revealed Lift plan missing during Forklift pallet handling at Pump station. All personnel were evacuated. The situation had imminent potential for fatality and was escalated immediately.,Pump station,Forklift pallet handling,Lift plan missing,Safe Mechanical Lifting,Critical,1,Vehicle-movement controls
NM_0053,Near Miss,"Inspection revealed Supervision absent during Chemical sampling at Refinery unit. No work stoppage was required. The condition was corrected during the routine inspection, with no exposure to hazardous energy.","Inspection revealed Supervision absent during Chemical sampling at Refinery unit. No work stoppage was required. The condition was corrected during the routine inspection, with no exposure to hazardous energy.",Refinery unit,Chemical sampling,Supervision absent,None/Not Applicable,Low,0,Lifting/crane incident
NM_0240,Near Miss,A Line was not depressurised and workers were positioned in the potential release path was identified during Pipe-rack inspection at Compressor station. The job proceeded only after corrective measures. The supervisor reviewed the situation and approved continuation after correction.,A Line was not depressurised and workers were positioned in the potential release path was identified during Pipe-rack inspection at Compressor station. The job proceeded only after corrective measures. The supervisor reviewed the situation and approved continuation after correction.,Compressor station,Pipe-rack inspection,Line was not depressurised and workers were positioned in the potential release path,Line of Fire,Medium,0,Journey-management controls
NM_0072,Near Miss,Inspection revealed PPE not used during Scaffolding work at Pump station. The team corrected it without delay. The issue was minor and was rectified before it affected the task.,Inspection revealed PPE not used during Scaffolding work at Pump station. The team corrected it without delay. The issue was minor and was rectified before it affected the task.,Pump station,Scaffolding work,PPE not used,Working at Height,Low,0,Furnace explosion precursor
NM_0618,Near Miss,"During routine checks at Compressor station, Lift plan missing was observed during Night driving to remote site. Multiple workers were at risk of serious injury or fatality. The situation had imminent potential for fatality and was escalated immediately.","During routine checks at Compressor station, Lift plan missing was observed during Night driving to remote site. Multiple workers were at risk of serious injury or fatality. The situation had imminent potential for fatality and was escalated immediately.",Compressor station,Night driving to remote site,Lift plan missing,Safe Mechanical Lifting,Critical,1,Line-of-fire controls
NM_0185,Near Miss,"During routine checks at Drilling rig, Tool inspection missing was observed during Drilling operations. Work was paused briefly and the issue was resolved. The observation was logged and addressed during the same shift.","During routine checks at Drilling rig, Tool inspection missing was observed during Drilling operations. Work was paused briefly and the issue was resolved. The observation was logged and addressed during the same shift.",Drilling rig,Drilling operations,Tool inspection missing,Driving,Low,0,Energy isolation controls
NM_0117,Near Miss,"Shift crew reported that during Well intervention in Pipeline ROW, Gas testing was overdue and no dedicated fire watch was assigned. No work stoppage was required. The team recorded the observation and completed immediate housekeeping correction.","Shift crew reported that during Well intervention in Pipeline ROW, Gas testing was overdue and no dedicated fire watch was assigned. No work stoppage was required. The team recorded the observation and completed immediate housekeeping correction.",Pipeline ROW,Well intervention,Gas testing was overdue and no dedicated fire watch was assigned,Confined Space,Low,0,Maintenance fabrication fire
NM_0104,Near Miss,A Driver fatigue screening and journey-management check were incomplete was identified during Loading/unloading operations at Storage tank. The area was corrected immediately. The observation was logged and addressed during the same shift.,A Driver fatigue screening and journey-management check were incomplete was identified during Loading/unloading operations at Storage tank. The area was corrected immediately. The observation was logged and addressed during the same shift.,Storage tank,Loading/unloading operations,Driver fatigue screening and journey-management check were incomplete,Driving,Low,0,Journey-management controls
NM_0560,Near Miss,"Near-miss observation: while performing LPG bottling operations at Offshore platform, the team found that Atmosphere not tested. The job was halted due to high-risk exposure. The failed critical control created credible potential for serious injury; the task was stopped and reported to HSE.","Near-miss observation: while performing LPG bottling operations at Offshore platform, the team found that Atmosphere not tested. The job was halted due to high-risk exposure. The failed critical control created credible potential for serious injury; the task was stopped and reported to HSE.",Offshore platform,LPG bottling operations,Atmosphere not tested,Confined Space,High,1,Dropped object incident
NM_0736,Near Miss,Inspection revealed Simultaneous operations were not recorded in the permit briefing during Electrical maintenance at Tank farm. All personnel were evacuated. The situation had imminent potential for fatality and was escalated immediately.,Inspection revealed Simultaneous operations were not recorded in the permit briefing during Electrical maintenance at Tank farm. All personnel were evacuated. The situation had imminent potential for fatality and was escalated immediately.,Tank farm,Electrical maintenance,Simultaneous operations were not recorded in the permit briefing,Energy Isolation,Critical,1,Safety-control bypass
NM_0641,Near Miss,"Before/during LPG bottling operations at Pipeline ROW, Spill containment missing. All personnel were evacuated. The condition presented immediate potentially fatal exposure; operations were stopped, the area was isolated, and emergency escalation began.","Before/during LPG bottling operations at Pipeline ROW, Spill containment missing. All personnel were evacuated. The condition presented immediate potentially fatal exposure; operations were stopped, the area was isolated, and emergency escalation began.",Pipeline ROW,LPG bottling operations,Spill containment missing,Work Authorization,Critical,1,Dropped object incident
NM_0293,Near Miss,"During routine checks at Drilling rig, Work scope had changed but the permit and job safety analysis were not revalidated was observed during Housekeeping inspection. The supervisor reviewed and approved continuation after correction. The task was paused, the control was restored, and the supervisor verified readiness before work resumed.","During routine checks at Drilling rig, Work scope had changed but the permit and job safety analysis were not revalidated was observed during Housekeeping inspection. The supervisor reviewed and approved continuation after correction. The task was paused, the control was restored, and the supervisor verified readiness before work resumed.",Drilling rig,Housekeeping inspection,Work scope had changed but the permit and job safety analysis were not revalidated,None/Not Applicable,Medium,0,Wellsite fatality precursor
NM_0373,Near Miss,A Excavation edge was not barricaded and underground utility mark-out was incomplete was identified during Breaking a pressurised flange at Drilling rig. The supervisor reviewed and approved continuation after correction. Work was temporarily halted pending verification of the control measure.,A Excavation edge was not barricaded and underground utility mark-out was incomplete was identified during Breaking a pressurised flange at Drilling rig. The supervisor reviewed and approved continuation after correction. Work was temporarily halted pending verification of the control measure.,Drilling rig,Breaking a pressurised flange,Excavation edge was not barricaded and underground utility mark-out was incomplete,Working at Height,Medium,0,Hydrostatic testing incident
NM_0433,Near Miss,"During Compressor troubleshooting at Refinery unit, Drain cover was open and combustible vapour testing was not documented. Work was stopped due to potential serious injury risk. The situation had credible potential for serious injury and was escalated immediately.","During Compressor troubleshooting at Refinery unit, Drain cover was open and combustible vapour testing was not documented. Work was stopped due to potential serious injury risk. The situation had credible potential for serious injury and was escalated immediately.",Refinery unit,Compressor troubleshooting,Drain cover was open and combustible vapour testing was not documented,Hot Work,High,1,Lifting/crane incident
NM_0574,Near Miss,"During routine checks at Wellsite, Gas test missing was observed during Drilling operations. Critical control failure was corrected before resuming work. Personnel were close to hazardous energy exposure, so the area was secured pending investigation.","During routine checks at Wellsite, Gas test missing was observed during Drilling operations. Critical control failure was corrected before resuming work. Personnel were close to hazardous energy exposure, so the area was secured pending investigation.",Wellsite,Drilling operations,Gas test missing,Confined Space,High,1,Dropped object incident
NM_0122,Near Miss,"Shift crew reported that during Confined space entry in LPG bottling plant, Supervision absent. The area was corrected immediately. The condition was corrected during the routine inspection, with no exposure to hazardous energy.","Shift crew reported that during Confined space entry in LPG bottling plant, Supervision absent. The area was corrected immediately. The condition was corrected during the routine inspection, with no exposure to hazardous energy.",LPG bottling plant,Confined space entry,Supervision absent,Confined Space,Low,0,Hot-work controls
NM_0653,Near Miss,"Inspection revealed Pneumatic energy isolation was not locked and residual pressure remained in the line during Tank farm operations at LPG bottling plant. The situation had imminent potential for fatality and was escalated immediately. Multiple critical barriers were ineffective, creating imminent serious-injury or fatality potential.","Inspection revealed Pneumatic energy isolation was not locked and residual pressure remained in the line during Tank farm operations at LPG bottling plant. The situation had imminent potential for fatality and was escalated immediately. Multiple critical barriers were ineffective, creating imminent serious-injury or fatality potential.",LPG bottling plant,Tank farm operations,Pneumatic energy isolation was not locked and residual pressure remained in the line,Confined Space,Critical,1,Process fire precursor
NM_0453,Near Miss,"During routine checks at Process plant, Lift plan, tag lines, and barricaded drop zone were not available was observed during Night driving to remote site. The activity was stopped as it could have resulted in serious harm. The situation had credible potential for serious injury and was escalated immediately.","During routine checks at Process plant, Lift plan, tag lines, and barricaded drop zone were not available was observed during Night driving to remote site. The activity was stopped as it could have resulted in serious harm. The situation had credible potential for serious injury and was escalated immediately.",Process plant,Night driving to remote site,"Lift plan, tag lines, and barricaded drop zone were not available",Safe Mechanical Lifting,High,1,Confined space entry incident
NM_0585,Near Miss,Inspection revealed Sample bottle label was unclear and secondary containment was not positioned during Valve maintenance at Storage depot. The job was halted due to high-risk exposure. Work was halted due to high-risk exposure and corrective measures were implemented.,Inspection revealed Sample bottle label was unclear and secondary containment was not positioned during Valve maintenance at Storage depot. The job was halted due to high-risk exposure. Work was halted due to high-risk exposure and corrective measures were implemented.,Storage depot,Valve maintenance,Sample bottle label was unclear and secondary containment was not positioned,Confined Space,High,1,Hydrostatic testing incident
NM_0426,Near Miss,"Near-miss observation: while performing Lifting and rigging at Drilling rig, the team found that Spill containment missing. Work was stopped due to potential serious injury risk. The situation had credible potential for serious injury and was escalated immediately.","Near-miss observation: while performing Lifting and rigging at Drilling rig, the team found that Spill containment missing. Work was stopped due to potential serious injury risk. The situation had credible potential for serious injury and was escalated immediately.",Drilling rig,Lifting and rigging,Spill containment missing,Safe Mechanical Lifting,High,1,Work-at-height controls
NM_0516,Near Miss,"During Pipeline inspection at Refinery unit, Excavation edge was not barricaded and underground utility mark-out was incomplete. The job was halted due to high-risk exposure. A supervisor issued a stop-work intervention and required a formal control verification.","During Pipeline inspection at Refinery unit, Excavation edge was not barricaded and underground utility mark-out was incomplete. The job was halted due to high-risk exposure. A supervisor issued a stop-work intervention and required a formal control verification.",Refinery unit,Pipeline inspection,Excavation edge was not barricaded and underground utility mark-out was incomplete,Working at Height,High,1,Line-of-fire controls
NM_0047,Near Miss,"During Well intervention at Pipeline ROW, Isolation not verified. The area was corrected immediately. The team recorded the observation and completed immediate housekeeping correction.","During Well intervention at Pipeline ROW, Isolation not verified. The area was corrected immediately. The team recorded the observation and completed immediate housekeeping correction.",Pipeline ROW,Well intervention,Isolation not verified,Energy Isolation,Low,0,Wellsite fatality precursor
NM_0772,Near Miss,"During Valve maintenance at Pipeline ROW, Gas test missing. Actual exposure to hazardous conditions occurred. Personnel were moved to a safe location and the event was treated as a high-potential near miss.","During Valve maintenance at Pipeline ROW, Gas test missing. Actual exposure to hazardous conditions occurred. Personnel were moved to a safe location and the event was treated as a high-potential near miss.",Pipeline ROW,Valve maintenance,Gas test missing,Confined Space,Critical,1,Forklift handling controls
NM_0073,Near Miss,"During routine checks at Drilling rig, Pneumatic energy isolation was not locked and residual pressure remained in the line was observed during Reversing vehicle operations. The team corrected it without delay. The team recorded the observation and completed immediate housekeeping correction.","During routine checks at Drilling rig, Pneumatic energy isolation was not locked and residual pressure remained in the line was observed during Reversing vehicle operations. The team corrected it without delay. The team recorded the observation and completed immediate housekeeping correction.",Drilling rig,Reversing vehicle operations,Pneumatic energy isolation was not locked and residual pressure remained in the line,Energy Isolation,Low,0,Emergency-access controls
NM_0722,Near Miss,"During Lifting and rigging at Storage depot, Sample bottle label was unclear and secondary containment was not positioned. Actual exposure to hazardous conditions occurred. The situation had imminent potential for fatality and was escalated immediately.","During Lifting and rigging at Storage depot, Sample bottle label was unclear and secondary containment was not positioned. Actual exposure to hazardous conditions occurred. The situation had imminent potential for fatality and was escalated immediately.",Storage depot,Lifting and rigging,Sample bottle label was unclear and secondary containment was not positioned,Safe Mechanical Lifting,Critical,1,Emergency-access controls
NM_0584,Near Miss,"Inspection revealed Gas test missing during Grinding near drain at Tank farm. Critical control failure was corrected before resuming work. Personnel were close to hazardous energy exposure, so the area was secured pending investigation.","Inspection revealed Gas test missing during Grinding near drain at Tank farm. Critical control failure was corrected before resuming work. Personnel were close to hazardous energy exposure, so the area was secured pending investigation.",Tank farm,Grinding near drain,Gas test missing,Confined Space,High,1,Fall from height
NM_0224,Near Miss,"Shift crew reported that during Sampling and testing in LPG bottling plant, Lift plan missing. Work was stopped temporarily and resumed after verification. The task was paused, the control was restored, and the supervisor verified readiness before work resumed.","Shift crew reported that during Sampling and testing in LPG bottling plant, Lift plan missing. Work was stopped temporarily and resumed after verification. The task was paused, the control was restored, and the supervisor verified readiness before work resumed.",LPG bottling plant,Sampling and testing,Lift plan missing,Safe Mechanical Lifting,Medium,0,Process fire precursor
NM_0703,Near Miss,"Shift crew reported that during Sampling and testing in Storage tank, Spill containment missing. The situation had imminent potential for fatality and was escalated immediately. Personnel were moved to a safe location and the event was treated as a high-potential near miss.","Shift crew reported that during Sampling and testing in Storage tank, Spill containment missing. The situation had imminent potential for fatality and was escalated immediately. Personnel were moved to a safe location and the event was treated as a high-potential near miss.",Storage tank,Sampling and testing,Spill containment missing,None/Not Applicable,Critical,1,Hot work incident
NM_0710,Near Miss,Inspection revealed Communication failure during Night driving to remote site at Wellsite. The situation had imminent potential for fatality and was escalated immediately. Personnel were moved to a safe location and the event was treated as a high-potential near miss.,Inspection revealed Communication failure during Night driving to remote site at Wellsite. The situation had imminent potential for fatality and was escalated immediately. Personnel were moved to a safe location and the event was treated as a high-potential near miss.,Wellsite,Night driving to remote site,Communication failure,Hot Work,Critical,1,Dropped object incident
NM_0097,Near Miss,"Near-miss observation: while performing Emergency valve servicing at Compressor station, the team found that Scaffold was altered without inspection tag and toe boards were missing. No work stoppage was required. The observation was logged and addressed during the same shift.","Near-miss observation: while performing Emergency valve servicing at Compressor station, the team found that Scaffold was altered without inspection tag and toe boards were missing. No work stoppage was required. The observation was logged and addressed during the same shift.",Compressor station,Emergency valve servicing,Scaffold was altered without inspection tag and toe boards were missing,Energy Isolation,Low,0,Maintenance fabrication fire
NM_0164,Near Miss,Inspection revealed Spill containment missing during Compressor troubleshooting at Pipeline ROW. Work was paused briefly and the issue was resolved. No work stoppage was required as the risk was minimal.,Inspection revealed Spill containment missing during Compressor troubleshooting at Pipeline ROW. Work was paused briefly and the issue was resolved. No work stoppage was required as the risk was minimal.,Pipeline ROW,Compressor troubleshooting,Spill containment missing,Confined Space,Low,0,Safety-control bypass
NM_0628,Near Miss,"Near-miss observation: while performing Pump seal replacement at Maintenance yard, the team found that Supervision absent. The situation had imminent potential for fatality and was escalated immediately. Multiple critical barriers were ineffective, creating imminent serious-injury or fatality potential.","Near-miss observation: while performing Pump seal replacement at Maintenance yard, the team found that Supervision absent. The situation had imminent potential for fatality and was escalated immediately. Multiple critical barriers were ineffective, creating imminent serious-injury or fatality potential.",Maintenance yard,Pump seal replacement,Supervision absent,Hot Work,Critical,1,Scaffold controls
NM_0168,Near Miss,"Near-miss observation: while performing Drilling operations at Pipeline ROW, the team found that Emergency access route was partly obstructed by temporary materials. The area was corrected immediately. The issue was minor and was rectified before it affected the task.","Near-miss observation: while performing Drilling operations at Pipeline ROW, the team found that Emergency access route was partly obstructed by temporary materials. The area was corrected immediately. The issue was minor and was rectified before it affected the task.",Pipeline ROW,Drilling operations,Emergency access route was partly obstructed by temporary materials,None/Not Applicable,Low,0,Slip/trip/fall incident
NM_0411,Near Miss,A Gas test missing was identified during Grinding near drain at Compressor station. The job was halted due to high-risk exposure. The failed critical control created credible potential for serious injury; the task was stopped and reported to HSE.,A Gas test missing was identified during Grinding near drain at Compressor station. The job was halted due to high-risk exposure. The failed critical control created credible potential for serious injury; the task was stopped and reported to HSE.,Compressor station,Grinding near drain,Gas test missing,Confined Space,High,1,LPG release incident
NM_0261,Near Miss,"Shift crew reported that during Equipment maintenance in Drilling rig, Equipment defect. Work was paused until the issue was addressed. The task was paused, the control was restored, and the supervisor verified readiness before work resumed.","Shift crew reported that during Equipment maintenance in Drilling rig, Equipment defect. Work was paused until the issue was addressed. The task was paused, the control was restored, and the supervisor verified readiness before work resumed.",Drilling rig,Equipment maintenance,Equipment defect,Hot Work,Medium,0,Mechanical-lifting controls
NM_0063,Near Miss,"Shift crew reported that during Sampling and testing in Truck loading bay, Lift plan missing. Corrective action was taken on the spot. The issue was minor and was rectified before it affected the task.","Shift crew reported that during Sampling and testing in Truck loading bay, Lift plan missing. Corrective action was taken on the spot. The issue was minor and was rectified before it affected the task.",Truck loading bay,Sampling and testing,Lift plan missing,Safe Mechanical Lifting,Low,0,Hot-work controls
NM_0441,Near Miss,Inspection revealed Warning sign missing during Manual handling of tubulars at Gas processing unit. The job was halted due to high-risk exposure. The situation had credible potential for serious injury and was escalated immediately.,Inspection revealed Warning sign missing during Manual handling of tubulars at Gas processing unit. The job was halted due to high-risk exposure. The situation had credible potential for serious injury and was escalated immediately.,Gas processing unit,Manual handling of tubulars,Warning sign missing,Line of Fire,High,1,Furnace explosion precursor
NM_0515,Near Miss,"Near-miss observation: while performing Pipe-rack inspection at Gas processing unit, the team found that Lift plan missing. The situation had credible potential for serious injury. The failed critical control created credible potential for serious injury; the task was stopped and reported to HSE.","Near-miss observation: while performing Pipe-rack inspection at Gas processing unit, the team found that Lift plan missing. The situation had credible potential for serious injury. The failed critical control created credible potential for serious injury; the task was stopped and reported to HSE.",Gas processing unit,Pipe-rack inspection,Lift plan missing,Safe Mechanical Lifting,High,1,Energy isolation incident
NM_0501,Near Miss,"During routine checks at Tank farm, Guard missing was observed during Breaking a pressurised flange. Work was stopped due to potential serious injury risk. The failed critical control created credible potential for serious injury; the task was stopped and reported to HSE.","During routine checks at Tank farm, Guard missing was observed during Breaking a pressurised flange. Work was stopped due to potential serious injury risk. The failed critical control created credible potential for serious injury; the task was stopped and reported to HSE.",Tank farm,Breaking a pressurised flange,Guard missing,Energy Isolation,High,1,Permit-to-work controls
NM_0328,Near Miss,"During routine checks at Process plant, Spill containment missing was observed during Process unit startup/shutdown. Work was paused until the issue was addressed. The crew escalated the issue through the shift safety meeting and closed it before continuation.","During routine checks at Process plant, Spill containment missing was observed during Process unit startup/shutdown. Work was paused until the issue was addressed. The crew escalated the issue through the shift safety meeting and closed it before continuation.",Process plant,Process unit startup/shutdown,Spill containment missing,Line of Fire,Medium,0,Slip/trip/fall incident
NM_0565,Near Miss,"Before/during Electrical maintenance at Truck loading bay, Emergency access route was partly obstructed by temporary materials. The job was halted due to high-risk exposure. The failed critical control created credible potential for serious injury; the task was stopped and reported to HSE.","Before/during Electrical maintenance at Truck loading bay, Emergency access route was partly obstructed by temporary materials. The job was halted due to high-risk exposure. The failed critical control created credible potential for serious injury; the task was stopped and reported to HSE.",Truck loading bay,Electrical maintenance,Emergency access route was partly obstructed by temporary materials,Energy Isolation,High,1,Vehicle collision precursor
NM_0274,Near Miss,"Before/during Electrical maintenance at Offshore platform, Guard missing. Work was stopped temporarily and resumed after verification. No one was exposed, but the observation required a documented corrective action.","Before/during Electrical maintenance at Offshore platform, Guard missing. Work was stopped temporarily and resumed after verification. No one was exposed, but the observation required a documented corrective action.",Offshore platform,Electrical maintenance,Guard missing,Energy Isolation,Medium,0,Chemical exposure incident
NM_0489,Near Miss,"During Pump seal replacement at Maintenance yard, Permit missing. The job was halted due to high-risk exposure. The failed critical control created credible potential for serious injury; the task was stopped and reported to HSE.","During Pump seal replacement at Maintenance yard, Permit missing. The job was halted due to high-risk exposure. The failed critical control created credible potential for serious injury; the task was stopped and reported to HSE.",Maintenance yard,Pump seal replacement,Permit missing,Work Authorization,High,1,Chemical exposure incident
NM_0290,Near Miss,"During Crude transfer vehicle movement at Maintenance yard, Drain cover was open and combustible vapour testing was not documented. Work was paused until the issue was addressed. Work was temporarily halted pending verification of the control measure.","During Crude transfer vehicle movement at Maintenance yard, Drain cover was open and combustible vapour testing was not documented. Work was paused until the issue was addressed. Work was temporarily halted pending verification of the control measure.",Maintenance yard,Crude transfer vehicle movement,Drain cover was open and combustible vapour testing was not documented,Hot Work,Medium,0,Lifting/crane incident
NM_0662,Near Miss,"During routine checks at Gas processing unit, Reversing was attempted without a banksman and pedestrian segregation was observed during Loading/unloading operations. Multiple workers were at risk of serious injury or fatality. Personnel were moved to a safe location and the event was treated as a high-potential near miss.","During routine checks at Gas processing unit, Reversing was attempted without a banksman and pedestrian segregation was observed during Loading/unloading operations. Multiple workers were at risk of serious injury or fatality. Personnel were moved to a safe location and the event was treated as a high-potential near miss.",Gas processing unit,Loading/unloading operations,Reversing was attempted without a banksman and pedestrian segregation,Driving,Critical,1,Confined space entry incident
NM_0657,Near Miss,"Shift crew reported that during Wellhead valve maintenance in Offshore platform, Guard missing. All personnel were evacuated. Personnel were moved to a safe location and the event was treated as a high-potential near miss.","Shift crew reported that during Wellhead valve maintenance in Offshore platform, Guard missing. All personnel were evacuated. Personnel were moved to a safe location and the event was treated as a high-potential near miss.",Offshore platform,Wellhead valve maintenance,Guard missing,Driving,Critical,1,LPG release incident
NM_0241,Near Miss,Inspection revealed Drain cover was open and combustible vapour testing was not documented during Wellhead valve maintenance at Refinery unit. The activity was delayed pending correction. The crew escalated the issue through the shift safety meeting and closed it before continuation.,Inspection revealed Drain cover was open and combustible vapour testing was not documented during Wellhead valve maintenance at Refinery unit. The activity was delayed pending correction. The crew escalated the issue through the shift safety meeting and closed it before continuation.,Refinery unit,Wellhead valve maintenance,Drain cover was open and combustible vapour testing was not documented,Hot Work,Medium,0,Equipment failure incident
NM_0580,Near Miss,A Damaged pallet and unstable load were being raised without a spotter was identified during Pipe-rack inspection at Field office area. The situation had credible potential for serious injury. The failed critical control created credible potential for serious injury; the task was stopped and reported to HSE.,A Damaged pallet and unstable load were being raised without a spotter was identified during Pipe-rack inspection at Field office area. The situation had credible potential for serious injury. The failed critical control created credible potential for serious injury; the task was stopped and reported to HSE.,Field office area,Pipe-rack inspection,Damaged pallet and unstable load were being raised without a spotter,Safe Mechanical Lifting,High,1,Line-of-fire controls
NM_0212,Near Miss,"Before/during Hot work (welding/grinding) at Offshore platform, Sample bottle label was unclear and secondary containment was not positioned. The job proceeded only after corrective measures. The supervisor reviewed the situation and approved continuation after correction.","Before/during Hot work (welding/grinding) at Offshore platform, Sample bottle label was unclear and secondary containment was not positioned. The job proceeded only after corrective measures. The supervisor reviewed the situation and approved continuation after correction.",Offshore platform,Hot work (welding/grinding),Sample bottle label was unclear and secondary containment was not positioned,Hot Work,Medium,0,Finger injury during handling
NM_0690,Near Miss,"Shift crew reported that during Chemical sampling in Drilling rig, PPE not used. The situation had imminent potential for fatality and was escalated immediately. The situation had imminent potential for fatality and was escalated immediately.","Shift crew reported that during Chemical sampling in Drilling rig, PPE not used. The situation had imminent potential for fatality and was escalated immediately. The situation had imminent potential for fatality and was escalated immediately.",Drilling rig,Chemical sampling,PPE not used,None/Not Applicable,Critical,1,Mechanical-lifting controls
NM_0084,Near Miss,"Near-miss observation: while performing Emergency valve servicing at Maintenance yard, the team found that Test manifold lacked verified restraint and pressure-release exclusion controls. The team corrected it without delay. The issue was minor and was rectified before it affected the task.","Near-miss observation: while performing Emergency valve servicing at Maintenance yard, the team found that Test manifold lacked verified restraint and pressure-release exclusion controls. The team corrected it without delay. The issue was minor and was rectified before it affected the task.",Maintenance yard,Emergency valve servicing,Test manifold lacked verified restraint and pressure-release exclusion controls,Driving,Low,0,Pressure-testing controls
NM_0466,Near Miss,Inspection revealed Hands were placed near pinch points and no designated signaler was present during Pump maintenance at Refinery unit. The activity was stopped as it could have resulted in serious harm. The situation had credible potential for serious injury and was escalated immediately.,Inspection revealed Hands were placed near pinch points and no designated signaler was present during Pump maintenance at Refinery unit. The activity was stopped as it could have resulted in serious harm. The situation had credible potential for serious injury and was escalated immediately.,Refinery unit,Pump maintenance,Hands were placed near pinch points and no designated signaler was present,Line of Fire,High,1,Pinch-point controls
NM_0651,Near Miss,"A Gas test missing was identified during Hot work (welding/grinding) at Storage depot. Work was stopped urgently and emergency response was initiated. Multiple critical barriers were ineffective, creating imminent serious-injury or fatality potential.","A Gas test missing was identified during Hot work (welding/grinding) at Storage depot. Work was stopped urgently and emergency response was initiated. Multiple critical barriers were ineffective, creating imminent serious-injury or fatality potential.",Storage depot,Hot work (welding/grinding),Gas test missing,Confined Space,Critical,1,Wellsite fatality precursor
NM_0609,Near Miss,"During routine checks at Pipeline ROW, Equipment defect was observed during Lifting and rigging. Work was stopped urgently and emergency response was initiated. The situation had imminent potential for fatality and was escalated immediately.","During routine checks at Pipeline ROW, Equipment defect was observed during Lifting and rigging. Work was stopped urgently and emergency response was initiated. The situation had imminent potential for fatality and was escalated immediately.",Pipeline ROW,Lifting and rigging,Equipment defect,Safe Mechanical Lifting,Critical,1,Fall from height
NM_0602,Near Miss,"Near-miss observation: while performing Sampling and testing at Offshore platform, the team found that Guard missing. The situation had imminent potential for fatality and was escalated immediately. The condition presented immediate potentially fatal exposure; operations were stopped, the area was isolated, and emergency escalation began.","Near-miss observation: while performing Sampling and testing at Offshore platform, the team found that Guard missing. The situation had imminent potential for fatality and was escalated immediately. The condition presented immediate potentially fatal exposure; operations were stopped, the area was isolated, and emergency escalation began.",Offshore platform,Sampling and testing,Guard missing,None/Not Applicable,Critical,1,Vehicle collision precursor
NM_0128,Near Miss,"During routine checks at Field office area, Excavation edge was not barricaded and underground utility mark-out was incomplete was observed during LPG bottling operations. Corrective action was taken on the spot. The observation was logged and addressed during the same shift.","During routine checks at Field office area, Excavation edge was not barricaded and underground utility mark-out was incomplete was observed during LPG bottling operations. Corrective action was taken on the spot. The observation was logged and addressed during the same shift.",Field office area,LPG bottling operations,Excavation edge was not barricaded and underground utility mark-out was incomplete,Working at Height,Low,0,Chemical-handling controls
NM_0435,Near Miss,"Before/during Compressor troubleshooting at Pipeline ROW, Trip interlock was found bypassed during a production upset. The activity was stopped as it could have resulted in serious harm. Personnel were close to hazardous energy exposure, so the area was secured pending investigation.","Before/during Compressor troubleshooting at Pipeline ROW, Trip interlock was found bypassed during a production upset. The activity was stopped as it could have resulted in serious harm. Personnel were close to hazardous energy exposure, so the area was secured pending investigation.",Pipeline ROW,Compressor troubleshooting,Trip interlock was found bypassed during a production upset,Bypassing Safety Controls,High,1,Vehicle-movement controls
NM_0252,Near Miss,"During Housekeeping inspection at Compressor station, Gas test missing. The supervisor reviewed and approved continuation after correction. The task was paused, the control was restored, and the supervisor verified readiness before work resumed.","During Housekeeping inspection at Compressor station, Gas test missing. The supervisor reviewed and approved continuation after correction. The task was paused, the control was restored, and the supervisor verified readiness before work resumed.",Compressor station,Housekeeping inspection,Gas test missing,Confined Space,Medium,0,Finger injury during handling
NM_0138,Near Miss,"Before/during Hydrostatic pressure test at Maintenance yard, Lift plan, tag lines, and barricaded drop zone were not available. The area was corrected immediately. The observation was logged and addressed during the same shift.","Before/during Hydrostatic pressure test at Maintenance yard, Lift plan, tag lines, and barricaded drop zone were not available. The area was corrected immediately. The observation was logged and addressed during the same shift.",Maintenance yard,Hydrostatic pressure test,"Lift plan, tag lines, and barricaded drop zone were not available",Safe Mechanical Lifting,Low,0,LPG release incident
NM_0314,Near Miss,"During routine checks at Storage depot, Sample bottle label was unclear and secondary containment was not positioned was observed during Internal tank inspection. The job proceeded only after corrective measures. No one was exposed, but the observation required a documented corrective action.","During routine checks at Storage depot, Sample bottle label was unclear and secondary containment was not positioned was observed during Internal tank inspection. The job proceeded only after corrective measures. No one was exposed, but the observation required a documented corrective action.",Storage depot,Internal tank inspection,Sample bottle label was unclear and secondary containment was not positioned,Confined Space,Medium,0,Permit-to-work controls
NM_0038,Near Miss,"Near-miss observation: while performing Scaffold modification at Process plant, the team found that Lift plan missing. The area was corrected immediately. The issue was minor and was rectified before it affected the task.","Near-miss observation: while performing Scaffold modification at Process plant, the team found that Lift plan missing. The area was corrected immediately. The issue was minor and was rectified before it affected the task.",Process plant,Scaffold modification,Lift plan missing,Safe Mechanical Lifting,Low,0,Furnace explosion precursor
NM_0291,Near Miss,"Inspection revealed Lift plan missing during Process unit startup/shutdown at Refinery unit. The job proceeded only after corrective measures. No one was exposed, but the observation required a documented corrective action.","Inspection revealed Lift plan missing during Process unit startup/shutdown at Refinery unit. The job proceeded only after corrective measures. No one was exposed, but the observation required a documented corrective action.",Refinery unit,Process unit startup/shutdown,Lift plan missing,Safe Mechanical Lifting,Medium,0,Line-of-fire controls
NM_0650,Near Miss,"During Instrument calibration at Storage tank, Gas test missing. Multiple workers were at risk of serious injury or fatality. The condition presented immediate potentially fatal exposure; operations were stopped, the area was isolated, and emergency escalation began.","During Instrument calibration at Storage tank, Gas test missing. Multiple workers were at risk of serious injury or fatality. The condition presented immediate potentially fatal exposure; operations were stopped, the area was isolated, and emergency escalation began.",Storage tank,Instrument calibration,Gas test missing,Confined Space,Critical,1,Mechanical-lifting controls
NM_0616,Near Miss,A Communication failure was identified during Tank farm operations at Process plant. All personnel were evacuated. The situation had imminent potential for fatality and was escalated immediately.,A Communication failure was identified during Tank farm operations at Process plant. All personnel were evacuated. The situation had imminent potential for fatality and was escalated immediately.,Process plant,Tank farm operations,Communication failure,Confined Space,Critical,1,Vehicle collision precursor
NM_0766,Near Miss,"Near-miss observation: while performing Housekeeping inspection at Tank farm, the team found that Exclusion zone missing. Multiple workers were at risk of serious injury or fatality. The situation had imminent potential for fatality and was escalated immediately.","Near-miss observation: while performing Housekeeping inspection at Tank farm, the team found that Exclusion zone missing. Multiple workers were at risk of serious injury or fatality. The situation had imminent potential for fatality and was escalated immediately.",Tank farm,Housekeeping inspection,Exclusion zone missing,Line of Fire,Critical,1,Chemical-handling controls
NM_0648,Near Miss,"Shift crew reported that during Sampling and testing in Wellsite, Emergency access route was partly obstructed by temporary materials. All personnel were evacuated. All personnel were evacuated and the area was secured pending full investigation.","Shift crew reported that during Sampling and testing in Wellsite, Emergency access route was partly obstructed by temporary materials. All personnel were evacuated. All personnel were evacuated and the area was secured pending full investigation.",Wellsite,Sampling and testing,Emergency access route was partly obstructed by temporary materials,None/Not Applicable,Critical,1,Hot work incident
NM_0060,Near Miss,"Inspection revealed Training inadequate during Grinding near drain at Process plant. No work stoppage was required. The condition was corrected during the routine inspection, with no exposure to hazardous energy.","Inspection revealed Training inadequate during Grinding near drain at Process plant. No work stoppage was required. The condition was corrected during the routine inspection, with no exposure to hazardous energy.",Process plant,Grinding near drain,Training inadequate,Hot Work,Low,0,Scaffold controls
NM_0192,Near Miss,"During routine checks at Pipeline ROW, Emergency response delayed was observed during Reversing vehicle operations. Corrective action was taken on the spot. No work stoppage was required as the risk was minimal.","During routine checks at Pipeline ROW, Emergency response delayed was observed during Reversing vehicle operations. Corrective action was taken on the spot. No work stoppage was required as the risk was minimal.",Pipeline ROW,Reversing vehicle operations,Emergency response delayed,Driving,Low,0,Wellsite fatality precursor
NM_0118,Near Miss,Inspection revealed Supervision absent during Process unit startup/shutdown at Gas processing unit. The area was corrected immediately. No work stoppage was required as the risk was minimal.,Inspection revealed Supervision absent during Process unit startup/shutdown at Gas processing unit. The area was corrected immediately. No work stoppage was required as the risk was minimal.,Gas processing unit,Process unit startup/shutdown,Supervision absent,Working at Height,Low,0,Confined space entry incident
NM_0091,Near Miss,"Shift crew reported that during Equipment maintenance in Offshore platform, Emergency access route was partly obstructed by temporary materials. Corrective action was taken on the spot. The issue was minor and was rectified before it affected the task.","Shift crew reported that during Equipment maintenance in Offshore platform, Emergency access route was partly obstructed by temporary materials. Corrective action was taken on the spot. The issue was minor and was rectified before it affected the task.",Offshore platform,Equipment maintenance,Emergency access route was partly obstructed by temporary materials,None/Not Applicable,Low,0,Pinch-point controls
NM_0668,Near Miss,"Shift crew reported that during Crude transfer vehicle movement in Storage depot, Hands were placed near pinch points and no designated signaler was present. Multiple workers were at risk of serious injury or fatality. The condition presented immediate potentially fatal exposure; operations were stopped, the area was isolated, and emergency escalation began.","Shift crew reported that during Crude transfer vehicle movement in Storage depot, Hands were placed near pinch points and no designated signaler was present. Multiple workers were at risk of serious injury or fatality. The condition presented immediate potentially fatal exposure; operations were stopped, the area was isolated, and emergency escalation began.",Storage depot,Crude transfer vehicle movement,Hands were placed near pinch points and no designated signaler was present,Line of Fire,Critical,1,Hot-work controls
NM_0521,Near Miss,"During routine checks at Compressor station, Equipment defect was observed during Pipe spool welding. The job was halted due to high-risk exposure. Work was halted due to high-risk exposure and corrective measures were implemented.","During routine checks at Compressor station, Equipment defect was observed during Pipe spool welding. The job was halted due to high-risk exposure. Work was halted due to high-risk exposure and corrective measures were implemented.",Compressor station,Pipe spool welding,Equipment defect,Hot Work,High,1,Wellsite fatality precursor
NM_0112,Near Miss,"Shift crew reported that during Valve maintenance in Process plant, Emergency response delayed. Work was paused briefly and the issue was resolved. The issue was minor and was rectified before it affected the task.","Shift crew reported that during Valve maintenance in Process plant, Emergency response delayed. Work was paused briefly and the issue was resolved. The issue was minor and was rectified before it affected the task.",Process plant,Valve maintenance,Emergency response delayed,Bypassing Safety Controls,Low,0,Hot-work controls
NM_0481,Near Miss,"Shift crew reported that during Pressure vessel testing in LPG bottling plant, Equipment defect. Work was stopped due to potential serious injury risk. The situation had credible potential for serious injury and was escalated immediately.","Shift crew reported that during Pressure vessel testing in LPG bottling plant, Equipment defect. Work was stopped due to potential serious injury risk. The situation had credible potential for serious injury and was escalated immediately.",LPG bottling plant,Pressure vessel testing,Equipment defect,Confined Space,High,1,Dropped object incident
NM_0032,Near Miss,"Inspection revealed Supervision absent during Pipe-rack inspection at Drilling rig. Work was paused briefly and the issue was resolved. The condition was corrected during the routine inspection, with no exposure to hazardous energy.","Inspection revealed Supervision absent during Pipe-rack inspection at Drilling rig. Work was paused briefly and the issue was resolved. The condition was corrected during the routine inspection, with no exposure to hazardous energy.",Drilling rig,Pipe-rack inspection,Supervision absent,Bypassing Safety Controls,Low,0,Finger injury during handling
NM_0287,Near Miss,"Near-miss observation: while performing Pipe-rack inspection at Pipeline ROW, the team found that Electrical supply and process pressure isolation were not independently verified. The job proceeded only after corrective measures. The crew escalated the issue through the shift safety meeting and closed it before continuation.","Near-miss observation: while performing Pipe-rack inspection at Pipeline ROW, the team found that Electrical supply and process pressure isolation were not independently verified. The job proceeded only after corrective measures. The crew escalated the issue through the shift safety meeting and closed it before continuation.",Pipeline ROW,Pipe-rack inspection,Electrical supply and process pressure isolation were not independently verified,Hot Work,Medium,0,Forklift handling controls
NM_0493,Near Miss,"During routine checks at Maintenance yard, Procedure not followed was observed during Pipeline inspection. Critical control failure was corrected before resuming work. Work was halted due to high-risk exposure and corrective measures were implemented.","During routine checks at Maintenance yard, Procedure not followed was observed during Pipeline inspection. Critical control failure was corrected before resuming work. Work was halted due to high-risk exposure and corrective measures were implemented.",Maintenance yard,Pipeline inspection,Procedure not followed,Work Authorization,High,1,Emergency-access controls
NM_0275,Near Miss,"A Work scope had changed but the permit and job safety analysis were not revalidated was identified during Sampling and testing at Maintenance yard. Work was stopped temporarily and resumed after verification. No one was exposed, but the observation required a documented corrective action.","A Work scope had changed but the permit and job safety analysis were not revalidated was identified during Sampling and testing at Maintenance yard. Work was stopped temporarily and resumed after verification. No one was exposed, but the observation required a documented corrective action.",Maintenance yard,Sampling and testing,Work scope had changed but the permit and job safety analysis were not revalidated,None/Not Applicable,Medium,0,Electrical shock precursor
NM_0787,Near Miss,"Before/during Pipe spool welding at Tank farm, PPE not used. The situation had imminent potential for fatality and was escalated immediately. The condition presented immediate potentially fatal exposure; operations were stopped, the area was isolated, and emergency escalation began.","Before/during Pipe spool welding at Tank farm, PPE not used. The situation had imminent potential for fatality and was escalated immediately. The condition presented immediate potentially fatal exposure; operations were stopped, the area was isolated, and emergency escalation began.",Tank farm,Pipe spool welding,PPE not used,Hot Work,Critical,1,Safety-control bypass
NM_0179,Near Miss,"During Housekeeping inspection at Field office area, Lift plan, tag lines, and barricaded drop zone were not available. Corrective action was taken on the spot. The condition was corrected during the routine inspection, with no exposure to hazardous energy.","During Housekeeping inspection at Field office area, Lift plan, tag lines, and barricaded drop zone were not available. Corrective action was taken on the spot. The condition was corrected during the routine inspection, with no exposure to hazardous energy.",Field office area,Housekeeping inspection,"Lift plan, tag lines, and barricaded drop zone were not available",Safe Mechanical Lifting,Low,0,Equipment failure incident
NM_0791,Near Miss,Inspection revealed Fall arrest missing during Lifting and rigging at Drilling rig. Actual exposure to hazardous conditions occurred. Personnel were moved to a safe location and the event was treated as a high-potential near miss.,Inspection revealed Fall arrest missing during Lifting and rigging at Drilling rig. Actual exposure to hazardous conditions occurred. Personnel were moved to a safe location and the event was treated as a high-potential near miss.,Drilling rig,Lifting and rigging,Fall arrest missing,Safe Mechanical Lifting,Critical,1,Safety-control bypass
NM_0624,Near Miss,"Shift crew reported that during Valve maintenance in Refinery unit, Work scope had changed but the permit and job safety analysis were not revalidated. Multiple workers were at risk of serious injury or fatality. The condition presented immediate potentially fatal exposure; operations were stopped, the area was isolated, and emergency escalation began.","Shift crew reported that during Valve maintenance in Refinery unit, Work scope had changed but the permit and job safety analysis were not revalidated. Multiple workers were at risk of serious injury or fatality. The condition presented immediate potentially fatal exposure; operations were stopped, the area was isolated, and emergency escalation began.",Refinery unit,Valve maintenance,Work scope had changed but the permit and job safety analysis were not revalidated,Safe Mechanical Lifting,Critical,1,Pressure testing incident
NM_0448,Near Miss,"Shift crew reported that during Pipe spool welding in Process plant, Training inadequate. The job was halted due to high-risk exposure. Personnel were close to hazardous energy exposure, so the area was secured pending investigation.","Shift crew reported that during Pipe spool welding in Process plant, Training inadequate. The job was halted due to high-risk exposure. Personnel were close to hazardous energy exposure, so the area was secured pending investigation.",Process plant,Pipe spool welding,Training inadequate,Hot Work,High,1,Hot-work controls
NM_0347,Near Miss,"During Pump maintenance at Gas processing unit, Lift plan, tag lines, and barricaded drop zone were not available. Work was paused until the issue was addressed. The crew escalated the issue through the shift safety meeting and closed it before continuation.","During Pump maintenance at Gas processing unit, Lift plan, tag lines, and barricaded drop zone were not available. Work was paused until the issue was addressed. The crew escalated the issue through the shift safety meeting and closed it before continuation.",Gas processing unit,Pump maintenance,"Lift plan, tag lines, and barricaded drop zone were not available",Safe Mechanical Lifting,Medium,0,Hot-work controls
NM_0498,Near Miss,"During routine checks at Tank farm, Tool inspection missing was observed during Night driving to remote site. Work was stopped due to potential serious injury risk. Work was halted due to high-risk exposure and corrective measures were implemented.","During routine checks at Tank farm, Tool inspection missing was observed during Night driving to remote site. Work was stopped due to potential serious injury risk. Work was halted due to high-risk exposure and corrective measures were implemented.",Tank farm,Night driving to remote site,Tool inspection missing,Line of Fire,High,1,Energy isolation controls
NM_0719,Near Miss,"Shift crew reported that during Tank farm operations in Gas processing unit, Tool inspection missing. All personnel were evacuated. The situation had imminent potential for fatality and was escalated immediately.","Shift crew reported that during Tank farm operations in Gas processing unit, Tool inspection missing. All personnel were evacuated. The situation had imminent potential for fatality and was escalated immediately.",Gas processing unit,Tank farm operations,Tool inspection missing,Confined Space,Critical,1,Pressure-testing controls
NM_0569,Near Miss,"During Pipe-rack inspection at LPG bottling plant, Excavation edge was not barricaded and underground utility mark-out was incomplete. The activity was stopped as it could have resulted in serious harm. The failed critical control created credible potential for serious injury; the task was stopped and reported to HSE.","During Pipe-rack inspection at LPG bottling plant, Excavation edge was not barricaded and underground utility mark-out was incomplete. The activity was stopped as it could have resulted in serious harm. The failed critical control created credible potential for serious injury; the task was stopped and reported to HSE.",LPG bottling plant,Pipe-rack inspection,Excavation edge was not barricaded and underground utility mark-out was incomplete,Working at Height,High,1,Vehicle-movement controls
NM_0678,Near Miss,A Line was not depressurised and workers were positioned in the potential release path was identified during Emergency valve servicing at Wellsite. Actual exposure to hazardous conditions occurred. Personnel were moved to a safe location and the event was treated as a high-potential near miss.,A Line was not depressurised and workers were positioned in the potential release path was identified during Emergency valve servicing at Wellsite. Actual exposure to hazardous conditions occurred. Personnel were moved to a safe location and the event was treated as a high-potential near miss.,Wellsite,Emergency valve servicing,Line was not depressurised and workers were positioned in the potential release path,Line of Fire,Critical,1,Confined space entry incident
NM_0079,Near Miss,"During routine checks at Pipeline ROW, Emergency access route was partly obstructed by temporary materials was observed during Hydrostatic pressure test. No work stoppage was required. The issue was minor and was rectified before it affected the task.","During routine checks at Pipeline ROW, Emergency access route was partly obstructed by temporary materials was observed during Hydrostatic pressure test. No work stoppage was required. The issue was minor and was rectified before it affected the task.",Pipeline ROW,Hydrostatic pressure test,Emergency access route was partly obstructed by temporary materials,None/Not Applicable,Low,0,Hot-work controls
NM_0740,Near Miss,"Near-miss observation: while performing Scaffold modification at Drilling rig, the team found that Drain cover was open and combustible vapour testing was not documented. Work was stopped urgently and emergency response was initiated. The condition presented immediate potentially fatal exposure; operations were stopped, the area was isolated, and emergency escalation began.","Near-miss observation: while performing Scaffold modification at Drilling rig, the team found that Drain cover was open and combustible vapour testing was not documented. Work was stopped urgently and emergency response was initiated. The condition presented immediate potentially fatal exposure; operations were stopped, the area was isolated, and emergency escalation began.",Drilling rig,Scaffold modification,Drain cover was open and combustible vapour testing was not documented,Hot Work,Critical,1,Line-of-fire controls
NM_0523,Near Miss,"During routine checks at Tank farm, Emergency response delayed was observed during Process unit startup/shutdown. Critical control failure was corrected before resuming work. Work was halted due to high-risk exposure and corrective measures were implemented.","During routine checks at Tank farm, Emergency response delayed was observed during Process unit startup/shutdown. Critical control failure was corrected before resuming work. Work was halted due to high-risk exposure and corrective measures were implemented.",Tank farm,Process unit startup/shutdown,Emergency response delayed,None/Not Applicable,High,1,Slip/trip/fall incident
NM_0337,Near Miss,"Near-miss observation: while performing Excavation work at Storage tank, the team found that Tool inspection missing. Work was stopped temporarily and resumed after verification. Work was temporarily halted pending verification of the control measure.","Near-miss observation: while performing Excavation work at Storage tank, the team found that Tool inspection missing. Work was stopped temporarily and resumed after verification. Work was temporarily halted pending verification of the control measure.",Storage tank,Excavation work,Tool inspection missing,Line of Fire,Medium,0,Slip/trip/fall incident
NM_0683,Near Miss,"During Sampling and testing at Wellsite, Drain cover was open and combustible vapour testing was not documented. All personnel were evacuated. The condition presented immediate potentially fatal exposure; operations were stopped, the area was isolated, and emergency escalation began.","During Sampling and testing at Wellsite, Drain cover was open and combustible vapour testing was not documented. All personnel were evacuated. The condition presented immediate potentially fatal exposure; operations were stopped, the area was isolated, and emergency escalation began.",Wellsite,Sampling and testing,Drain cover was open and combustible vapour testing was not documented,Hot Work,Critical,1,Excavation controls
NM_0582,Near Miss,"During Pump seal replacement at Gas processing unit, Emergency response delayed. Work was stopped due to potential serious injury risk. Personnel were close to hazardous energy exposure, so the area was secured pending investigation.","During Pump seal replacement at Gas processing unit, Emergency response delayed. Work was stopped due to potential serious injury risk. Personnel were close to hazardous energy exposure, so the area was secured pending investigation.",Gas processing unit,Pump seal replacement,Emergency response delayed,Energy Isolation,High,1,Stored-energy controls
NM_0723,Near Miss,Inspection revealed Reversing was attempted without a banksman and pedestrian segregation during Instrument calibration at Field office area. Multiple workers were at risk of serious injury or fatality. All personnel were evacuated and the area was secured pending full investigation.,Inspection revealed Reversing was attempted without a banksman and pedestrian segregation during Instrument calibration at Field office area. Multiple workers were at risk of serious injury or fatality. All personnel were evacuated and the area was secured pending full investigation.,Field office area,Instrument calibration,Reversing was attempted without a banksman and pedestrian segregation,Driving,Critical,1,Emergency-access controls
NM_0595,Near Miss,"Near-miss observation: while performing Excavation work at Process plant, the team found that Atmosphere not tested. The activity was stopped as it could have resulted in serious harm. The failed critical control created credible potential for serious injury; the task was stopped and reported to HSE.","Near-miss observation: while performing Excavation work at Process plant, the team found that Atmosphere not tested. The activity was stopped as it could have resulted in serious harm. The failed critical control created credible potential for serious injury; the task was stopped and reported to HSE.",Process plant,Excavation work,Atmosphere not tested,Confined Space,High,1,Process fire precursor
NM_0313,Near Miss,"Near-miss observation: while performing Loading/unloading operations at Process plant, the team found that Exclusion zone missing. The job proceeded only after corrective measures. Work was temporarily halted pending verification of the control measure.","Near-miss observation: while performing Loading/unloading operations at Process plant, the team found that Exclusion zone missing. The job proceeded only after corrective measures. Work was temporarily halted pending verification of the control measure.",Process plant,Loading/unloading operations,Exclusion zone missing,Line of Fire,Medium,0,Maintenance fabrication fire
NM_0738,Near Miss,"Inspection revealed Excavation edge was not barricaded and underground utility mark-out was incomplete during Breaking a pressurised flange at Gas processing unit. Actual exposure to hazardous conditions occurred. Multiple critical barriers were ineffective, creating imminent serious-injury or fatality potential.","Inspection revealed Excavation edge was not barricaded and underground utility mark-out was incomplete during Breaking a pressurised flange at Gas processing unit. Actual exposure to hazardous conditions occurred. Multiple critical barriers were ineffective, creating imminent serious-injury or fatality potential.",Gas processing unit,Breaking a pressurised flange,Excavation edge was not barricaded and underground utility mark-out was incomplete,Working at Height,Critical,1,Hot-work controls
NM_0394,Near Miss,"During routine checks at Storage depot, Gas test missing was observed during Pump maintenance. The activity was delayed pending correction. No one was exposed, but the observation required a documented corrective action.","During routine checks at Storage depot, Gas test missing was observed during Pump maintenance. The activity was delayed pending correction. No one was exposed, but the observation required a documented corrective action.",Storage depot,Pump maintenance,Gas test missing,Confined Space,Medium,0,Fall from height
NM_0363,Near Miss,"Before/during Hydrostatic pressure test at Offshore platform, Excavation edge was not barricaded and underground utility mark-out was incomplete. Work was stopped temporarily and resumed after verification. Work was temporarily halted pending verification of the control measure.","Before/during Hydrostatic pressure test at Offshore platform, Excavation edge was not barricaded and underground utility mark-out was incomplete. Work was stopped temporarily and resumed after verification. Work was temporarily halted pending verification of the control measure.",Offshore platform,Hydrostatic pressure test,Excavation edge was not barricaded and underground utility mark-out was incomplete,Working at Height,Medium,0,Confined space entry incident
NM_0632,Near Miss,"Near-miss observation: while performing Vessel entry preparation at Offshore platform, the team found that Reversing was attempted without a banksman and pedestrian segregation. Multiple workers were at risk of serious injury or fatality. Multiple critical barriers were ineffective, creating imminent serious-injury or fatality potential.","Near-miss observation: while performing Vessel entry preparation at Offshore platform, the team found that Reversing was attempted without a banksman and pedestrian segregation. Multiple workers were at risk of serious injury or fatality. Multiple critical barriers were ineffective, creating imminent serious-injury or fatality potential.",Offshore platform,Vessel entry preparation,Reversing was attempted without a banksman and pedestrian segregation,Confined Space,Critical,1,Pinch-point controls
NM_0040,Near Miss,Inspection revealed Procedure not followed during Pipe spool welding at Storage depot. Corrective action was taken on the spot. The observation was logged and addressed during the same shift.,Inspection revealed Procedure not followed during Pipe spool welding at Storage depot. Corrective action was taken on the spot. The observation was logged and addressed during the same shift.,Storage depot,Pipe spool welding,Procedure not followed,Hot Work,Low,0,Pressure-testing controls
NM_0499,Near Miss,"During routine checks at LPG bottling plant, Simultaneous operations were not recorded in the permit briefing was observed during Compressor troubleshooting. The activity was stopped as it could have resulted in serious harm. Work was halted due to high-risk exposure and corrective measures were implemented.","During routine checks at LPG bottling plant, Simultaneous operations were not recorded in the permit briefing was observed during Compressor troubleshooting. The activity was stopped as it could have resulted in serious harm. Work was halted due to high-risk exposure and corrective measures were implemented.",LPG bottling plant,Compressor troubleshooting,Simultaneous operations were not recorded in the permit briefing,Working at Height,High,1,Lifting/crane incident
NM_0127,Near Miss,"Shift crew reported that during Reversing vehicle operations in Drilling rig, Test manifold lacked verified restraint and pressure-release exclusion controls. The area was corrected immediately. The observation was logged and addressed during the same shift.","Shift crew reported that during Reversing vehicle operations in Drilling rig, Test manifold lacked verified restraint and pressure-release exclusion controls. The area was corrected immediately. The observation was logged and addressed during the same shift.",Drilling rig,Reversing vehicle operations,Test manifold lacked verified restraint and pressure-release exclusion controls,Driving,Low,0,Chemical exposure incident
NM_0159,Near Miss,"Shift crew reported that during Pump maintenance in Truck loading bay, Guard missing. The team corrected it without delay. The issue was minor and was rectified before it affected the task.","Shift crew reported that during Pump maintenance in Truck loading bay, Guard missing. The team corrected it without delay. The issue was minor and was rectified before it affected the task.",Truck loading bay,Pump maintenance,Guard missing,None/Not Applicable,Low,0,Pressure-testing controls
NM_0781,Near Miss,"Before/during Pipeline inspection at Compressor station, Tool inspection missing. All personnel were evacuated. The situation had imminent potential for fatality and was escalated immediately.","Before/during Pipeline inspection at Compressor station, Tool inspection missing. All personnel were evacuated. The situation had imminent potential for fatality and was escalated immediately.",Compressor station,Pipeline inspection,Tool inspection missing,Driving,Critical,1,Line-of-fire controls
NM_0219,Near Miss,"Inspection revealed Guard missing during Chemical sampling at Truck loading bay. The supervisor reviewed and approved continuation after correction. The task was paused, the control was restored, and the supervisor verified readiness before work resumed.","Inspection revealed Guard missing during Chemical sampling at Truck loading bay. The supervisor reviewed and approved continuation after correction. The task was paused, the control was restored, and the supervisor verified readiness before work resumed.",Truck loading bay,Chemical sampling,Guard missing,None/Not Applicable,Medium,0,Pressure testing incident
NM_0140,Near Miss,"Near-miss observation: while performing Grinding near drain at Wellsite, the team found that Gas testing was overdue and no dedicated fire watch was assigned. No work stoppage was required. The observation was logged and addressed during the same shift.","Near-miss observation: while performing Grinding near drain at Wellsite, the team found that Gas testing was overdue and no dedicated fire watch was assigned. No work stoppage was required. The observation was logged and addressed during the same shift.",Wellsite,Grinding near drain,Gas testing was overdue and no dedicated fire watch was assigned,Confined Space,Low,0,Chemical-handling controls
NM_0120,Near Miss,Inspection revealed Reversing was attempted without a banksman and pedestrian segregation during Crude transfer vehicle movement at LPG bottling plant. The team corrected it without delay. The team recorded the observation and completed immediate housekeeping correction.,Inspection revealed Reversing was attempted without a banksman and pedestrian segregation during Crude transfer vehicle movement at LPG bottling plant. The team corrected it without delay. The team recorded the observation and completed immediate housekeeping correction.,LPG bottling plant,Crude transfer vehicle movement,Reversing was attempted without a banksman and pedestrian segregation,Driving,Low,0,Hot work incident
NM_0115,Near Miss,"Before/during Sampling and testing at Gas processing unit, Line was not depressurised and workers were positioned in the potential release path. No work stoppage was required. The condition was corrected during the routine inspection, with no exposure to hazardous energy.","Before/during Sampling and testing at Gas processing unit, Line was not depressurised and workers were positioned in the potential release path. No work stoppage was required. The condition was corrected during the routine inspection, with no exposure to hazardous energy.",Gas processing unit,Sampling and testing,Line was not depressurised and workers were positioned in the potential release path,Line of Fire,Low,0,Permit-to-work controls
NM_0730,Near Miss,"Before/during Night driving to remote site at Compressor station, Lift plan missing. All personnel were evacuated. Multiple critical barriers were ineffective, creating imminent serious-injury or fatality potential.","Before/during Night driving to remote site at Compressor station, Lift plan missing. All personnel were evacuated. Multiple critical barriers were ineffective, creating imminent serious-injury or fatality potential.",Compressor station,Night driving to remote site,Lift plan missing,Safe Mechanical Lifting,Critical,1,Excavation controls
NM_0698,Near Miss,"During Grinding near drain at Compressor station, Communication failure. All personnel were evacuated. The condition presented immediate potentially fatal exposure; operations were stopped, the area was isolated, and emergency escalation began.","During Grinding near drain at Compressor station, Communication failure. All personnel were evacuated. The condition presented immediate potentially fatal exposure; operations were stopped, the area was isolated, and emergency escalation began.",Compressor station,Grinding near drain,Communication failure,Hot Work,Critical,1,Fall from height
NM_0246,Near Miss,"During Scaffold modification at Gas processing unit, Reversing was attempted without a banksman and pedestrian segregation. The activity was delayed pending correction. Work was temporarily halted pending verification of the control measure.","During Scaffold modification at Gas processing unit, Reversing was attempted without a banksman and pedestrian segregation. The activity was delayed pending correction. Work was temporarily halted pending verification of the control measure.",Gas processing unit,Scaffold modification,Reversing was attempted without a banksman and pedestrian segregation,Working at Height,Medium,0,Lifting/crane incident
NM_0512,Near Miss,"During Scaffolding work at LPG bottling plant, Test manifold lacked verified restraint and pressure-release exclusion controls. Work was stopped due to potential serious injury risk. Work was halted due to high-risk exposure and corrective measures were implemented.","During Scaffolding work at LPG bottling plant, Test manifold lacked verified restraint and pressure-release exclusion controls. Work was stopped due to potential serious injury risk. Work was halted due to high-risk exposure and corrective measures were implemented.",LPG bottling plant,Scaffolding work,Test manifold lacked verified restraint and pressure-release exclusion controls,Working at Height,High,1,Hot-work controls
NM_0612,Near Miss,"A Emergency access route was partly obstructed by temporary materials was identified during Grinding near drain at Drilling rig. Multiple workers were at risk of serious injury or fatality. The condition presented immediate potentially fatal exposure; operations were stopped, the area was isolated, and emergency escalation began.","A Emergency access route was partly obstructed by temporary materials was identified during Grinding near drain at Drilling rig. Multiple workers were at risk of serious injury or fatality. The condition presented immediate potentially fatal exposure; operations were stopped, the area was isolated, and emergency escalation began.",Drilling rig,Grinding near drain,Emergency access route was partly obstructed by temporary materials,Hot Work,Critical,1,Hot work incident
NM_0477,Near Miss,"Shift crew reported that during Compressor troubleshooting in Pump station, Supervision absent. Work was stopped due to potential serious injury risk. The failed critical control created credible potential for serious injury; the task was stopped and reported to HSE.","Shift crew reported that during Compressor troubleshooting in Pump station, Supervision absent. Work was stopped due to potential serious injury risk. The failed critical control created credible potential for serious injury; the task was stopped and reported to HSE.",Pump station,Compressor troubleshooting,Supervision absent,Confined Space,High,1,Vehicle collision precursor
NM_0381,Near Miss,"During routine checks at Maintenance yard, Work scope had changed but the permit and job safety analysis were not revalidated was observed during Scaffold modification. The activity was delayed pending correction. The task was paused, the control was restored, and the supervisor verified readiness before work resumed.","During routine checks at Maintenance yard, Work scope had changed but the permit and job safety analysis were not revalidated was observed during Scaffold modification. The activity was delayed pending correction. The task was paused, the control was restored, and the supervisor verified readiness before work resumed.",Maintenance yard,Scaffold modification,Work scope had changed but the permit and job safety analysis were not revalidated,Working at Height,Medium,0,Confined space entry incident
NM_0459,Near Miss,"During routine checks at Drilling rig, Emergency access route was partly obstructed by temporary materials was observed during Loading/unloading operations. Work was stopped due to potential serious injury risk. The situation had credible potential for serious injury and was escalated immediately.","During routine checks at Drilling rig, Emergency access route was partly obstructed by temporary materials was observed during Loading/unloading operations. Work was stopped due to potential serious injury risk. The situation had credible potential for serious injury and was escalated immediately.",Drilling rig,Loading/unloading operations,Emergency access route was partly obstructed by temporary materials,None/Not Applicable,High,1,SIMOPS controls
NM_0407,Near Miss,A Procedure not followed was identified during Vehicle movement at Compressor station. The situation had credible potential for serious injury. A supervisor issued a stop-work intervention and required a formal control verification.,A Procedure not followed was identified during Vehicle movement at Compressor station. The situation had credible potential for serious injury. A supervisor issued a stop-work intervention and required a formal control verification.,Compressor station,Vehicle movement,Procedure not followed,Driving,High,1,Emergency-access controls
NM_0447,Near Miss,"Near-miss observation: while performing Pump maintenance at Compressor station, the team found that Supervision absent. Work was stopped due to potential serious injury risk. The situation had credible potential for serious injury and was escalated immediately.","Near-miss observation: while performing Pump maintenance at Compressor station, the team found that Supervision absent. Work was stopped due to potential serious injury risk. The situation had credible potential for serious injury and was escalated immediately.",Compressor station,Pump maintenance,Supervision absent,Working at Height,High,1,Stored-energy controls
NM_0181,Near Miss,"A Supervision absent was identified during Crude transfer vehicle movement at Gas processing unit. Corrective action was taken on the spot. The condition was corrected during the routine inspection, with no exposure to hazardous energy.","A Supervision absent was identified during Crude transfer vehicle movement at Gas processing unit. Corrective action was taken on the spot. The condition was corrected during the routine inspection, with no exposure to hazardous energy.",Gas processing unit,Crude transfer vehicle movement,Supervision absent,Energy Isolation,Low,0,Wellsite fatality precursor
NM_0213,Near Miss,"Before/during Tank farm operations at Field office area, Simultaneous operations were not recorded in the permit briefing. Work was stopped temporarily and resumed after verification. Work was temporarily halted pending verification of the control measure.","Before/during Tank farm operations at Field office area, Simultaneous operations were not recorded in the permit briefing. Work was stopped temporarily and resumed after verification. Work was temporarily halted pending verification of the control measure.",Field office area,Tank farm operations,Simultaneous operations were not recorded in the permit briefing,Confined Space,Medium,0,Process fire precursor
NM_0525,Near Miss,"Near-miss observation: while performing Instrument calibration at Drilling rig, the team found that Fire watch missing. The situation had credible potential for serious injury. The failed critical control created credible potential for serious injury; the task was stopped and reported to HSE.","Near-miss observation: while performing Instrument calibration at Drilling rig, the team found that Fire watch missing. The situation had credible potential for serious injury. The failed critical control created credible potential for serious injury; the task was stopped and reported to HSE.",Drilling rig,Instrument calibration,Fire watch missing,Hot Work,High,1,Pressure-testing controls
NM_0161,Near Miss,"During routine checks at Field office area, Tool inspection missing was observed during Manual handling of tubulars. Work was paused briefly and the issue was resolved. No work stoppage was required as the risk was minimal.","During routine checks at Field office area, Tool inspection missing was observed during Manual handling of tubulars. Work was paused briefly and the issue was resolved. No work stoppage was required as the risk was minimal.",Field office area,Manual handling of tubulars,Tool inspection missing,Hot Work,Low,0,Journey-management controls
NM_0200,Near Miss,"Shift crew reported that during Pressure vessel testing in Field office area, Hands were placed near pinch points and no designated signaler was present. The team corrected it without delay. The condition was corrected during the routine inspection, with no exposure to hazardous energy.","Shift crew reported that during Pressure vessel testing in Field office area, Hands were placed near pinch points and no designated signaler was present. The team corrected it without delay. The condition was corrected during the routine inspection, with no exposure to hazardous energy.",Field office area,Pressure vessel testing,Hands were placed near pinch points and no designated signaler was present,Confined Space,Low,0,Vehicle-movement controls
NM_0028,Near Miss,"Before/during Pipe spool welding at Refinery unit, Permit missing. The area was corrected immediately. The observation was logged and addressed during the same shift.","Before/during Pipe spool welding at Refinery unit, Permit missing. The area was corrected immediately. The observation was logged and addressed during the same shift.",Refinery unit,Pipe spool welding,Permit missing,Hot Work,Low,0,Confined-space entry controls
NM_0197,Near Miss,"Shift crew reported that during Pump maintenance in Maintenance yard, Test manifold lacked verified restraint and pressure-release exclusion controls. The team corrected it without delay. The issue was minor and was rectified before it affected the task.","Shift crew reported that during Pump maintenance in Maintenance yard, Test manifold lacked verified restraint and pressure-release exclusion controls. The team corrected it without delay. The issue was minor and was rectified before it affected the task.",Maintenance yard,Pump maintenance,Test manifold lacked verified restraint and pressure-release exclusion controls,Bypassing Safety Controls,Low,0,Energy isolation incident
NM_0254,Near Miss,"Before/during Hydrostatic pressure test at Drilling rig, Permit missing. The supervisor reviewed and approved continuation after correction. The task was paused, the control was restored, and the supervisor verified readiness before work resumed.","Before/during Hydrostatic pressure test at Drilling rig, Permit missing. The supervisor reviewed and approved continuation after correction. The task was paused, the control was restored, and the supervisor verified readiness before work resumed.",Drilling rig,Hydrostatic pressure test,Permit missing,Work Authorization,Medium,0,Finger injury during handling
NM_0056,Near Miss,"During routine checks at Storage depot, Lift plan, tag lines, and barricaded drop zone were not available was observed during Pipe spool welding. The team corrected it without delay. The issue was minor and was rectified before it affected the task.","During routine checks at Storage depot, Lift plan, tag lines, and barricaded drop zone were not available was observed during Pipe spool welding. The team corrected it without delay. The issue was minor and was rectified before it affected the task.",Storage depot,Pipe spool welding,"Lift plan, tag lines, and barricaded drop zone were not available",Hot Work,Low,0,Permit-to-work controls
NM_0221,Near Miss,A Guard missing was identified during Housekeeping inspection at Offshore platform. Work was stopped temporarily and resumed after verification. The crew escalated the issue through the shift safety meeting and closed it before continuation.,A Guard missing was identified during Housekeeping inspection at Offshore platform. Work was stopped temporarily and resumed after verification. The crew escalated the issue through the shift safety meeting and closed it before continuation.,Offshore platform,Housekeeping inspection,Guard missing,None/Not Applicable,Medium,0,Stored-energy controls
NM_0605,Near Miss,"Near-miss observation: while performing Night driving to remote site at Drilling rig, the team found that Isolation not verified. All personnel were evacuated. Personnel were moved to a safe location and the event was treated as a high-potential near miss.","Near-miss observation: while performing Night driving to remote site at Drilling rig, the team found that Isolation not verified. All personnel were evacuated. Personnel were moved to a safe location and the event was treated as a high-potential near miss.",Drilling rig,Night driving to remote site,Isolation not verified,Energy Isolation,Critical,1,Stored-energy controls
NM_0262,Near Miss,"Before/during Excavation work at Refinery unit, Trip interlock was found bypassed during a production upset. Work was paused until the issue was addressed. Work was temporarily halted pending verification of the control measure.","Before/during Excavation work at Refinery unit, Trip interlock was found bypassed during a production upset. Work was paused until the issue was addressed. Work was temporarily halted pending verification of the control measure.",Refinery unit,Excavation work,Trip interlock was found bypassed during a production upset,Bypassing Safety Controls,Medium,0,Wellsite fatality precursor
NM_0345,Near Miss,"During Tank farm operations at Pipeline ROW, Electrical supply and process pressure isolation were not independently verified. The supervisor reviewed and approved continuation after correction. Work was temporarily halted pending verification of the control measure.","During Tank farm operations at Pipeline ROW, Electrical supply and process pressure isolation were not independently verified. The supervisor reviewed and approved continuation after correction. Work was temporarily halted pending verification of the control measure.",Pipeline ROW,Tank farm operations,Electrical supply and process pressure isolation were not independently verified,Confined Space,Medium,0,Furnace explosion precursor
NM_0006,Near Miss,"A Fall arrest missing was identified during Forklift pallet handling at Drilling rig. Corrective action was taken on the spot. The condition was corrected during the routine inspection, with no exposure to hazardous energy.","A Fall arrest missing was identified during Forklift pallet handling at Drilling rig. Corrective action was taken on the spot. The condition was corrected during the routine inspection, with no exposure to hazardous energy.",Drilling rig,Forklift pallet handling,Fall arrest missing,Safe Mechanical Lifting,Low,0,Emergency-access controls
NM_0362,Near Miss,"Inspection revealed Fire watch missing during Manual handling of tubulars at Pipeline ROW. The activity was delayed pending correction. No one was exposed, but the observation required a documented corrective action.","Inspection revealed Fire watch missing during Manual handling of tubulars at Pipeline ROW. The activity was delayed pending correction. No one was exposed, but the observation required a documented corrective action.",Pipeline ROW,Manual handling of tubulars,Fire watch missing,Hot Work,Medium,0,Maintenance fabrication fire
NM_0593,Near Miss,"During routine checks at Storage depot, No pre-entry gas test, attendant, rescue arrangement, or signed entry permit was observed during Valve maintenance. The activity was stopped as it could have resulted in serious harm. Work was halted due to high-risk exposure and corrective measures were implemented.","During routine checks at Storage depot, No pre-entry gas test, attendant, rescue arrangement, or signed entry permit was observed during Valve maintenance. The activity was stopped as it could have resulted in serious harm. Work was halted due to high-risk exposure and corrective measures were implemented.",Storage depot,Valve maintenance,"No pre-entry gas test, attendant, rescue arrangement, or signed entry permit",Confined Space,High,1,Work-at-height controls
NM_0307,Near Miss,"Before/during Manual handling of tubulars at Process plant, Warning sign missing. The supervisor reviewed and approved continuation after correction. No one was exposed, but the observation required a documented corrective action.","Before/during Manual handling of tubulars at Process plant, Warning sign missing. The supervisor reviewed and approved continuation after correction. No one was exposed, but the observation required a documented corrective action.",Process plant,Manual handling of tubulars,Warning sign missing,Confined Space,Medium,0,Line-of-fire controls
NM_0114,Near Miss,"During Hot work (welding/grinding) at Storage depot, Driver fatigue screening and journey-management check were incomplete. The team corrected it without delay. The observation was logged and addressed during the same shift.","During Hot work (welding/grinding) at Storage depot, Driver fatigue screening and journey-management check were incomplete. The team corrected it without delay. The observation was logged and addressed during the same shift.",Storage depot,Hot work (welding/grinding),Driver fatigue screening and journey-management check were incomplete,Hot Work,Low,0,Energy isolation incident
NM_0767,Near Miss,"Near-miss observation: while performing Tank farm operations at Field office area, the team found that Drain cover was open and combustible vapour testing was not documented. All personnel were evacuated. The condition presented immediate potentially fatal exposure; operations were stopped, the area was isolated, and emergency escalation began.","Near-miss observation: while performing Tank farm operations at Field office area, the team found that Drain cover was open and combustible vapour testing was not documented. All personnel were evacuated. The condition presented immediate potentially fatal exposure; operations were stopped, the area was isolated, and emergency escalation began.",Field office area,Tank farm operations,Drain cover was open and combustible vapour testing was not documented,Confined Space,Critical,1,Pressure-testing controls
NM_0672,Near Miss,"During routine checks at Drilling rig, Drain cover was open and combustible vapour testing was not documented was observed during Electrical maintenance. Multiple workers were at risk of serious injury or fatality. The situation had imminent potential for fatality and was escalated immediately.","During routine checks at Drilling rig, Drain cover was open and combustible vapour testing was not documented was observed during Electrical maintenance. Multiple workers were at risk of serious injury or fatality. The situation had imminent potential for fatality and was escalated immediately.",Drilling rig,Electrical maintenance,Drain cover was open and combustible vapour testing was not documented,Energy Isolation,Critical,1,Process fire precursor
NM_0620,Near Miss,"During routine checks at Gas processing unit, Fire watch missing was observed during Well intervention. All personnel were evacuated. Multiple critical barriers were ineffective, creating imminent serious-injury or fatality potential.","During routine checks at Gas processing unit, Fire watch missing was observed during Well intervention. All personnel were evacuated. Multiple critical barriers were ineffective, creating imminent serious-injury or fatality potential.",Gas processing unit,Well intervention,Fire watch missing,Hot Work,Critical,1,Mechanical-lifting controls
NM_0264,Near Miss,"During routine checks at Field office area, Exclusion zone missing was observed during Emergency valve servicing. The supervisor reviewed and approved continuation after correction. The task was paused, the control was restored, and the supervisor verified readiness before work resumed.","During routine checks at Field office area, Exclusion zone missing was observed during Emergency valve servicing. The supervisor reviewed and approved continuation after correction. The task was paused, the control was restored, and the supervisor verified readiness before work resumed.",Field office area,Emergency valve servicing,Exclusion zone missing,Line of Fire,Medium,0,Process fire precursor
NM_0737,Near Miss,"During routine checks at Field office area, Lift plan, tag lines, and barricaded drop zone were not available was observed during Grinding near drain. Multiple workers were at risk of serious injury or fatality. The situation had imminent potential for fatality and was escalated immediately.","During routine checks at Field office area, Lift plan, tag lines, and barricaded drop zone were not available was observed during Grinding near drain. Multiple workers were at risk of serious injury or fatality. The situation had imminent potential for fatality and was escalated immediately.",Field office area,Grinding near drain,"Lift plan, tag lines, and barricaded drop zone were not available",Hot Work,Critical,1,Line-of-fire controls
NM_0418,Near Miss,A Gas test missing was identified during Emergency valve servicing at Gas processing unit. Critical control failure was corrected before resuming work. The situation had credible potential for serious injury and was escalated immediately.,A Gas test missing was identified during Emergency valve servicing at Gas processing unit. Critical control failure was corrected before resuming work. The situation had credible potential for serious injury and was escalated immediately.,Gas processing unit,Emergency valve servicing,Gas test missing,Confined Space,High,1,Permit-to-work controls
NM_0157,Near Miss,"Inspection revealed Lift plan, tag lines, and barricaded drop zone were not available during Electrical maintenance at Wellsite. The area was corrected immediately. No work stoppage was required as the risk was minimal.","Inspection revealed Lift plan, tag lines, and barricaded drop zone were not available during Electrical maintenance at Wellsite. The area was corrected immediately. No work stoppage was required as the risk was minimal.",Wellsite,Electrical maintenance,"Lift plan, tag lines, and barricaded drop zone were not available",Energy Isolation,Low,0,Permit-to-work controls
NM_0751,Near Miss,"Near-miss observation: while performing Pipeline inspection at Maintenance yard, the team found that Permit missing. Actual exposure to hazardous conditions occurred. Multiple critical barriers were ineffective, creating imminent serious-injury or fatality potential.","Near-miss observation: while performing Pipeline inspection at Maintenance yard, the team found that Permit missing. Actual exposure to hazardous conditions occurred. Multiple critical barriers were ineffective, creating imminent serious-injury or fatality potential.",Maintenance yard,Pipeline inspection,Permit missing,Work Authorization,Critical,1,Energy isolation controls
NM_0265,Near Miss,"During routine checks at Storage depot, Trip interlock was found bypassed during a production upset was observed during Reversing vehicle operations. Work was stopped temporarily and resumed after verification. The task was paused, the control was restored, and the supervisor verified readiness before work resumed.","During routine checks at Storage depot, Trip interlock was found bypassed during a production upset was observed during Reversing vehicle operations. Work was stopped temporarily and resumed after verification. The task was paused, the control was restored, and the supervisor verified readiness before work resumed.",Storage depot,Reversing vehicle operations,Trip interlock was found bypassed during a production upset,Driving,Medium,0,Energy isolation controls
NM_0045,Near Miss,"Near-miss observation: while performing Valve maintenance at Field office area, the team found that Fall arrest missing. Corrective action was taken on the spot. The team recorded the observation and completed immediate housekeeping correction.","Near-miss observation: while performing Valve maintenance at Field office area, the team found that Fall arrest missing. Corrective action was taken on the spot. The team recorded the observation and completed immediate housekeeping correction.",Field office area,Valve maintenance,Fall arrest missing,Working at Height,Low,0,Chemical exposure incident
NM_0649,Near Miss,"Shift crew reported that during Process unit startup/shutdown in Field office area, Damaged pallet and unstable load were being raised without a spotter. Multiple workers were at risk of serious injury or fatality. Personnel were moved to a safe location and the event was treated as a high-potential near miss.","Shift crew reported that during Process unit startup/shutdown in Field office area, Damaged pallet and unstable load were being raised without a spotter. Multiple workers were at risk of serious injury or fatality. Personnel were moved to a safe location and the event was treated as a high-potential near miss.",Field office area,Process unit startup/shutdown,Damaged pallet and unstable load were being raised without a spotter,Working at Height,Critical,1,Energy isolation controls
NM_0478,Near Miss,"Shift crew reported that during Pressure vessel testing in Storage tank, Excavation edge was not barricaded and underground utility mark-out was incomplete. Critical control failure was corrected before resuming work. The situation had credible potential for serious injury and was escalated immediately.","Shift crew reported that during Pressure vessel testing in Storage tank, Excavation edge was not barricaded and underground utility mark-out was incomplete. Critical control failure was corrected before resuming work. The situation had credible potential for serious injury and was escalated immediately.",Storage tank,Pressure vessel testing,Excavation edge was not barricaded and underground utility mark-out was incomplete,Confined Space,High,1,Scaffold controls
NM_0139,Near Miss,"During routine checks at Truck loading bay, Scaffold was altered without inspection tag and toe boards were missing was observed during Scaffolding work. Corrective action was taken on the spot. The team recorded the observation and completed immediate housekeeping correction.","During routine checks at Truck loading bay, Scaffold was altered without inspection tag and toe boards were missing was observed during Scaffolding work. Corrective action was taken on the spot. The team recorded the observation and completed immediate housekeeping correction.",Truck loading bay,Scaffolding work,Scaffold was altered without inspection tag and toe boards were missing,Working at Height,Low,0,Vehicle-movement controls
NM_0369,Near Miss,"Before/during Pipe spool welding at Compressor station, Trip interlock was found bypassed during a production upset. The supervisor reviewed and approved continuation after correction. The task was paused, the control was restored, and the supervisor verified readiness before work resumed.","Before/during Pipe spool welding at Compressor station, Trip interlock was found bypassed during a production upset. The supervisor reviewed and approved continuation after correction. The task was paused, the control was restored, and the supervisor verified readiness before work resumed.",Compressor station,Pipe spool welding,Trip interlock was found bypassed during a production upset,Hot Work,Medium,0,Process fire precursor
NM_0153,Near Miss,"Near-miss observation: while performing Vehicle movement at LPG bottling plant, the team found that Isolation not verified. Work was paused briefly and the issue was resolved. The observation was logged and addressed during the same shift.","Near-miss observation: while performing Vehicle movement at LPG bottling plant, the team found that Isolation not verified. Work was paused briefly and the issue was resolved. The observation was logged and addressed during the same shift.",LPG bottling plant,Vehicle movement,Isolation not verified,Energy Isolation,Low,0,Scaffold controls
NM_0735,Near Miss,"During Lifting and rigging at Tank farm, Gas testing was overdue and no dedicated fire watch was assigned. Multiple workers were at risk of serious injury or fatality. All personnel were evacuated and the area was secured pending full investigation.","During Lifting and rigging at Tank farm, Gas testing was overdue and no dedicated fire watch was assigned. Multiple workers were at risk of serious injury or fatality. All personnel were evacuated and the area was secured pending full investigation.",Tank farm,Lifting and rigging,Gas testing was overdue and no dedicated fire watch was assigned,Confined Space,Critical,1,Vehicle collision precursor
NM_0368,Near Miss,"During Valve maintenance at LPG bottling plant, Open edge protection and full-body harness anchorage were unavailable. Work was paused until the issue was addressed. The supervisor reviewed the situation and approved continuation after correction.","During Valve maintenance at LPG bottling plant, Open edge protection and full-body harness anchorage were unavailable. Work was paused until the issue was addressed. The supervisor reviewed the situation and approved continuation after correction.",LPG bottling plant,Valve maintenance,Open edge protection and full-body harness anchorage were unavailable,Working at Height,Medium,0,Safety-control bypass
NM_0044,Near Miss,"A Gas testing was overdue and no dedicated fire watch was assigned was identified during Well intervention at Refinery unit. Work was paused briefly and the issue was resolved. The condition was corrected during the routine inspection, with no exposure to hazardous energy.","A Gas testing was overdue and no dedicated fire watch was assigned was identified during Well intervention at Refinery unit. Work was paused briefly and the issue was resolved. The condition was corrected during the routine inspection, with no exposure to hazardous energy.",Refinery unit,Well intervention,Gas testing was overdue and no dedicated fire watch was assigned,Confined Space,Low,0,Confined-space entry controls
NM_0419,Near Miss,"During routine checks at Refinery unit, Guard missing was observed during Well intervention. The activity was stopped as it could have resulted in serious harm. Personnel were close to hazardous energy exposure, so the area was secured pending investigation.","During routine checks at Refinery unit, Guard missing was observed during Well intervention. The activity was stopped as it could have resulted in serious harm. Personnel were close to hazardous energy exposure, so the area was secured pending investigation.",Refinery unit,Well intervention,Guard missing,Driving,High,1,Work-at-height controls
NM_0374,Near Miss,A Scaffold was altered without inspection tag and toe boards were missing was identified during Hydrostatic pressure test at Compressor station. The supervisor reviewed and approved continuation after correction. Work was temporarily halted pending verification of the control measure.,A Scaffold was altered without inspection tag and toe boards were missing was identified during Hydrostatic pressure test at Compressor station. The supervisor reviewed and approved continuation after correction. Work was temporarily halted pending verification of the control measure.,Compressor station,Hydrostatic pressure test,Scaffold was altered without inspection tag and toe boards were missing,Safe Mechanical Lifting,Medium,0,Pressure-testing controls
NM_0542,Near Miss,"During routine checks at Maintenance yard, Line was not depressurised and workers were positioned in the potential release path was observed during Scaffolding work. Critical control failure was corrected before resuming work. The situation had credible potential for serious injury and was escalated immediately.","During routine checks at Maintenance yard, Line was not depressurised and workers were positioned in the potential release path was observed during Scaffolding work. Critical control failure was corrected before resuming work. The situation had credible potential for serious injury and was escalated immediately.",Maintenance yard,Scaffolding work,Line was not depressurised and workers were positioned in the potential release path,Working at Height,High,1,Process fire precursor
NM_0339,Near Miss,"Shift crew reported that during Internal tank inspection in Wellsite, Fall arrest missing. Work was paused until the issue was addressed. The crew escalated the issue through the shift safety meeting and closed it before continuation.","Shift crew reported that during Internal tank inspection in Wellsite, Fall arrest missing. Work was paused until the issue was addressed. The crew escalated the issue through the shift safety meeting and closed it before continuation.",Wellsite,Internal tank inspection,Fall arrest missing,Confined Space,Medium,0,Hot-work controls
NM_0742,Near Miss,"Before/during Drilling operations at Field office area, Pneumatic energy isolation was not locked and residual pressure remained in the line. All personnel were evacuated. All personnel were evacuated and the area was secured pending full investigation.","Before/during Drilling operations at Field office area, Pneumatic energy isolation was not locked and residual pressure remained in the line. All personnel were evacuated. All personnel were evacuated and the area was secured pending full investigation.",Field office area,Drilling operations,Pneumatic energy isolation was not locked and residual pressure remained in the line,Energy Isolation,Critical,1,Slip/trip/fall incident
NM_0119,Near Miss,"Shift crew reported that during Process unit startup/shutdown in Truck loading bay, Warning sign missing. The team corrected it without delay. The issue was minor and was rectified before it affected the task.","Shift crew reported that during Process unit startup/shutdown in Truck loading bay, Warning sign missing. The team corrected it without delay. The issue was minor and was rectified before it affected the task.",Truck loading bay,Process unit startup/shutdown,Warning sign missing,Hot Work,Low,0,Emergency-access controls
NM_0544,Near Miss,"Before/during Breaking a pressurised flange at Pipeline ROW, Reversing was attempted without a banksman and pedestrian segregation. Work was stopped due to potential serious injury risk. The situation had credible potential for serious injury and was escalated immediately.","Before/during Breaking a pressurised flange at Pipeline ROW, Reversing was attempted without a banksman and pedestrian segregation. Work was stopped due to potential serious injury risk. The situation had credible potential for serious injury and was escalated immediately.",Pipeline ROW,Breaking a pressurised flange,Reversing was attempted without a banksman and pedestrian segregation,Driving,High,1,Mechanical-lifting controls
NM_0508,Near Miss,"Inspection revealed Test manifold lacked verified restraint and pressure-release exclusion controls during Sampling and testing at LPG bottling plant. Critical control failure was corrected before resuming work. Personnel were close to hazardous energy exposure, so the area was secured pending investigation.","Inspection revealed Test manifold lacked verified restraint and pressure-release exclusion controls during Sampling and testing at LPG bottling plant. Critical control failure was corrected before resuming work. Personnel were close to hazardous energy exposure, so the area was secured pending investigation.",LPG bottling plant,Sampling and testing,Test manifold lacked verified restraint and pressure-release exclusion controls,None/Not Applicable,High,1,Pinch-point controls
NM_0519,Near Miss,"During routine checks at Pipeline ROW, Tool inspection missing was observed during Well intervention. Work was stopped due to potential serious injury risk. Work was halted due to high-risk exposure and corrective measures were implemented.","During routine checks at Pipeline ROW, Tool inspection missing was observed during Well intervention. Work was stopped due to potential serious injury risk. Work was halted due to high-risk exposure and corrective measures were implemented.",Pipeline ROW,Well intervention,Tool inspection missing,Driving,High,1,Confined-space entry controls
NM_0326,Near Miss,"Near-miss observation: while performing Compressor troubleshooting at Offshore platform, the team found that Reversing was attempted without a banksman and pedestrian segregation. Work was stopped temporarily and resumed after verification. The crew escalated the issue through the shift safety meeting and closed it before continuation.","Near-miss observation: while performing Compressor troubleshooting at Offshore platform, the team found that Reversing was attempted without a banksman and pedestrian segregation. Work was stopped temporarily and resumed after verification. The crew escalated the issue through the shift safety meeting and closed it before continuation.",Offshore platform,Compressor troubleshooting,Reversing was attempted without a banksman and pedestrian segregation,Driving,Medium,0,Electrical shock precursor
NM_0598,Near Miss,Inspection revealed Permit missing during Chemical sampling at Compressor station. Critical control failure was corrected before resuming work. The failed critical control created credible potential for serious injury; the task was stopped and reported to HSE.,Inspection revealed Permit missing during Chemical sampling at Compressor station. Critical control failure was corrected before resuming work. The failed critical control created credible potential for serious injury; the task was stopped and reported to HSE.,Compressor station,Chemical sampling,Permit missing,Work Authorization,High,1,Lifting/crane incident
NM_0527,Near Miss,"Before/during Pipeline inspection at Drilling rig, Emergency access route was partly obstructed by temporary materials. Work was stopped due to potential serious injury risk. Work was halted due to high-risk exposure and corrective measures were implemented.","Before/during Pipeline inspection at Drilling rig, Emergency access route was partly obstructed by temporary materials. Work was stopped due to potential serious injury risk. Work was halted due to high-risk exposure and corrective measures were implemented.",Drilling rig,Pipeline inspection,Emergency access route was partly obstructed by temporary materials,None/Not Applicable,High,1,Journey-management controls
NM_0647,Near Miss,"Before/during Drilling operations at Truck loading bay, Fall arrest missing. All personnel were evacuated. Personnel were moved to a safe location and the event was treated as a high-potential near miss.","Before/during Drilling operations at Truck loading bay, Fall arrest missing. All personnel were evacuated. Personnel were moved to a safe location and the event was treated as a high-potential near miss.",Truck loading bay,Drilling operations,Fall arrest missing,Working at Height,Critical,1,Hot work incident
NM_0745,Near Miss,"During Reversing vehicle operations at Truck loading bay, Fire watch missing. Work was stopped urgently and emergency response was initiated. All personnel were evacuated and the area was secured pending full investigation.","During Reversing vehicle operations at Truck loading bay, Fire watch missing. Work was stopped urgently and emergency response was initiated. All personnel were evacuated and the area was secured pending full investigation.",Truck loading bay,Reversing vehicle operations,Fire watch missing,Hot Work,Critical,1,Hydrostatic testing incident
NM_0108,Near Miss,"Near-miss observation: while performing Forklift pallet handling at Storage depot, the team found that Scaffold was altered without inspection tag and toe boards were missing. Work was paused briefly and the issue was resolved. The observation was logged and addressed during the same shift.","Near-miss observation: while performing Forklift pallet handling at Storage depot, the team found that Scaffold was altered without inspection tag and toe boards were missing. Work was paused briefly and the issue was resolved. The observation was logged and addressed during the same shift.",Storage depot,Forklift pallet handling,Scaffold was altered without inspection tag and toe boards were missing,Safe Mechanical Lifting,Low,0,Dropped object incident
NM_0413,Near Miss,"Before/during Loading/unloading operations at Truck loading bay, Isolation not verified. Critical control failure was corrected before resuming work. A supervisor issued a stop-work intervention and required a formal control verification.","Before/during Loading/unloading operations at Truck loading bay, Isolation not verified. Critical control failure was corrected before resuming work. A supervisor issued a stop-work intervention and required a formal control verification.",Truck loading bay,Loading/unloading operations,Isolation not verified,Energy Isolation,High,1,Dropped object incident
NM_0065,Near Miss,"Before/during Loading/unloading operations at Maintenance yard, Procedure not followed. The team corrected it without delay. The issue was minor and was rectified before it affected the task.","Before/during Loading/unloading operations at Maintenance yard, Procedure not followed. The team corrected it without delay. The issue was minor and was rectified before it affected the task.",Maintenance yard,Loading/unloading operations,Procedure not followed,Work Authorization,Low,0,Furnace explosion precursor
NM_0353,Near Miss,"Shift crew reported that during Lifting valve actuator in Drilling rig, Simultaneous operations were not recorded in the permit briefing. Work was stopped temporarily and resumed after verification. The supervisor reviewed the situation and approved continuation after correction.","Shift crew reported that during Lifting valve actuator in Drilling rig, Simultaneous operations were not recorded in the permit briefing. Work was stopped temporarily and resumed after verification. The supervisor reviewed the situation and approved continuation after correction.",Drilling rig,Lifting valve actuator,Simultaneous operations were not recorded in the permit briefing,Safe Mechanical Lifting,Medium,0,Wellsite fatality precursor
NM_0214,Near Miss,"Near-miss observation: while performing Equipment maintenance at Gas processing unit, the team found that Tool inspection missing. The job proceeded only after corrective measures. Work was temporarily halted pending verification of the control measure.","Near-miss observation: while performing Equipment maintenance at Gas processing unit, the team found that Tool inspection missing. The job proceeded only after corrective measures. Work was temporarily halted pending verification of the control measure.",Gas processing unit,Equipment maintenance,Tool inspection missing,Safe Mechanical Lifting,Medium,0,Excavation controls
NM_0675,Near Miss,"Near-miss observation: while performing Pipe spool welding at Process plant, the team found that Permit missing. The situation had imminent potential for fatality and was escalated immediately. All personnel were evacuated and the area was secured pending full investigation.","Near-miss observation: while performing Pipe spool welding at Process plant, the team found that Permit missing. The situation had imminent potential for fatality and was escalated immediately. All personnel were evacuated and the area was secured pending full investigation.",Process plant,Pipe spool welding,Permit missing,Hot Work,Critical,1,SIMOPS controls
NM_0048,Near Miss,A Gas testing was overdue and no dedicated fire watch was assigned was identified during Housekeeping inspection at Field office area. Corrective action was taken on the spot. No work stoppage was required as the risk was minimal.,A Gas testing was overdue and no dedicated fire watch was assigned was identified during Housekeeping inspection at Field office area. Corrective action was taken on the spot. No work stoppage was required as the risk was minimal.,Field office area,Housekeeping inspection,Gas testing was overdue and no dedicated fire watch was assigned,Confined Space,Low,0,Hot-work controls
NM_0351,Near Miss,A Lockout-tagout missing was identified during Pressure vessel testing at Maintenance yard. The activity was delayed pending correction. The supervisor reviewed the situation and approved continuation after correction.,A Lockout-tagout missing was identified during Pressure vessel testing at Maintenance yard. The activity was delayed pending correction. The supervisor reviewed the situation and approved continuation after correction.,Maintenance yard,Pressure vessel testing,Lockout-tagout missing,Confined Space,Medium,0,Energy isolation controls
NM_0689,Near Miss,"Near-miss observation: while performing Chemical sampling at Storage depot, the team found that Electrical supply and process pressure isolation were not independently verified. Work was stopped urgently and emergency response was initiated. Personnel were moved to a safe location and the event was treated as a high-potential near miss.","Near-miss observation: while performing Chemical sampling at Storage depot, the team found that Electrical supply and process pressure isolation were not independently verified. Work was stopped urgently and emergency response was initiated. Personnel were moved to a safe location and the event was treated as a high-potential near miss.",Storage depot,Chemical sampling,Electrical supply and process pressure isolation were not independently verified,None/Not Applicable,Critical,1,Chemical exposure incident
NM_0218,Near Miss,"Shift crew reported that during Valve maintenance in Truck loading bay, Warning sign missing. The job proceeded only after corrective measures. The crew escalated the issue through the shift safety meeting and closed it before continuation.","Shift crew reported that during Valve maintenance in Truck loading bay, Warning sign missing. The job proceeded only after corrective measures. The crew escalated the issue through the shift safety meeting and closed it before continuation.",Truck loading bay,Valve maintenance,Warning sign missing,Energy Isolation,Medium,0,Energy isolation incident
NM_0630,Near Miss,"Near-miss observation: while performing LPG bottling operations at LPG bottling plant, the team found that Training inadequate. The situation had imminent potential for fatality and was escalated immediately. Multiple critical barriers were ineffective, creating imminent serious-injury or fatality potential.","Near-miss observation: while performing LPG bottling operations at LPG bottling plant, the team found that Training inadequate. The situation had imminent potential for fatality and was escalated immediately. Multiple critical barriers were ineffective, creating imminent serious-injury or fatality potential.",LPG bottling plant,LPG bottling operations,Training inadequate,Hot Work,Critical,1,Scaffold controls
NM_0380,Near Miss,"Before/during Loading/unloading operations at Gas processing unit, Excavation edge was not barricaded and underground utility mark-out was incomplete. Work was paused until the issue was addressed. Work was temporarily halted pending verification of the control measure.","Before/during Loading/unloading operations at Gas processing unit, Excavation edge was not barricaded and underground utility mark-out was incomplete. Work was paused until the issue was addressed. Work was temporarily halted pending verification of the control measure.",Gas processing unit,Loading/unloading operations,Excavation edge was not barricaded and underground utility mark-out was incomplete,Working at Height,Medium,0,Chemical exposure incident
NM_0588,Near Miss,A Open edge protection and full-body harness anchorage were unavailable was identified during Well intervention at LPG bottling plant. The job was halted due to high-risk exposure. The failed critical control created credible potential for serious injury; the task was stopped and reported to HSE.,A Open edge protection and full-body harness anchorage were unavailable was identified during Well intervention at LPG bottling plant. The job was halted due to high-risk exposure. The failed critical control created credible potential for serious injury; the task was stopped and reported to HSE.,LPG bottling plant,Well intervention,Open edge protection and full-body harness anchorage were unavailable,Working at Height,High,1,Permit-to-work controls
NM_0392,Near Miss,"Near-miss observation: while performing Sampling and testing at Process plant, the team found that Procedure not followed. The activity was delayed pending correction. The crew escalated the issue through the shift safety meeting and closed it before continuation.","Near-miss observation: while performing Sampling and testing at Process plant, the team found that Procedure not followed. The activity was delayed pending correction. The crew escalated the issue through the shift safety meeting and closed it before continuation.",Process plant,Sampling and testing,Procedure not followed,Work Authorization,Medium,0,SIMOPS controls
NM_0450,Near Miss,"During Hydrostatic pressure test at Tank farm, Work scope had changed but the permit and job safety analysis were not revalidated. Work was stopped due to potential serious injury risk. The failed critical control created credible potential for serious injury; the task was stopped and reported to HSE.","During Hydrostatic pressure test at Tank farm, Work scope had changed but the permit and job safety analysis were not revalidated. Work was stopped due to potential serious injury risk. The failed critical control created credible potential for serious injury; the task was stopped and reported to HSE.",Tank farm,Hydrostatic pressure test,Work scope had changed but the permit and job safety analysis were not revalidated,Hot Work,High,1,Finger injury during handling
NM_0759,Near Miss,Inspection revealed Gas testing was overdue and no dedicated fire watch was assigned during Forklift pallet handling at Wellsite. All personnel were evacuated. The situation had imminent potential for fatality and was escalated immediately.,Inspection revealed Gas testing was overdue and no dedicated fire watch was assigned during Forklift pallet handling at Wellsite. All personnel were evacuated. The situation had imminent potential for fatality and was escalated immediately.,Wellsite,Forklift pallet handling,Gas testing was overdue and no dedicated fire watch was assigned,Confined Space,Critical,1,Chemical exposure incident
NM_0727,Near Miss,"Before/during Pump maintenance at Refinery unit, Tool inspection missing. Multiple workers were at risk of serious injury or fatality. Personnel were moved to a safe location and the event was treated as a high-potential near miss.","Before/during Pump maintenance at Refinery unit, Tool inspection missing. Multiple workers were at risk of serious injury or fatality. Personnel were moved to a safe location and the event was treated as a high-potential near miss.",Refinery unit,Pump maintenance,Tool inspection missing,Working at Height,Critical,1,Finger injury during handling
NM_0670,Near Miss,A Emergency response delayed was identified during Vehicle movement at Storage depot. Work was stopped urgently and emergency response was initiated. All personnel were evacuated and the area was secured pending full investigation.,A Emergency response delayed was identified during Vehicle movement at Storage depot. Work was stopped urgently and emergency response was initiated. All personnel were evacuated and the area was secured pending full investigation.,Storage depot,Vehicle movement,Emergency response delayed,Driving,Critical,1,Work-at-height controls
NM_0358,Near Miss,"Shift crew reported that during Crude transfer vehicle movement in Process plant, Scaffold was altered without inspection tag and toe boards were missing. Work was stopped temporarily and resumed after verification. No one was exposed, but the observation required a documented corrective action.","Shift crew reported that during Crude transfer vehicle movement in Process plant, Scaffold was altered without inspection tag and toe boards were missing. Work was stopped temporarily and resumed after verification. No one was exposed, but the observation required a documented corrective action.",Process plant,Crude transfer vehicle movement,Scaffold was altered without inspection tag and toe boards were missing,Confined Space,Medium,0,Hot-work controls
NM_0146,Near Miss,"During routine checks at Compressor station, Excavation edge was not barricaded and underground utility mark-out was incomplete was observed during Pipe spool welding. No work stoppage was required. The condition was corrected during the routine inspection, with no exposure to hazardous energy.","During routine checks at Compressor station, Excavation edge was not barricaded and underground utility mark-out was incomplete was observed during Pipe spool welding. No work stoppage was required. The condition was corrected during the routine inspection, with no exposure to hazardous energy.",Compressor station,Pipe spool welding,Excavation edge was not barricaded and underground utility mark-out was incomplete,Hot Work,Low,0,Confined space entry incident
NM_0303,Near Miss,A Procedure not followed was identified during Breaking a pressurised flange at Gas processing unit. The activity was delayed pending correction. Work was temporarily halted pending verification of the control measure.,A Procedure not followed was identified during Breaking a pressurised flange at Gas processing unit. The activity was delayed pending correction. Work was temporarily halted pending verification of the control measure.,Gas processing unit,Breaking a pressurised flange,Procedure not followed,Work Authorization,Medium,0,Confined-space entry controls
NM_0637,Near Miss,"Near-miss observation: while performing Loading/unloading operations at Process plant, the team found that Emergency response delayed. Work was stopped urgently and emergency response was initiated. Multiple critical barriers were ineffective, creating imminent serious-injury or fatality potential.","Near-miss observation: while performing Loading/unloading operations at Process plant, the team found that Emergency response delayed. Work was stopped urgently and emergency response was initiated. Multiple critical barriers were ineffective, creating imminent serious-injury or fatality potential.",Process plant,Loading/unloading operations,Emergency response delayed,Confined Space,Critical,1,Safety-control bypass
NM_0239,Near Miss,"Near-miss observation: while performing Scaffolding work at Storage depot, the team found that Reversing was attempted without a banksman and pedestrian segregation. The supervisor reviewed and approved continuation after correction. Work was temporarily halted pending verification of the control measure.","Near-miss observation: while performing Scaffolding work at Storage depot, the team found that Reversing was attempted without a banksman and pedestrian segregation. The supervisor reviewed and approved continuation after correction. Work was temporarily halted pending verification of the control measure.",Storage depot,Scaffolding work,Reversing was attempted without a banksman and pedestrian segregation,Working at Height,Medium,0,Excavation/pipeline incident
NM_0786,Near Miss,"A Electrical supply and process pressure isolation were not independently verified was identified during Pump maintenance at Storage depot. Actual exposure to hazardous conditions occurred. Multiple critical barriers were ineffective, creating imminent serious-injury or fatality potential.","A Electrical supply and process pressure isolation were not independently verified was identified during Pump maintenance at Storage depot. Actual exposure to hazardous conditions occurred. Multiple critical barriers were ineffective, creating imminent serious-injury or fatality potential.",Storage depot,Pump maintenance,Electrical supply and process pressure isolation were not independently verified,Driving,Critical,1,Journey-management controls
NM_0484,Near Miss,A Fall arrest missing was identified during Instrument calibration at Maintenance yard. The job was halted due to high-risk exposure. The failed critical control created credible potential for serious injury; the task was stopped and reported to HSE.,A Fall arrest missing was identified during Instrument calibration at Maintenance yard. The job was halted due to high-risk exposure. The failed critical control created credible potential for serious injury; the task was stopped and reported to HSE.,Maintenance yard,Instrument calibration,Fall arrest missing,Working at Height,High,1,SIMOPS controls
NM_0739,Near Miss,"A Excavation edge was not barricaded and underground utility mark-out was incomplete was identified during Crude transfer vehicle movement at Compressor station. Actual exposure to hazardous conditions occurred. The condition presented immediate potentially fatal exposure; operations were stopped, the area was isolated, and emergency escalation began.","A Excavation edge was not barricaded and underground utility mark-out was incomplete was identified during Crude transfer vehicle movement at Compressor station. Actual exposure to hazardous conditions occurred. The condition presented immediate potentially fatal exposure; operations were stopped, the area was isolated, and emergency escalation began.",Compressor station,Crude transfer vehicle movement,Excavation edge was not barricaded and underground utility mark-out was incomplete,Working at Height,Critical,1,Safety-control bypass
NM_0093,Near Miss,"During Sampling and testing at Drilling rig, Guard missing. Corrective action was taken on the spot. The team recorded the observation and completed immediate housekeeping correction.","During Sampling and testing at Drilling rig, Guard missing. Corrective action was taken on the spot. The team recorded the observation and completed immediate housekeeping correction.",Drilling rig,Sampling and testing,Guard missing,None/Not Applicable,Low,0,Hot work incident
NM_0531,Near Miss,"Near-miss observation: while performing Manual handling of tubulars at Field office area, the team found that Lift plan missing. The job was halted due to high-risk exposure. A supervisor issued a stop-work intervention and required a formal control verification.","Near-miss observation: while performing Manual handling of tubulars at Field office area, the team found that Lift plan missing. The job was halted due to high-risk exposure. A supervisor issued a stop-work intervention and required a formal control verification.",Field office area,Manual handling of tubulars,Lift plan missing,Safe Mechanical Lifting,High,1,LPG release incident
NM_0331,Near Miss,Inspection revealed Fall arrest missing during Confined space entry at LPG bottling plant. The job proceeded only after corrective measures. Work was temporarily halted pending verification of the control measure.,Inspection revealed Fall arrest missing during Confined space entry at LPG bottling plant. The job proceeded only after corrective measures. Work was temporarily halted pending verification of the control measure.,LPG bottling plant,Confined space entry,Fall arrest missing,Confined Space,Medium,0,Work-at-height controls
NM_0509,Near Miss,"During Loading/unloading operations at Pipeline ROW, Fall arrest missing. Work was stopped due to potential serious injury risk. Work was halted due to high-risk exposure and corrective measures were implemented.","During Loading/unloading operations at Pipeline ROW, Fall arrest missing. Work was stopped due to potential serious injury risk. Work was halted due to high-risk exposure and corrective measures were implemented.",Pipeline ROW,Loading/unloading operations,Fall arrest missing,Working at Height,High,1,Forklift handling controls
NM_0142,Near Miss,"During routine checks at Field office area, Open edge protection and full-body harness anchorage were unavailable was observed during Process unit startup/shutdown. The area was corrected immediately. The condition was corrected during the routine inspection, with no exposure to hazardous energy.","During routine checks at Field office area, Open edge protection and full-body harness anchorage were unavailable was observed during Process unit startup/shutdown. The area was corrected immediately. The condition was corrected during the routine inspection, with no exposure to hazardous energy.",Field office area,Process unit startup/shutdown,Open edge protection and full-body harness anchorage were unavailable,Working at Height,Low,0,Permit-to-work controls
NM_0536,Near Miss,"Shift crew reported that during Hydrostatic pressure test in Field office area, Trip interlock was found bypassed during a production upset. The situation had credible potential for serious injury. Work was halted due to high-risk exposure and corrective measures were implemented.","Shift crew reported that during Hydrostatic pressure test in Field office area, Trip interlock was found bypassed during a production upset. The situation had credible potential for serious injury. Work was halted due to high-risk exposure and corrective measures were implemented.",Field office area,Hydrostatic pressure test,Trip interlock was found bypassed during a production upset,Bypassing Safety Controls,High,1,Dropped object incident
NM_0325,Near Miss,"During routine checks at Offshore platform, Lift plan missing was observed during Hot work (welding/grinding). The job proceeded only after corrective measures. The task was paused, the control was restored, and the supervisor verified readiness before work resumed.","During routine checks at Offshore platform, Lift plan missing was observed during Hot work (welding/grinding). The job proceeded only after corrective measures. The task was paused, the control was restored, and the supervisor verified readiness before work resumed.",Offshore platform,Hot work (welding/grinding),Lift plan missing,Hot Work,Medium,0,Excavation controls
NM_0136,Near Miss,"Near-miss observation: while performing Hydrostatic pressure test at Truck loading bay, the team found that Hands were placed near pinch points and no designated signaler was present. Work was paused briefly and the issue was resolved. No work stoppage was required as the risk was minimal.","Near-miss observation: while performing Hydrostatic pressure test at Truck loading bay, the team found that Hands were placed near pinch points and no designated signaler was present. Work was paused briefly and the issue was resolved. No work stoppage was required as the risk was minimal.",Truck loading bay,Hydrostatic pressure test,Hands were placed near pinch points and no designated signaler was present,Line of Fire,Low,0,Lifting/crane incident
NM_0234,Near Miss,"Before/during Reversing vehicle operations at Drilling rig, Pneumatic energy isolation was not locked and residual pressure remained in the line. The job proceeded only after corrective measures. Work was temporarily halted pending verification of the control measure.","Before/during Reversing vehicle operations at Drilling rig, Pneumatic energy isolation was not locked and residual pressure remained in the line. The job proceeded only after corrective measures. Work was temporarily halted pending verification of the control measure.",Drilling rig,Reversing vehicle operations,Pneumatic energy isolation was not locked and residual pressure remained in the line,Energy Isolation,Medium,0,Lifting/crane incident
NM_0589,Near Miss,"During routine checks at Offshore platform, Fire watch missing was observed during Housekeeping inspection. The job was halted due to high-risk exposure. Work was halted due to high-risk exposure and corrective measures were implemented.","During routine checks at Offshore platform, Fire watch missing was observed during Housekeeping inspection. The job was halted due to high-risk exposure. Work was halted due to high-risk exposure and corrective measures were implemented.",Offshore platform,Housekeeping inspection,Fire watch missing,Hot Work,High,1,Line-of-fire controls
NM_0642,Near Miss,"Near-miss observation: while performing Electrical maintenance at Storage depot, the team found that Damaged pallet and unstable load were being raised without a spotter. Work was stopped urgently and emergency response was initiated. The situation had imminent potential for fatality and was escalated immediately.","Near-miss observation: while performing Electrical maintenance at Storage depot, the team found that Damaged pallet and unstable load were being raised without a spotter. Work was stopped urgently and emergency response was initiated. The situation had imminent potential for fatality and was escalated immediately.",Storage depot,Electrical maintenance,Damaged pallet and unstable load were being raised without a spotter,Energy Isolation,Critical,1,Hot-work controls
NM_0066,Near Miss,"Inspection revealed Scaffold was altered without inspection tag and toe boards were missing during Pipe spool welding at Maintenance yard. The team corrected it without delay. The condition was corrected during the routine inspection, with no exposure to hazardous energy.","Inspection revealed Scaffold was altered without inspection tag and toe boards were missing during Pipe spool welding at Maintenance yard. The team corrected it without delay. The condition was corrected during the routine inspection, with no exposure to hazardous energy.",Maintenance yard,Pipe spool welding,Scaffold was altered without inspection tag and toe boards were missing,Hot Work,Low,0,Vehicle collision precursor
NM_0659,Near Miss,"Shift crew reported that during Hydrostatic pressure test in Field office area, Lift plan, tag lines, and barricaded drop zone were not available. Actual exposure to hazardous conditions occurred. Personnel were moved to a safe location and the event was treated as a high-potential near miss.","Shift crew reported that during Hydrostatic pressure test in Field office area, Lift plan, tag lines, and barricaded drop zone were not available. Actual exposure to hazardous conditions occurred. Personnel were moved to a safe location and the event was treated as a high-potential near miss.",Field office area,Hydrostatic pressure test,"Lift plan, tag lines, and barricaded drop zone were not available",Safe Mechanical Lifting,Critical,1,Scaffold controls
NM_0656,Near Miss,"During routine checks at Gas processing unit, Procedure not followed was observed during Instrument calibration. Work was stopped urgently and emergency response was initiated. The situation had imminent potential for fatality and was escalated immediately.","During routine checks at Gas processing unit, Procedure not followed was observed during Instrument calibration. Work was stopped urgently and emergency response was initiated. The situation had imminent potential for fatality and was escalated immediately.",Gas processing unit,Instrument calibration,Procedure not followed,Work Authorization,Critical,1,Safety-control bypass
NM_0258,Near Miss,"Shift crew reported that during Emergency valve servicing in Compressor station, Open edge protection and full-body harness anchorage were unavailable. Work was paused until the issue was addressed. The task was paused, the control was restored, and the supervisor verified readiness before work resumed.","Shift crew reported that during Emergency valve servicing in Compressor station, Open edge protection and full-body harness anchorage were unavailable. Work was paused until the issue was addressed. The task was paused, the control was restored, and the supervisor verified readiness before work resumed.",Compressor station,Emergency valve servicing,Open edge protection and full-body harness anchorage were unavailable,Working at Height,Medium,0,Work-at-height controls
NM_0013,Near Miss,Inspection revealed Guard missing during Night driving to remote site at Truck loading bay. The team corrected it without delay. No work stoppage was required as the risk was minimal.,Inspection revealed Guard missing during Night driving to remote site at Truck loading bay. The team corrected it without delay. No work stoppage was required as the risk was minimal.,Truck loading bay,Night driving to remote site,Guard missing,Bypassing Safety Controls,Low,0,Chemical exposure incident
NM_0549,Near Miss,"During routine checks at Gas processing unit, PPE not used was observed during Confined space entry. The job was halted due to high-risk exposure. A supervisor issued a stop-work intervention and required a formal control verification.","During routine checks at Gas processing unit, PPE not used was observed during Confined space entry. The job was halted due to high-risk exposure. A supervisor issued a stop-work intervention and required a formal control verification.",Gas processing unit,Confined space entry,PPE not used,Confined Space,High,1,Line-of-fire controls
NM_0774,Near Miss,"During Forklift pallet handling at Refinery unit, PPE not used. Work was stopped urgently and emergency response was initiated. All personnel were evacuated and the area was secured pending full investigation.","During Forklift pallet handling at Refinery unit, PPE not used. Work was stopped urgently and emergency response was initiated. All personnel were evacuated and the area was secured pending full investigation.",Refinery unit,Forklift pallet handling,PPE not used,Safe Mechanical Lifting,Critical,1,Hydrostatic testing incident
NM_0390,Near Miss,"Before/during Hydrostatic pressure test at Drilling rig, Damaged pallet and unstable load were being raised without a spotter. Work was stopped temporarily and resumed after verification. No one was exposed, but the observation required a documented corrective action.","Before/during Hydrostatic pressure test at Drilling rig, Damaged pallet and unstable load were being raised without a spotter. Work was stopped temporarily and resumed after verification. No one was exposed, but the observation required a documented corrective action.",Drilling rig,Hydrostatic pressure test,Damaged pallet and unstable load were being raised without a spotter,Working at Height,Medium,0,Stored-energy controls
NM_0796,Near Miss,"During Pipeline inspection at Storage tank, Lift plan missing. Multiple workers were at risk of serious injury or fatality. The condition presented immediate potentially fatal exposure; operations were stopped, the area was isolated, and emergency escalation began.","During Pipeline inspection at Storage tank, Lift plan missing. Multiple workers were at risk of serious injury or fatality. The condition presented immediate potentially fatal exposure; operations were stopped, the area was isolated, and emergency escalation began.",Storage tank,Pipeline inspection,Lift plan missing,Safe Mechanical Lifting,Critical,1,Emergency-access controls
NM_0292,Near Miss,"During Tank farm operations at Storage depot, Electrical supply and process pressure isolation were not independently verified. The supervisor reviewed and approved continuation after correction. The crew escalated the issue through the shift safety meeting and closed it before continuation.","During Tank farm operations at Storage depot, Electrical supply and process pressure isolation were not independently verified. The supervisor reviewed and approved continuation after correction. The crew escalated the issue through the shift safety meeting and closed it before continuation.",Storage depot,Tank farm operations,Electrical supply and process pressure isolation were not independently verified,Confined Space,Medium,0,Journey-management controls
NM_0615,Near Miss,"During Chemical sampling at LPG bottling plant, Spill containment missing. All personnel were evacuated. Multiple critical barriers were ineffective, creating imminent serious-injury or fatality potential.","During Chemical sampling at LPG bottling plant, Spill containment missing. All personnel were evacuated. Multiple critical barriers were ineffective, creating imminent serious-injury or fatality potential.",LPG bottling plant,Chemical sampling,Spill containment missing,None/Not Applicable,Critical,1,Electrical shock precursor
NM_0208,Near Miss,"Near-miss observation: while performing Well intervention at Gas processing unit, the team found that PPE not used. Work was paused until the issue was addressed. Work was temporarily halted pending verification of the control measure.","Near-miss observation: while performing Well intervention at Gas processing unit, the team found that PPE not used. Work was paused until the issue was addressed. Work was temporarily halted pending verification of the control measure.",Gas processing unit,Well intervention,PPE not used,Energy Isolation,Medium,0,Hydrostatic testing incident
NM_0030,Near Miss,A Procedure not followed was identified during Pressure vessel testing at Process plant. Work was paused briefly and the issue was resolved. The observation was logged and addressed during the same shift.,A Procedure not followed was identified during Pressure vessel testing at Process plant. Work was paused briefly and the issue was resolved. The observation was logged and addressed during the same shift.,Process plant,Pressure vessel testing,Procedure not followed,Confined Space,Low,0,Hot work incident
NM_0444,Near Miss,"Inspection revealed No pre-entry gas test, attendant, rescue arrangement, or signed entry permit during Vehicle movement at Drilling rig. Critical control failure was corrected before resuming work. The failed critical control created credible potential for serious injury; the task was stopped and reported to HSE.","Inspection revealed No pre-entry gas test, attendant, rescue arrangement, or signed entry permit during Vehicle movement at Drilling rig. Critical control failure was corrected before resuming work. The failed critical control created credible potential for serious injury; the task was stopped and reported to HSE.",Drilling rig,Vehicle movement,"No pre-entry gas test, attendant, rescue arrangement, or signed entry permit",Confined Space,High,1,Energy isolation incident
NM_0440,Near Miss,"Inspection revealed Pneumatic energy isolation was not locked and residual pressure remained in the line during Scaffolding work at Storage tank. The situation had credible potential for serious injury. Personnel were close to hazardous energy exposure, so the area was secured pending investigation.","Inspection revealed Pneumatic energy isolation was not locked and residual pressure remained in the line during Scaffolding work at Storage tank. The situation had credible potential for serious injury. Personnel were close to hazardous energy exposure, so the area was secured pending investigation.",Storage tank,Scaffolding work,Pneumatic energy isolation was not locked and residual pressure remained in the line,Energy Isolation,High,1,Confined space entry incident
NM_0180,Near Miss,"Before/during Confined space entry at LPG bottling plant, Drain cover was open and combustible vapour testing was not documented. No work stoppage was required. No work stoppage was required as the risk was minimal.","Before/during Confined space entry at LPG bottling plant, Drain cover was open and combustible vapour testing was not documented. No work stoppage was required. No work stoppage was required as the risk was minimal.",LPG bottling plant,Confined space entry,Drain cover was open and combustible vapour testing was not documented,Confined Space,Low,0,Electrical shock precursor
NM_0473,Near Miss,"Before/during Housekeeping inspection at Process plant, Trip interlock was found bypassed during a production upset. The situation had credible potential for serious injury. The failed critical control created credible potential for serious injury; the task was stopped and reported to HSE.","Before/during Housekeeping inspection at Process plant, Trip interlock was found bypassed during a production upset. The situation had credible potential for serious injury. The failed critical control created credible potential for serious injury; the task was stopped and reported to HSE.",Process plant,Housekeeping inspection,Trip interlock was found bypassed during a production upset,Bypassing Safety Controls,High,1,Emergency-access controls
NM_0267,Near Miss,"During Forklift pallet handling at Process plant, Supervision absent. The job proceeded only after corrective measures. Work was temporarily halted pending verification of the control measure.","During Forklift pallet handling at Process plant, Supervision absent. The job proceeded only after corrective measures. Work was temporarily halted pending verification of the control measure.",Process plant,Forklift pallet handling,Supervision absent,Safe Mechanical Lifting,Medium,0,LPG release incident
NM_0654,Near Miss,A Isolation not verified was identified during Lifting valve actuator at Drilling rig. Actual exposure to hazardous conditions occurred. The situation had imminent potential for fatality and was escalated immediately.,A Isolation not verified was identified during Lifting valve actuator at Drilling rig. Actual exposure to hazardous conditions occurred. The situation had imminent potential for fatality and was escalated immediately.,Drilling rig,Lifting valve actuator,Isolation not verified,Energy Isolation,Critical,1,Excavation controls
NM_0259,Near Miss,"Near-miss observation: while performing Instrument calibration at Pump station, the team found that Fire watch missing. Work was paused until the issue was addressed. The task was paused, the control was restored, and the supervisor verified readiness before work resumed.","Near-miss observation: while performing Instrument calibration at Pump station, the team found that Fire watch missing. Work was paused until the issue was addressed. The task was paused, the control was restored, and the supervisor verified readiness before work resumed.",Pump station,Instrument calibration,Fire watch missing,Hot Work,Medium,0,Maintenance fabrication fire
NM_0402,Near Miss,"During Pump seal replacement at Truck loading bay, Isolation not verified. Critical control failure was corrected before resuming work. Work was halted due to high-risk exposure and corrective measures were implemented.","During Pump seal replacement at Truck loading bay, Isolation not verified. Critical control failure was corrected before resuming work. Work was halted due to high-risk exposure and corrective measures were implemented.",Truck loading bay,Pump seal replacement,Isolation not verified,Energy Isolation,High,1,Vehicle collision precursor
NM_0777,Near Miss,"During Forklift pallet handling at Gas processing unit, Lift plan, tag lines, and barricaded drop zone were not available. Multiple workers were at risk of serious injury or fatality. Multiple critical barriers were ineffective, creating imminent serious-injury or fatality potential.","During Forklift pallet handling at Gas processing unit, Lift plan, tag lines, and barricaded drop zone were not available. Multiple workers were at risk of serious injury or fatality. Multiple critical barriers were ineffective, creating imminent serious-injury or fatality potential.",Gas processing unit,Forklift pallet handling,"Lift plan, tag lines, and barricaded drop zone were not available",Safe Mechanical Lifting,Critical,1,Wellsite fatality precursor
NM_0106,Near Miss,A Training inadequate was identified during Housekeeping inspection at Storage depot. Corrective action was taken on the spot. The observation was logged and addressed during the same shift.,A Training inadequate was identified during Housekeeping inspection at Storage depot. Corrective action was taken on the spot. The observation was logged and addressed during the same shift.,Storage depot,Housekeeping inspection,Training inadequate,None/Not Applicable,Low,0,Mechanical-lifting controls
NM_0126,Near Miss,"Shift crew reported that during Drilling operations in Process plant, Communication failure. No work stoppage was required. The issue was minor and was rectified before it affected the task.","Shift crew reported that during Drilling operations in Process plant, Communication failure. No work stoppage was required. The issue was minor and was rectified before it affected the task.",Process plant,Drilling operations,Communication failure,Driving,Low,0,Mechanical-lifting controls
NM_0510,Near Miss,"Shift crew reported that during Vessel entry preparation in Process plant, Atmosphere not tested. The job was halted due to high-risk exposure. Work was halted due to high-risk exposure and corrective measures were implemented.","Shift crew reported that during Vessel entry preparation in Process plant, Atmosphere not tested. The job was halted due to high-risk exposure. Work was halted due to high-risk exposure and corrective measures were implemented.",Process plant,Vessel entry preparation,Atmosphere not tested,Confined Space,High,1,Pinch-point controls
NM_0026,Near Miss,A Work scope had changed but the permit and job safety analysis were not revalidated was identified during Loading/unloading operations at Gas processing unit. The team corrected it without delay. The issue was minor and was rectified before it affected the task.,A Work scope had changed but the permit and job safety analysis were not revalidated was identified during Loading/unloading operations at Gas processing unit. The team corrected it without delay. The issue was minor and was rectified before it affected the task.,Gas processing unit,Loading/unloading operations,Work scope had changed but the permit and job safety analysis were not revalidated,Line of Fire,Low,0,Mechanical-lifting controls
NM_0188,Near Miss,"Before/during Vessel entry preparation at Wellsite, Excavation edge was not barricaded and underground utility mark-out was incomplete. The team corrected it without delay. The condition was corrected during the routine inspection, with no exposure to hazardous energy.","Before/during Vessel entry preparation at Wellsite, Excavation edge was not barricaded and underground utility mark-out was incomplete. The team corrected it without delay. The condition was corrected during the routine inspection, with no exposure to hazardous energy.",Wellsite,Vessel entry preparation,Excavation edge was not barricaded and underground utility mark-out was incomplete,Confined Space,Low,0,Forklift handling controls
NM_0242,Near Miss,"Near-miss observation: while performing Pump seal replacement at Truck loading bay, the team found that Fire watch missing. The job proceeded only after corrective measures. The crew escalated the issue through the shift safety meeting and closed it before continuation.","Near-miss observation: while performing Pump seal replacement at Truck loading bay, the team found that Fire watch missing. The job proceeded only after corrective measures. The crew escalated the issue through the shift safety meeting and closed it before continuation.",Truck loading bay,Pump seal replacement,Fire watch missing,Hot Work,Medium,0,Excavation/pipeline incident
NM_0625,Near Miss,"During Pump maintenance at Gas processing unit, Communication failure. Multiple workers were at risk of serious injury or fatality. Multiple critical barriers were ineffective, creating imminent serious-injury or fatality potential.","During Pump maintenance at Gas processing unit, Communication failure. Multiple workers were at risk of serious injury or fatality. Multiple critical barriers were ineffective, creating imminent serious-injury or fatality potential.",Gas processing unit,Pump maintenance,Communication failure,Hot Work,Critical,1,Furnace explosion precursor
NM_0754,Near Miss,"Near-miss observation: while performing Housekeeping inspection at Process plant, the team found that No pre-entry gas test, attendant, rescue arrangement, or signed entry permit. All personnel were evacuated. Multiple critical barriers were ineffective, creating imminent serious-injury or fatality potential.","Near-miss observation: while performing Housekeeping inspection at Process plant, the team found that No pre-entry gas test, attendant, rescue arrangement, or signed entry permit. All personnel were evacuated. Multiple critical barriers were ineffective, creating imminent serious-injury or fatality potential.",Process plant,Housekeeping inspection,"No pre-entry gas test, attendant, rescue arrangement, or signed entry permit",Confined Space,Critical,1,Pinch-point controls
NM_0186,Near Miss,"Near-miss observation: while performing Reversing vehicle operations at LPG bottling plant, the team found that Guard missing. The area was corrected immediately. The team recorded the observation and completed immediate housekeeping correction.","Near-miss observation: while performing Reversing vehicle operations at LPG bottling plant, the team found that Guard missing. The area was corrected immediately. The team recorded the observation and completed immediate housekeeping correction.",LPG bottling plant,Reversing vehicle operations,Guard missing,Driving,Low,0,Process fire precursor
NM_0036,Near Miss,"Shift crew reported that during Vehicle movement in Offshore platform, Excavation edge was not barricaded and underground utility mark-out was incomplete. The team corrected it without delay. No work stoppage was required as the risk was minimal.","Shift crew reported that during Vehicle movement in Offshore platform, Excavation edge was not barricaded and underground utility mark-out was incomplete. The team corrected it without delay. No work stoppage was required as the risk was minimal.",Offshore platform,Vehicle movement,Excavation edge was not barricaded and underground utility mark-out was incomplete,Working at Height,Low,0,Excavation controls
NM_0083,Near Miss,"During routine checks at Maintenance yard, Excavation edge was not barricaded and underground utility mark-out was incomplete was observed during Vehicle movement. Work was paused briefly and the issue was resolved. The team recorded the observation and completed immediate housekeeping correction.","During routine checks at Maintenance yard, Excavation edge was not barricaded and underground utility mark-out was incomplete was observed during Vehicle movement. Work was paused briefly and the issue was resolved. The team recorded the observation and completed immediate housekeeping correction.",Maintenance yard,Vehicle movement,Excavation edge was not barricaded and underground utility mark-out was incomplete,Working at Height,Low,0,Hot-work controls
NM_0486,Near Miss,"Inspection revealed Procedure not followed during Pipeline inspection at Process plant. Work was stopped due to potential serious injury risk. Personnel were close to hazardous energy exposure, so the area was secured pending investigation.","Inspection revealed Procedure not followed during Pipeline inspection at Process plant. Work was stopped due to potential serious injury risk. Personnel were close to hazardous energy exposure, so the area was secured pending investigation.",Process plant,Pipeline inspection,Procedure not followed,Work Authorization,High,1,Finger injury during handling
NM_0250,Near Miss,"Shift crew reported that during Scaffold modification in Refinery unit, Fall arrest missing. The supervisor reviewed and approved continuation after correction. No one was exposed, but the observation required a documented corrective action.","Shift crew reported that during Scaffold modification in Refinery unit, Fall arrest missing. The supervisor reviewed and approved continuation after correction. No one was exposed, but the observation required a documented corrective action.",Refinery unit,Scaffold modification,Fall arrest missing,Working at Height,Medium,0,Dropped object incident
NM_0674,Near Miss,A Electrical supply and process pressure isolation were not independently verified was identified during Forklift pallet handling at Storage depot. The situation had imminent potential for fatality and was escalated immediately. All personnel were evacuated and the area was secured pending full investigation.,A Electrical supply and process pressure isolation were not independently verified was identified during Forklift pallet handling at Storage depot. The situation had imminent potential for fatality and was escalated immediately. All personnel were evacuated and the area was secured pending full investigation.,Storage depot,Forklift pallet handling,Electrical supply and process pressure isolation were not independently verified,Safe Mechanical Lifting,Critical,1,Pressure-testing controls
NM_0562,Near Miss,"Shift crew reported that during Internal tank inspection in Compressor station, Simultaneous operations were not recorded in the permit briefing. The job was halted due to high-risk exposure. A supervisor issued a stop-work intervention and required a formal control verification.","Shift crew reported that during Internal tank inspection in Compressor station, Simultaneous operations were not recorded in the permit briefing. The job was halted due to high-risk exposure. A supervisor issued a stop-work intervention and required a formal control verification.",Compressor station,Internal tank inspection,Simultaneous operations were not recorded in the permit briefing,Confined Space,High,1,Permit-to-work controls
NM_0069,Near Miss,A Sample bottle label was unclear and secondary containment was not positioned was identified during Pipe-rack inspection at Compressor station. No work stoppage was required. The issue was minor and was rectified before it affected the task.,A Sample bottle label was unclear and secondary containment was not positioned was identified during Pipe-rack inspection at Compressor station. No work stoppage was required. The issue was minor and was rectified before it affected the task.,Compressor station,Pipe-rack inspection,Sample bottle label was unclear and secondary containment was not positioned,Energy Isolation,Low,0,Excavation/pipeline incident
NM_0269,Near Miss,"During Lifting and rigging at Tank farm, Test manifold lacked verified restraint and pressure-release exclusion controls. The supervisor reviewed and approved continuation after correction. The supervisor reviewed the situation and approved continuation after correction.","During Lifting and rigging at Tank farm, Test manifold lacked verified restraint and pressure-release exclusion controls. The supervisor reviewed and approved continuation after correction. The supervisor reviewed the situation and approved continuation after correction.",Tank farm,Lifting and rigging,Test manifold lacked verified restraint and pressure-release exclusion controls,Safe Mechanical Lifting,Medium,0,Slip/trip/fall incident
NM_0465,Near Miss,"Shift crew reported that during Emergency valve servicing in Maintenance yard, Fire watch missing. The situation had credible potential for serious injury. The situation had credible potential for serious injury and was escalated immediately.","Shift crew reported that during Emergency valve servicing in Maintenance yard, Fire watch missing. The situation had credible potential for serious injury. The situation had credible potential for serious injury and was escalated immediately.",Maintenance yard,Emergency valve servicing,Fire watch missing,Hot Work,High,1,Fall from height
NM_0663,Near Miss,"Inspection revealed Test manifold lacked verified restraint and pressure-release exclusion controls during Excavation work at LPG bottling plant. Multiple workers were at risk of serious injury or fatality. Multiple critical barriers were ineffective, creating imminent serious-injury or fatality potential.","Inspection revealed Test manifold lacked verified restraint and pressure-release exclusion controls during Excavation work at LPG bottling plant. Multiple workers were at risk of serious injury or fatality. Multiple critical barriers were ineffective, creating imminent serious-injury or fatality potential.",LPG bottling plant,Excavation work,Test manifold lacked verified restraint and pressure-release exclusion controls,Line of Fire,Critical,1,Maintenance fabrication fire
NM_0216,Near Miss,"During Vessel entry preparation at Pipeline ROW, Supervision absent. Work was stopped temporarily and resumed after verification. Work was temporarily halted pending verification of the control measure.","During Vessel entry preparation at Pipeline ROW, Supervision absent. Work was stopped temporarily and resumed after verification. Work was temporarily halted pending verification of the control measure.",Pipeline ROW,Vessel entry preparation,Supervision absent,Confined Space,Medium,0,Line-of-fire controls
NM_0341,Near Miss,Inspection revealed Exclusion zone missing during Scaffolding work at Refinery unit. Work was paused until the issue was addressed. Work was temporarily halted pending verification of the control measure.,Inspection revealed Exclusion zone missing during Scaffolding work at Refinery unit. Work was paused until the issue was addressed. Work was temporarily halted pending verification of the control measure.,Refinery unit,Scaffolding work,Exclusion zone missing,Working at Height,Medium,0,Dropped object incident
NM_0721,Near Miss,A Gas testing was overdue and no dedicated fire watch was assigned was identified during Process unit startup/shutdown at Refinery unit. Actual exposure to hazardous conditions occurred. The situation had imminent potential for fatality and was escalated immediately.,A Gas testing was overdue and no dedicated fire watch was assigned was identified during Process unit startup/shutdown at Refinery unit. Actual exposure to hazardous conditions occurred. The situation had imminent potential for fatality and was escalated immediately.,Refinery unit,Process unit startup/shutdown,Gas testing was overdue and no dedicated fire watch was assigned,Confined Space,Critical,1,Chemical exposure incident
NM_0724,Near Miss,"Inspection revealed No pre-entry gas test, attendant, rescue arrangement, or signed entry permit during Hot work (welding/grinding) at Truck loading bay. All personnel were evacuated. Multiple critical barriers were ineffective, creating imminent serious-injury or fatality potential.","Inspection revealed No pre-entry gas test, attendant, rescue arrangement, or signed entry permit during Hot work (welding/grinding) at Truck loading bay. All personnel were evacuated. Multiple critical barriers were ineffective, creating imminent serious-injury or fatality potential.",Truck loading bay,Hot work (welding/grinding),"No pre-entry gas test, attendant, rescue arrangement, or signed entry permit",Confined Space,Critical,1,Hot-work controls
NM_0124,Near Miss,"Before/during Housekeeping inspection at Tank farm, Lift plan missing. Corrective action was taken on the spot. The team recorded the observation and completed immediate housekeeping correction.","Before/during Housekeeping inspection at Tank farm, Lift plan missing. Corrective action was taken on the spot. The team recorded the observation and completed immediate housekeeping correction.",Tank farm,Housekeeping inspection,Lift plan missing,Safe Mechanical Lifting,Low,0,Furnace explosion precursor
NM_0747,Near Miss,"Shift crew reported that during Instrument calibration in Pipeline ROW, Guard missing. Actual exposure to hazardous conditions occurred. The condition presented immediate potentially fatal exposure; operations were stopped, the area was isolated, and emergency escalation began.","Shift crew reported that during Instrument calibration in Pipeline ROW, Guard missing. Actual exposure to hazardous conditions occurred. The condition presented immediate potentially fatal exposure; operations were stopped, the area was isolated, and emergency escalation began.",Pipeline ROW,Instrument calibration,Guard missing,Driving,Critical,1,Wellsite fatality precursor
NM_0311,Near Miss,"During Chemical sampling at Storage depot, Pneumatic energy isolation was not locked and residual pressure remained in the line. Work was stopped temporarily and resumed after verification. The task was paused, the control was restored, and the supervisor verified readiness before work resumed.","During Chemical sampling at Storage depot, Pneumatic energy isolation was not locked and residual pressure remained in the line. Work was stopped temporarily and resumed after verification. The task was paused, the control was restored, and the supervisor verified readiness before work resumed.",Storage depot,Chemical sampling,Pneumatic energy isolation was not locked and residual pressure remained in the line,Energy Isolation,Medium,0,Hot-work controls
NM_0768,Near Miss,Inspection revealed Drain cover was open and combustible vapour testing was not documented during Reversing vehicle operations at Wellsite. Actual exposure to hazardous conditions occurred. Personnel were moved to a safe location and the event was treated as a high-potential near miss.,Inspection revealed Drain cover was open and combustible vapour testing was not documented during Reversing vehicle operations at Wellsite. Actual exposure to hazardous conditions occurred. Personnel were moved to a safe location and the event was treated as a high-potential near miss.,Wellsite,Reversing vehicle operations,Drain cover was open and combustible vapour testing was not documented,Hot Work,Critical,1,Mechanical-lifting controls
NM_0338,Near Miss,Inspection revealed Reversing was attempted without a banksman and pedestrian segregation during Internal tank inspection at Tank farm. Work was paused until the issue was addressed. Work was temporarily halted pending verification of the control measure.,Inspection revealed Reversing was attempted without a banksman and pedestrian segregation during Internal tank inspection at Tank farm. Work was paused until the issue was addressed. Work was temporarily halted pending verification of the control measure.,Tank farm,Internal tank inspection,Reversing was attempted without a banksman and pedestrian segregation,Confined Space,Medium,0,Chemical exposure incident
NM_0604,Near Miss,"During routine checks at Pipeline ROW, Scaffold was altered without inspection tag and toe boards were missing was observed during Process unit startup/shutdown. The situation had imminent potential for fatality and was escalated immediately. The situation had imminent potential for fatality and was escalated immediately.","During routine checks at Pipeline ROW, Scaffold was altered without inspection tag and toe boards were missing was observed during Process unit startup/shutdown. The situation had imminent potential for fatality and was escalated immediately. The situation had imminent potential for fatality and was escalated immediately.",Pipeline ROW,Process unit startup/shutdown,Scaffold was altered without inspection tag and toe boards were missing,Bypassing Safety Controls,Critical,1,Permit-to-work controls
NM_0160,Near Miss,"During Wellhead valve maintenance at LPG bottling plant, Emergency response delayed. No work stoppage was required. The condition was corrected during the routine inspection, with no exposure to hazardous energy.","During Wellhead valve maintenance at LPG bottling plant, Emergency response delayed. No work stoppage was required. The condition was corrected during the routine inspection, with no exposure to hazardous energy.",LPG bottling plant,Wellhead valve maintenance,Emergency response delayed,Work Authorization,Low,0,Vehicle collision precursor
NM_0378,Near Miss,"A Work scope had changed but the permit and job safety analysis were not revalidated was identified during Excavation work at Storage depot. Work was stopped temporarily and resumed after verification. The task was paused, the control was restored, and the supervisor verified readiness before work resumed.","A Work scope had changed but the permit and job safety analysis were not revalidated was identified during Excavation work at Storage depot. Work was stopped temporarily and resumed after verification. The task was paused, the control was restored, and the supervisor verified readiness before work resumed.",Storage depot,Excavation work,Work scope had changed but the permit and job safety analysis were not revalidated,Line of Fire,Medium,0,Emergency-access controls
NM_0514,Near Miss,"Near-miss observation: while performing Lifting valve actuator at Refinery unit, the team found that Communication failure. Work was stopped due to potential serious injury risk. The failed critical control created credible potential for serious injury; the task was stopped and reported to HSE.","Near-miss observation: while performing Lifting valve actuator at Refinery unit, the team found that Communication failure. Work was stopped due to potential serious injury risk. The failed critical control created credible potential for serious injury; the task was stopped and reported to HSE.",Refinery unit,Lifting valve actuator,Communication failure,Safe Mechanical Lifting,High,1,Slip/trip/fall incident
NM_0017,Near Miss,A Damaged pallet and unstable load were being raised without a spotter was identified during Hydrostatic pressure test at Field office area. The team corrected it without delay. No work stoppage was required as the risk was minimal.,A Damaged pallet and unstable load were being raised without a spotter was identified during Hydrostatic pressure test at Field office area. The team corrected it without delay. No work stoppage was required as the risk was minimal.,Field office area,Hydrostatic pressure test,Damaged pallet and unstable load were being raised without a spotter,Confined Space,Low,0,Slip/trip/fall incident
NM_0462,Near Miss,"During Pipe spool welding at LPG bottling plant, Tool inspection missing. The activity was stopped as it could have resulted in serious harm. The situation had credible potential for serious injury and was escalated immediately.","During Pipe spool welding at LPG bottling plant, Tool inspection missing. The activity was stopped as it could have resulted in serious harm. The situation had credible potential for serious injury and was escalated immediately.",LPG bottling plant,Pipe spool welding,Tool inspection missing,Hot Work,High,1,Stored-energy controls
NM_0348,Near Miss,"During routine checks at Pump station, Isolation not verified was observed during Hydrostatic pressure test. The supervisor reviewed and approved continuation after correction. No one was exposed, but the observation required a documented corrective action.","During routine checks at Pump station, Isolation not verified was observed during Hydrostatic pressure test. The supervisor reviewed and approved continuation after correction. No one was exposed, but the observation required a documented corrective action.",Pump station,Hydrostatic pressure test,Isolation not verified,Energy Isolation,Medium,0,Hydrostatic testing incident
NM_0797,Near Miss,"During Night driving to remote site at Truck loading bay, No pre-entry gas test, attendant, rescue arrangement, or signed entry permit. The situation had imminent potential for fatality and was escalated immediately. The situation had imminent potential for fatality and was escalated immediately.","During Night driving to remote site at Truck loading bay, No pre-entry gas test, attendant, rescue arrangement, or signed entry permit. The situation had imminent potential for fatality and was escalated immediately. The situation had imminent potential for fatality and was escalated immediately.",Truck loading bay,Night driving to remote site,"No pre-entry gas test, attendant, rescue arrangement, or signed entry permit",Confined Space,Critical,1,Electrical shock precursor
NM_0332,Near Miss,"Before/during Forklift pallet handling at Storage depot, Test manifold lacked verified restraint and pressure-release exclusion controls. The job proceeded only after corrective measures. No one was exposed, but the observation required a documented corrective action.","Before/during Forklift pallet handling at Storage depot, Test manifold lacked verified restraint and pressure-release exclusion controls. The job proceeded only after corrective measures. No one was exposed, but the observation required a documented corrective action.",Storage depot,Forklift pallet handling,Test manifold lacked verified restraint and pressure-release exclusion controls,Safe Mechanical Lifting,Medium,0,Excavation/pipeline incident
NM_0147,Near Miss,Inspection revealed Spill containment missing during Night driving to remote site at Drilling rig. The area was corrected immediately. The issue was minor and was rectified before it affected the task.,Inspection revealed Spill containment missing during Night driving to remote site at Drilling rig. The area was corrected immediately. The issue was minor and was rectified before it affected the task.,Drilling rig,Night driving to remote site,Spill containment missing,Energy Isolation,Low,0,Dropped object incident
NM_0622,Near Miss,"Inspection revealed Damaged pallet and unstable load were being raised without a spotter during Internal tank inspection at Offshore platform. All personnel were evacuated. The condition presented immediate potentially fatal exposure; operations were stopped, the area was isolated, and emergency escalation began.","Inspection revealed Damaged pallet and unstable load were being raised without a spotter during Internal tank inspection at Offshore platform. All personnel were evacuated. The condition presented immediate potentially fatal exposure; operations were stopped, the area was isolated, and emergency escalation began.",Offshore platform,Internal tank inspection,Damaged pallet and unstable load were being raised without a spotter,Confined Space,Critical,1,Emergency-access controls
NM_0367,Near Miss,"During routine checks at Truck loading bay, Tool inspection missing was observed during Crude transfer vehicle movement. The activity was delayed pending correction. No one was exposed, but the observation required a documented corrective action.","During routine checks at Truck loading bay, Tool inspection missing was observed during Crude transfer vehicle movement. The activity was delayed pending correction. No one was exposed, but the observation required a documented corrective action.",Truck loading bay,Crude transfer vehicle movement,Tool inspection missing,None/Not Applicable,Medium,0,Line-of-fire controls
NM_0051,Near Miss,"During Scaffolding work at Maintenance yard, Gas testing was overdue and no dedicated fire watch was assigned. The area was corrected immediately. No work stoppage was required as the risk was minimal.","During Scaffolding work at Maintenance yard, Gas testing was overdue and no dedicated fire watch was assigned. The area was corrected immediately. No work stoppage was required as the risk was minimal.",Maintenance yard,Scaffolding work,Gas testing was overdue and no dedicated fire watch was assigned,Confined Space,Low,0,Slip/trip/fall incident
NM_0021,Near Miss,"During routine checks at Field office area, Sample bottle label was unclear and secondary containment was not positioned was observed during Compressor troubleshooting. The area was corrected immediately. The observation was logged and addressed during the same shift.","During routine checks at Field office area, Sample bottle label was unclear and secondary containment was not positioned was observed during Compressor troubleshooting. The area was corrected immediately. The observation was logged and addressed during the same shift.",Field office area,Compressor troubleshooting,Sample bottle label was unclear and secondary containment was not positioned,Line of Fire,Low,0,Equipment failure incident
NM_0636,Near Miss,"During Reversing vehicle operations at Field office area, Permit missing. The situation had imminent potential for fatality and was escalated immediately. Personnel were moved to a safe location and the event was treated as a high-potential near miss.","During Reversing vehicle operations at Field office area, Permit missing. The situation had imminent potential for fatality and was escalated immediately. Personnel were moved to a safe location and the event was treated as a high-potential near miss.",Field office area,Reversing vehicle operations,Permit missing,Driving,Critical,1,Vehicle-movement controls
NM_0482,Near Miss,"Near-miss observation: while performing Hydrostatic pressure test at Storage depot, the team found that Drain cover was open and combustible vapour testing was not documented. Work was stopped due to potential serious injury risk. Personnel were close to hazardous energy exposure, so the area was secured pending investigation.","Near-miss observation: while performing Hydrostatic pressure test at Storage depot, the team found that Drain cover was open and combustible vapour testing was not documented. Work was stopped due to potential serious injury risk. Personnel were close to hazardous energy exposure, so the area was secured pending investigation.",Storage depot,Hydrostatic pressure test,Drain cover was open and combustible vapour testing was not documented,Hot Work,High,1,Forklift handling controls
NM_0529,Near Miss,Inspection revealed Lift plan missing during Confined space entry at LPG bottling plant. The activity was stopped as it could have resulted in serious harm. The situation had credible potential for serious injury and was escalated immediately.,Inspection revealed Lift plan missing during Confined space entry at LPG bottling plant. The activity was stopped as it could have resulted in serious harm. The situation had credible potential for serious injury and was escalated immediately.,LPG bottling plant,Confined space entry,Lift plan missing,Confined Space,High,1,Hot-work controls
NM_0129,Near Miss,"During Scaffold modification at Pipeline ROW, Lift plan missing. Corrective action was taken on the spot. The condition was corrected during the routine inspection, with no exposure to hazardous energy.","During Scaffold modification at Pipeline ROW, Lift plan missing. Corrective action was taken on the spot. The condition was corrected during the routine inspection, with no exposure to hazardous energy.",Pipeline ROW,Scaffold modification,Lift plan missing,Safe Mechanical Lifting,Low,0,Pinch-point controls
NM_0712,Near Miss,"Shift crew reported that during Manual handling of tubulars in Gas processing unit, Supervision absent. Multiple workers were at risk of serious injury or fatality. Multiple critical barriers were ineffective, creating imminent serious-injury or fatality potential.","Shift crew reported that during Manual handling of tubulars in Gas processing unit, Supervision absent. Multiple workers were at risk of serious injury or fatality. Multiple critical barriers were ineffective, creating imminent serious-injury or fatality potential.",Gas processing unit,Manual handling of tubulars,Supervision absent,Energy Isolation,Critical,1,Hot-work controls
NM_0679,Near Miss,"During Vehicle movement at Offshore platform, Isolation not verified. All personnel were evacuated. Multiple critical barriers were ineffective, creating imminent serious-injury or fatality potential.","During Vehicle movement at Offshore platform, Isolation not verified. All personnel were evacuated. Multiple critical barriers were ineffective, creating imminent serious-injury or fatality potential.",Offshore platform,Vehicle movement,Isolation not verified,Energy Isolation,Critical,1,SIMOPS controls
NM_0476,Near Miss,"Before/during Well intervention at Truck loading bay, No pre-entry gas test, attendant, rescue arrangement, or signed entry permit. The situation had credible potential for serious injury. A supervisor issued a stop-work intervention and required a formal control verification.","Before/during Well intervention at Truck loading bay, No pre-entry gas test, attendant, rescue arrangement, or signed entry permit. The situation had credible potential for serious injury. A supervisor issued a stop-work intervention and required a formal control verification.",Truck loading bay,Well intervention,"No pre-entry gas test, attendant, rescue arrangement, or signed entry permit",Confined Space,High,1,Scaffold controls
NM_0561,Near Miss,Inspection revealed Driver fatigue screening and journey-management check were incomplete during Confined space entry at Compressor station. The activity was stopped as it could have resulted in serious harm. Work was halted due to high-risk exposure and corrective measures were implemented.,Inspection revealed Driver fatigue screening and journey-management check were incomplete during Confined space entry at Compressor station. The activity was stopped as it could have resulted in serious harm. Work was halted due to high-risk exposure and corrective measures were implemented.,Compressor station,Confined space entry,Driver fatigue screening and journey-management check were incomplete,Confined Space,High,1,Hot-work controls
NM_0284,Near Miss,"Near-miss observation: while performing Electrical maintenance at Pipeline ROW, the team found that Test manifold lacked verified restraint and pressure-release exclusion controls. Work was stopped temporarily and resumed after verification. The task was paused, the control was restored, and the supervisor verified readiness before work resumed.","Near-miss observation: while performing Electrical maintenance at Pipeline ROW, the team found that Test manifold lacked verified restraint and pressure-release exclusion controls. Work was stopped temporarily and resumed after verification. The task was paused, the control was restored, and the supervisor verified readiness before work resumed.",Pipeline ROW,Electrical maintenance,Test manifold lacked verified restraint and pressure-release exclusion controls,Energy Isolation,Medium,0,Wellsite fatality precursor
NM_0401,Near Miss,"Before/during Breaking a pressurised flange at Process plant, Fire watch missing. The job was halted due to high-risk exposure. Personnel were close to hazardous energy exposure, so the area was secured pending investigation.","Before/during Breaking a pressurised flange at Process plant, Fire watch missing. The job was halted due to high-risk exposure. Personnel were close to hazardous energy exposure, so the area was secured pending investigation.",Process plant,Breaking a pressurised flange,Fire watch missing,Hot Work,High,1,Hot-work controls
NM_0071,Near Miss,"Shift crew reported that during Pipeline inspection in LPG bottling plant, Test manifold lacked verified restraint and pressure-release exclusion controls. Work was paused briefly and the issue was resolved. The issue was minor and was rectified before it affected the task.","Shift crew reported that during Pipeline inspection in LPG bottling plant, Test manifold lacked verified restraint and pressure-release exclusion controls. Work was paused briefly and the issue was resolved. The issue was minor and was rectified before it affected the task.",LPG bottling plant,Pipeline inspection,Test manifold lacked verified restraint and pressure-release exclusion controls,Safe Mechanical Lifting,Low,0,Emergency-access controls
NM_0770,Near Miss,"Before/during Internal tank inspection at Maintenance yard, Permit missing. Multiple workers were at risk of serious injury or fatality. Multiple critical barriers were ineffective, creating imminent serious-injury or fatality potential.","Before/during Internal tank inspection at Maintenance yard, Permit missing. Multiple workers were at risk of serious injury or fatality. Multiple critical barriers were ineffective, creating imminent serious-injury or fatality potential.",Maintenance yard,Internal tank inspection,Permit missing,Confined Space,Critical,1,Stored-energy controls
NM_0029,Near Miss,"Before/during Loading/unloading operations at Field office area, No pre-entry gas test, attendant, rescue arrangement, or signed entry permit. The area was corrected immediately. No work stoppage was required as the risk was minimal.","Before/during Loading/unloading operations at Field office area, No pre-entry gas test, attendant, rescue arrangement, or signed entry permit. The area was corrected immediately. No work stoppage was required as the risk was minimal.",Field office area,Loading/unloading operations,"No pre-entry gas test, attendant, rescue arrangement, or signed entry permit",Confined Space,Low,0,Pressure-testing controls
NM_0443,Near Miss,"Before/during Forklift pallet handling at Maintenance yard, Isolation not verified. The situation had credible potential for serious injury. The failed critical control created credible potential for serious injury; the task was stopped and reported to HSE.","Before/during Forklift pallet handling at Maintenance yard, Isolation not verified. The situation had credible potential for serious injury. The failed critical control created credible potential for serious injury; the task was stopped and reported to HSE.",Maintenance yard,Forklift pallet handling,Isolation not verified,Energy Isolation,High,1,Emergency-access controls
NM_0062,Near Miss,Inspection revealed Warning sign missing during Night driving to remote site at Drilling rig. No work stoppage was required. The issue was minor and was rectified before it affected the task.,Inspection revealed Warning sign missing during Night driving to remote site at Drilling rig. No work stoppage was required. The issue was minor and was rectified before it affected the task.,Drilling rig,Night driving to remote site,Warning sign missing,Working at Height,Low,0,Line-of-fire controls
NM_0296,Near Miss,"Shift crew reported that during Process unit startup/shutdown in Pipeline ROW, Gas testing was overdue and no dedicated fire watch was assigned. The job proceeded only after corrective measures. The task was paused, the control was restored, and the supervisor verified readiness before work resumed.","Shift crew reported that during Process unit startup/shutdown in Pipeline ROW, Gas testing was overdue and no dedicated fire watch was assigned. The job proceeded only after corrective measures. The task was paused, the control was restored, and the supervisor verified readiness before work resumed.",Pipeline ROW,Process unit startup/shutdown,Gas testing was overdue and no dedicated fire watch was assigned,Confined Space,Medium,0,Lifting/crane incident
NM_0236,Near Miss,"During Confined space entry at Offshore platform, Equipment defect. Work was stopped temporarily and resumed after verification. The task was paused, the control was restored, and the supervisor verified readiness before work resumed.","During Confined space entry at Offshore platform, Equipment defect. Work was stopped temporarily and resumed after verification. The task was paused, the control was restored, and the supervisor verified readiness before work resumed.",Offshore platform,Confined space entry,Equipment defect,Confined Space,Medium,0,Fall from height
